COD_TIPO,COD_BE,ORD_TIPO,NOMBRE50,NOMBRE105,OBSERVACIONES,CODIGOCIF,SIGLAVIA,NOMBREVIA,NUMEROVIA,RESTODOM,CODPOSTAL,POBLACION,PROVINCIA,CODPAIS,SERVTASA,TELEFONO,PENDBAJA,NUMFAX,DIRINTERNET,FCHBAJA,MOTBAJA,CODENTSUC,FECHACTUALIZA,FECHAALTA,CODAUT,CODPROV,NOMCOMERCIAL,INDICATIVONC,BIC,NOMENTMATRIZ,DIRENTMATRIZ,LOCENTMATRIZ,CPENTMATRIZ,TELENTMATRIZ,FAXENTMATRIZ,INTERNETENTMATRIZ,COD_AUTONOMIA,NOMBRE105_ENT_SUC,NOMBRE35,ANAGRAMA
SECC,1542,90105,"J.P. MORGAN SECURITIES LTD, S.E.","J.P. MORGAN SECURITIES LTD, SUCURSAL EN ESPAÑA",,W0068121C,CL,JOSE ORTEGA Y GASSET,29,,28006,MADRID,,GB,,915161200,,915161616,,,,0000,01/07/2011,01/07/2011,,28,,N,,J.P. MORGAN SECURITIES LTD,125 LONDON WALL                                                  EC2Y 5AJ,LONDRES,,,,,12,,"J.P. MORGAN SECURITIES LTD, S.E.",J.P. MORGAN SEC
SECC,1543,90105,"COFIDIS, S.A. SUCURSAL EN ESPAÑA","COFIDIS, S.A. SUCURSAL EN ESPAÑA",,W0017686G,PZ,DE LA PAU,S/N,"EDIFICIO WTC, AP1",8940,CORNELLA DE LLOBREGAT,BARCELONA,FR,,902308030,,934183057,WWW.COFIDIS.ES,,,0000,11/01/2012,11/01/2012,,8,,N,,"COFIDIS, SOCIEDAD ANONIMA",61 AVENUE HALLEY                                                 PARC DE LA HAUTE BORNE,59866 VILLENEUVE DþASCQ,LILLE,,,,9,,"COFIDIS, S.A. SUCURSAL EN ESPAÑA","COFIDIS,S.A.,SE"
SECC,1544,90105,"ANDBANC LUXEMBOURG, S.A., SUCURSAL EN ESPAÑA","ANDBANC LUXEMBOURG, S.A., SUCURSAL EN ESPAÑA",,W0182803G,PS,DE LA CASTELLANA,55,PL. 3,28046,MADRID,,LU,,912062850,,912062879,,,,0000,09/04/2012,14/02/2012,,28,,N,BACAESM1XXX,"ANDBANC LUXEMBOURG, S.A.","7A, RUE ROBERT STÜMPER",L-2557 LUXEMBOURG,,(352)27497610,(352)26845837,,12,,"ANDBANC LUXEMBOURG, S.A., S.E.",ANDBANC S.E.
SECE,0206,100146,"THE DAI-ICHI KANGYO BANK LIMITED, S.E.","THE DAI-ICHI KANGYO BANK LIMITED, SUCURSAL EN ESPAÑA",,B7321103I,CL,MARIA DE MOLINA,4,PL. 5,28006,MADRID,,JP,,915642221,,915644388,,04/03/1999,POR CIERRE,0000,18/10/2000,02/01/1991,,28,,N,DKBBESM1XXX,,,,,,,,12,,THE DAI-ICHI KANGYO BANK LIMITED,DAI-ICHI KANGYO
SECE,0207,100146,"THE TOKAI BANK LIMITED, S.E.","THE TOKAI BANK LIMITED, SUCURSAL EN ESPAÑA",,B7321105D,CL,ALCALA,44,PL. 3,28014,MADRID,,JP,,914355477,,915758553,,10/10/1997,POR DISOLUCION Y LIQUIDACION,0000,18/10/2000,10/01/1991,,28,,N,,,,,,,,,12,,"THE TOKAI BANK LIMITED, S.E.",THE TOKAI BANK
SECE,0214,100146,"ARAB BANK, PLC, S.E.","ARAB BANK, PLC, SUCURSAL EN ESPAÑA",,A6281005F,PS,DE LA CASTELLANA,31,PL. 5,28046,MADRID,,JO,,913084290,,913086484,,09/01/2007,POR CIERRE CON CESION GLOBAL DE ACTIVOS Y PASIVOS A,1505,09/01/2007,01/03/1993,,28,,N,,"ARAB BANK,",P.O. BOX 950544,"SHMEISANI, AMMAN",,,,,12,"EUROPE ARAB BANK PLC, SUCURSAL EN ESPAÑA","ARAB BANK, PLC, S.E.",ARAB BANK
SECE,1452,100146,"UBS, A.G. S.E.","UBS, A.G. SUCURSAL EN ESPAÑA",,A0362564G,CL,MARIA DE MOLINA,4,PL. 4,28006,MADRID,,CH,,915630106,,915633666,,05/10/1999,POR CIERRE CON APORTACION DE SUS ACTIVOS Y PASIVOS A,0226,26/10/2001,08/06/1994,,28,,N,UBSWESMMXXX,,,,,,,,12,"UBS ESPAÑA, S.A.","UBS, A.G. S.E.","UBS, A.G."
SECE,1460,100146,"CREDIT SUISSE AG, S.E.","CREDIT SUISSE AG, SUCURSAL EN ESPAÑA",,A81956856,CL,AYALA,42,,28001,MADRID,,CH,,917916000,,917916010,WWW.CREDIT-SUISSE.COM,,,0000,30/11/2009,27/02/1998,,28,,N,CRESESMMXXX,"CREDIT SUISSE, AG","PARADEPLATZ, 8",8001 ZURICH,,,,,12,,"CREDIT SUISSE AG, S.E.",CREDIT SUISSE
SECE,1485,100146,"BANK OF AMERICA, NATIONAL ASSOCIATION, S.E.","BANK OF AMERICA, NATIONAL ASSOCIATION, SUCURSAL EN ESPAÑA",,W4003376C,PZ,PABLO RUIZ PICASSO,1,PL 39 Y 40 T.PICASSO,28020,MADRID,,US,,913965000,,913965123,,,,0000,08/07/2009,17/07/2002,,28,,N,BOFAES2XXXX,BANK OF AMERICA NA,101 S TRYON ST,CHARLOTTE NC 28255-0001,,,,,12,,"BANK OF AMERICA, N.A., SE",BANK OF AMERICA
SECE,1515,100146,"CITIBANK, N.A., S.E.","CITIBANK, N.A., SUCURSAL EN ESPAÑA",,W4004486I,CL,ORTEGA Y GASSET,29,,28006,MADRID,,US,,915384100,,915384412,,,,0000,01/01/2009,19/07/2007,,28,,N,,"CITIBANK, N.A.",3900 PARADISE ROAD,"LAS VEGAS, NEVADA",,,,,12,,"CITIBANK, N.A., S.E.","CITIBANK, N.A."
OR,1102,121100,"THE CHASE MANHATTAN BANK, N.A.","THE CHASE MANHATTAN BANK, N.A.",,,CL,ALCALA,32,,28014,MADRID,,ES,,0,,0,,18/04/1988,POR APERTURA DE,0000,06/03/2008,06/06/1962,,28,,N,,,,,,,,,12,,"THE CHASE MANHATTAN BANK, N.A.",CHASE MANHATTAN
OR,1103,121100,BANK OF AMERICA NA,BANK OF AMERICA NA,,A4001108B,PS,CASTELLANA,35,,28046,MADRID,,US,,913965000,,913965123,,28/02/2003,POR CIERRE,0000,06/03/2008,11/05/1962,,28,,N,,,,,,,,,12,,BANK OF AMERICA NA,BANK OF AMERICA
OR,1104,121100,THE CHASE MANHATTAN BANK,THE CHASE MANHATTAN BANK,,A4001109J,PS,CASTELLANA,51,PL. 5,28046,MADRID,,US,,913195580,,913198017,,12/11/2001,POR CIERRE,0000,06/03/2008,29/11/1963,,28,,N,,,,,,,,,12,,THE CHASE MANHATTAN BANK,CHASE
OR,1105,121100,BANCO ESPAÑOL DEL RIO DE LA PLATA,BANCO ESPAÑOL DEL RIO DE LA PLATA,,A5281005H,CL,MARIA DE MOLINA,13,,28006,MADRID,,ES,,0,,0,,04/02/1994,POR CIERRE,0000,06/03/2008,22/10/1965,,28,,N,,,,,,,,,12,,BANCO ESPAÑOL DEL RIO DE LA PLATA,ESPARIOPLATA
OR,1106,121100,CONTINENTAL ILLINOIS NB&TC CHICAGO,CONTINENTAL ILLINOIS NB&TC CHICAGO,,,ZZ,GRAN VIA,48,,28013,MADRID,,ES,,0,,0,,03/08/1987,APERTURA COMO SUCURSAL,0000,06/03/2008,22/12/1966,,28,,N,,,,,,,,,12,,CONTINENTAL ILLINOIS NB&TC CHICAGO,NB&TC CHICAGO
OR,1108,121100,BANCO DE COLOMBIA,BANCO DE COLOMBIA,,,CL,SERRANO,38,,28001,MADRID,,ES,,0,,0,,28/10/1993,POR CIERRE,0000,06/03/2008,22/11/1968,,28,,N,,,,,,,,,12,,BANCO DE COLOMBIA,BANCOLOMBIA
OR,1109,121100,FIRST INTERSTATE BANK OF CALIFORNIA,FIRST INTERSTATE BANK OF CALIFORNIA,,A4001078G,CL,RAIMUNDO FERNANDEZ VILLAVERDE,65,"PL.14, EDIF. WINDSOR",28003,MADRID,,US,,0,,0,,05/01/2000,POR CIERRE,0000,06/03/2008,13/09/1968,,28,,N,,,,,,,,,12,,FIRST INTERSTATE BANK OF CALIFORNIA,FIRST INTERSTAT
OR,1110,121100,FIRST WISCONSIN NATIONAL BANK,FIRST WISCONSIN NATIONAL BANK,,,GL,RUBEN DARIO,3,PL. 3,28010,MADRID,,ES,,0,,0,,04/02/1994,POR CIERRE,0000,06/03/2008,23/02/1968,,28,,N,,,,,,,,,12,,FIRST WISCONSIN NATIONAL BANK,F.WISCONSIN
OR,1111,121100,BANCO DE CREDITO DEL PERU,BANCO DE CREDITO DEL PERU,,,CL,SERRANO,67,,28006,MADRID,,ES,,0,,0,,06/10/1987,POR CIERRE,0000,06/03/2008,06/11/1970,,28,,N,,,,,,,,,12,,BANCO DE CREDITO DEL PERU,CTO. DEL PERU
OR,1113,121100,BANQUE SUDAMERIS,BANQUE SUDAMERIS,,A0011051J,CL,SERRANO,67,,28006,MADRID,,FR,,914353037,,915762662,,09/07/2003,POR CIERRE,0000,06/03/2008,23/01/1970,,28,,N,BSUDESM1XXX,BANQUE SUDAMERIS,"4, RUE MEYERBEER",75009 PARIS,,48017777,,,12,,BANQUE SUDAMERIS,SUDAMERIS
OR,1114,121100,CHEMICAL BANK,CHEMICAL BANK,,,PS,CASTELLANA,36-38,,28046,MADRID,,ES,,0,,0,,21/04/1993,POR CIERRE,0000,06/03/2008,14/05/1971,,28,,N,,,,,,,,,12,,CHEMICAL BANK,CHEMICALBANK
OR,1115,121100,BAYERISCHE-HYPOTHEKEN WECHSEL (HYPOBANK),BAYERISCHE-HYPOTHEKEN WECHSEL (HYPOBANK),,A0041001I,PS,CASTELLANA,18,,28046,MADRID,,ES,,0,,0,,02/04/1992,POR CIERRE,0000,06/03/2008,26/05/1972,,28,,N,,,,,,,,,12,,BAYERISCHE-HYPOTEKEN WECHSEL,HYPOBANK
OR,1116,121100,BANQUE SCANDINAVE EN SUISSE,BANQUE SCANDINAVE EN SUISSE,,A0361237A,AV,RICARDO SORIANO,50,PL. 4,29600,MARBELLA,MALAGA,CH,,952829070,,952829476,,14/06/2007,POR CIERRE,0000,06/03/2008,07/07/1972,,29,,N,SCSIESM1XXX,BANQUE SCANDINAVE EN SUISSE,"11, COURS DE RIVE",CH-1211 GENEVE 3,,41227873111,,,1,,BANQUE SCANDINAVE EN SUISSE,SCANSUISSE
OR,1117,121100,BANQUE BRUXELLES LAMBERT,BANQUE BRUXELLES LAMBERT,,,PS,CASTELLANA,15,,28046,MADRID,,ES,,0,,0,,26/11/1987,APERTURA COMO SUCURSAL,0000,06/03/2008,13/10/1972,,28,,N,,,,,,,,,12,,BANQUE BRUXELLES LAMBERT,B. BRUXELLES
OR,1118,121100,CREDIT DU NORD,CREDIT DU NORD,,A0012276B,CL,PRINCIPE DE VERGARA,131,,28002,MADRID,,FR,,913372137,,913372130,,09/07/1999,POR CIERRE,0000,06/03/2008,04/02/1987,,28,,N,,,,,,,,,12,,CREDIT DU NORD,CREDIT DU NORD
OR,1119,121100,SKANDINAVISKA ENSKILDA BANKEN,SKANDINAVISKA ENSKILDA BANKEN,,A0301031A,CL,LEIZARAN,8,,28002,MADRID,,ES,,915640404,,915643812,,17/01/1995,POR CIERRE,0000,06/03/2008,26/02/1972,,28,,N,,,,,,,,,12,,SKANDINAVISKA ENSKILDA BANKEN,SKANENSBAN
OR,1120,121100,FIRST NATIONAL BANK OF CHICAGO,FIRST NATIONAL BANK OF CHICAGO,,,PS,CASTELLANA,18,,28046,MADRID,,ES,,0,,0,,03/11/1987,APERTURA COMO SUCURSAL,0000,06/03/2008,13/10/1972,,28,,N,,,,,,,,,12,,FIRST NATIONAL BANK OF CHICAGO,BANK OF CHICAGO
OR,1121,121100,BANCO DE LA CIUDAD DE BUENOS AIRES,BANCO DE LA CIUDAD DE BUENOS AIRES,,A5281038I,CL,JOSE ORTEGA Y GASSET,26,,28006,MADRID,,AR,,915764448,,915766142,,22/11/1999,POR CIERRE,0000,06/03/2008,06/04/1973,,28,,N,,,,,,,,,12,,BANCO DE LA CIUDAD DE BUENOS AIRES,BUENOS AIRES
OR,1122,121100,UNION DE BANCOS SUIZOS,UNION DE BANCOS SUIZOS,,A0361062C,CL,MARIA DE MOLINA,4,PL. 4,28006,MADRID,,ES,,915630106,,915633666,,06/07/1998,POR FUSION CON,1112,06/03/2008,14/09/1973,,28,,N,,,,,,,,,12,UBS AG,UNION DE BANCOS SUIZOS,BANCOS SUIZOS
OR,1123,121100,BANCO DE LA NACION ARGENTINA,BANCO DE LA NACION ARGENTINA,,A08168908,CL,NUÑEZ DE BALBOA,73,,28001,MADRID,,AR,,915763705,,915766142,BNA@BNA.COM.ES,,,0000,06/03/2008,16/02/1973,,28,,N,,BANCO DE LA NACION ARGENTINA,"CL BARTOLOME MITRE, 326",10036 BUENOS AIRES,,,,,12,,BANCO DE LA NACION ARGENTINA,NAC. ARGENTINA
OR,1124,121100,BANKERS TRUST COMPANY,BANKERS TRUST COMPANY,,,CL,ALMAGRO,34,,28010,MADRID,,ES,,0,,0,,11/11/1987,POR APERTURA DE,0000,06/03/2008,23/02/1973,,28,,N,,,,,,,,,12,,BANKERS TRUST COMPANY,BANKERS TRUST
OR,1125,121100,COMMERCIALE ITALIANA,COMMERCIALE ITALIANA,,,CL,ALMAGRO,34,,28010,MADRID,,ES,,0,,0,,11/03/1991,A PETICION PROPIA,0000,06/03/2008,26/01/1973,,28,,N,,,,,,,,,12,,COMMERCIALE ITALIANA,COMMERITALIA
OR,1126,121100,MORGAN GRENFELL & CO. LIMITED,MORGAN GRENFELL & CO. LIMITED,,B0061197J,CL,JOSE ABASCAL,55,,28003,MADRID,,ES,,914418700,,0,,09/09/1993,A PETICION PROPIA,0000,06/03/2008,15/02/1974,,28,,N,,,,,,,,,12,,MORGAN GRENFELL & CO. LIMITED,MORGREN
OR,1127,121100,STANDARD CHARTERED BANK,STANDARD CHARTERED BANK,,A0061205A,PS,CASTELLANA,36-38,PL. 6,28046,MADRID,,GB,,0,,0,,14/02/2005,POR CIERRE,0000,06/03/2008,15/02/1974,,28,,N,SCBLESM1XXX,STANDARD CHARTERED BANK,"38, BISHOPSGATE",LONDON EC2N 4DE,,4412807500,,,12,,STANDARD CHARTERED BANK,CHARTERED BANK
OR,1128,121100,BARCLAYS BANK INTERNATIONAL LIMITED,BARCLAYS BANK INTERNATIONAL LIMITED,,,PZ,COLON,1,,28046,MADRID,,ES,,914102800,,0,,07/03/1989,POR CIERRE,0000,06/03/2008,31/05/1974,,28,,N,,,,,,,,,12,,BARCLAYS BANK INTERNATIONAL LIMITED,BARCLAYS BANK
OR,1129,121100,BANK OF MONTREAL,BANK OF MONTREAL,,,CL,O'DONNELL,4,,28009,MADRID,,ES,,0,,0,,11/05/1987,POR CIERRE,0000,06/03/2008,31/05/1974,,28,,N,,,,,,,,,12,,BANK OF MONTREAL,BANK MONTREAL
OR,1130,121100,L'EUROPEENNE DE BANQUE,L'EUROPEENNE DE BANQUE,,,CL,RAFAEL CALVO,18,,28010,MADRID,,ES,,0,,0,,19/10/1987,POR CIERRE,0000,06/03/2008,04/06/1976,,28,,N,,,,,,,,,12,,L'EUROPEENNE DE BANQUE,L'EUROPEENNE
OR,1131,121100,"SKANDINAVISKA ENSKILDA BANKEN, LONDON BRANCH","SKANDINAVISKA ENSKILDA BANKEN, LONDON BRANCH",,A0061204D,CL,LEIZARAN,8,,28002,MADRID,,ES,,915640404,,915643812,,17/01/1995,A PETICION PROPIA,0000,06/03/2008,04/04/1976,,28,,N,,,,,,,,,12,,SKANDINAVISKA ENSKILDA BANKEN,SKANDINAVISKA
OR,1132,121100,"BANCO MEXICANO, S.A.","BANCO MEXICANO, S.A.",,,PS,CASTELLANA,19,PL. 1,28046,MADRID,,ES,,0,,0,,03/08/1987,ORDEN DEL JEFE DE OFICINA,0000,06/03/2008,07/05/1976,,28,,N,,,,,,,,,12,,"BANCO MEXICANO, S.A.",BANCO MEXICANO
OR,1133,121100,COMPAGNIE INTERNATIONALE DE BANQUE,COMPAGNIE INTERNATIONALE DE BANQUE,,,CL,MARIA DE MOLINA,1,PL. 4,28006,MADRID,,ES,,0,,0,,12/01/1989,A PETICION PROPIA,0000,06/03/2008,09/04/1976,,28,,N,,,,,,,,,12,,COMPAGNIE INTERNATIONALE DE BANQUE,COMPAGNIE INT.
OR,1134,121100,BANCO GANADERO,BANCO GANADERO,,,CL,RODRIGUEZ MARIN,88,PL. 1,28016,MADRID,,ES,,915622484,,915624011,,07/02/1997,A PETICION PROPIA,0000,06/03/2008,16/09/1976,,28,,N,,,,,,,,,12,,BANCO GANADERO,BANCO GANADERO
OR,1136,121100,SINGER & FRIEDLANDER LIMITED,SINGER & FRIEDLANDER LIMITED,,,CL,CLAUDIO COELLO,106,PL. 1,28006,MADRID,,ES,,0,,0,,03/08/1987,ORDEN DEL JEFE DE OFICINA,0000,06/03/2008,02/06/1977,,28,,N,,,,,,,,,12,,SINGER & FRIEDLANDER LIMITED,SINGER & FRIED.
OR,1137,121100,BANQUE CENTRALE POPULAIRE,BANQUE CENTRALE POPULAIRE,,N2041007B,CL,VELAZQUEZ,34,PL. 1,28001,MADRID,,MA,,915207066,,915754699,,,,0000,01/01/2009,09/07/1977,,28,,N,,BANQUE CENTRALE POPULAIRE,"101, BD. MOHAMMED ZERKTOUNI - BP 10622",21100 CASABLANCA,,21222202533,,,12,,BANQUE CENTRALE POPULAIRE,CENT. POPULAIRE
OR,1138,121100,NATEXIS BANQUES POPULAIRES,NATEXIS BANQUES POPULAIRES,,G0011092D,PS,CASTELLANA,18,PL. 4,28046,MADRID,,FR,,914319760,,915774562,,20/09/2004,POR CIERRE,0000,06/03/2008,09/12/1987,,28,,N,,NATEXIS BANQUES POPULAIRES,"115, RUE MONTMARTRE",75002 PARIS,,,,,12,,NATEXIS BANQUES POPULAIRES,NATEXIS BANQUES
OR,1139,121100,BANCA POPOLARE DI NOVARA,BANCA POPOLARE DI NOVARA,,B0051128G,PZ,MARQUES DE SALAMANCA,7,,28006,MADRID,,IT,,914311779,,915754448,,02/01/2001,POR CIERRE,0000,06/03/2008,12/05/1978,,28,,N,,,,,,,,,12,,BANCA POPOLARE DI NOVARA,BANCA DI NOVARA
OR,1140,121100,SUMITOMO BANK LIMITED,"SUMITOMO BANK, LIMITED",,,PS,GRACIA,54,,8007,BARCELONA,,ES,,934100203,,934196664,,05/11/1991,POR CIERRE,0000,06/03/2008,07/08/1979,,8,,N,,,,,,,,,9,,SUMITOMO BANKLIMITED,SUMIBANK
OR,1141,121100,LJUBLJANSKA BANKA,LJUBLJANSKA BANKA,,A0481002D,ZZ,VIA AUGUSTA,192,PL. 6,8021,BARCELONA,,SI,,0,,0,,02/12/1999,POR CIERRE,0000,06/03/2008,28/04/1979,,8,,N,,,,,,,,,9,,LJUBLJANSKA BANKA,LJUBLBANSKA
OR,1142,121100,CREDIT COMMERCIAL DE FRANCE,CREDIT COMMERCIAL DE FRANCE,,,PS,CASTELLANA,91,,28046,MADRID,,ES,,0,,0,,11/11/1987,APERTURA COMO SUCURSAL,0000,06/03/2008,05/01/1979,,28,,N,,,,,,,,,12,,CREDIT COMMERCIAL DE FRANCE,CR. COM. FRANCE
OR,1143,121100,DAI-ICHI KANGYO BANK LIMITED,DAI-ICHI KANGYO BANK LIMITED,,B7321034F,PS,CASTELLANA,42,,28046,MADRID,,ES,,0,,0,,12/12/1991,POR CIERRE,0000,06/03/2008,07/08/1979,,28,,N,,,,,,,,,12,,DAI-ICHI KANGYO BANK LIMITED,DAIKANGYO
OR,1144,121100,"FORTIS BANK, S.A.","FORTIS BANK, S.A.",,,CL,JOSE ORTEGA Y GASSET,29,PL. 6,28006,MADRID,,BE,,914317237,,914312277,,10/02/2000,POR CIERRE,0000,06/03/2008,12/01/1979,,28,,N,,,,,,,,,12,,"FORTIS BANK, S.A.",FORTIS
OR,1145,121100,"BANCOMER, S.A.","BANCOMER, S.A.",,A4121013I,PZ,COLON,2,"TORRE 1, PLANTA 6",28046,MADRID,,ES,,913084386,,913084439,,03/03/1994,A PETICION PROPIA,0000,06/03/2008,27/02/1979,,28,,N,,,,,,,,,12,,"BANCOMER, S.A.","BANCOMER,S.A."
OR,1146,121100,"BANCA SOMEX, S.A.","BANCA SOMEX, S.A.",,,PS,CASTELLANA,19,PL. 1,28046,MADRID,,ES,,0,,0,,03/08/1987,ORDEN DEL JEFE DE OFICINA,0000,06/03/2008,28/04/1979,,28,,N,,,,,,,,,12,,"BANCA SOMEX, S.A.",BANCA SOMEX
OR,1147,121100,"DEN DANSKE BANK AKTIESELSKAB, S.A.","DEN DANSKE BANK AKTIESELSKAB, S.A.",,A0081044J,PS,CASTELLANA,42,,28046,MADRID,,ES,,915750554,,915750554,,06/06/1991,A PETICION PROPIA,0000,06/03/2008,31/12/1979,,28,,N,,,,,,,,,12,,"DEN DANSKE BANK AKTIESELSKAB, S.A.",DENDANSBANK
OR,1154,121100,BHF-BANK,BHF-BANK,,A0041084E,CL,MARQUES DE CUBAS,21,,28014,MADRID,,DE,,914290072,,914290341,,17/12/1999,POR CIERRE,0000,06/03/2008,29/07/1980,,28,,N,,,,,,,,,12,,BHF-BANK,BHF-BANK
OR,1148,121100,THE MITSUBISHI BANK LIMITED,THE MITSUBISHI BANK LIMITED,,,PS,CASTELLANA,51,,28046,MADRID,,ES,,0,,0,,11/05/1987,APERTURA COMO SUCURSAL,0000,06/03/2008,31/10/1979,,28,,N,,,,,,,,,12,,THE MITSUBISHI BANK LIMITED,MITSUBISHI BANK
OR,1149,121100,ROYAL BANK OF CANADA,ROYAL BANK OF CANADA,,N4041023E,CL,NUÑEZ DE BALBOA,4,PL. 1 - C,28001,MADRID,,CA,,913100013,,917811578,,,,0000,14/12/2009,15/01/1980,,28,,N,,ROYAL BANK OF CANADA,200 BAY STREET,"M5J 2J5 TORONTO, ONTARIO",,,,,12,,ROYAL BANK OF CANADA,ROYAL BANK
OR,1150,121100,KBC BANK,KBC BANK,,N0021027H,CL,ANABEL SEGURA,10,,28108,ALCOBENDAS (MADRID),,BE,,913372208,,913372171,,07/02/2011,POR RENUNCIA,0000,07/02/2011,25/02/1980,,28,,N,,KBC BANK,"HAVENLAAN, 2",1080 BRUXELLES,,,,,12,,KBC BANK,KBC
OR,1151,121100,CAISSE NATIONALE DE CREDIT AGRICOLE,CAISSE NATIONALE DE CREDIT AGRICOLE,,,PS,DE LA HABANA,101,,28036,MADRID,,FR,,913742424,,913742552,,15/03/1999,POR CIERRE,0000,06/03/2008,01/08/1980,,28,,N,,,,,,,,,12,,CAISSE NATIONALE DE CREDIT AGRICOLE,CREDIT AGRICOLE
OR,1152,121100,"THE FUJI BANK, LIMITED","THE FUJI BANK, LIMITED",,,PZ,MANUEL GOMEZ MORENO,S/N,EDIF. ALFREDO MAHOU,28006,MADRID,,ES,,915819444,,915819443,,22/09/1995,A PETICION PROPIA.,0000,06/03/2008,12/11/1990,,28,,N,,,,,,,,,12,,"THE FUJI BANK, LIMITED",THE FUJI BANK
OR,1153,121100,THE SANWA BANK LIMITED,THE SANWA BANK LIMITED,,,PS,CASTELLANA,89,,28046,MADRID,,ES,,915440519,,0,,11/02/1991,POR CIERRE,0000,06/03/2008,18/09/1980,,28,,N,,,,,,,,,12,,THE SANWA BANK LIMITED,SANWA BANK
OR,1155,121100,"KREDIETBANK, S.A. LUXEMBOURGEOISE","KREDIETBANK, S.A. LUXEMBOURGEOISE",,A0021027H,CL,PRINCIPE DE VERGARA,131,"PL. 3,",28002,MADRID,,BE,,913372278,,913372196,,02/01/2003,POR CIERRE,0000,06/03/2008,01/03/1981,,28,,N,,,,,,,,,12,,"KREDIETBANK, S.A. LUXEMBOURGEOISE",KREDIETBANK
OR,1156,121100,THE BANK OF NEW YORK MELLON,THE BANK OF NEW YORK MELLON,,N4001294J,CL,JOSE ABASCAL,45,PL. 4,28003,MADRID,,US,,911775120,,913192247,,,,0000,01/01/2009,07/12/1981,,28,,N,IRVTESM1XXX,THE BANK OF NEW YORK MELLON,ONE WALL STREET,"NEW YORK, NY 10286",,,,,12,,THE BANK OF NEW YORK MELLON,NEW YORK MELLON
OR,1157,121100,"INDUSTRIAL BANK OF JAPAN, LIMITED","INDUSTRIAL BANK OF JAPAN, LIMITED",,,PS,CASTELLANA,51,PL. 3,28046,MADRID,,ES,,0,,0,,07/06/1989,POR ASIGNACION NUEVOCODIGO B.E.,1189,06/03/2008,08/01/1981,,28,,N,,,,,,,,,12,"THE INDUSTRIAL BANK OF JAPAN, LTD.","INDUSTRIAL BANK OF JAPAN, LIMITED",IND. BANK JAPAN
OR,1158,121100,"UNIBANK, A/S","UNIBANK, A/S",,A0081049I,CL,EL PULPO,5,LOS BOLICHES,29640,FUENGIROLA,MALAGA,DK,,952660748,,952660220,,13/03/2002,POR CIERRE,0000,06/03/2008,15/09/1981,,29,,N,,,,,,,,,1,,"UNIBANK, A/S",UNIBANK
OR,1159,121100,BERENBERG B.,BERENBERG B.,,,CL,PRINCESA,1,T.DE MADRID PL.12,28008,MADRID,,ES,,915417978,,915417918,,04/10/1994,A PETICION PROPIA,0000,06/03/2008,30/10/1981,,28,,N,,,,,,,,,12,,BERENBERG B.,BERENBERG
OR,1160,121100,KOREA EXHANGE BANK,KOREA EXCHANGE BANK,,G7281009F,PS,CASTELLANA,137,,28046,MADRID,,ES,,0,,0,,04/02/1994,ORDEN DEL JEFE DE OFICINA,0000,06/03/2008,22/01/1982,,28,,N,,,,,,,,,12,,KOREA EXHANGE BANK,KOREA
OR,1161,121100,CREDIT AND COMMERCE I.S.A.-L.D.T.,CREDIT AND COMMERCE I.S.A.- L.T.D.,,A0021128D,CL,SERRANO,11,,28001,MADRID,,ES,,0,,0,,02/01/1991,A PETICION PROPIA,0000,06/03/2008,15/11/1982,,28,,N,,,,,,,,,12,,CREDIT AND COMMERCE I.S.A.-L.D.T.,CREDITCO
OR,1162,121100,THE BANK OF NOVA SCOTIA,THE BANK OF NOVA SCOTIA,,,CL,SERRANO JOVER,5,,28015,MADRID,,ES,,0,,0,,03/08/1987,ORDEN DEL JEFE DE OFICINA,0000,06/03/2008,15/11/1982,,28,,N,,,,,,,,,12,,THE BANK OF NOVA SCOTIA,NOVA SCOTIA
OR,1163,121100,TAIYO KOBE BANK LTD.,TAIYO KOBE BANK LTD.,,A7321049D,CL,SERRANO,73,,28006,MADRID,,ES,,0,,0,,05/12/1991,POR CIERRE,0000,06/03/2008,22/01/1982,,28,,N,,,,,,,,,12,,TAIYO KOBE BANK LTD.,TAIYOKOB
OR,1182,121100,UNICREDIT BANK AG,UNICREDIT BANK AG,,N0041117C,CL,MONTALBAN,7,PL. 5,28014,MADRID,,DE,,917011541,,913198671,,09/02/2011,POR CIERRE,0000,09/02/2011,22/07/1987,,28,,N,HYVEESM1XXX,UNICREDIT BANK AG,VOR 1 - AM TUCHERPARK 16,80538 MUNCHEN,,,,,12,,UNICREDIT BANK AG,UNICREDIT BANK
OR,1183,121100,"DEN DANSKE BANK INTERNATIONAL, S.A.","DEN DANSKE BANK INTERNATIONAL, S.A.",,N0361818H,CR,MIJAS,"KM. 3,6",CENTRO IDEA,29649,MIJAS,MALAGA,LU,,952463336,,952479983,,15/01/2009,POR CIERRE,0000,15/01/2009,02/10/1987,,29,,N,,"DEN DANSKE BANK INTERNATIONAL, S.A.","672, RUE DE NEUDORF",L-2220 FINDEL,,,,,1,,"DEN DANSKE BANK INTERNATIONAL, S.A.",DEN DANSKE BANK
OR,1185,121100,SKANDINAVISKA ENSKILDA BANKEN               OR,SKANDINAVISKA ENSKILDA BANKEN          OR,,,,"RICARDO SORIANO, 50",0,,29600,MARBELLA (MALAGA),,ES,,914298052,,0,,04/12/1990,,0000,06/03/2008,07/03/1990,,29,,N,,,,,,,,,1,,SKANDINAVISKA ENSKILDA BANKEN,SKANDINAVISK
OR,1186,121100,FOKUS BANK,FOKUS BANK,,A0281048I,PZ,AFRICA,1,,29600,MARBELLA,MALAGA,ES,,952829623,,0,,01/03/1991,POR CIERRE,0000,06/03/2008,14/06/1988,,29,,N,,,,,,,,,1,,FOKUS BANK,FOKUSBANK
OR,1187,121100,KANSALLIS INTERNATIONAL BANK,KANSALLIS INTERNATIONAL BANK,,,AV,SANTOS REIN,4,,29640,FUENGIROLA,MALAGA,ES,,0,,0,,04/02/1994,ORDEN DEL JEFE DE OFICINA,0000,06/03/2008,28/10/1988,,29,,N,,,,,,,,,1,,KANSALLIS INTERNATIONAL BANK,NKANSALLIS
OR,1193,121100,PKB PRIVATBANK AG.,PKB PRIVATBANK AG.,,N0361124A,CL,ORQUIDEA,43,LA MORALEJA,28100,ALCOBENDAS,MADRID,CH,,915829100,,915829114,,,,0000,01/01/2009,27/08/1990,,28,,N,PKBSES21XXX,PKB PRIVATBANK AG,"12, RUE CHARLES-GALLAND-CASE POSTALE 391",1211 GENEVE 12,,223469155,,,12,,PKB PRIVATBANKAG.,PKB PRIVATBANK
OR,1194,121100,COUNTY NATWEST LIMITED,COUNTY NATWEST LIMITED,,A0061874D,CL,PRINCIPE DE VERGARA,125,,28002,MADRID,,ES,,913217217,,913217291,,11/03/1996,A PETICION PROPIA,0000,06/03/2008,02/10/1990,,28,,N,,,,,,,,,12,,COUNTY NATWEST LIMITED,COUNTY NATWEST
OR,1195,121100,BANQUE FRANCAISE DU COMMERCE EXTERIEUR,BANQUE FRANCAISE DU COMMERCE EXTERIEUR,,A0011533G,CL,GOYA,15,,28001,MADRID,,ES,,0,,0,,06/05/1998,.,0000,06/03/2008,03/01/1991,,28,,N,,,,,,,,,12,,BANQUE FRANCAISE COMMERCE EXTERIEUR,COMMERCE EXTER.
OR,1196,121100,BANCO DE LAS ACTIVIDADES ECONOMICAS EXTERIORES,BANCO DE LAS ACTIV. ECONOMICAS EXTERIORES (VNESHECONOMBANK) URSS,,G0561006H,PS,CASTELLANA,143,PL. 1 - D,28046,MADRID,,RU,,0,,0,,17/06/2004,POR CIERRE,0000,06/03/2008,01/04/1991,,28,,N,AEEVESM1XXX,BANCO DE LAS ACTIV. ECONOMICAS     EXTERIORES (VNESHECONOMBANK) URSS,"NOVOKIROVSKY PROSPEKT, 15/31",MOSCOWW,,2046519,,,12,,B.ACTIVIDADES ECONOMICAS EXTERIORES,ACTIV.ECON.EXT.
OR,1198,121100,CASSE DI RISPARMIO DI FIRENZE E PISTOIA E PESCIA,CASSE DI RISPARMIO DI FIRENZE E PISTOIA E PESCIA,,A0051212I,PS,DE LA CASTELLANA,60,,28046,MADRID,,IT,,915644109,,915644212,,02/01/2004,POR CIERRE,0000,06/03/2008,02/08/1991,,28,,N,,CASSE DI RISPARMIO DI FIRENZE E    PISTOIA E PESCIA,"VIA BUFALINI, 6",50122 FIRENZE,,390552621,,,12,,"C.RISPARMIO, FIRENZE E PISTOIA E P.",CASDIRESDIFIRPI
OR,1199,121100,BANCA CARIGE SPA-CASSA RISPARMIO GENOVA E IMPERIA,BANCA CARIGE SPA-CASSA DI RISPARMIO DI GENOVA E IMPERIA,,A0051218F,CL,NUÑEZ DE BALBOA,114,PL. 3 OF. 10,28006,MADRID,,IT,,915648855,,915646860,BANCACARIGE@WORLDONLINE.ES,04/01/2005,POR CIERRE,0000,06/03/2008,02/08/1991,,28,,N,CRGEESM1XXX,BANCA CARIGE SPA-CASSA DI          RISPARMIO DI GENOVA E IMPERIA,"VIA CASSA DI RISPARMIO, 15",16123 GENOVA,,010/5791,,,12,,BANCA CARIGE SPA-CASSA RISPAR. G.I.,CARIGE SPA
OR,1200,121100,"FORTIS BANK, S.A.","FORTIS BANK, S.A.",,G0021238A,PZ,URQUINAONA,9,ENTRESUELO,8010,BARCELONA,,BE,,934120416,,934120364,,08/07/2005,POR CIERRE,0000,06/03/2008,02/09/1991,,8,,N,,"FORTIS BANK, S.A.","RUE DU FOSSE-AUX-LOUPS, 48",1000 BRUXELLES,,3222136111,,,9,,"FORTIS BANK, S.A.",FORTIS BANK
OR,1201,121100,SYDBANK (SCHWEIZ) A.G.,SYDBANK (SCHWEIZ) A.G.,,A0362013E,CL,DAOIZ Y VELARDE,S/N,EDIFICIO LAS YUCAS,29640,FUENGIROLA,MALAGA,ES,,952463362,,0,,20/09/1993,A PETICION PROPIA,0000,06/03/2008,02/09/1991,,29,,N,,,,,,,,,1,,SYDBANK (SCHWEIZ) A.G.,OFIREPESPSYDSCH
OR,1202,121100,"WELLS FARGO BANK, NA","WELLS FARGO BANK, NA",,N4005536J,PZ,PABLO RUIZ PICASSO,1,TORRE PICASSO,28020,MADRID,,US,,915768376,,915782583,,,,0000,13/04/2010,05/09/1991,,28,,N,,"WELLS FARGO BANK, NA","1445 ROSS AVENUE, SECOND FLOOR",DALLAS 75202 TEXAS,,,,,12,,"WELLS FARGO BANK, NA",WELLS FARGO
OR,1203,121100,CARIVERONA BANCA S.P.A.,CARIVERONA BANCA S.P.A.,,A0051206A,PS,DE LA CASTELLANA,60,,28046,MADRID,,ES,,915644109,,915644212,,11/03/1997,A PETICION PROPIA,0000,06/03/2008,01/10/1991,,28,,N,,,,,,,,,12,,CARIVERONA BANCA S.P.A.,CARBANSPA
OR,1204,121100,BANQUE FEDERATIVE DU CREDIT MUTUEL,BANQUE FEDERATIVE DU CREDIT MUTUEL,,A0011625A,PZ,DE ESPAÑA,18,PL. 12 - 7,28008,MADRID,,ES,,915591345,,915591343,,25/08/1998,A PETICION PROPIA,0000,06/03/2008,23/10/1991,,28,,N,,,,,,,,,12,,B.FEDERATIVE DU CREDIT MUTUEL,CREDIT MUTUEL
OR,1205,121100,RABOBANK NEDERLAND,RABOBANK NEDERLAND,,A0031216E,CL,ALFONSO XII,38,ENTREPLANTA,28014,MADRID,,ES,,914291395,,914200174,,14/01/1997,A PETICION PROPIA.,0000,06/03/2008,02/12/1991,,28,,N,,,,,,,,,12,,RABOBANK NEDERLAND,RABOBANK
OR,1206,121100,DEXIA - BANQUE INTERNATIONALE A LUXEMBOURG,DEXIA - BANQUE INTERNATIONALE A LUXEMBOURG,,N0021224A,AV,ALCALDE CLEMENTE DIAZ RUIZ,18,"PUEBLA LUCIA, LOC. 6",29640,FUENGIROLA,MALAGA,LU,,952580244,,952580687,,18/02/2010,POR CIERRE,0000,18/02/2010,17/02/1992,,29,,N,,DEXIA - BANQUE INTERNATIONALE A    LUXEMBOURG,"18-20, AVENUE MARIE THERESE - P.O. BOX 594",L-2015 LUXEMBOURG,,,,,1,,DEXIA-BANQUE INTERNAT. A LUXEMBOURG,DEXIA-BIL
OR,1208,121100,"THE LONG-TERM CREDIT BANK OF JAPAN, LTD.","THE LONG-TERM CREDIT BANK OF JAPAN, LTD.",,A7321082E,PS,DE LA CASTELLANA,60,,28046,MADRID,,ES,,915645186,,915645305,,14/10/1997,A PETICION PROPIA,0000,06/03/2008,26/02/1992,,28,,N,,,,,,,,,12,,THE LONG-TERM CREDIT BANK OF JAPAN,L.T.C.B.
OR,1209,121100,ALLIED BANKING CORPORATION,ALLIED BANKING CORPORATION,,A7081012B,CL,GRAN VIA,31,6-29,28013,MADRID,,PH,,915210727,,915311044,,14/10/2008,POR CIERRE,0000,14/10/2008,27/02/1992,,28,,N,ABCMESM1XXX,ALLIED BANKING CORPORATION,6754 AYALA AVENUE - MAKATI,METRO MANILA,,8187961,,,12,,ALLIED BANKING CORPORATION,ALLIED BANKING
OR,1210,121100,BANQUE REGIONALE D'ESCOMPTE ET DE DEPOTS,BANQUE REGIONALE D'ESCOMPTE ET DE DEPOTS,,N0011679H,AV,FELIPE II,17,,28009,MADRID,,FR,,915764276,,915780170,,,,0000,01/01/2009,03/03/1992,,28,,N,REDEESM1XXX,BANQUE REGIONALE D'ESCOMPTE ET     DE DEPOTS,"18, QUAI DE LA RAPEE",75012 PARIS,,40047687,,,12,,BANQUE REGIONALE D'ESCOMPTE ET DE D,BANQUEREGIONALE
OR,1211,121100,ERSTE BANK DER OESTERREICHISCHEN SPARKASSEN AG,ERSTE BANK DER OESTERREICHISCHEN SPARKASSEN  A.G.,,A0381016E,PZ,DE COLON,2,PL. 5 - T. COLON I,28046,MADRID,,AT,,913192429,,914106442,,04/01/1999,POR CIERRE,0000,06/03/2008,06/03/1992,,28,,N,,,,,,,,,12,,ERSTE B.OESTERREICHISCHEN SPARKASS.,ERSTE B.OESTERR
OR,1212,121100,VARDE BANK,VARDE BANK,,A0081065E,CL,POSADA,15,PUEBLO LOPEZ,29640,FUENGIROLA,MALAGA,ES,,952581284,,952467399,,20/10/1994,A PETICION PROPIA,0000,06/03/2008,05/03/1992,,29,,N,,,,,,,,,1,,VARDE BANK,VARDEBANK
OR,1213,121100,SWEDBANK (LUXEMBOURG) S.A.,SWEDBANK (LUXEMBOURG) S.A.,,A0021172B,AV,RICARDO SORIANO,65,"PL.4-2, E.RINCON MAR",29600,MARBELLA,MALAGA,ES,,952863831,,0,,13/01/1997,A PETICION PROPIA,0000,06/03/2008,12/03/1992,,29,,N,,,,,,,,,1,,SWEDBANK (LUXEMBOURG) S.A.,SWEDBANK
OR,1214,121100,THE DAIWA BANK LIMITED,THE DAIWA BANK LIMITED,,A7321088B,PZ,PABLO RUIZ PICASSO,S/N,PL. 2 - T. PICASSO,28020,MADRID,,ES,,915565074,,915565078,,25/09/1995,A PETICION PROPIA.,0000,06/03/2008,13/03/1992,,28,,N,,,,,,,,,12,,THE DAIWA BANK LIMITED,THE DAIWA BANK
OR,1215,121100,J.HENRY SCHRODER WAGG & CO. LTD.,J. HENRY SCHRODER WAGG & CO. LTD.,,A0061778G,PS,DE LA CASTELLANA,31,PL. 3 - IZDA.,28046,MADRID,,ES,,913191508,,913194309,,08/11/1994,A PETICION PROPIA,0000,06/03/2008,23/03/1992,,28,,N,,,,,,,,,12,,J.HENRY SCHRODER WAGG &CO.LTD.,J.HENRY SCHRODE
OR,1216,121100,"THE SUMITOMO TRUST & BANKING, CO.LTD","THE SUMITOMO TRUST & BANKING, CO.LTD.",,B7321102A,PZ,DE COLON,2,9B,28046,MADRID,,ES,,914101030,,914101566,,02/07/1993,A PETICION PROPIA,0000,06/03/2008,06/04/1992,,28,,N,,,,,,,,,12,,"THE SUMITOMO TRUST & BANKING,CO",SUMITOMO
OR,1229,121100,SKANDINAVISKA ENSKILDA BANKEN S.A.,SKANDINAVISKA ENSKILDA BANKEN S.A.,,N0901043J,CL,DEPENDIENTE,2,6-D,29670,SAN PEDRO DE ALCANTARA,MALAGA,LU,,952788500,,952788110,,25/06/2009,POR CIERRE,0000,25/06/2009,11/05/1995,,29,,N,,SKANDINAVISKA ENSKILDA BANKEN S.A.,"16, BOULEVARD ROYAL",L-2449 LUXEMBOURG,,,,,1,,SKANDINAVISKA ENSKILDA BANKEN S.A.,SKANDINAVISKA
OR,1230,121100,ERSTE BANK SPARKASSEN (CR) A.S.,ERSTE BANK SPARKASSEN (CR) A.S.,,A0621009J,PZ,DE COLON,2,"TORRE COLON I, PL. 5",28046,MADRID,,CZ,,913192429,,913101561,,11/01/1999,POR CIERRE,0000,06/03/2008,23/05/1995,,28,,N,,,,,,,,,12,,ERSTE BANK SPARKASSEN (CR) A.S.,ERSTEBAN
OR,1231,121100,"BANCO CANARIAS DE VENEZUELA, CA","BANCO CANARIAS DE VENEZUELA, CA",,N4841053D,PZ,ALFEREZ PROVISIONAL,S/N,"EDIF.TARAJAL, LOC.12",38002,STA. CRUZ DE TENERIFE,TENERIFE,VE,,922247711,,922247977,,,,0000,01/01/2009,13/06/1995,,38,,N,BOCAES21XXX,"BANCO CANARIAS DE VENEZUELA, CA","CCT, PRIMERA ETAPA PISO 4, OF. 401",CHUAO CARACAS,,5829590102,,,5,,"BANCO CANARIAS DE VENEZUELA, CA",CANARIAS VENEZ.
OR,1232,121100,ING BANK N.V.,ING BANK N.V.,,A0031556D,PS,DE LA CASTELLANA,95,PL. 14,28046,MADRID,,NL,,915984000,,915984001,,06/10/2003,POR CIERRE,0000,06/03/2008,24/07/1995,,28,,N,,ING BANK N.V.,"STRAWINSKYLAAN, 2631",1077 ZZ AMSTERDAM,,205635153,,,12,,ING BANK NV,ING BANK
OR,1233,121100,ATTIJARIWAFA BANK,ATTIJARIWAFA BANK,,W2041031B,CL,TUSET,8,"PL. 2, PTA. 3",8006,BARCELONA,,MA,,934155899,,934160952,,23/02/2012,POR CIERRE,0000,23/02/2012,13/11/1995,,8,,N,BCMAESM1XXX,"ATTIJARIWAFA BANK, S.A.","2, BD MOULAY YOUSSEF",20000 CASABLANCA,,21222298888,,,9,,ATTIJARIWAFA BANK,ATTIJARIWAFA
OR,1234,121100,BANCO DE LA PROVINCIA DE BUENOS AIRES,BANCO DE LA PROVINCIA DE BUENOS AIRES,,N5281056A,CL,SERRANO,41,PL. 3,28001,MADRID,,AR,,917000776,,913915947,,,,0000,01/01/2009,16/11/1995,,28,,N,PRBAESM1XXX,BANCO DE LA PROVINCIA DE BUENOS    AIRES,"SAN MARTIN, 137",1004 CAPITAL FEDERAL,,541143470000,,,12,,BANCO PROVINCIA DE BUENOS AIRES,BUENOS AIRES
OR,1235,121100,NATEXIS BANQUE,NATEXIS BANQUE,,G0012163B,PS,DE LA CASTELLANA,18,,28046,MADRID,,FR,,915750478,,915750753,,26/07/2000,POR FUSION POR ABSORCION DE LA ENTIDAD MATRIZ POR,1138,06/03/2008,01/12/1995,,28,,N,,,,,,,,,12,NATEXIS BANQUES POPULAIRES,NATEXIS BANQUE,NATEXIS BANQUE
OR,1236,121100,LANDESBANK HESSEN-THUERINGEN GIROZENTRALE,LANDESBANK HESSEN-THUERINGEN GIROZENTRALE,,N0041815B,CL,GENERAL CASTAÑOS,4,BAJO DCHA.,28004,MADRID,,DE,,913911004,,913911132,,,,0000,01/01/2009,01/12/1995,,28,,N,HELAESM1XXX,LANDESBANK HESSEN-THUERINGEN       GIROZENTRALE,JUNGHOFSTRASSE 18-26,60297 FRANKFURT/MAIN,,496913201,,,12,,LANDESBANK HESSEN-THUERINGEN GIROZ.,LANDESBANK
EFC,8831,74704,"AFIANZAMIENTOS DE RIESGO, E.F.C., S.A.","AFIANZAMIENTOS DE RIESGO, E.F.C., S.A.",,A85296895,CL,ALCALA,18,PL. 2,28014,MADRID,,ES,,915962946,,915965543,WWW.AFIANZAMIENTOS.ES,14/11/2011,POR RENUNCIA PARA OPERAR COMO ENTIDAD DE CREDITO,0000,14/11/2011,13/02/2008,,28,,N,,,,,,,,,12,,"AFIANZAMIENTOS DE RIESGO, EFC, S.A.",AFIANZAMIENTOS
EFC,8832,74704,"BANKINTER CONSUMER FINANCE, E.F.C., S.A.","BANKINTER CONSUMER FINANCE, E.F.C., S.A.",,A82650672,AV,DE BRUSELAS,12,ARROYO DE LA VEGA,28108,ALCOBENDAS,MADRID,ES,,914903910,,916234486,WWW.OBSIDIANA.COM,,,0000,23/01/2012,11/04/2008,,28,,N,,,,,,,,,12,,"BANKINTER CONSUMER FINANCE, EFC, SA",BANKINTER C.EFC
EFC,8833,74704,"SG EQUIPMENT FINANCE IBERIA, E.F.C., S.A.","SG EQUIPMENT FINANCE IBERIA, E.F.C., S.A.",,A86106838,CL,CALERUEGA,81,"PL. 6, PTA. A",28033,MADRID,,ES,,913834340,,917670919,,,,0000,19/12/2011,19/12/2011,,28,,N,,,,,,,,,12,,"SG EQUIPMENT FINANCE IBERIA,EFC,SA",SGEFI
EFC,8834,74704,"AVANT TARJETA, E.F.C., S.A.","AVANT TARJETA, ESTABLECIMIENTO FINANCIERO DE CREDITO, S.A.",,A86373701,CL,JOSE ECHEGARAY,6,,28232,LAS ROZAS,MADRID,ES,,913534703,,913532141,,,,0000,21/02/2012,21/02/2012,,28,,N,,,,,,,,,12,,"AVANT TARJETA, E.F.C., S.A.",AVANT TARJETA
EFC,8835,74704,"SANTANDER BRASIL, E.F.C., S.A.","SANTANDER BRASIL, ESTABLECIMIENTO FINANCIERO DE CREDITO, S.A.",,A86426335,AV,DE CANTABRIA,S/N,CIUDAD GR. SANTANDER,28660,BOADILLA DEL MONTE,MADRID,ES,,0,,0,,,,0000,28/03/2012,28/03/2012,,28,,N,,,,,,,,,12,,"SANTANDER BRASIL, E.F.C., S.A.",SANTANDERBRASIL
EFC,8901,74704,"ARGENTARIA FACTORING, E.F.C., S.A.","ARGENTARIA FACTORING, E.F.C., S.A.",,A28161503,CL,SAGASTA,11,,28004,MADRID,,ES,,913746406,,913747421,,14/09/2000,POR FUSION POR ABSORCION POR,8908,14/09/2000,20/12/1996,,28,,N,,,,,,,,,12,"BBVA FACTORING, E.F.C., S.A.","ARGENTARIA FACTORING, E.F.C., S.A.",ARGENTARIA FACT
EFC,8902,74704,"CATALANA DE FACTORING, S.A., E.F.C.","CATALANA DE FACTORING, SOCIEDAD ANONIMA, ESTABLECIMIENTO FINANCIERO DE CREDITO",,A08154932,CL,LLULL,102,,8005,BARCELONA,,ES,,913746406,,913747421,,14/09/2000,POR FUSION POR ABSORCION POR,8908,20/10/2000,30/12/1996,,8,,N,,,,,,,,,9,"BBVA FACTORING, E.F.C., S.A.","CATALANA DE FACTORING, S.A., E.F.C.",CATALANA FACT.
EFC,8906,74704,"SANTANDER FACTORING Y CONFIRMING, S.A., E.F.C.","SANTANDER FACTORING Y CONFIRMING, S.A., E.F.C.",,A78287562,AV,DE CANTABRIA,S/N,CIUDAD GRP.SANTANDER,28660,BOADILLA DEL MONTE,MADRID,ES,,913422715,,913422756,WWW.CONFIRMING.ES,,,0000,21/07/2005,03/12/1996,,28,,N,,,,,,,,,12,,SANTANDER FACTORING Y CONFIRMING,SANTANDER FACTO
EFC,8909,74704,"BANSABADELL FACTORING E.F.C., S.A.","BANSABADELL FACTORING E.F.C., S.A.",,A58563966,PZ,DE CATALUNYA,1,PL. 4,8201,SABADELL,BARCELONA,ES,,937289289,,937271376,,01/08/2003,POR FUSION POR ABSORCION POR,0081,01/08/2003,30/12/1996,,8,,N,,,,,,,,,9,"BANCO DE SABADELL, S.A.","BANSABADELL FACTORING EFC, SA",BANSABADELL FAC
EFC,8911,74704,"FINANCIERA VENETA, E.F.C., S.A.","FINANCIERA VENETA, ESTABLECIMIENTO FINANCIERO DE CREDITO, S.A.",,A79372066,PS,DE LA CASTELLANA,259,TORRE ESPACIO PL.45,28046,MADRID,,ES,,915865500,,915289177,,02/12/2008,POR DISOLUCION Y LIQUIDACION,0000,02/12/2008,13/12/1996,,28,,N,,,,,,,,,12,,FINANCIERA VENETA,FVENETA
EFC,8912,74704,"EUROFACTOR HISPANIA, S.A. E.F.C.","EUROFACTOR HISPANIA, S.A. E.F.C.",,A79430518,CL,GOYA,8,PL. 3-B,28001,MADRID,,ES,,917819080,,915775537,,06/02/2008,POR CAMBIO DE OBJETO SOCIAL,0000,06/03/2008,20/12/1996,,28,,N,,,,,,,,,12,,"EUROFACTOR HISPANIA, S.A. E.F.C.",EUROFACTOR
EFC,8913,74704,"MAPFRE FACTORING, E.F.C., S.A.","MAPFRE FACTORING, ESTABLECIMIENTO FINANCIERO DE CREDITO, S.A.",,A79448965,CR,POZUELO DE A. A MAJADAHONDA,S/N,EDIF. MAPFRE,28220,MAJADAHONDA,MADRID,ES,,915812577,,915812940,,07/03/2000,POR CAMBIO DE OBJETO SOCIAL,0000,07/03/2000,27/12/1996,,28,,N,,,,,,,,,12,,"MAPFRE FACTORING, E.F.C., S.A.",MAPFRE FACT.
EFC,8914,74704,"BNP PARIBAS LEASE GROUP, S.A., E.F.C.","BNP PARIBAS LEASE GROUP, S.A., E.F.C.",,A18013706,CL,RETAMA,3,"PL. 9 A, EDIF.EJESUR",28045,MADRID,,ES,,914682048,,915301157,,10/09/2004,POR DISOLUCION CON CESION GLOBAL DE ACTIVOS Y PASIVOS A,1492,10/09/2004,17/12/1996,,28,,N,,,,,,,,,12,BNP PARIBAS LEASE GROUP S.A. SUCURSAL EN ESPAÑA,"BNP PARIBAS LEASE GROUP, S.A., EFC",BNP PARIBAS EFC
EFC,8915,74704,"FACTORCAT, E.F.C., S.A.","FACTORCAT, ESTABLECIMIENTO FINANCIERO DE CREDITO, S.A.",,A59196733,CL,FONTANELLA,7,,8010,BARCELONA,,ES,,934845288,,934845290,,10/09/2007,POR DISOLUCION CON CESION GLOBAL DE ACTIVOS Y PASIVOS A,2013,06/03/2008,21/10/1996,,8,,N,,,,,,,,,9,CAIXA D'ESTALVIS DE CATALUNYA,"FACTORCAT, E.F.C., S.A.",FACTORCAT
EFC,8916,74704,"ATLANTICO SERVICIOS FINANCIEROS, E.F.C., S.A.","ATLANTICO SERVICIOS FINANCIEROS, ESTABLECIMIENTO FINANCIERO DE CREDITO, SOCIEDAD ANONIMA",,A28468742,CL,NUÑEZ DE BALBOA,71,,28001,MADRID,,ES,,915860100,,915777509,WWW.BATLANTICO.ES,05/01/2005,POR FUSION POR ABSORCION CON DISOLUCION SIN LIQUIDACION POR,0081,06/03/2008,27/12/1996,,28,,N,,,,,,,,,12,"BANCO DE SABADELL, S.A.",ATLANTICO SERVICIOS FINANCIEROS,ATLANTICO EFC
SECC,0105,90105,"CREDIT LYONNAIS, S.A. S.E.","CREDIT LYONNAIS, S.A. SUCURSAL EN ESPAÑA",,A0011044E,CL,JUAN BRAVO,3B,PL. 1,28006,MADRID,,FR,,913491999,,913102750,,01/07/2004,POR CIERRE CON APORTACION DE SUS ACTIVOS Y PASIVOS A,0154,06/03/2008,01/01/1875,,28,,N,,"CREDIT LYONNAIS, S.A.","18, RUE DE LA REPUBLIQUE",69002 LYON,,,,,12,"CREDIT AGRICOLE INDOSUEZ, SUCURSAL EN ESPAÑA","CREDIT LYONNAIS, S.A. S.E.",CREDIT LYONNAIS
SECC,0108,90105,"SOCIETE GENERALE, S.E.","SOCIETE GENERALE, SUCURSAL EN ESPAÑA",,W0011682B,PZ,PABLO RUIZ PICASSO,1,TORRE PICASSO,28020,MADRID,,FR,,915898060,,915893805,,,,0000,05/01/2012,14/09/1920,,28,,N,SOGEESMMAGM,SOCIETE GENERALE,"29, BOULEVARD HAUSSMANN",75009 PARIS,,,,,12,,"SOCIETE GENERALE, S.E.",SOCIETE GENERAL
SECC,0144,90105,"BNP PARIBAS SECURITIES SERVICES, S.E.","BNP PARIBAS SECURITIES SERVICES, SUCURSAL EN ESPAÑA",,W0012958E,CL,RIBERA DEL LOIRA,28,PL. 3,28042,MADRID,,FR,,913888747,,913888788,,,,0000,28/09/2011,29/12/2000,,28,,N,PARBESMXXXX,BNP PARIBAS SECURITIES SERVICES,3 RUE D'ANTIN,75002 PARIS,,,,,12,,"BNP PARIBAS SECURITIES SERVICES, SE",BNP PARIB.SEC
SECC,0145,90105,"DEUTSCHE BANK A.G., S.E.","DEUTSCHE BANK, A.G., SUCURSAL EN ESPAÑA",,W0041027D,PS,DE LA CASTELLANA,18,,28046,MADRID,,DE,,915773577,,915753921,,,,0000,25/03/2009,27/03/1979,,28,,N,DEUTESM1XXX,"DEUTSCHE BANK, A.G.",,60325 FRANKFURT AM MAIN,,,,,12,,"DEUTSCHE BANK A.G., S.E.","DB-A.G., S.E."
SECC,0149,90105,"BNP PARIBAS, S.E.","BNP PARIBAS, SUCURSAL EN ESPAÑA",,W0011117I,CL,RIBERA DEL LOIRA,28,,28042,MADRID,,FR,,913491100,,913491282,WWW.BNPPARIBAS.ES,,,0000,01/01/2009,06/03/1979,,28,,N,BNPAESMSXXX,BNP PARIBAS,"BOULEVARD DES ITALIENS, 16",75009 PARIS,,,,,12,,"BNP PARIBAS, S.E.","BNP PARIBAS, SE"
SECC,0150,90105,"NATIONAL WESTMINSTER BANK PLC, S.E.","NATIONAL WESTMINSTER BANK PLC, SUCURSAL EN ESPAÑA",,A0061326E,PS,CASTELLANA,216,PL. 14,28046,MADRID,,GB,,913875600,,913875610,,04/08/2000,POR CIERRE CON LIQUIDACION,0000,22/09/2000,04/05/1979,,28,,N,NWBKESMXXXX,,,,,,,,12,,"NATIONAL WESTMINSTER BANK PLC, S.E.",NATWEST S.E.
SECC,0154,90105,"CREDIT AGRICOLE CORPORATE AND INVESTMENT BANK,S.E.","CREDIT AGRICOLE CORPORATE AND INVESTMENT BANK, SUCURSAL EN ESPAÑA",,N0011043G,PS,DE LA CASTELLANA,1,,28046,MADRID,,FR,,914327200,,914327500,,,,0000,09/08/2011,14/09/1979,,28,,N,BSUIESMMXXX,CREDIT AGRICOLE CORPORATE AND      INVESTMENT BANK,"9, QUAI DU PRESIDENT PAUL DOUMER",92920 PARIS LA DEFENSE CEDEX,,,,,12,,"CREDIT AGRIC.CORP.INVEST. BANK, S.E",CREDIT AGRICOLE
BP,0056,30001,"BANCA JOVER, S.A.","BANCA JOVER, S.A.",,A08094476,ZZ,VIA LAYETANA,64,,8003,BARCELONA,,ES,,934036600,,933183077,,11/05/2000,POR CESION GLOBAL DEL ACTIVO Y PASIVO A,2038,26/10/2001,17/06/1911,,8,,N,JOVEESBBXXX,,,,,,,,9,CAJA DE AHORROS Y MONTE DE PIEDAD DE MADRID,"BANCA JOVER, S.A.",BANCO JOVER
BP,0057,30001,"BANCO DEPOSITARIO BBVA, S.A.","BANCO DEPOSITARIO BBVA, S.A.",,A08109670,CL,CLARA DEL REY,26,,28002,MADRID,,ES,,913743000,,913747197,,,,0000,06/03/2008,25/08/1907,,28,,N,BVADESMMXXX,,,,,,,,12,,"BANCO DEPOSITARIO BBVA, S.A.",DEPOSITARIOBBVA
BP,0058,30001,"BNP PARIBAS ESPAÑA, S.A.","BNP PARIBAS ESPAÑA, S.A.",,A28000370,CL,RIBERA DEL LOIRA,28,PL.4,28042,MADRID,,ES,,913888070,,913888543,WWW.BANCAPRIVADA.BNPPARIBAS.ES,,,0000,13/06/2008,30/08/1918,,28,,N,BNPAESMMXXX,,,,,,,,12,,"BNP PARIBAS ESPAÑA, S.A.","BNP PARIBAS, SA"
BP,0059,30001,"BANCO DE MADRID, S.A.","BANCO DE MADRID, S.A.",,A28014207,PS,DE LA CASTELLANA,2 A,,28046,MADRID,,ES,,917815360,,917815364,,,,0000,02/01/2012,01/01/1900,,28,,N,MADRESMMXXX,,,,,,,,12,,"BANCO DE MADRID, S.A.",BANCO DE MADRID
BP,0061,30001,"BANCA MARCH, S.A.","BANCA MARCH, S.A.",,A07004021,AV,ALEJANDRO ROSELLO,8,,7002,PALMA,ILLES BALEARS,ES,,971779100,,971469929,WWW.BANCAMARCH.ES,,,0000,26/01/2011,24/06/1946,,7,,N,BMARES2MXXX,,,,,,,,4,,"BANCA MARCH, S.A.",BANCA MARCH
BP,0068,30001,"B.G.F. BANCO DE GESTION FINANCIERA, S.A.","B.G.F. BANCO DE GESTION FINANCIERA, S.A.",,A26002865,CL,DOCTOR FLEMING,34,,28036,MADRID,,ES,,915640460,,912504430,,06/02/1996,POR FUSION POR ABSORCION POR,0202,06/03/2008,19/06/1891,,28,,N,,,,,,,,,12,"BANCO DE NEGOCIOS ARGENTARIA, S.A.",B.G.F. BANCO DE GESTION FINANCIERA,B.G.F.
BP,0069,30001,"BANCO DE MURCIA, S.A.","BANCO DE MURCIA, S.A.",,A30007793,,GRAN VIA ESCULTOR SALZILLO,26,,30004,MURCIA,,ES,,968368100,,968368134,,17/10/2002,POR FUSION POR ABSORCION POR,0093,06/03/2008,01/01/1925,,30,,N,BAMUES22XXX,,,,,,,,13,"BANCO DE VALENCIA, S.A.","BANCO DE MURCIA, S.A.",BANCO DE MURCIA
BP,0073,30001,"OPEN BANK, S.A.","OPEN BANK, S.A.",,A28021079,AV,CANTABRIA,S/N,CIUDAD GR. SANTANDER,28660,BOADILLA DEL MONTE,MADRID,ES,,913421000,,913421043,WWW.OPENBANK.ES,,,0000,05/02/2010,01/07/1899,,28,,N,OPENESMMXXX,,,,,,,,12,,"OPEN BANK, S.A.",OPEN BANK
BP,0113,30001,"BANCO INDUSTRIAL DE BILBAO, S.A.","BANCO INDUSTRIAL DE BILBAO, S.A.",,A48036990,CL,GRAN VIA D. DIEGO LOPEZ HARO,1,,48009,BILBAO,BIZKAIA,ES,,944875429,,944874448,,,,0000,26/10/2011,02/01/1964,,48,,N,INBBESM1XXX,,,,,,,,16,,"BANCO INDUSTRIAL DE BILBAO, S.A.",INDUST. BILBAO
BP,0115,30001,"BANCO DE CASTILLA-LA MANCHA, S.A.","BANCO DE CASTILLA-LA MANCHA, S.A.",,A15011489,PQ,DE SAN JULIAN,20,,16001,CUENCA,,ES,,969177300,,969223568,,,,0000,26/10/2011,07/03/1964,,16,,N,,,,,,,,,8,,"BANCO DE CASTILLA-LA MANCHA, S.A.",BANCO CLM
BP,0116,30001,"BANCO POPULAR INDUSTRIAL, S.A.(EUROBANCO)","BANCO POPULAR INDUSTRIAL, S.A. (EUROBANCO)",,A28129195,CL,JOSE ORTEGA Y GASSET,29,,28006,MADRID,,ES,,915753208,,915768716,,02/11/1994,POR FUSION POR ABSORCION POR,0075,02/11/2006,17/04/1964,,28,,N,,,,,,,,,12,"BANCO POPULAR ESPAÑOL, S.A.","BANCO POPULAR INDUSTRIAL, S.A.",POPULAR IND.
BP,0118,30001,"BANCO DE ASTURIAS, S.A.","BANCO DE ASTURIAS, S.A.",,A33007949,CL,FRUELA,5-7,,33007,OVIEDO,ASTURIAS,ES,,985220441,,985215588,WWW.BANCOASTURIAS.COM,01/08/2003,POR FUSION POR ABSORCION POR,0081,06/03/2008,10/08/1964,,33,,N,ASTUESMMXXX,,,,,,,,3,"BANCO DE SABADELL, S.A.","BANCO DE ASTURIAS, S.A.",BANCO ASTURIAS
BP,0119,30001,"BANCO SANPAOLO, S.A.","BANCO SANPAOLO, S.A.",,A07002066,AV,SANTA EULALIA,1,,7800,IBIZA,ILLES BALEARS,ES,,971315012,,971311008,,18/01/1999,POR ESCISION PARCIAL CON CESION A,2090,26/10/2001,03/01/1935,,7,,N,,,,,,,,,4,CAJA DE AHORROS DEL MEDITERRANEO,"BANCO SANPAOLO, S.A.",BANCO SANPAOLO
BP,0121,30001,"BANCO OCCIDENTAL, S.A.","BANCO OCCIDENTAL, S.A.",,A28137958,PS,DE LA CASTELLANA,81,PL. 5,28046,MADRID,,ES,,944875429,,944874448,,,,0000,16/04/2010,12/11/1964,,28,,N,OCBAESM1XXX,,,,,,,,12,,"BANCO OCCIDENTAL, S.A.",OCCIDENTAL
BP,0122,30001,"CITIBANK ESPAÑA, S.A.","CITIBANK ESPAÑA, S.A.",,A28142081,AV,DE EUROPA,19,PQ.EMP.LA MORALEJA,28108,ALCOBENDAS,MADRID,ES,,916631000,,916631086,WWW.CITIBANK.ES,,,0000,06/03/2008,14/12/1964,,28,,N,CITIES2XXXX,,,,,,,,12,,"CITIBANK ESPAÑA, S.A.",CITIBANK ESPAÑA
BP,0129,30001,"BBVA BANCO DE FINANCIACION, S.A.","BBVA BANCO DE FINANCIACION, S.A.",,A08188807,,G.VIA DON DIEGO LOPEZ DE HARO,1,,48001,BILBAO,BIZKAIA,ES,,944875429,,944874448,,,,0000,30/03/2012,25/06/1965,,48,,N,INALESM1XXX,,,,,,,,16,,"BBVA BANCO DE FINANCIACION, S.A.",BBVA B.FINANC.
BP,0153,30001,"BANCO SAUDI ESPAÑOL, S.A. EN LIQUIDACION","BANCO SAUDI ESPAÑOL, S.A. (SAUDESBANK), EN LIQUIDACION",,A28572451,PS,CASTELLANA,40,,28046,MADRID,,ES,,914355540,,914319728,,10/08/1994,POR LIQUIDACION,0000,18/10/2000,09/05/1979,,28,,N,,,,,,,,,12,,"BANCO SAUDI ESPAÑOL, S.A, EN LIQUID",SAUDESBANK
BP,0157,30001,CONTINENTAL ILLINOIS NAT. BANK TRUST CO. CHICAGO,"CONTINENTAL ILLINOIS NATIONAL BANK & TRUST COMPANY OF CHICAGO, SUCURSAL EN ESPAÑA",,A4001121E,CL,JOSE ORTEGA Y GASSET,29,,28006,MADRID,,ES,,0,,0,,18/12/1989,A PETICION PROPIA,0000,06/03/2008,01/02/1980,,28,,N,,,,,,,,,12,,CONTINENTAL ILLINOIS NAT. BANK,C. ILLINOIS
BP,0158,30001,"CHEMICAL BANK, S.A., SUCURSAL EN ESPAÑA","CHEMICAL BANK, S.A., SUCURSAL EN ESPAÑA",,A4001100I,PS,CASTELLANA,36-38,,28046,MADRID,,ES,,914312500,,0,,22/10/1990,A PETICION PROPIA,0000,06/03/2008,01/02/1980,,28,,N,,,,,,,,,12,,"CHEMICAL BANK, SUCURSAL EN ESPAÑA",CHEMICAL
BP,0173,30001,"FIRST INTERSTATE BANK OF CALIFORNIA, S.E.","FIRST INTERSTATE BANK OF CALIFORNIA, SUCURSAL EN ESPAÑA",,A4001557J,CL,RAIMUNDO FERNANDEZ VILLAVERDE,65,,28003,MADRID,,ES,,915562065,,915553439,,13/01/1992,A PETICION PROPIA,0000,06/03/2008,06/12/1983,,28,,N,,,,,,,,,12,,FIRST INTERST.CALIFORNIA S.E.,F.I.CALIFORN
CC,3058,53001,"CAJAMAR CAJA RURAL, S.C.C.","CAJAMAR CAJA RURAL, SOCIEDAD COOPERATIVA DE CREDITO",,F04001475,PZ,BARCELONA,5,,4006,ALMERIA,,ES,,950210100,,950266578,WWW.CAJAMAR.ES,,,0000,13/10/2011,12/03/1963,,4,CAJAMAR,S,CCRIES2AXXX,,,,,,,,1,,"CAJAMAR CAJA RURAL, S.C.C.",CAJAMAR
CC,3059,53001,"CAJA R. DE ASTURIAS, S.C.C.","CAJA RURAL DE ASTURIAS, SOCIEDAD COOPERATIVA DE CREDITO",,F33007337,CL,MELQUIADES ALVAREZ,7,,33002,OVIEDO,ASTURIAS,ES,,985220591,,985227149,WWW.RURALVIA.COM/ASTURIAS/,,,0000,18/02/2008,14/02/1963,,33,,N,BCOEESMM059,,,,,,,,3,,"CAJA R. DE ASTURIAS, S.C.C.",C.R. ASTURIAS
CC,3082,53001,"CAJA R. DEL MEDITERRANEO, RURALCAJA, S.C.C.","CAJA RURAL DEL MEDITERRANEO, RURALCAJA, S. COOP. DE CREDITO",,F46028064,PS,ALAMEDA,34,,46023,VALENCIA,,ES,,963870800,,963923703,WWW.RURALCAJA.ES,,,0000,18/02/2008,01/01/1946,,46,RURALCAJA,S,BCOEESMM082,,,,,,,,15,,"CAJA R. DEL MEDITERRANEO,SCC",RURALCAJA
CC,3097,53001,"CAJA DE PROMOCION Y CREDITO, S. COOP. LIMITADA","CAJA DE PROMOCION Y CREDITO, SOCIEDAD COOPERATIVA LIMITADA",,F20029385,CL,JOSE ORTEGA Y GASSET,29,,28006,MADRID,,ES,,915783388,,915752296,,20/02/1995,POR DISOLUCION,0000,01/09/2000,29/09/1966,,28,,N,,,,,,,,,12,,CAJA DE PROMOCION Y CREDITO,C.PROMOCRTO.
CC,3100,53001,"CAJA RURAL DE CARCAIXENT, COOP. CTO. VALENCIANA","CAJA RURAL DE CARCAIXENT, COOP. CTO. VALENCIANA",,F46024998,CL,JULIAN RIBERA,5,,46740,CARCAIXENT,VALENCIA,ES,,962430600,,962434264,,13/07/1993,POR FUSION POR ABSORCION POR,3082,18/10/2000,22/12/1953,,46,,N,,,,,,,,,15,"CAJA RURAL VALENCIA, COOP. CREDITO VALENCIANA","CAJA RURAL DE CARCAIXENT, C.C. VAL.",CR.CARCAIXEN
SDEC,7861,87861,"LICO CORPORACION, S.A.","LICO CORPORACION, S.A.",,A78831369,CL,MIGUEL ANGEL,23,,28010,MADRID,,ES,,913084175,,913082397,,,,0000,06/03/2008,28/09/2006,,28,LICO,S,,,,,,,,,12,,"LICO CORPORACION, S.A.",LICO
CC,3121,53001,"CAJA R. DE CHESTE, S.C.C.","CAJA RURAL DE CHESTE, SOCIEDAD COOPERATIVA DE CREDITO",,F46025433,PZ,DOCTOR CAJAL,2,,46380,CHESTE,VALENCIA,ES,,962515502,,962515646,WWW.RURALVIA.COM/CHESTE,,,0000,18/02/2008,20/04/1945,,46,,N,BCOEESMM121,,,,,,,,15,,"CAJA R. DE CHESTE, S.C.C.",C.R. DE CHESTE
CC,3123,53001,"CAIXA R. DE TURIS, C.C.V.","CAIXA RURAL DE TURIS, COOPERATIVA DE CREDITO VALENCIANA",,F46027504,PZ,CONSTITUCION,2,,46389,TURIS,VALENCIA,ES,,962526061,,962526526,WWW.CAJARURAL.COM/RURALES/3123/,,,0000,07/03/2011,23/10/1963,,46,,N,CCRIES2A123,,,,,,,,15,,"CAIXA R. DE TURIS, C.C.V.",C.R. DE TURIS
CC,3124,53001,"CAJA RURAL DE GODELLETA, COOP. CTO. VALENCIANA","CAJA RURAL DE GODELLETA, COOPERATIVA CREDITO VALENCIANA",,F46025771,PZ,ESPAÑA,14,,46388,GODELLETA,VALENCIA,ES,,962526286,,962527179,,02/07/1993,POR CESION GLOBAL DE ACTIVOS Y PASIVOS A,3094,01/09/2000,30/06/1947,,46,,N,,,,,,,,,15,"CAJA RURAL DE LA VALENCIA CASTELLANA, SDAD. COOP. CTO. LTDA., DE REQUENA","CAJA RURAL DE GODELLETA, C.C.V.",CR.GODELLETA
CC,3128,53001,"CAJA R. DE LA RODA, S.C.C. DE CASTILLA LA MANCHA","CAJA RURAL DE LA RODA, SOCIEDAD COOPERATIVA DE CREDITO DE CASTILLA LA MANCHA",,F02004596,AV,RAMON Y CAJAL,13,,2630,LA RODA,ALBACETE,ES,,967440508,,967442795,WWW.RURALVIA.COM/LARODA,09/02/2011,POR FUSION POR ABSORCION POR,3056,09/02/2011,25/06/1958,,2,,N,BCOEESMM128,,,,,,,,8,"CAJA RURAL DE ALBACETE, SOCIEDAD COOPERATIVA DE CREDITO","CAJA R. DE LA RODA, S.C.C.CLM.",C.R. DE LA RODA
CC,3129,53001,"CAIXA R. SEGRE-CINCA, S.C.C.C.L.","CAIXA RURAL SEGRE-CINCA, SDAD. COOP. CATALANA CTO. LTDA.",,F25015876,PG,INDUSTRIAL EL SEGRE,,,25191,LLEIDA,,ES,,973201553,,973201260,,10/01/2000,POR FUSION POR ABSORCION POR,3066,26/10/2001,24/10/1964,,25,,N,,,,,,,,,9,"CAJA RURAL DE HUESCA, S. COOP. DE CREDITO","CAIXA R. SEGRE-CINCA, SCCCL",C.R.SEGRE-CINCA
CC,3135,53001,CAJA R. S. JOSE DE NULES S.C.C.V.,CAJA RURAL SAN JOSE DE NULES S. COOP. DE CREDITO V.,,F12013140,CL,MAYOR,66,,12520,NULES,CASTELLON,ES,,964656065,,964673809,WWW.RURALVIA.COM/NULES,,,0000,18/02/2008,14/10/1969,,12,,N,BCOEESMM135,,,,,,,,15,,CAJA R. S. JOSE DE NULES SCCV,SAN JOSE NULES
CC,3137,53001,CAJA R. DE CASINOS S.C.C.V.,CAJA RURAL DE CASINOS S. COOP. DE CREDITO V.,,F46043808,PZ,MAYOR,10,,46171,CASINOS,VALENCIA,ES,,962700008,,962700436,,,,0000,08/03/2010,17/04/1969,,46,,N,CCRIES2A137,,,,,,,,15,,CAJA R. DE CASINOS S.C.C.V.,C.R. DE CASINOS
CC,3138,53001,"CAJA R. DE BETXI, S.C.C.V.","CAJA RURAL DE BETXI, S. COOP. DE CREDITO V.",,F12013322,PZ,MAYOR,2,,12549,BETXI,CASTELLON,ES,,964623003,,964621122,WWW.CAJARURAL.COM/BETXI,,,0000,18/02/2008,14/10/1969,,12,,N,BCOEESMM138,,,,,,,,15,,"CAJA R. DE BETXI, S.C.C.V.",CAIXA R BETXI
CC,3139,53001,"CAJA RURAL DE ARENAS DE SAN PEDRO, S.C.C.L.","CAJA RURAL DE ARENAS DE SAN PEDRO, SDAD. COOP. CTO. LTDA.",,F05001292,CL,TRISTE CONDESA,33,,5400,ARENAS DE SAN PEDRO,AVILA,ES,,0,,0,,07/11/1989,POR CESION GLOBAL DE ACTIVOS Y PASIVOS A,2061,06/03/2008,15/04/1947,,5,,N,,,,,,,,,7,CAJA DE AHORROS Y MONTE DE PIEDAD DE SALAMANCA,CAJA RURAL DE ARENAS DE SAN PEDRO,CR.ARENAS
CC,3141,53001,"CAIXA RURAL PENEDES-GARRAF, S.C. CATALANA C.LTDA.","CAIXA RURAL PENEDES-GARRAF, SDAD. COOP. CATALANA CTO. LTDA.",,F08174807,CL,LLIBERTAT,2,,8800,VILANOVA I LA GELTRU,BARCELONA,ES,,938931178,,938935906,,22/03/1994,POR CESION GLOBAL DE ACTIVOS Y PASIVOS A,2013,26/10/2001,26/04/1962,,8,,N,,,,,,,,,9,CAJA DE AHORROS DE CATALUÑA,CAIXA RURAL PENEDES-GARRAF,CR.PENEDES-G
CC,3144,53001,"CAJA R. DE VILLAMALEA, S.C.C.A. CASTILLA-LA MANCHA","CAJA RURAL DE VILLAMALEA, S. COOP. DE CREDITO AGRARIO DE CASTILLA-LA MANCHA",,F02004299,PZ,DE LA CONCEPCION,1,,2270,VILLAMALEA,ALBACETE,ES,,967483026,,967483672,WWW.RURALVIA.COM/VILLAMALEA,,,0000,18/02/2008,26/11/1960,,2,,N,BCOEESMM144,,,,,,,,8,,"CAJA R. DE VILLAMALEA, S.C.C.A.",C.R. VILLAMALEA
CC,3146,53001,"CAJA DE CREDITO COOPERATIVO, S.C.C.","CAJA DE CREDITO COOPERATIVO, SOCIEDAD COOPERATIVA DE CREDITO",,F28457075,CL,VIRGEN DE LOS PELIGROS,4,PL. 4,28013,MADRID,,ES,,916926153,,0,,,,0000,12/06/2008,11/11/1976,,28,NOVANCA,S,,,,,,,,,12,,"CAJA DE CREDITO COOPERATIVO, S.C.C.",NOVANCA
CC,3147,53001,"CAIXA R. DE BALEARS, S.C.C.","CAIXA RURAL DE BALEARS, S. COOP. DE CREDITO",,F07053788,CL,ANTONIO GAUDI,2,,7013,PALMA,ILLES BALEARS,ES,,971432283,,971759351,WWW.RURALVIA.COM/BALEARS,05/01/2011,POR FUSION POR ABSORCION POR,3058,14/02/2011,10/03/1972,,7,,N,BCOEESMM147,,,,,,,,4,"CAJAMAR CAJA RURAL, SOCIEDAD COOPERATIVA DE CREDITO","CAIXA R. DE BALEARS, S.C.C.",C.R. DE BALEARS
CC,3157,53001,"CAJA R. LA JUNQUERA DE CHILCHES, S.C.C.V.","CAJA RURAL LA JUNQUERA DE CHILCHES, S. COOP. DE CREDITO V.",,F12013124,PZ,ESPAÑA,8,,12592,CHILCHES,CASTELLON,ES,N,964590089,,964590404,WWW.RURALVIA.COM/CHILCHES,,,0000,18/02/2008,14/10/1969,,12,,N,BCOEESMM157,,,,,,,,15,,"CAJA R. LA JUNQUERA CHILCHES, SCCV",CAIXA R. XILXES
CC,3161,53001,"CAJA R. S. FORTUNATO, S.C.C.C.L.","CAJA RURAL SAN FORTUNATO, SDAD. COOP. CATALANA CTO. LTDA.",,F25015660,CL,BONAIRE,11,,25154,CASTELLDANS,LLEIDA,ES,,973120056,,973120056,,,,0000,09/03/2009,06/12/1963,,25,,N,BCOEESMM161,,,,,,,,9,,"CAJA R. S. FORTUNATO, SCCCL",C.R.S. FORTUNAT
CC,3172,53001,"CAJA CAMINOS, S.C.C.","CAJA CAMINOS, SOCIEDAD COOPERATIVA DE CREDITO",,F28520666,CL,ALMAGRO,42,,28010,MADRID,,ES,,913193448,,913085459,WWW.CAJACAMINOS.ES,14/02/2008,POR TRANSFORMACION EN,0234,03/11/2008,02/02/1977,,28,,N,CCOCESMMXXX,,,,,,,,12,"BANCO CAMINOS, S.A.","CAJA CAMINOS, S.C.C.",CAJA CAMINOS
CC,3173,53001,"CAJA RURAL PROVINCIAL DE GUADALAJARA, S.C.C.L.","CAJA RURAL PROVINCIAL DE GUADALAJARA, SDAD. COOP. CTO. LTDA.",,F19005024,AV,VIRGEN DEL AMPARO,25,,19002,GUADALAJARA,,ES,,911223650,,0,,01/06/1990,POR CESION GLOBAL DE ACTIVOS Y PASIVOS A,3081,01/09/2000,27/06/1974,,19,,N,,,,,,,,,8,"CAJA RURAL PROVINCIAL DE TOLEDO, SDAD. COOP. CTO. LTDA.",CAJA RURAL PROV. DE GUADALAJARA,CR.GUADALAJA
CC,3174,53001,"CAIXA R. VINAROS, S.C.C.V.","CAIXA RURAL VINAROS, S. COOP. DE CREDIT. V.",,F12013249,CL,SAN CRISTOBAL,19,,12500,VINAROS,CASTELLON,ES,,964407280,,964407281,WWW.RURALVIA.COM,,,0000,18/02/2008,23/10/1969,,12,CAIXA VINAROS,S,BCOEESMM174,,,,,,,,15,,"CAIXA R. VINAROS, S.C.C.V.",CAIXA VINAROS
CC,3175,53001,"CAJA RURAL LA CAMARA DE CASTELLON, C.C. VALENCIANA","CAJA RURAL LA CAMARA DE CASTELLON, COOPERATIVA CREDITO VALENCIANA",,F12012787,CL,ENMEDIO,9-11,,12001,CASTELLON DE LA PLANA,CASTELLON,ES,,0,,0,,25/07/1989,POR DISOLUCION Y CESION GLOBAL DE ACTIVOS Y PASIVOS A,3114,06/03/2008,13/08/1966,,12,,N,,,,,,,,,15,"CAJA RURAL SAN ISIDRO DE CASTELLON, COOPERATIVA CREDITO VALENCIANA",CAJA RURAL LA CAMARA DE CASTELLON,CR.CAMARA
CC,3181,53001,"CAJA DE ELCHE, CAJA RURAL, C.C.V.","CAJA DE ELCHE, CAJA RURAL, COOPERATIVA DE CREDITO VALENCIANA",,F03109675,PZ,DE BAIX,8,,3202,ELCHE,ALICANTE,ES,,965423333,,965420633,WWW.RURALVIA.COM/ELCHE,02/02/2004,POR FUSION POR ABSORCION POR,3082,12/11/2004,17/05/1982,,3,,N,BCOEESM1181,,,,,,,,15,"CAJA RURAL DEL MEDITERRANEO, RURALCAJA, S. COOP. DE CREDITO",CAJA DE ELCHE,CAJA DE ELCHE
CC,3183,53001,CAJA DE ARQUITECTOS S.C.C.,CAJA DE ARQUITECTOS S. COOP. DE CREDITO,,F08809808,CL,ARCS,1,,8002,BARCELONA,,ES,,934826810,,934826801,WWW.ARQUIA.ES,,,0000,07/03/2008,24/01/1983,,8,ARQUIA,S,CASDESBBXXX,,,,,,,,9,,CAJA DE ARQUITECTOS S.C.C.,ARQUIA
CC,3184,53001,"CAJA DE CREDITO DE ALCOY, C.C.V. (EN LIQUIDACION)","CAJA DE CREDITO DE ALCOY, COOPERATIVA DE CREDITO VALENCIANA (EN LIQUIDACION)",,F03285467,CL,SANTA ROSA,48,,3800,ALCOY,ALICANTE,ES,,965525112,B,965524606,,,,0000,01/09/2000,11/03/1986,,3,,N,,,,,,,,,15,,"CAJA DE CREDITO DE ALCOY, C.C.V.(L)",CAJA DE ALCOY
EFC,4709,74704,"ING LEASE (ESPAÑA), E.F.C., S.A.","ING LEASE (ESPAÑA), E.F.C., S.A.",,A08350225,AV,DIAGONAL,605,PL. 9,8028,BARCELONA,,ES,,934949330,,934305380,,,,0000,09/02/1999,21/11/1996,,8,,N,,,,,,,,,9,,"ING LEASE (ESPAÑA), E.F.C., S.A.",ING LEASE EFC
CC,3185,53001,"CAIXA CATALONIA DE CREDIT, S.C.C.L.","CAIXA CATALONIA DE CREDIT, SDAD. COOP. CATALANA LTDA.",,F58657784,PZ,BONANOVA,15,,8022,BARCELONA,,ES,,934188100,,934188182,,05/09/1994,POR ACUERDO DEL CONSEJO DE MINISTROS DE FECHA DE 10.06.1994.,0000,20/10/2000,02/03/1988,,8,,N,,,,,,,,,9,,"CAIXA CATALONIA DE CREDIT, S.C.C.L.",C.CATALONIA
CC,3187,53001,"CAJA R. DEL SUR, S. COOP. DE CREDITO","CAJA RURAL DEL SUR, S. COOP. DE CREDITO",,F91119065,CL,MURILLO,2,,41001,SEVILLA,,ES,,954599100,,954228160,WWW.RURALVIA.COM/CRDELSUR,,,0000,06/03/2008,09/03/2001,,41,,N,BCOEESMM187,,,,,,,,1,,"CAJA R. DEL SUR, S. COOP. CREDITO",CAJA R. SUR
CC,3188,53001,"CREDIT VALENCIA, C.R.C.C.V.","CREDIT VALENCIA, CAJA RURAL COOPERATIVA DE CREDITO VALENCIANA",,F97086805,CL,SANTA MARIA MICAELA,6,,46008,VALENCIA,,ES,N,963354930,,963732954,,,,0000,04/07/2006,04/05/2001,,46,,N,BCOEESMM188,,,,,,,,15,,"CREDIT VALENCIA, C.R.C.C.V.",CREDIT VALENCIA
CC,3189,53001,"CAJA R. ARAGONESA Y DE LOS PIRINEOS, S.C.C.","CAJA RURAL ARAGONESA Y DE LOS PIRINEOS, S. COOP. DE CREDITO",,F22252076,CL,BERENGUER,2-4,,22002,HUESCA,,ES,,974290000,,974290067,WWW.MULTICAJA.ES,27/12/2011,POR FUSION POR ABSORCION POR,3191,27/12/2011,16/10/2001,,22,,N,BCOEESMM189,,,,,,,,2,"NUEVA CAJA RURAL DE ARAGON, SOCIEDAD COOPERATIVA DE CREDITO",CAJA R. ARAGONESA Y DE LOS PIRINEOS,MULTICAJA
EDE,6701,66701,"YOUNIQUE MONEY, E.D.E., S.A.","YOUNIQUE MONEY, E.D.E., S.A.",,A85572782,CL,CIUDAD REAL,1-B,,28223,POZUELO DE ALARCON,MADRID,ES,,918299290,,916406409,WWW.YOUNIQUEMONEY.ES,,,0000,27/11/2009,27/11/2008,,28,,N,,,,,,,,,12,,"YOUNIQUE MONEY, E.D.E., S.A.",YOUNIQUE MONEY
EFC,4706,74704,"CATERPILLAR FINANCIAL CORP.FINAN., S.A.E.F.C.","CATERPILLAR FINANCIAL CORPORACION FINANCIERA, SOCIEDAD ANONIMA ESTABLECIMIENTO FINANCIERO CREDITO",,A28125805,,VIA DE LAS DOS CASTILLAS,33,"EDIF. ATICA, 6, PL.4",28224,POZUELO DE ALARCON,MADRID,ES,,914951300,,913522609,,,,0000,09/02/1999,03/12/1996,,28,,N,,,,,,,,,12,,CATERPILLAR FINANCIAL CORP. FINAN.,CATERPILLAR
EFC,4713,74704,"LICO LEASING, S.A., E.F.C.","LICO LEASING, S.A., ESTABLECIMIENTO FINANCIERO DE CREDITO",,A28167799,CL,MIGUEL ANGEL,23,,28010,MADRID,,ES,,917003600,,913100900,WWW.LICO.ES,,,0000,02/01/2012,18/09/1996,,28,,N,,,,,,,,,12,,"LICO LEASING, S.A., E.F.C.",LICO LEASING
EFC,4726,74704,"ACCORDIA ESPAÑA, S.A. E.F.C.","ACCORDIA ESPAÑA, S.A. ESTABLECIMIENTO FINANCIERO DE CREDITO",,A28583433,CL,MARIA TUBAU,3,,28050,MADRID,,ES,,913794178,,913794414,,27/06/2007,POR ABSORCION POR RCI BANQUE SA Y AFECTACION DE SU PATRIMONIO A,1508,27/06/2007,17/12/1996,,28,,N,,,,,,,,,12,"RCI BANQUE, S.A., SUCURSAL EN ESPAÑA","ACCORDIA ESPAÑA, S.A. E.F.C.",ACCORDIA
EFC,4733,74704,"INFOLEASING E.F.C., S.A.","INFOLEASING ESTABLECIMIENTO FINANCIERO DE CREDITO, S.A.",,A28737070,CL,RECOLETOS,23,,28001,MADRID,,ES,,915778236,,915776429,,18/02/1999,POR CESION GLOBAL DEL ACTIVOS Y PASIVOS A,4779,18/02/1999,21/11/1996,,28,,N,,,,,,,,,12,"LEASING CATALUNYA, ESTABLECIMIENTO FINANCIERO DE CREDITO, S.A.","INFOLEASING E.F.C., S.A.",INFOLEASING
EFC,4749,74704,"P.S.A. LEASING ESPAÑA, S.A., E.F.C.","P.S.A. LEASING ESPAÑA, S.A., E.F.C.",,A28797488,CL,BEATRIZ DE BOBADILLA,14,C.EMP. J.M. CHURRUCA,28040,MADRID,,ES,,913472623,,913472710,,20/07/1998,FUSION POR ABSORCION POR LA ENTIDAD MATRIZ Y POSTERIOR APORTACION A,1463,06/03/2008,19/11/1996,,28,,N,,,,,,,,,12,"BANQUE PSA FINANCE HOLDING, SUCURSAL EN ESPAÑA","P.S.A. LEASING ESPAÑA, S.A., E.F.C.",PSA LEASING
EFC,4782,74704,"CREDIDUERO, S.A., E.F.C.","CREDIDUERO, S.A., ESTABLECIMIENTO FINANCIERO DE CREDITO",,A37045481,CL,DUQUE DE LA VICTORIA,8,,47001,VALLADOLID,,ES,,983391288,,983268760,,12/12/2002,POR DISOLUCION CON CESION GLOBAL DE ACTIV. Y PASIVOS A ACCIONISTA UNIC,2104,12/12/2002,30/12/1996,,47,,N,,,,,,,,,7,CAJA DE AHORROS DE SALAMANCA Y SORIA,"CREDIDUERO, S.A., E.F.C.","CREDIDUERO, EFC"
EFC,4794,74704,"NISSAN LEASING, S.A., E.F.C.","NISSAN LEASING, SOCIEDAD ANONIMA, ESTABLECIMIENTO FINANCIERO DE CREDITO",,A58363425,CL,GENERAL ALMIRANTE,"2,4,6",,8014,BARCELONA,,ES,,932907486,,932908301,,25/01/2001,POR FUSION POR ABSORCION POR,4726,25/01/2001,21/10/1996,,8,,N,,,,,,,,,9,"ACCORDIA ESPAÑA, S.A. ESTABLECIMIENTO FINANCIERO DE CREDITO","NISSAN LEASING, S.A., E.F.C.",NISSAN LEASING
EFC,4797,74704,"SANTANDER LEASE, S.A. E.F.C.","SANTANDER LEASE, S.A. ESTABLECIMIENTO FINANCIERO DE CREDITO",,A78475209,AV,DE CANTABRIA,S/N,CIUDAD GR. SANTANDER,28660,BOADILLA DEL MONTE,MADRID,ES,,912890399,,912571281,WWW.BANSALEASE.COM,,,0000,12/02/2010,30/12/1996,,28,,N,,,,,,,,,12,,"SANTANDER LEASE, S.A. E.F.C.",SANTANDER LEASE
EFC,4799,74704,"MERCEDES-BENZ FINANCIAL SERVICES ESPAÑA E.F.C.,S.A","MERCEDES-BENZ FINANCIAL SERVICES ESPAÑA E.F.C., S.A.",,A78510260,AV,DE BRUSELAS,30,PG.ARROYO DE LA VEGA,28108,ALCOBENDAS,MADRID,ES,,917212800,,917210880,,,,0000,30/12/2008,09/12/1996,,28,,N,,,,,,,,,12,,"MERCEDES-BENZ FINA. SERV. ESP. EFC,",MERCEDES EFC
EFC,4809,74704,"ADEFISA LEASING, E.F.C., S.A.","ADEFISA LEASING, ESTABLECIMIENTO FINANCIERO DE CREDITO, S.A.",,A48233100,CL,ALAMEDA DE URQUIJO,18,BAJO,48008,BILBAO,VIZCAYA,ES,,944420300,,944415922,,10/09/2010,POR RENUNCIA,0000,10/09/2010,31/12/1996,,48,,N,,,,,,,,,16,,"ADEFISA LEASING, E.F.C., S.A.",ADEFISA LEASING
EFC,4819,74704,"BANCANTABRIA INVERSIONES, S.A., E.F.C.","BANCANTABRIA INVERSIONES, S.A., E.F.C.",,A78654886,CL,CASTELAR,21,PL. 1,39004,SANTANDER,CANTABRIA,ES,,942363234,,942214346,WWW.BANCANTABRIA.COM,,,0000,26/10/2011,31/12/1996,,39,,N,,,,,,,,,6,,"BANCANTABRIA INVERSIONES, SA, EFC.",BANCANTABRIA
EFC,4832,74704,"IBERCAJA LEASING Y FINANCIACION, S.A., E.F.C.","IBERCAJA LEASING Y FINANCIACION, S.A., ESTABLECIMIENTO FINANCIERO DE CREDITO",,A50219807,PS,CONSTITUCION,4,,50008,ZARAGOZA,,ES,,976231609,,976232436,,,,0000,06/03/2008,20/12/1996,,50,,N,,,,,,,,,2,,IBERCAJA LEASING Y FINANCIACION,IBERCAJA LEASIN
EFC,4837,74704,"MADRID LEASING CORPORACION, S.A., E.F.C.","MADRID LEASING CORPORACION, S.A., ESTABLECIMIENTO FINANCIERO DE CREDITO",,A79419107,CL,DOCTOR ESQUERDO,138,,28007,MADRID,,ES,,914235159,,914235341,WWW.MADRIDLEASING.ES,,,0000,01/12/2009,09/12/1996,,28,,N,,,,,,,,,12,,"MADRID LEASING CORPORACION, S.A.",MADRID LEASING
EFC,8206,74704,"HIPOTEBANSA E.F.C., S.A.","HIPOTEBANSA ESTABLECIMIENTO FINANCIERO DE CREDITO, S.A.",,A39036132,,CIUDAD GRUPO SANTANDER,,"EDIF. PINAR, PL. 2",28660,BOADILLA DEL MONTE,MADRID,ES,,913424600,,913424803,,25/02/2010,POR FUSION POR ABSORCION CON TRANS. EN BLOQUE DE ACTIVOS Y PASIVOS A,0049,25/02/2010,17/12/1996,,28,,N,,,,,,,,,12,"BANCO SANTANDER, S.A.","HIPOTEBANSA E.F.C., S.A.",HIPOTEBANSA
EFC,8221,74704,"CORPORACION HIPOTECARIA MUTUAL, S.A., E.F.C.","CORPORACION HIPOTECARIA MUTUAL, SOCIEDAD ANONIMA, ESTABLECIMIENTO FINANCIERO DE CREDITO",,A58353418,AV,DIAGONAL,611,,8028,BARCELONA,,ES,,934873315,,934875063,,,,0000,02/04/2009,13/12/1996,,8,,N,,,,,,,,,9,,CORPORACION HIPOTECARIA MUTUAL,CORP.HIP.MUTUAL
EFC,8225,74704,"SOLBANK LEASING E.F.C., S.A.","SOLBANK LEASING E.F.C., S.A.",,A58455924,PZ,CATALUNYA,1,,8201,SABADELL,BARCELONA,ES,,937289909,,937262907,,01/08/2003,POR FUSION POR ABSORCION POR,0081,06/03/2008,30/12/1996,,8,,N,,,,,,,,,9,"BANCO DE SABADELL, S.A.","SOLBANK LEASING E.F.C., S.A.",SOLBANK LEASING
EFC,8235,74704,"BILBAO HIPOTECARIA, S.A., E.F.C.","BILBAO HIPOTECARIA, S.A., ESTABLECIMIENTO FINANCIERO DE CREDITO",,A48409023,PS,PUERTO,20,,48992,NEGURI - GETXO,BIZKAIA,ES,,944898383,,944898382,,,,0000,26/10/2011,30/12/1996,,48,,N,,,,,,,,,16,,"BILBAO HIPOTECARIA, S.A., E.F.C.",BILBAO HIPOTEC.
EFC,8342,74704,"LUZARO E.F.C., S.A.","LUZARO ESTABLECIMIENTO FINANCIERO DE CREDITO, SOCIEDAD ANONIMA",,A48050728,AV,LIBERTAD,10,PL. 7,20004,SAN SEBASTIAN,GIPUZKOA,ES,,943420108,,943427698,,,,0000,02/01/2012,12/11/1996,,20,,N,,,,,,,,,16,,"LUZARO E.F.C., S.A.",LUZARO
EFC,8791,74704,"BNP-CONSUMO, E.F.C. S.A.","BNP-CONSUMO, ESTABLECIMIENTO FINANCIERO DE CREDITO S.A.",,A79279931,CL,GENOVA,27,,28004,MADRID,,ES,,913085700,,913084985,,08/01/2003,POR DISOLUCION,0000,06/03/2008,31/12/1996,,28,,N,,,,,,,,,12,,"BNP-CONSUMO, E.F.C. S.A.",BNP-CONSUMO
EFC,8793,74704,"FINANMADRID, S.A., E.F.C.","FINANMADRID, S.A., ESTABLECIMIENTO FINANCIERO DE CREDITO",,A79412771,CL,DOCTOR ESQUERDO,138,,28007,MADRID,,ES,,917796802,,915812731,WWW.FINANMADRID.ES,,,0000,01/12/2009,09/12/1996,,28,,N,,,,,,,,,12,,"FINANMADRID, S.A., E.F.C.",FINANMADRID
EFC,8795,74704,"SERVICIOS FINANCIEROS CARREFOUR, E.F.C., S.A.","SERVICIOS FINANCIEROS CARREFOUR, ESTABLECIMIENTO FINANCIERO DE CREDITO, S.A.",,A79456232,CL,JUAN ESPLANDIU,11,,28007,MADRID,,ES,,913891500,,914097050,WWW.CARREFOUR.ES,,,0000,23/11/2004,02/10/1996,,28,,N,,,,,,,,,12,,"SERVICIOS FINANCIEROS CARREFOUR,EFC",CARREFOUR
EFC,8796,74704,"COFIDIS HISPANIA EFC, S.A.","COFIDIS HISPANIA EFC, S.A.",,A79528246,PZ,DE LA PAU,S/N,"EDIFICIO WTC, AP1",8940,CORNELLA DE LLOBREGAT,BARCELONA,ES,,902113820,,934183057,WWW.COFIDIS.ES,11/01/2012,POR FUSION POR ABSORCION POR ENT. MATRIZ Y APORTACION PATRIMONIO A,1543,11/01/2012,21/10/1996,,8,,N,,,,,,,,,9,"COFIDIS, S.A. SUCURSAL EN ESPAÑA","COFIDIS HISPANIA EFC, S.A.",COFIDIS
EFC,8798,74704,"EURO CREDITO E.F.C., S.A.","EURO CREDITO ESTABLECIMIENTO FINANCIERO DE CREDITO, S.A.",,A79860508,CL,RETAMA,3,,28045,MADRID,,ES,,913370700,,915289373,WWW.EUROCREDITO.ES,,,0000,05/07/2000,25/10/1996,,28,,N,,,,,,,,,12,,"EURO CREDITO E.F.C., S.A.",EUROCREDITO
EFC,8823,74704,"FINANCIERA ESPAÑOLA DE CREDITO A DISTANCIA, EFC,SA","FINANCIERA ESPAÑOLA DE CREDITO A DISTANCIA, E.F.C., S.A.",,A84101682,AV,FUENTE DE LA MORA,4,,28050,MADRID,,ES,,918377810,,913841945,,,,0000,06/03/2008,06/10/2004,,28,,N,,,,,,,,,12,,FINANCIERA ESPAÑOLA CREDITO DISTANC,FINDIRECT
EFC,8828,74704,"IOS FINANCE E.F.C., S.A.","IOS FINANCE E.F.C., S.A.",,A64512759,CL,MANILA,57,BAJO PTA. B,8034,BARCELONA,,ES,,935114025,,935114028,,,,0000,06/03/2008,10/05/2007,,8,,N,,,,,,,,,9,,"IOS FINANCE E.F.C., S.A.",IOS FINANCE
EFC,8829,74704,"KOMATSU FINANCIAL SPAIN, E.F.C., S.A.","KOMATSU FINANCIAL SPAIN, E.F.C., S.A.",,A85075596,CL,JOSE BARDASANO BAOS,9,PL. 5,28016,MADRID,,ES,,913848155,,913848169,,,,0000,17/01/2008,25/06/2007,,28,,N,,,,,,,,,12,,"KOMATSU FINANCIAL SPAIN, EFC, SA",KOMATSU FIN.EFC
EFC,8903,74704,"POPULAR DE FACTORING, S.A., E.F.C.","POPULAR DE FACTORING, SOCIEDAD ANONIMA, ESTABLECIMIENTO FINANCIERO DE CREDITO",,A08198103,CL,LABASTIDA,11,PL. 2,28034,MADRID,,ES,,914118321,,915903685,WWW.POPULARDEFACTORING.ES,,,0000,11/06/2007,18/11/1996,,28,,N,,,,,,,,,12,,"POPULAR DE FACTORING, S.A., E.F.C.",POPULAR FACT.
EFC,8905,74704,"BARCLAYS FACTORING, S.A., E.F.C.","BARCLAYS FACTORING, S.A., ESTABLECIMIENTO FINANCIERO DE CREDITO",,A78063690,PS,CASTELLANA,89,,28046,MADRID,,ES,,915562804,,915552241,,,,0000,06/03/2008,17/12/1996,,28,BARCLAYS,S,,,,,,,,,12,,"BARCLAYS FACTORING,SA,EFC",BARCLAYS
EFC,8910,74704,"BANESTO FACTORING, S.A., E.F.C.","BANESTO FACTORING, S.A., ESTABLECIMIENTO FINANCIERO DE CREDITO",,A79223004,,GRAN VIA DE HORTALEZA,3,,28043,MADRID,,ES,,913384099,,913384549,,14/07/2009,POR FUSION POR ABSORCION CON DISOLUCION SIN LIQUIDACION POR,0030,14/07/2009,20/12/1996,,28,,N,,,,,,,,,12,"BANCO ESPAÑOL DE CREDITO, S.A.","BANESTO FACTORING, S.A., E.F.C.",BANESTO FACT.
EFC,8918,74704,"TELEFONICA FACTORING, E.F.C., S.A.","TELEFONICA FACTORING, ESTABLECIMIENTO FINANCIERO DE CREDITO, S.A.",,A28016798,PS,DE LA CASTELLANA,51,PL. 3 - PTA. E,28046,MADRID,,ES,,917027180,,913086556,,23/10/2007,POR RENUNCIA,0000,06/03/2008,31/12/1996,,28,,N,,,,,,,,,12,,"TELEFONICA FACTORING, E.F.C., S.A.",TELEFONICA FAC.
SECC,0106,90105,"LLOYDS TSB BANK PLC, S.E.","LLOYDS TSB BANK PLC, SUCURSAL EN ESPAÑA",,W0060995H,CL,SERRANO,90,,28006,MADRID,,GB,,915209900,,914314731,WWW.LLOYDSTSB.ES,01/10/2010,POR ASIGNACION DE NUEVO CODIGO B.E.,1537,17/05/2011,03/11/1998,,28,,N,LOYDESMMXXX,LLOYDS TSB BANK PLC,25 GRESHAM STREET,LONDON EC2V 7HN,,,,,12,"LLOYDS TSB BANK PLC, SUCURSAL EN ESPAÑA","LLOYDS TSB BANK PLC, S.E.",LLOYDS TSB BANK
SECC,0107,90105,"BANCA NAZIONALE DEL LAVORO, S.P.A., S.E.","BANCA NAZIONALE DEL LAVORO, S.P.A., SUCURSAL EN ESPAÑA",,A0051012C,PS,DE LA CASTELLANA,35,PL. 4,28046,MADRID,,IT,,913498900,,913498950,,28/12/2007,POR CIERRE CON APORTACION DE SUS ACTIVOS Y PASIVOS A,0149,06/03/2008,12/08/1941,,28,BNL,S,BNLIESM1XXX,"BANCA NAZIONALE DEL LAVORO,        S.P.A.","VIA VITTORIO VENETO, 119",00187 ROMA,,,,,12,"BNP PARIBAS, SUCURSAL EN ESPAÑA","BANCA NAZIONALE DEL LAVORO,S.P.A.,",BNL
SECC,0131,90105,"BANCO ESPIRITO SANTO, S.A., S.E.","BANCO ESPIRITO SANTO, S.A., SUCURSAL EN ESPAÑA",,W0102800J,CL,SERRANO,88,,28006,MADRID,,PT,,914005000,,914005053,WWW.BES.ES,,,0000,27/02/2012,26/04/2007,,28,,N,BESMESMMXXX,"BANCO ESPIRITO SANTO, S.A.","AVENIDA DA LIBERDADE, 195",1250-142 LISBOA,,,,,12,,"BANCO ESPIRITO SANTO, S.A., S.E.",ESPIRITO SANTO
SECC,0143,90105,"DRESDNER BANK A.G., S.E.","DRESDNER BANK A.G., SUCURSAL EN ESPAÑA",,W0041022E,PS,DE LA CASTELLANA,95,EDIF. EUROPA PL. 16,28046,MADRID,,DE,,917458100,,917458198,,23/10/2009,"POR CIERRE, CON TRASPASO EN BLOQUE DEL PATRIMONIO DE LA SUCURSAL A",0159,07/06/2010,21/03/1979,,28,,N,,"DRESDNER BANK A.G.,",JÜRGEN - PONTO - PLATZ 1,60329 FRANKFURT AM MAIN,,,,,12,"COMMERZBANK AKTIENGESELLSCHAFT, SUCURSAL EN ESPAÑA","DRESDNER BANK A.G., S.E.",DRESDNER BANK
SECC,0152,90105,"BARCLAYS BANK PLC, S.E.","BARCLAYS BANK PLC, SUCURSAL EN ESPAÑA",,W0061418J,PZ,DE COLON,1,,28046,MADRID,,GB,,913361000,,913361485,,,,0000,11/12/2009,28/06/1979,,28,,N,BPLCESMMXXX,BARCLAYS BANK PLC,1 CHURCHILL PLACE,LONDON E14 5HP,,442076995000,,,12,,"BARCLAYS BANK PLC, S.E.","BARCLAYS, S.E."
SECC,0156,90105,THE ROYAL BANK OF SCOTLAND N.V. S.E.,THE ROYAL BANK OF SCOTLAND N.V. SUCURSAL EN ESPAÑA,,W0031021I,CL,JOSE ORTEGA Y GASSET,29,PL. 5,28006,MADRID,,NL,,914236900,,914236903,,,,0000,02/06/2011,10/01/1980,,28,,N,ABNAESMMXXX,THE ROYAL BANK OF SCOTLAND N.V.,"GUSTAV MAHLERLAAN, 10",1082 PP AMSTERDAM,,020-6289393,,,12,,THE ROYAL BANK OF SCOTLAND N.V. S.E,ROYAL BANK
SECC,0159,90105,"COMMERZBANK AKTIENGESELLSCHAFT, S.E.","COMMERZBANK AKTIENGESELLSCHAFT, SUCURSAL EN ESPAÑA",,W0041282E,PS,DE LA CASTELLANA,110,,28046,MADRID,,DE,,915724700,,915724850,,,,0000,24/01/2011,04/03/1980,,28,,N,COBAESMXXXX,COMMERZBANK AKTIENGESELLSCHAFT,KAISERPLATZ,D-60261 FRANKFURT AM MAIN,,,,,12,,"COMMERZBANK A.G., S.E.",COMMERZBANK
SECC,0162,90105,"HSBC BANK PLC, S.E.","HSBC BANK PLC, SUCURSAL EN ESPAÑA",,W0061401F,PZ,PABLO RUIZ PICASSO,S/N,"PL.33, TORRE PICASSO",28020,MADRID,,GB,,914566100,,914566200,,,,0000,07/04/2009,03/03/1981,,28,,N,MIDLESMMXXX,HSBC BANK PLC,8 CANADA SQUARE,LONDON E14 5HQ,,,,,12,,"HSBC BANK PLC, S.E.",HSBC BANK
SECC,0163,90105,"UNICREDIT SOCIETA PER AZIONI, S.E.","UNICREDIT SOCIETA PER AZIONI, SUCURSAL EN ESPAÑA",,W0053750F,CL,MONTALBAN,7,,28014,MADRID,,IT,,915981400,,915550503,,23/11/2011,POR CIERRE,0000,28/11/2011,25/07/2002,,28,,N,UNCRESMMXXX,"UNICREDIT BANCA DI ROMA, S.P.A.","VIA ALESSANDRO SPECCHI, 16",00186 ROMA,,,,,12,,"UNICREDIT SOCIETA PER AZIONI, S.E.",UNICREDIT SPA
SECC,0167,90105,"FORTIS BANK, S.A., S.E.","FORTIS BANK, S.A., SUCURSAL EN ESPAÑA",,W0021127F,CL,SERRANO,73,,28006,MADRID,,BE,,914365600,,914365603,WWW.FORTISBANK.COM,,,0000,15/06/2011,19/08/1982,,28,,N,GEBAESMMXXX,"FORTIS BANK, S.A.-N.V.","MONTAGNE DU PARC, 3",B-1000 BRUSSELS,,,,,12,,"FORTIS BANK, S.A., S.E.",FORTIS BANK
SECC,0168,90105,"ING BELGIUM, S.A., S.E.","ING BELGIUM, S.A., SUCURSAL EN ESPAÑA",,W0021126H,CL,GENOVA,27,,28004,MADRID,,BE,,917898900,,917895200,,,,0000,16/04/2012,13/10/1982,,28,,N,BBRUESMXXXX,"ING BELGIUM, S.A.,",24 AVENUE MARNIX,B 1000 BRUXELLES,,,,,12,,"ING BELGIUM, S.A., S.E.",ING BELGIUM SE
SECC,0172,90105,"CREDIT COMMERCIAL DE FRANCE, S.E.","CREDIT COMMERCIAL DE FRANCE, SUCURSAL EN ESPAÑA",,A0011325H,PS,DE LA CASTELLANA,110,,28046,MADRID,,FR,,915666300,,915666369,,18/10/2001,POR CIERRE,0000,06/03/2008,24/05/1983,,28,,N,CCFRESMMXXX,,,,,,,,12,,"CREDIT COMMERCIAL DE FRANCE, S.E.",CREDI COM FR SE
SECC,0180,90105,"BANCO PORTUGUES DO ATLANTICO, SUCURSAL EN ESPAÑA","BANCO PORTUGUES DO ATLANTICO, SUCURSAL EN ESPAÑA",,G0401030B,PS,CASTELLANA,50,,28046,MADRID,,PT,,915616617,,915633614,,25/09/1998,POR CIERRE,0000,18/10/2000,15/03/1988,,28,,N,ILBKESMMXXX,,,,,,,,12,,BANCO PORTUGUES DO ATLANTICO,PORT. ATLANTICO
SECC,0181,90105,"CREDITO ITALIANO, SUCURSAL EN ESPAÑA","CREDITO ITALIANO, SUCURSAL EN ESPAÑA",,A0051047I,PS,DE LA CASTELLANA,95,"PL. 29, TORRE EUROPA",28046,MADRID,,IT,,915561591,,915562842,,17/01/1997,POR CIERRE,0000,18/10/2000,20/06/1988,,28,,N,,,,,,,,,12,,CREDITO ITALIANO SUCURSAL EN ESPAÑA,CTO. ITALIANO
SECC,0190,90105,"BANCO BPI, S.A., S.E.","BANCO BPI, S.A., SUCURSAL EN ESPAÑA",,W0401036I,PS,DE LA CASTELLANA,40,BIS,28046,MADRID,,PT,,913289800,,915766387,,,,0000,16/06/2011,12/07/1989,,28,,N,BBPIESMMXXX,"BANCO BPI, S.A.","RUA TENENTE VALADIM, 284",4100-476 PORTO,,,,,12,,"BANCO BPI, S.A., S.E.","BANCO BPI, S.E."
SECC,0194,90105,"ISTITUTO BANCARIO SAN PAOLO DI TORINO, SPA., S.E.","ISTITUTO BANCARIO SAN PAOLO DI TORINO, S.P.A., SUCURSAL EN ESPAÑA",,A0051192C,CL,ALFONSO XII,30,PL. 3,28014,MADRID,,IT,,914200398,,914202117,,01/07/1996,POR CIERRE,0000,18/10/2000,20/12/1989,,28,,N,,,,,,,,,12,,"ISTITUTO BANC.S.PAOLO TORINO,SPA,SE",SANPAOLO
SECC,0196,90105,"WESTLB AG, S.E.","WESTLB AG, SUCURSAL EN ESPAÑA",,W0041901J,CL,SERRANO,37,PL. 5,28001,MADRID,,DE,,914328000,,914328070,WWW.WESTLB.COM,,,0000,19/06/2009,19/07/1996,,28,,N,WELAESMMXXX,WESTLB AG,"HERZOGSTRABE 15,",40217 DüSSELDORF,,,,,12,,"WESTLB AG, S.E.",WESTLB
SECC,0197,90105,BANCO ESPIRITO SANTO S.A. S.E.,BANCO ESPIRITO SANTO S.A. SUCURSAL EN ESPAÑA,,A0401042G,CL,VELAZQUEZ,108-110,PL. 3,28006,MADRID,,PT,,915667150,,915667160,,16/10/2000,POR CIERRE,0000,30/10/2001,23/04/1990,,28,,N,BESCESMMXXX,,,,,,,,12,,BANCO ESPIRITO SANTO S.A. S.E.,ESPIRITO SANTO
SECC,0201,90105,"BANCO DI NAPOLI, S.P.A., S.E.","BANCO DI NAPOLI, S.P.A., SUCURSAL EN ESPAÑA",,A0051199H,PZ,PABLO RUIZ PICASSO,S/N,PL. 17 TORRE PICASSO,28020,MADRID,,IT,,915556661,,915569794,,27/08/1998,POR CIERRE,0000,06/03/2008,03/10/1990,,28,,N,NAPBESMMXXX,,,,,,,,12,,"BANCO DI NAPOLI, S.P.A., S.E.",BANCO DI NAPOLI
SECC,0212,90105,"COMPAGNIE BANCAIRE, SUCURSAL EN ESPAÑA","COMPAGNIE BANCAIRE, SUCURSAL EN ESPAÑA",,A0011648C,CL,RETAMA,3,,28045,MADRID,,FR,,915270135,,915300699,,02/10/1998,POR CESION GLOBAL DE ACTIVOS Y PASIVOS A,0144,06/03/2008,05/12/1991,,28,,N,COBFFRPPXXX,,,,,,,,12,"BANQUE PARIBAS, S.A. - SUCURSAL EN ESPAÑA","COMPAGNIE BANCAIRE, SUCURSAL ESPAÑA",COMP. BANCAIRE
SECC,0213,90105,"CASSA RISPARMIO PROVINCIE LOMBARDE(CARIPLO)SPA,S.E","CASSA DI RISPARMIO DELLE PROVINCIE LOMBARDE (CARIPLO), S.P.A., SUCURSAL EN ESPAÑA",,A0051229C,CL,ALCALA,44,PL. 2,28014,MADRID,,IT,,915229901,,915233981,,28/07/2000,POR LIQUIDACION,0000,02/08/2000,26/02/1992,,28,,N,CARIESMMXXX,,,,,,,,12,,CASSA RISPARMIO PROVINCIE LOMBARDE,CARIPLO
SECC,0218,90105,FCE BANK PLC S.E.,FCE BANK PLC SUCURSAL EN ESPAÑA,,W0063712D,CL,CALENDULA,13,,28109,ALCOBENDAS,MADRID,GB,,917145317,,917145372,,,,0000,01/01/2009,13/10/1993,,28,,N,FCEFESM1XXX,FCE BANK PLC,"JUBILEE HOUSE, THE DRIVE, BRENTWOOD",ESSEX CM13 3AR,,,,,12,,FCE BANK PLC S.E.,FCE BANK
SECC,1451,90105,"CAISSE REGIONALE CREDIT AGRICOLE MUTUEL SUD MED,SE","CAISSE REGIONALE DE CREDIT AGRICOLE MUTUEL SUD MEDITERRANEE (ARIEGE ET PYRENEES ORIENTALES), S.E.",,W0011887G,CL,CORCEGA,301,,8008,BARCELONA,,FR,,932179900,,932375309,,,,0000,14/10/2009,30/12/1993,,8,,N,CRCGESB1XXX,CAISSE REGIONALE DE CREDIT AGRICOLEMUTUEL SUD MEDITERRANEE (ARIEGE ET PYRENEES ORIENTALES),30 RUE BRETONNEAU,66000 PERPIGNAN,,,,,9,,CAISSE REG.CREDIT AGRICOLE MUTUEL,CREDIT SUDMED
SECC,1453,90105,"BANCA MONTE DEI PASCHI DI SIENA, S.P.A., S.E.","BANCA MONTE DEI PASCHI DI SIENA, S.P.A., SUCURSAL EN ESPAÑA",,G0051269I,CL,PINAR,7,PL. 3,28006,MADRID,,IT,,915616086,,915619398,,28/10/2005,POR CIERRE,0000,17/11/2005,04/08/1994,,28,,N,PASCESMMXXX,"BANCA MONTE DEI PASCHI DI SIENA,   S.P.A.","PIAZZA SALIMBENI, 3",SIENA,,,,,12,,"BANCA MONTE DEI PASCHI DI SIENA, S.",MONTE DEIPASCHI
SECC,1454,90105,"NEWEDGE GROUP, S.E.","NEWEDGE GROUP, SUCURSAL EN ESPAÑA",,W0012058D,,"VIA DE LOS POBLADOS, 3, EDF. 2",PL. 1,PQ. EMP. CRISTALIA,28033,MADRID,,FR,,917486100,,917486115,WWW.NEWEDGEGROUP.COM,08/02/2010,POR CIERRE,0000,08/02/2010,03/04/1995,,28,,N,NEWGESM1XXX,NEWEDGE GROUP,"52-60, AVENUE DES CHAMPS ELYSEES",75008 PARIS,,33155072000,33155072001,,12,,"NEWEDGE GROUP, S.E.",NEWEDGE
SECC,1455,90105,"TRANSOPTIONS FINANCE, S.A., S.E.","TRANSOPTIONS FINANCE, S.A., SUCURSAL EN ESPAÑA",,A0012103H,PZ,DE COLON,2,,28046,MADRID,,FR,,913193130,,913193277,,30/06/1997,A PETICION PROPIA,0000,06/03/2008,24/07/1995,,28,,N,,,,,,,,,12,,"TRANSOPTIONS FINANCE, S.A., S.E.",TRANSOPTIONS
SECC,1456,90105,"C.R. DE CREDIT AGR. MUTUEL PYRENEES-GASCOGNE, S.E.","CAISSE REGIONALE DE CREDIT AGRICOLE MUTUEL PYRENEES-GASCOGNE, SUCURSAL EN ESPAÑA",,N0012110C,CL,RODRIGUEZ ARIAS,9,,48008,BILBAO,VIZCAYA,FR,,944354900,,944354913,,02/02/2009,POR CIERRE,0000,09/02/2009,10/08/1995,,48,,N,,CAISSE REGIONALE DE CREDIT AGRICOLEMUTUEL PYRENEES-GASCOGNE,"11, BOULEVARD DU PRESIDENT KENNEDY                               BP329-65003 TARBES CEDEX",776 983 546 RCS TARBES,,,,,16,,"C.R. DE C.A.M. PYRENEES-GASCOGNE,SE",PYRENEES-GASCOG
SECC,1457,90105,"DE LAGE LANDEN INTERNATIONAL B.V., S.E.","DE LAGE LANDEN INTERNATIONAL B.V., SUCURSAL EN ESPAÑA",,W0031602F,CL,JOSE BARDASANO BAOS,9,"PL. 5, EDIF.GORBEA 3",28016,MADRID,,NL,,913846600,,913848169,,,,0000,28/10/2011,08/05/1996,,28,,N,LLISESM1XXX,DE LAGE LANDEN INTERNATIONAL B.V.,"VESTDIJK 51,",5611 CA EINDHOVEN,,,,,12,,"DE LAGE LANDEN INTERNATIONAL BV,SE",LAGE LANDEN INT
SECC,1458,90105,HSBC INVESTMENT BANK PLC. S.E.,HSBC INVESTMENT BANK PLC. SUCURSAL EN ESPAÑA,,A0064825C,PZ,PABLO RUIZ PICASSO,S/N,"TORRE PICASSO, PL.10",28020,MADRID,,GB,,915550395,,915567555,,27/03/2003,POR CIERRE CON CESION GLOBAL DE ACTIVOS Y PASIVOS A,0162,27/03/2003,26/11/1996,,28,,N,,,,,,,,,12,"HSBC BANK PLC, SUCURSAL EN ESPAÑA",HSBC INVESTMENT BANK PLC. S.E.,HSBC
SECC,1459,90105,COOP.CENTR. RAIFFEISEN-BOERENL.(RABOBANK NED.)S.E.,"COOPERATIEVE CENTRALE RAIFFEISEN- BOERENLEENBANK B.A. (RABOBANK NEDERLAND), SUCURSAL EN ESPAÑA",,W0031750C,CL,RAFAEL CALVO,39,PL. 1,28010,MADRID,,NL,,914364010,,914364020,,,,0000,01/03/2012,10/12/1997,,28,,N,PRABESMMXXX,RABOBANK NEDERLAND,CROESELAAN 18,3521 CB UTRECHT,,31302162758,31302161916,,12,,COOP.C.RAIFFEISEN-B.(RABOBANK NED.),RABOBANK NEDERL
SECC,1461,90105,A/S JYSKE BANK S.E.,A/S JYSKE BANK SUCURSAL EN ESPAÑA,,A0081203B,AV,ALCALDE CLEMENTE DIAZ RUIZ,6,LOCAL 10,29640,FUENGIROLA,MALAGA,DK,,952460112,,952460162,,20/09/2007,POR CIERRE,0000,14/09/2010,13/04/1998,,29,,N,,A/S JYSKE BANK,VESTERGADE 8-16,8600 SILKEBORG,,,,,1,,A/S JYSKE BANK S.E.,A/S JYSKE BANK
SECC,1463,90105,"BANQUE PSA FINANCE, S.E.","BANQUE PSA FINANCE, SUCURSAL EN ESPAÑA",,W0012543E,CL,JULIAN CAMARILLO,6,PL. 1,28037,MADRID,,FR,,902114701,,913472009,,,,0000,01/01/2009,15/06/1998,,28,,N,PSABESM1XXX,BANQUE PSA FINANCE HOLDING,"75, AVENUE DE LA GRANDE ARMEE",75116 PARIS,,,,,12,,"BANQUE PSA FINANCE, S.E.",PSA FINANCE
SECC,1464,90105,"NEWCOURT FINANCE (FRANCE) S.N.C., S.E.","NEWCOURT FINANCE (FRANCE) S.N.C., SUCURSAL EN ESPAÑA",,B82145970,CL,CARDENAL MARCELO SPINOLA,4,"PL. 3, EDIF. D-2",28016,MADRID,,FR,,913834646,,913834658,,07/11/2005,POR CIERRE,0000,06/03/2008,18/11/1998,,28,,N,NFFSESM1XXX,THE CAPITA CORPORATION FINANCE FRANCE,"LE PATIO DE REUIL                                                104, AVENUE ALBERT 1 ER",92500 REUIL MALMAISON,,,,,12,,"NEWCOURT FINANCE (FRANCE) SNC, SE",NEWCOURT
SECC,1465,90105,"ING DIRECT, N.V. S.E.","ING DIRECT, N.V. SUCURSAL EN ESPAÑA",,W0032177H,CL,SEVERO OCHOA,2,P.E.MADRID-LAS ROZAS,28230,LAS ROZAS,MADRID,NL,,916349200,,916349231,WWW.INGDIRECT.ES,,,0000,20/04/2012,01/09/2003,,28,,N,INGDESMMXXX,ING DIRECT N.V.,"STRAWINSKYLAAN 2631,",1077ZZ AMSTERDAM,,,,,12,,"ING DIRECT, N.V. S.E.",ING DIRECT
SECC,1466,90105,"FRANFINANCE, S.E.","FRANFINANCE, SUCURSAL EN ESPAÑA",,W0012627F,CL,CALERUEGA,81,PL. 4,28033,MADRID,,FR,,913834340,,917670919,,19/12/2011,POR CESION GLOBAL DE ACTIVOS Y PASIVOS A,8833,19/12/2011,15/02/1999,,28,,N,FRANESM1XXX,"FRANFINANCE, S.A.",59 AV. DE CHATOU,92853 RUEIL-MALMAISON CEDEX,,,,,12,"SG EQUIPMENT FINANCE IBERIA, E.F.C., S.A.","FRANFINANCE, S.E.",FRANFINANCE
SECC,1467,90105,"EUROHYPO A.G., S.E.","EUROHYPO A.G., SUCURSAL EN ESPAÑA",,W0042233G,PS,DE LA CASTELLANA,110,PL. 7,28046,MADRID,,DE,,917877450,,917877490,WWW.EUROHYPO.COM,,,0000,14/09/2010,07/06/1999,,28,,N,EHYPESM1XXX,EUROHYPO AG,POSTFACH 160655,60065 FRANKFURT AM MAIN,,,,,12,,"EUROHYPO A.G., S.E.",EUROHYPO
SECC,1468,90105,"EUROHYPO A.G. EUROPAISCHE HYPOTHEKENBANK D.B.,S.E.","EUROHYPO A.G. EUROPAISCHE HYPOTHEKENBANK DER DEUTSCHEN BANK, SUCURSAL EN ESPAÑA",,N0042343D,PS,DE LA CASTELLANA,42,PL. 9,28046,MADRID,,DE,,913355188,,913355718,,13/11/2002,POR CIERRE CON CESION GLOBAL DE ACTIVOS Y PASIVOS A,1467,06/03/2008,20/09/1999,,28,,N,EEHDESM1XXX,,,,,,,,12,"EUROHYPO A.G., SUCURSAL EN ESPAÑA",EUROHYPO A.G. EUROPAISCHE HYPOTHEK.,EUROHYPO
SECC,1469,90105,"BANCO SYGMA HISPANIA, S.E.","BANCO SYGMA HISPANIA, SUCURSAL EN ESPAÑA",,W0012769F,CL,ALBASANZ,16,,28037,MADRID,,FR,,913753500,,913753520,WWW.MEDIATIS.ES,,,0000,02/04/2012,17/11/1999,,28,,N,SHSAESM1XXX,"SYGMA BANQUE, S.A.",18 RUE DE LONDRES,75009 PARIS,,,,,12,,"BANCO SYGMA HISPANIA, S.E.",BANCO SYGMA
SECC,1470,90105,"BANCO PORTUGUES DE INVESTIMENTO, S.A. S.E.","BANCO PORTUGUES DE INVESTIMENTO, S.A. SUCURSAL EN ESPAÑA",,W0101346E,PS,DE LA CASTELLANA,40,BIS - PL. 3,28046,MADRID,,PT,,917814603,,917814607,,,,0000,01/01/2009,22/11/1999,,28,BPI,S,BPIPESM1XXX,"BANCO PORTUGUES DE INVESTIMENTO,   S.A.","RUA TENENTE VALADIM, 284",4100-000 PORTO,,,,,12,,"BANCO PORTUGUES INVESTIMENTO,S.A.SE",BPI
SECC,1471,90105,"ROYAL BANK OF CANADA EUROPE LIMITED, S.E.","ROYAL BANK OF CANADA EUROPE LIMITED, SUCURSAL EN ESPAÑA",,N0065780I,CL,MARQUES DE LA ENSENADA,4,PL. 2,28004,MADRID,,GB,,913100013,,913101358,,02/10/2003,POR CIERRE,0000,14/09/2010,14/01/2000,,28,,N,ROYCESM1XXX,ROYAL BANK OF CANADA EUROPE        LIMITED,71 QUEEN VICTORIA STREET,LONDON EC4V 4DE,,,,,12,,ROYAL BANK OF CANADA EUROPE LIMITED,R.B. CANADA
SECC,1472,90105,"CREDIT AGRICOLE LEASING & FACTORING, S.E.","CREDIT AGRICOLE LEASING & FACTORING, SUCURSAL EN ESPAÑA",,W0012760E,PS,DE LA CASTELLANA,1,BAJO,28046,MADRID,,FR,,917820210,,917820211,,,,0000,05/07/2010,03/02/2000,,28,CA-LEASING,S,UCSSESM1XXX,CREDIT AGRICOLE LEASING & FACTORING,1-3 RUE DU PASSEUR DE BOULOGNE,92861 ISSY LES MOULINEAUX CEDEX 9,,,,,12,,CREDIT AGRICOLE LEASING & FACTORING,CA-LEASING
SECC,1473,90105,"BANQUE PRIVEE EDMOND DE ROTHSCHILD EUROPE, S.E","BANQUE PRIVEE EDMOND DE ROTHSCHILD EUROPE, SUCURSAL EN ESPAÑA",,W1081034I,PS,DE LA CASTELLANA,55,,28046,MADRID,,LU,,913646600,,913646663,,,,0000,12/04/2012,02/10/2000,,28,,N,PRIBESMXXXX,BANQUE PRIVEE EDMOND DE ROTHSCHILD LUXEMBOURG,"20, BOULEVARD EMMANUEL SERVAIS",L-2535 LUXEMBOURG,,,,,12,,BANQUE PRIVEE EDMOND ROTHSCHILD EUR,EDMOND ROTHSCHI
SECC,1474,90105,"CITIBANK INTERNATIONAL PLC, S.E.","CITIBANK INTERNATIONAL PLC, SUCURSAL EN ESPAÑA",,W0066134H,CL,JOSE ORTEGA Y GASSET,29,EDIFICIO BEATRIZ,28006,MADRID,,GB,N,915384100,,915784412,,,,0000,22/09/2011,20/12/2000,,28,,N,CITIESMXXXX,CITIBANK INTERNATIONAL PLC,"336, STRAND",LONDON WC2R 1HB,,,,,12,,"CITIBANK INTERNATIONAL PLC, S.E.",CITIBANK INTER.
SECC,1480,90105,"VOLKSWAGEN BANK GMBH, S.E.","VOLKSWAGEN BANK GMBH, SUCURSAL EN ESPAÑA",,W0042741I,AV,DE BRUSELAS,34,,28108,ALCOBENDAS,MADRID,DE,,914535100,,914535273,WWW.VWBSTOCK.COM,,,0000,14/09/2010,03/12/2001,,28,,N,VOWAES21XXX,VOLKSWAGEN BANK GMBH,"GIFHORNER STRASSE, 57",D-38112 BRAUNSCHWEIG,,,,,12,,"VOLKSWAGEN BANK GMBH, S.E.",VOLKSWAGEN BANK
SECC,1481,90105,"BANCO MAIS, S.A. (ESPANHA), S.E.","BANCO MAIS, S.A. (ESPANHA), SUCURSAL EN ESPAÑA",,W0101570J,AV,DEL PARTENON,16-18,CAMPO NACIONES,28042,MADRID,,PT,,913848400,,913848401,,,,0000,14/09/2010,05/12/2001,,28,,N,,"BANCO MAIS, S.A.","RUA SOCIRO PEREIRA GOMES, 7, SALA 2",1649-002 LISBOA,,,,,12,,"BANCO MAIS, S.A. (ESPANHA), SE",BANCO MAIS
SECC,1482,90105,"JOHN DEERE BANK, S.A., S.E.","JOHN DEERE BANK, S.A., SUCURSAL EN ESPAÑA",,N1181021E,,BULEVAR JOHN DEERE,2,,28984,PARLA,MADRID,LU,,916009558,,916009516,,,,0000,22/02/2010,08/04/2002,,28,,N,,"JOHN DEERE BANK, S.A.",43 AVENUE JOHN F. KENNEDY                                        BP 1685,L-1016 LUXEMBOURG,,,,,12,,"JOHN DEERE BANK, S.A., S.E.",JOHN DEERE
SECC,1489,90105,"HYPO REAL ESTATE BANK INTERNATIONAL, S.E.","HYPO REAL ESTATE BANK INTERNATIONAL, SUCURSAL EN ESPAÑA",,N0071547D,PS,DE LA CASTELLANA,35,,28046,MADRID,,IE,,915950432,,915329748,,12/01/2006,POR CIERRE CON TRANSMISION GLOBAL DE ACTIVOS Y PASIVOS A,1501,06/03/2008,12/11/2003,,28,,N,,HYPO REAL ESTATE BANK INTERNATIONAL,"INTERNATIONAL HOUSE, 3                                           HARBOURMASTER PLACE, IFSC",DUBLIN,,,,,12,"WÜRTTEMBERGISCHE HYPOTHEKENBANK AG, SUCURSAL EN ESPAÑA",HYPO REAL ESTATE BANK INTERN. S.E.,HYPO REAL
SECC,1491,90105,"TRIODOS BANK, N.V., S.E.","TRIODOS BANK, N.V., S.E.",,W0032597G,CL,JOSE ECHEGARAY,5,PQ. EMP.LAS ROZAS,28230,LAS ROZAS,MADRID,NL,,916404684,,916405444,WWW.TRIODOS.ES,,,0000,04/10/2010,26/04/2004,,28,,N,TRIOESMMXXX,"TRIODOS BANK, N.V.",3704 HE ZEIST,UTRECHTSEWEG 60,,,,,12,,"TRIODOS BANK, N.V., S.E.",TRIODOS BANK
SECC,1492,90105,"BNP PARIBAS LEASE GROUP, S.A. S.E.",BNP PARIBAS LEASE GROUP S.A. SUCURSAL EN ESPAÑA,,W0013547E,CL,RETAMA,3,,28045,MADRID,,FR,,914682048,,915273975,,,,0000,01/01/2009,20/05/2004,,28,BNP PARIBAS,S,,"BNP PARIBAS LEASE GROUP, S.A.",46-52 RUE ARAGO,92800 PUTEAUX,,,,,12,,"BNP PARIBAS LEASE GROUP, S.A. S.E.",BNP PARIBAS
SECC,1493,90105,"CAIXA BANCO DE INVESTIMENTO, S.A., S.E.","CAIXA BANCO DE INVESTIMENTO, S.A. SUCURSAL EN ESPAÑA",,W0101947J,PS,DE LA CASTELLANA,21,PL. 1 IZDA.,28046,MADRID,,PT,,917450540,,915639559,,,,0000,14/09/2010,29/10/2004,,28,,N,,"CAIXA BANCO DE INVESTIMENTO, S.A.","RUA BARATA SALGUEIRO, 33",LISBOA,,,,,12,,"CAIXA BANCO DE INVESTIMENTO,SA, SE",CAIXABI
SECC,1496,90105,"GENEFIM, S.E.","GENEFIM, SUCURSAL EN ESPAÑA",,N0011685E,PZ,PABLO RUIZ PICASSO,1,TORRE PICASSO,28020,MADRID,,FR,,915893967,,915893976,,,,0000,01/01/2009,23/06/2005,,28,,N,,GENEFIM,29 BOULEVARD HAUSSMANN,PARIS (75009),,,,,12,,"GENEFIM, S.E.",GENEFIM
SECC,1494,90105,"INTESA SANPAOLO S.P.A., S.E.","INTESA SANPAOLO S.P.A., SUCURSAL EN ESPAÑA",,W0051962I,PS,DE LA CASTELLANA,31,"EDIF. PIRAMIDE, 7ç A",28046,MADRID,,IT,,913106330,,913197722,,,,0000,14/02/2012,19/11/2004,,28,,N,BCITESMMXXX,INTESA SANPAOLO S.P.A.,"PIAZZA SAN CARLO, 156",TURIN,,,,,12,,"INTESA SANPAOLO S.P.A., S.E.",INTESA SANPAOLO
SECC,1495,90105,"CIT GROUP (NORDIC) AB, S.E.","CIT GROUP (NORDIC) AB, SUCURSAL EN ESPAÑA",,W0301848H,AV,EUROPA,19,"EDIF. III, PL. 2 A",28224,POZUELO DE ALARCON,MADRID,SE,,913834647,,913834658,,29/08/2011,POR CIERRE,0000,29/08/2011,07/02/2005,,28,,N,,CIT GROUP (NORDIC) AB,"REGUS BUSINESS CENTRE, FRÖUNDAVIKS ALLE, 15",169 79 SOLNA,,,,,12,,"CIT GROUP (NORDIC) AB, S.E.",CIT GROUP
SECC,1497,90105,"BANCO ESPIRITO SANTO DE INVESTIMENTO, S.A., S.E.","BANCO ESPIRITO SANTO DE INVESTIMENTO, S.A., SUCURSAL EN ESPAÑA",,W0102170H,CL,SERRANO,88,PL. 4,28006,MADRID,,PT,,0,,0,,,,0000,14/09/2010,01/08/2005,,28,,N,ESSIESMMXXX,"BANCO ESPIRITO SANTO DE            INVESTIMENTO, S.A.","RUA ALEXANDRE HERCULANO, 38",1269-161 LISBOA,,,,,12,,BANCO ESPIRITO SANTO INVESTIMENTO,BESI
SECC,1498,90105,"UNICREDIT BANK AG, S.E.","UNICREDIT BANK AG, SUCURSAL EN ESPAÑA",,W0032965F,CL,MONTALBAN,7,,28014,MADRID,,DE,,913083051,,913198671,,08/02/2011,POR CIERRE,0000,08/02/2011,03/08/2005,,28,,N,,"UNICREDIT BANK AG,",KARDINAL-FAULHABER STRASSE 1,80333 MUNICH,,,,,12,,"UNICREDIT BANK AG, S.E.",UNICREDIT BANK
SECC,1499,90105,"CLAAS FINANCIAL SERVICES, S.A.S., S.E.","CLAAS FINANCIAL SERVICES, S.A.S., SUCURSAL EN ESPAÑA",,W0014060H,CL,RETAMA,3,,28045,MADRID,,FR,,914682048,,915300019,,,,0000,01/01/2009,11/10/2005,,28,,N,,"CLAAS FINANCAL SERVICES, S.A.S.","46/52 RUE ARAGO, LE MéTROPOLE - LA DEFENSE",92800 PUTEAUX (HAUTS-DE-SIENE),,,,,12,,"CLAAS FINANCIAL SERVICES, S.A.S.,SE",CLAAS FINANCIAL
SECC,1500,90105,"NATIXIS LEASE S.A., S.E.","NATIXIS LEASE, S.A., SUCURSAL EN ESPAÑA",,W0013984J,PS,DE RECOLETOS,7-9,PL. 6,28004,MADRID,,FR,,918374717,,918374733,,,,0000,01/01/2009,20/10/2005,,28,,N,,"NATIXIS LEASE, SOCIETE ANONYME",115 RUE MONTMARTRE,75002 PARIS,,,,,12,,"NATIXIS LEASE S.A., S.E.",NATIXIS LEASE
SECC,1501,90105,"DEUTSCHE PFANDBRIEFBANK AG, S.E.","DEUTSCHE PFANDBRIEFBANK AG, SUCURSAL EN ESPAÑA",,W0046318B,CL,MONTESQUINZA,30,PL. 4,28010,MADRID,,DE,,913493200,,913493320,,,,0000,16/12/2010,17/02/2009,,28,,N,,DEUTSCHE PFANDBRIEFBANK AG,VON-DER-TANN-STRABE 2,D-80539 MÜNCHEN,,,,,12,,"DEUTSCHE PFANDBRIEFBANK AG, S.E.",DEUTSCHE PFANDB
SECC,1502,90105,"IKB DEUTSCHE INDUSTRIEBANK AG, S.E.","IKB DEUTSCHE INDUSTRIEBANK AG, SUCURSAL EN ESPAÑA",,W0044204F,PS,DE LA CASTELLANA,9-11,,28046,MADRID,,DE,,917001063,,917001463,,,,0000,06/07/2011,17/05/2006,,28,,N,IKBDESM1XXX,IKB DEUTSCHE INDUSTRIEBANK AG,"WILHELM-BOTZKES-STRASSE, 1",40474 DUSSELDORF,,,,,12,,"IKB DEUTSCHE INDUSTRIEBANK AG, S.E.",IKB DEUTSCHE
SECC,1503,90105,"IXIS CORPORATE & INVESTMENT BANK, S.A., S.E.","IXIS CORPORATE & INVESTMENT BANK, S.A., SUCURSAL EN ESPAÑA",,N0014367G,PS,DE RECOLETOS,7-9,,28004,MADRID,,FR,,918374700,,918374780,,24/04/2008,POR CIERRE CON APORTACION DE SUS ACTIVOS Y PASIVOS A,1479,24/04/2008,23/06/2006,,28,,N,,IXIS CORPORATE & INVESTMENT BANK,47 QUAI D'AUSTERLITZ,PARIS,,,,,12,"NATIXIS, S.A., SUCURSAL EN ESPAÑA",IXIS CORPORATE & INVESTMENT BANK,IXIS
SECC,1504,90105,"HONDA BANK GMBH, S.E.","HONDA BANK GMBH, SUCURSAL EN ESPAÑA",,W0044283J,CL,LA SELVA,4,URB. MAS BLAU,8820,EL PRAT DE LLOBREGAT,BARCELONA,DE,,933780082,,933780011,,,,0000,14/09/2010,27/07/2006,,8,,N,,HONDA BANK GMBH,HANAUER LANDSTR. 222-224,60314 FRANKFURT AM MAIN,,,,,9,,"HONDA BANK GMBH, S.E.",HONDA BANK
SECC,1505,90105,"EUROPE ARAB BANK PLC, S.E.","EUROPE ARAB BANK PLC, SUCURSAL EN ESPAÑA",,W0068902F,PS,DE LA CASTELLANA,31,PL. BAJA,28046,MADRID,,GB,,913084290,,913086484,,,,0000,01/01/2009,08/09/2006,,28,,N,ARABESMMXXX,EUROPE ARAB BANK PLC,15 MOORGATE,LONDON EC 24 6LP,,,,,12,,"EUROPE ARAB BANK PLC, S.E.",EUROPE ARAB BAN
SECC,1506,90105,"MERRILL LYNCH INTERNATIONAL BANK LTD., S.E.","MERRILL LYNCH INTERNATIONAL BANK LIMITED, SUCURSAL EN ESPAÑA",,W0071747J,PZ,PABLO RUIZ PICASSO,1,TORRE PICASSO,28020,MADRID,,IE,,915143000,,915143001,,,,0000,01/01/2009,22/09/2006,,28,,N,MLCBESM1XXX,MERRILL LYNCH INTERNATIONAL BANK   LIMITED,"TREASURY BUILDING, LOWER GRAND CANAL STREET",DUBLIN 2,,,,,12,,"MERRILL LYNCH INTERNAT.BANK LTD.,SE",MERRILL LYNCH
SECC,1507,90105,"ING BANK N.V., S.E.","ING BANK N.V., SUCURSAL EN ESPAÑA",,W0033371F,CL,GENOVA,27,PL. 4,28004,MADRID,,NL,,917898870,,917895190,,27/12/2010,POR CIERRE,0000,27/12/2010,28/11/2006,,28,,N,,ING BANK NV,AMSTELVEENSEWEG 500,"1081 KL, AMSTERDAM",,,,,12,,"ING BANK N.V., S.E.",ING BANK NV
SECC,1508,90105,"RCI BANQUE, S.A., S.E.","RCI BANQUE, S.A., SUCURSAL EN ESPAÑA",,W0014596A,AV,DE BURGOS,89-A,,28050,MADRID,,FR,,902137137,,913794415,,,,0000,11/03/2010,28/12/2006,,28,,N,,RCI BANQUE,14 AVENUE DU PAVE NEUF,93168 NOISY-LE-GRAND CEDEX,,,,,12,,"RCI BANQUE, S.A., S.E.",RCI BANQUE
SECC,1509,90105,"BANCO PRIMUS, S.A., S.E.","BANCO PRIMUS, S.A., SUCURSAL EN ESPAÑA",,W0102570I,AV,"DE LA VEGA, 1. ED. VEGANOVA",ED. 2,PL. 2 - ESTE/OESTE,28108,ALCOBENDAS,MADRID,PT,,911781100,,914905338,WWW.BANCOPRIMUS.ES,,,0000,01/01/2009,19/01/2007,,28,,N,,"BANCO PRIMUS, S.A.","QUINTA DA FONTE - ED. DON JOAO I, 1A                             FREGUESIA DE PAÇO DOS ARCOS",2770-192 PAÇO DOS ARCOS. CONCELHO D,E OEIRAS,,,,12,,"BANCO PRIMUS, S.A., S.E.",BANCO PRIMUS
SECC,1510,90105,SAXO BANK A/S S.E.,SAXO BANK A/S SUCURSAL EN ESPAÑA,,W0081547B,PS,DE LA CASTELLANA,42,PL. 2,28046,MADRID,,DK,,910020940,,910020946,WWW.SAXOTRADER.ES,,,0000,25/01/2012,07/02/2007,,28,,N,,SAXO BANK A/S,"PHILIP HEYMANS ALLE, 15",DK-2900 HELLERUP,,,,,12,,SAXO BANK A/S S.E.,SAXO BANK A/S
SECC,1511,90105,"KBC BANK NV, S.E.","KBC BANK NV, SUCURSAL EN ESPAÑA",,W0021873E,CL,ANABEL SEGURA,10,,28108,ALCOBENDAS,MADRID,BE,,914904514,,914904521,,04/08/2011,POR CIERRE,0000,08/08/2011,22/02/2007,,28,,N,,KBC BANK NV,HAVELAAN 2-1080                                                  SINT JANS-MOLENBEEK,BRUSELAS,,,,,12,,"KBC BANK NV, S.E.","KBC BANK NV,SE"
SECC,1512,90105,"ELAVON FINANCIAL SERVICES LIMITED, S.E.","ELAVON FINANCIAL SERVICES LIMITED, SUCURSAL EN ESPAÑA",,W0071818I,CL,ANTONIO GONZALEZ ECHARTE,1,EDIF. HANSA URBANA,28029,MADRID,,IE,,914176946,,915562880,,,,0000,02/03/2009,06/06/2007,,28,,N,,ELAVON FINANCIAL SERVICES LIMITED,"FIRST FLOOR, FITZWILTON HOUSE, WILTON PLACE",DUBLIN 2,,,,,12,,ELAVON FINANCIAL SERVICES LIMITED,ELAVON
SECC,1513,90105,"CAIXA GERAL DE DEPOSITOS, S.A. SUCURSAL EN ESPAÑA","CAIXA GERAL DE DEPOSITOS, S.A. SUCURSAL EN ESPAÑA",,W0103739I,CL,JUAN IGNACIO LUCA DE TENA,1,,28027,MADRID,,PT,,913099023,,913209275,,,,0000,04/05/2012,22/06/2007,,28,,N,,"CAIXA GERAL DE DEPOSITOS, S.A.","AVENIDA JOÁO XXI, 63",1000-300 LISBOA,,,,,12,,"CAIXA GERAL DE DEPOSITOS, S.A. SE",CAIXA GERAL SE
SECC,1514,90105,"CNH FINANCIAL SERVICES, S.E.","CNH FINANCIAL SERVICES, SUCURSAL EN ESPAÑA",,W0103662C,AV,JOSE GARATE,11,,28820,COSLADA,MADRID,FR,,916603800,,916602260,,,,0000,01/01/2009,25/06/2007,,28,,N,,"CNH FINANCIAL SERVICES, S.A.S.",5 RUE BELLINI,29800 PUTEAUX,,,,,12,,"CNH FINANCIAL SERVICES, S.E.",CNH
OR,1101,121100,BANCO NACIONAL DE MEXICO,BANCO NACIONAL DE MEXICO,,A4121051I,CL,SERRANO,41,PL. 6,28001,MADRID,,ES,,914311482,,914311853,,04/11/1997,POR CIERRE,0000,06/03/2008,09/05/1996,,28,,N,,,,,,,,,12,,BANCO NACIONAL DE MEXICO,BANCO DE MEXICO
SECC,1516,90105,"J.P. MORGAN INTERNATIONAL BANK LIMITED, S.E.","J.P. MORGAN INTERNATIONAL BANK LIMITED, SUCURSAL EN ESPAÑA",,W0069849H,CL,JOSE ORTEGA Y GASSET,29,,28006,MADRID,,GB,,915161200,,915161616,,,,0000,01/01/2009,27/09/2007,,28,,N,,J.P. MORGAN INTERNATIONAL BANK     LIMITED,125 LONDON WALL,LONDRES EC2Y 5AJ,,,,,12,,J.P. MORGAN INTERNATIONAL BANK LTD.,JP MORGAN INT
SECC,1517,90105,"LANDSBANKI ISLANDS HF,(LIQUIDACION)SE","LANDSBANKI ISLANDS HF, (EN LIQUIDACION) SUCURSAL EN ESPAÑA",,W0241041C,CL,ALCALA,95,PL. 2,28009,MADRID,,IS,,914365100,,0,,28/01/2009,POR CIERRE,0000,28/01/2009,25/10/2007,,28,,N,,LANDSBANKI ISLANDS HF,AUSTURSTRAETI,155 REYKJAVIK,,,,,12,,"LANDSBANKI ISLANDS HF,LIQ.SE-",LANDSBANKI
SECC,1518,90105,"DEPFA BANK PLC, S.E.","DEPFA BANK PLC, SUCURSAL EN ESPAÑA",,W0071908H,CL,MONTE ESQUINZA,30,,28010,MADRID,,IE,,917004640,,913100791,,24/05/2011,POR CIERRE,0000,24/05/2011,26/11/2007,,28,,N,,DEPFA BANK PLC,"1, COMMONS STREET",DUBLIN 1,,,,,12,,"DEPFA BANK PLC, S.E.",DEPFA BANK PLC
SECC,1519,90105,"SVENSKA HANDELSBANKEN AB, S.E.","SVENSKA HANDELSBANKEN AB, SUCURSAL EN ESPAÑA",,W0302113F,CL,LEGANITOS,47,PL. 10,28013,MADRID,,SE,,915383200,,915933445,,15/02/2011,POR CIERRE,0000,15/02/2011,28/12/2007,,28,,N,,SVENSKA HANDELSBANKEN AB,KUNGSTRADGARDSGATAN 2,ESTOCOLMO,,,,,12,,"SVENSKA HANDELSBANKEN AB, S.E.",SVENSKA HANDELS
SECC,1520,90105,"MEDIOBANCA, S.E.","MEDIOBANCA, SUCURSAL EN ESPAÑA",,W0053354G,CL,JORGE MANRIQUE,12,,28006,MADRID,,IT,,915158100,,915158254,,,,0000,01/01/2009,14/01/2008,,28,,N,,"MEDIOBANCA BANCA DI CREDITO        FINANZIARIO, S.P.A.","PIAZZETTA ENRICO CUCCIA, 1                                       CAP 20121",MILAN,,,,,12,,"MEDIOBANCA, S.E.","MEDIOBANCA, S.E"
SECC,1521,90105,"BINCKBANK NV, S.E.","BINCKBANK NV, SUCURSAL EN ESPAÑA",,W0034369I,CR,"DE CADIZ KM. 178'7, LOCAL 15",,UR. MARBELLA REAL,29602,MARBELLA,MALAGA,NL,,952924011,,952924398,,,,0000,01/01/2009,20/02/2008,,29,,N,,BINCKBANK NV,"VIJZELSTRAAT, 20",1017 HK AMSTERDAM,,,,,1,,"BINCKBANK NV, S.E.",BINCKBANK
SECC,1522,90105,"EFG BANK (LUXEMBOURG) S.A., S.E.","EFG BANK (LUXEMBOURG) S.A., SUCURSAL EN ESPAÑA",,W0181636B,CL,JOAQUIN COSTA,26,,28002,MADRID,,LU,,913089370,,915760964,,,,0000,15/01/2009,03/03/2008,,28,,N,EFGBESMMXXX,EFG BANK (LUXEMBOURG) S.A.,"14, ALLEE MARCONI",L-2120 LUXEMBURGO,,,,,12,,"EFG BANK (LUXEMBOURG) S.A., S.E.",EFG BANK (LUXEM
SECC,1523,90105,"MERCEDES-BENZ BANK AG, SUCURSAL EN ESPAÑA","MERCEDES-BENZ BANK AG, SUCURSAL EN ESPAÑA",,W0045551I,AV,DE BRUSELAS,30,,28108,ALCOBENDAS,MADRID,DE,,914846000,,914846001,,,,0000,01/01/2009,19/03/2008,,28,,N,,MERCEDES-BENZ BANK AG,SIEMENSSTR. 7,70469 STUTTGART,,71125740,71125748005,WWW.DAILERCHRYSLER-BANK.COM,12,,"MERCEDES-BENZ BANK AG, S.E.",MERCEDES-BENZ B
SECC,1524,90105,"UBI BANCA INTERNATIONAL, S.A., S.E.","UBI BANCA INTERNATIONAL, S.A., SUCURSAL EN ESPAÑA",,W1081236J,PS,CASTELLANA,259,TORRE ESPACIO PL. 45,28046,MADRID,,LU,,913344061,,913344062,,,,0000,09/02/2009,15/04/2008,,28,,N,UBIBESMMXXX,"UBI BANCA INTERNATIONAL, S.A.","47 BOULEVARD DU PRINCE HENRI,",L-1724 LUXEMBURGO,,,,,12,,"UBI BANCA INTERNATIONAL, S.A., S.E.",UBI BANCA
SECC,1526,90105,"CLOSE BROTHERS LIMITED, S.E.","CLOSE BROTHERS LIMITED, SUCURSAL EN ESPAÑA",,W0060282A,PS,DE LA CASTELLANA,95,PL.15A TORRE EUROPA,28046,MADRID,,GB,,914187910,,0,WWW.CLOSEFS.ES,,,0000,01/01/2009,06/05/2008,,28,,N,,CLOSE BROTHERS LIMITED,10 CROWN PLACE,LONDRES,EC2A 4FT,,,,12,,"CLOSE BROTHERS LIMITED, S.E.",CLOSE BROTHERS
SECC,1527,90105,"KAUPTHING BANK HF, (EN CONCURSO) S.E.","KAUPTHING BANK HF, (EN CONCURSO) SUCURSAL EN ESPAÑA",,W0241054F,PS,DE LA CASTELLANA,135,PL. 8,28046,MADRID,,IS,,0,,0,WWW.KAUPTHING.ES,17/04/2009,POR CIERRE,0000,17/04/2009,23/06/2008,,28,,N,,KAUPTHING BANK HF,"BORGARTUNI, 19",105 REYKJAVIK,,,,,12,,"KAUPTHING BANK HF,(EN CRSO.) SE",KAUPTHING BANK
SECC,1528,90105,"JCB FINANCE, S.A.S., S. E.","JCB FINANCE, S.A.S., SUCURSAL EN ESPAÑA",,W0015663H,CL,RETAMA,3,,28045,MADRID,,FR,,914682048,,915273975,,,,0000,26/09/2008,26/09/2008,,28,,N,,"JCB FINANCE, S.A.S.","46/52 RUE ARAGO, LE METREPOLE-LA DEFENSE",92800 PUTEAUX (HAUTS-DE SEINE),,,,,12,,"JCB FINANCE, S.A.S., S. E.",JCB FINANCE
SECC,1529,90105,"MCE BANK GMBH, S.E.","MCE BANK GMBH, SUCURSAL EN ESPAÑA",,W0046152E,CL,FRANCISCO GERVAS,4,,28108,ALCOBENDAS,MADRID,DE,,914903035,,913873425,,,,0000,12/11/2008,12/11/2008,,28,,N,,MCE BANK GMBH,,65439 FLÖRSHEIM,,,,,12,,"MCE BANK GMBH, S.E.",MCE BANK
SECC,1534,90105,"KBL EUROPEAN PRIVATE BANKERS, S.A. S.E.","KBL EUROPEAN PRIVATE BANKERS, S.A., SUCURSAL EN ESPAÑA",,W0182154E,CL,SERRANO,57,,28006,MADRID,,LU,,914232200,,914232270,,,,0000,22/06/2011,30/11/2009,,28,,N,KBLXESMMXXX,"KBL EUROPEAN PRIVATE BANKERS, S.A.,",43 BOULEVARD ROYAL,L-2955 LUXEMBURGO,,35247972320,352479773900,,12,,"KBL EUROPEAN PRIV. BANK.,S.A,S.E.",KBL BANKERS
SECC,1535,90105,"AKF BANK GMBH & CO KG, S.E.","AKF BANK GMBH & CO KG, SUCURSAL EN ESPAÑA",,W0047018G,AV,DE EUROPA,"12, 3 C",PQ.EMPR.LA MORALEJA,28108,ALCOBENDAS,MADRID,DE,,916572296,,914904493,WWW.AKF.ESPANA.ES,,,0000,21/01/2010,21/01/2010,,28,,N,,AKF BANK GMBH & CO KG,100307 FRIEDRICHSTR. 51,WUPPERTAL,,,,,12,,"AKF BANK GMBH & CO KG, S.E.",AKF
SECC,1536,90105,OREY FINANCIAL-INSTITUIÇAO FINANC. CTO. S.A. S.E.,"OREY FINANCIAL-INSTITUIÇAO FINANCEIRA DE CREDITO, S.A. SUCURSAL EN ESPAÑA",,W0104784D,,CARRERA DE SAN JERONIMO,17,,28014,MADRID,,PT,,911269055,,913896493,WWW.OREYITRADE.ES,,,0000,03/05/2010,03/05/2010,,28,,N,,"OREY FINANCIAL-INSTITUIÇAO         FINANCEIRA DE CREDITO, S.A.","RUA PROFESOR CARLOS ALBERTO DA MOTA PINTO, 17, 6çA",1070-313 LISBOA,,1213407000,1213407010,WWW.OREY.COM,12,,"OREY FINANCIAL- IFIC, S.E.",OREY FINANCIAL
SECC,1537,90105,"LLOYDS TSB BANK PLC, S.E.","LLOYDS TSB BANK PLC, SUCURSAL EN ESPAÑA",,W0060995H,CL,SERRANO,90,,28006,MADRID,,GB,,915209900,,914314731,WWW.LLOYDSTSB.ES,,,0000,08/08/2011,01/10/2010,,28,,N,,LLOYDS TSB BANK PLC,25 GRESHAM STREET                                                EC2V 7HN,LONDON,,,,,12,,"LLOYDS TSB BANK PLC, S.E.",LLOYDS TSB BANK
SECC,1538,90105,"INDUSTRIAL & COMMERCIAL BANK OF CHINA(EUROPE)SA,SE","INDUSTRIAL AND COMMERCIAL BANK OF CHINA (EUROPE) S.A., SUCURSAL EN ESPAÑA",,W0182368A,PS,RECOLETOS,3,,28004,MADRID,,LU,,912168888,,912168866,WWW.ICBC.COM.ES,,,0000,05/10/2011,18/10/2010,,28,ICBC (EUROPE),S,ICBKESMMXXX,INDUSTRIAL AND COMMERCIAL BANK OF  CHINA (EUROPE) S.A.,8-10 AVENUE MARIE THERESE,L-2132 LUXEMBOURG B.P.278 L-2012 LU,,,,,12,,INDUST.COMMERC. BANK CHINA (EUROPE),ICBC (EUROPE)
SECC,1539,90105,"BIGBANK AS CONSUMER FINANCE, S.E.","BIGBANK AS CONSUMER FINANCE, SUCURSAL EN ESPAÑA",,W0531072G,CL,ORENSE,81,"PL. 3, PTA. 1",28020,MADRID,,EE,,0,,0,INFO@BIGBANK.ES,,,0000,16/02/2011,19/01/2011,,28,,N,,BIGBANK AS,RüüTLI 23,51006 TARTU,,,,,12,,"BIGBANK AS CONSUMER FINANCE, S.E.",BIGBANK AS CONS
SECC,1541,90105,"ATTIJARIWAFA BANK EUROPE, S.E.","ATTIJARIWAFA BANK EUROPE, SUCURSAL EN ESPAÑA",,W0017314F,CL,BRAVO MURILLO,210,,28020,MADRID,,FR,,915632775,,915643420,,,,0000,01/02/2012,27/04/2011,,28,,N,,ATTIJARIWAFA BANK EUROPE S.A.,6 RUE CHAUCHAT,PARIS,,,,,12,,"ATTIJARIWAFA BANK EUROPE, S.E.",ATTIJARIWAFA BA
OR,1107,121100,BANCO DE BOGOTA,BANCO DE BOGOTA,,,PZ,LEALTAD,3,,28014,MADRID,,ES,,0,,0,,03/08/1987,POR CIERRE,0000,06/03/2008,27/01/1967,,28,,N,,,,,,,,,12,,BANCO DE BOGOTA,BANCO DE BOGOTA
ST,4316,164301,"AMERICAN APPRAISAL ESPAÑA, S.A.","AMERICAN APPRAISAL ESPAÑA, S.A.",,A28438976,CL,PRINCIPE DE VERGARA,9,PL. 4,28001,MADRID,,ES,,915765600,,915753251,,05/11/1999,POR RENUNCIA,0000,06/03/2008,14/07/1976,,28,,N,,,,,,,,,12,,"AMERICAN APPRAISAL ESPAÑA, S.A.",AMERIC.APPRAIS.
ST,4317,164301,"TASACIONES Y VALORACIONES DE GALICIA, S.A.","TASACIONES Y VALORACIONES DE GALICIA, S.A.",,A15079742,AV,LINARES RIVAS,30-32,PL. 3,15005,A CORUÑA,,ES,,981120000,,981123052,WWW.TASAGALICIA.ES,03/05/2012,POR RENUNCIA,0000,03/05/2012,20/11/1985,,15,TASAGALICIA,S,,,,,,,,,11,,TASACIONES VALORACIONES DE GALICIA,TASAGALICIA
ST,4318,164301,"COVIVIENDAS, S.A.","COVIVIENDAS, S.A.",,A28358398,CL,GENOVA,17,PL. 7,28004,MADRID,,ES,,914103024,,0,,13/02/1992,A PETICION PROPIA,4405,06/03/2008,21/09/1974,,28,,N,,,,,,,,,12,"IBERAPPRAISAL, S.A.","COVIVIENDAS, S.A.",COVIVIENDAS
ST,4319,164301,"PRODING AUDISER, S.A.","PRODING AUDISER, S.A.",,A58117755,CL,REGAS,9,,8006,BARCELONA,,ES,,916508750,,916508349,,02/10/1995,POR CAMBIO DE OBJETO SOCIAL,0000,06/03/2008,31/12/1985,,8,,N,,,,,,,,,9,,"PRODING AUDISER, S.A.",PRODING AUDISER
ST,4320,164301,"TASACIONES DE BIENES MEDITERRANEO, S.A.","TASACIONES DE BIENES MEDITERRANEO, S.A.",,A03232329,CL,ARTES GRAFICAS,7,,3008,ALICANTE,,ES,,965901400,,965143637,,,,0000,28/09/2011,27/05/1986,,3,TABIMED,S,,,,,,,,,15,,TASACIONES BIENES MEDITERRANEO,TABIMED
ST,4321,164301,"G.T.T., SOCIEDAD ANONIMA DE PERITACIONES","G.T.T., SOCIEDAD ANONIMA DE PERITACIONES",,A58027186,CL,JOSE ABASCAL,49,BAJOS,28003,MADRID,,ES,,914419393,,914419133,,21/05/1998,POR RENUNCIA,0000,06/03/2008,03/07/1985,,28,,N,,,,,,,,,12,,"G.T.T., S.A. DE PERITACIONES",G.T.T. PERITAC.
ST,4322,164301,"CONSULTTASA, S.A.","CONSULTTASA, S.A.",,A48207146,CL,TELLETXE,1-A,,48990,ALGORTA,VIZCAYA,ES,,944600400,,944606509,,29/03/2004,POR RENUNCIA,0000,06/03/2008,24/07/1986,,48,,N,,,,,,,,,16,,"CONSULTTASA, S.A.",CONSULTTASA
ST,4323,164301,"KRATA, S.A.","KRATA, S.A.",,A41176934,PS,DE LAS DELICIAS,5,PL. 2 IZDA.,41013,SEVILLA,,ES,,954213254,,954228419,WWW.KRATA.COM,,,0000,06/03/2008,26/12/1985,,41,,N,,,,,,,,,1,,"KRATA, S.A.",KRATA
ST,4324,164301,"GENERAL DE TASACIONES, S.A.","GENERAL DE TASACIONES, S.A.",,A78460110,CL,PRINCIPE DE VERGARA,13,PL. 5 - D,28001,MADRID,,ES,,915752223,,915775765,,01/02/1999,POR RENUNCIA,0000,06/03/2008,30/03/1987,,28,,N,,,,,,,,,12,,"GENERAL DE TASACIONES, S.A.",GT
ST,4325,164301,"ARPLAN - TASAVALOR, S.A.","ARPLAN - TASAVALOR, S.A.",,A78502572,CL,SANTIAGO BERNABEU,12,PL. 2 - EXT. DCHA.,28036,MADRID,,ES,,915644359,,915617894,,28/12/2001,POR RENUNCIA,0000,06/03/2008,09/06/1987,,28,,N,,,,,,,,,12,,"ARPLAN - TASAVALOR, S.A.",ARPLAN-TASAVAL.
ST,4326,164301,"TASACIONES Y VALORACIONES, S.A.","TASACIONES Y VALORACIONES, S.A.",,A29216132,CR,CADIZ,P.K. 176,CENTRO COMERC. OASIS,29600,MARBELLA,MALAGA,ES,,952826471,,952828577,,25/04/1997,POR ACUERDO DEL CONSEJO DE MINISTROS DE FECHA 24-01-1997,0000,06/03/2008,20/05/1987,,29,,N,,,,,,,,,1,,"TASACIONES Y VALORACIONES, S.A.",TAVASA
ST,4327,164301,"INTERTECNICA DE VALORACIONES Y PATRIMONIOS, S.A.","INTERTECNICA DE VALORACIONES Y PATRIMONIOS, S.A.",,A82351149,CL,PADRE DAMIAN,42,PL. 6 - IZDA.,28036,MADRID,,ES,,913431690,,913431691,,,,0000,06/03/2008,01/07/1999,,28,INTERVALORA,S,,,,,,,,,12,,"INTERTECNICA VALOR. Y PATRIM., S.A.",INTERVALORA
ST,4328,164301,"INTERNACIONAL DE TRANSACCIONES Y SERVICIOS, S.A.","INTERNACIONAL DE TRANSACCIONES Y SERVICIOS, S.A. (INTRASER)",,A78283223,CL,JACOMETREZO,15,PL. 6,28013,MADRID,,ES,,915416744,,915429544,WWW.INTRASER.COM,,,0000,06/03/2008,21/05/1986,,28,INTRASER,S,,,,,,,,,12,,INTERN.DE TRANSACCIONES Y SERVICIOS,INTRASER
ST,4329,164301,"INMOBILIARIA DE PROMOCIONES Y ARRIENDOS, S.A.","INMOBILIARIA DE PROMOCIONES Y ARRIENDOS, S.A. (IMPROASA)",,A28475168,PS,CASTELLANA,31,PL. 6,28046,MADRID,,ES,,915765207,,915761748,,15/06/1993,A PETICION PROPIA,0000,06/03/2008,27/06/1974,,28,,N,,,,,,,,,12,,INMOB. DE PROMOCIONES Y ARRIENDOS,INMOBPRO. SA
ST,4330,164301,"INVERCAME II, S.A., SOCIEDAD DE TASACION","INVERCAME II, S.A., SOCIEDAD DE TASACION",,A78590510,CL,VELAZQUEZ,24,PL. 2,28001,MADRID,,ES,,914314244,,915764199,,23/12/1998,POR ACUERDO DE LA COMISION EJECUTIVA DE FECHA 15-12-1998,0000,06/03/2008,24/11/1987,,28,,N,,,,,,,,,12,,"INVERCAME II, S.A.",INVERCAME II
ST,4331,164301,"ALCEN, S.A., SOCIEDAD DE TASACION","ALCEN, S.A., SOCIEDAD DE TASACION",,A58445446,CL,ARIBAU,250,,8006,BARCELONA,,ES,,933023442,,0,,25/04/1997,POR ACUERDO DEL CONSEJO DE MINISTROS DE FECHA 24-01-1997,0000,06/03/2008,02/11/1987,,8,,N,,,,,,,,,9,,"ALCEN, S.A., SOCIEDAD DE TASACION",ALCEN
ST,4332,164301,"REVER NUNELL, S.A., SOCIEDAD DE TASACION","REVER NUNELL, S.A., SOCIEDAD DE TASACION",,A08477614,CL,TUSET,23-25,,8006,BARCELONA,,ES,,932099300,,932097516,,23/12/1998,POR ACUERDO DE LA COMISION EJECUTIVA DE FECHA 15-12-1998,0000,06/03/2008,27/06/1974,,8,,N,,,,,,,,,9,,"REVER NUNELL, S.A., S.T.",REVER NUNELL
ST,4333,164301,"SERIN, SERVICIOS INMOBILIARIOS, S.A.","SERIN, SERVICIOS INMOBILIARIOS, S.A.",,A78029915,CL,FUENCARRAL,139,PL. 1 - C,28010,MADRID,,ES,,914487098,,915932942,,18/09/2002,POR RENUNCIA,0000,06/03/2008,15/04/1985,,28,,N,,,,,,,,,12,,"SERIN, SERVICIOS INMOBILIARIOS",SERINSA
ST,4334,164301,"I.V. INTERVALOR, S.A.","I.V. INTERVALOR, S.A.",,A58032228,CL,LONDRES,29,PL. 1,8029,BARCELONA,,ES,,934399906,,934399907,WWW.IVINTERVALOR.COM,19/01/2004,POR RENUNCIA,0000,06/03/2008,05/08/1985,,8,,N,,,,,,,,,9,,"I.V. INTERVALOR, S.A.",INTERVALOR-ROUX
ST,4335,164301,"BEX TASACIONES, S.A.","BEX TASACIONES, S.A.",,A28582633,CL,DOCTOR FLEMING,1,,28046,MADRID,,ES,,915377614,,914295472,,04/09/1992,A PETICION PROPIA,0000,06/03/2008,11/07/1979,,28,,N,,,,,,,,,12,,"BEX TASACIONES, S.A.",BEXTASACIONES
ST,4336,164301,"VALORACIO D' ACTIUS, S.A.","VALORACIO D' ACTIUS, S.A.",,A58525353,AV,FRANCESC CAMBO,17,PL. 6 - B,8003,BARCELONA,,ES,,932688090,,932688091,,28/10/2009,POR DISOLUCION,0000,28/10/2009,23/02/1988,,8,ASSETS,S,,,,,,,,,9,,"VALORACIO D' ACTIUS, S.A.",ASSETS
ST,4337,164301,"VALTEC, S.A.","VALTEC, S.A.",,A78330768,CL,RIOS ROSAS,11,PLANTA BAJA,28003,MADRID,,ES,,915713300,,915714452,,,,0000,06/03/2008,19/01/1988,,28,VALTECSA,S,,,,,,,,,12,,"VALTEC, S.A.",VALTECSA
ST,4338,164301,"GESBISA, GESTORA DE BIENES Y TASACIONES, S.A.","GESBISA, GESTORA DE BIENES Y TASACIONES, S.A.",,A78321668,CL,SERRANO,37,PL. 6,28001,MADRID,,ES,,915781147,,915783772,,01/06/1994,POR CAMBIO DE OBJETO SOCIAL,0000,06/03/2008,31/07/1986,,28,,N,,,,,,,,,12,,"GESBISA, GESTORA BIENES TASACIONES",GESBISA ST
ST,4339,164301,"TASACIONES, VALORACIONES Y SERVICIOS, S.A.","TASACIONES, VALORACIONES Y SERVICIOS, S.A.",,A33107772,CL,ALONSO QUINTANILLA,5,PL. 1 - DCHA.,33002,OVIEDO,ASTURIAS,ES,,985211216,,985202894,,16/12/1999,POR ACUERDO DE LA COMISION EJECUTIVA DE FECHA 26.11.1999,0000,06/03/2008,15/10/1987,,33,,N,,,,,,,,,3,,"TASACIONES,VALORACIONES Y SERVICIOS",TASER
ST,4340,164301,"TASACIONES Y SUBASTAS DEL DUERO, S.A.","TASACIONES Y SUBASTAS DEL DUERO, S.A.",,,CL,ISABELES,1,,37002,SALAMANCA,,ES,,0,,0,,20/03/1989,A PETICION PROPIA,0000,06/03/2008,21/03/1988,,37,,N,,,,,,,,,7,,TASACIONES Y SUBASTAS DEL DUERO,DEL DUERO ST
ST,4341,164301,"TASACIONES Y EVALUACIONES, S.A. (TYE, S.A.)","TASACIONES Y EVALUACIONES, S.A. (TYE S.A.)",,A78834744,CL,ORELLANA,1,,28004,MADRID,,ES,,913197134,,913194985,,31/01/2001,POR RENUNCIA,0000,06/03/2008,30/05/1988,,28,,N,,,,,,,,,12,,"TASACIONES Y EVALUACIONES, S.A.",TYE
ST,4342,164301,"INFORMACIO CARTOGRAFICA I DE BASE, S.A.","INFORMACIO CARTOGRAFICA I DE BASE, S.A.",,A99015323,AV,DRASSANES,6-8,"PL. 19, 2",8001,BARCELONA,,ES,,0,,0,,14/12/1989,A PETICION PROPIA,0000,06/03/2008,23/06/1988,,8,,N,,,,,,,,,9,,INFORMACIO CARTOGRAFICA I DE BASE,INFORMACIOST
ST,4343,164301,"URBANIZACIONES, ARQUITECTURA E INGENIERIA, S.A.","URBANIZACIONES, ARQUITECTURA E INGENIERIA, S.A. (URBAISA)",,A14019707,PS,DE LA VICTORIA,55,PL. 1,14004,CORDOBA,,ES,,957297166,,957297197,,23/12/1998,POR ACUERDO DE LA COMISION EJECUTIVA DE FECHA 15-12-1998,0000,06/03/2008,28/09/1987,,14,,N,,,,,,,,,1,,"URBAN., ARQUITECTURA E INGENIERIA",URBAISA
ST,4344,164301,"VALORACIONES ARMANDO ROJO, S.A.","VALORACIONES ARMANDO ROJO, S.A.",,A58417247,ZZ,GRAN VIA LES CORTS CATALANES,535,,8011,BARCELONA,,ES,,933235824,,932530602,,23/12/1998,POR ACUERDO DE LA COMISION EJECUTIVA DE FECHA 15-12-1998,0000,06/03/2008,01/03/1988,,8,,N,,,,,,,,,9,,"VALORACIONES ARMANDO ROJO, S.A.",AR VALORACIONES
ST,4345,164301,"CORPORACION GENERAL DE ESTUDIO Y GESTION, S.A.","CORPORACION GENERAL DE ESTUDIO Y GESTION, S.A.",,A78030301,PS,CASTELLANA,126,,28046,MADRID,,ES,,922731301,,922731959,,21/04/1999,POR ACUERDO DE LA COMISION EJECUTIVA DE FECHA 13.04.1999,0000,06/03/2008,20/03/1985,,28,,N,,,,,,,,,12,,CORPORACION GRAL. ESTUDIO Y GESTION,COGESTION
ST,4347,164301,"TECVA, S.A.","TECVA, S.A.",,A47070511,CL,MARIA DE MOLINA,7,PL. 2 - OFIC. 5,47001,VALLADOLID,,ES,,983370517,,983370983,,23/12/1998,POR ACUERDO DE LA COMISION EJECUTIVA DE FECHA 15-12-1998,0000,06/03/2008,24/04/1987,,47,,N,,,,,,,,,7,,"TECVA, S.A.",TECVASA
ST,4348,164301,"TASACIONES Y VALORACIONES ASTURIANAS, S.A.","TASACIONES Y VALORACIONES ASTURIANAS, S.A.",,A33127903,CL,GENERAL ZUBILLAGA,1,PL. 3 E,33005,OVIEDO,ASTURIAS,ES,,985274699,,985274699,,22/05/2000,POR RENUNCIA,0000,06/03/2008,13/07/1988,,33,,N,,,,,,,,,3,,TASACIONES VALORACIONES ASTURIANAS,ASTURIANAS
ST,4349,164301,"ZEHAZKI, S.A.","ZEHAZKI, S.A.",,A20088720,CL,JAVIER BARCAIZTEGUI,19,ENTRESUELO C,20010,SAN SEBASTIAN,GIPUZKOA,ES,,943471751,,943471792,,,,0000,26/10/2011,16/03/1984,,20,,N,,,,,,,,,16,,"ZEHAZKI, S.A.",ZEHAZKI
ST,4350,164301,"VALORACIONES MEDITERRANEO, S.A.","VALORACIONES MEDITERRANEO, S.A.",,A03319530,UR,BARRINA NORTE,36,EDIFICIO VALMESA,3502,BENIDORM,ALICANTE,ES,,965863511,,965867057,WWW.VALMESA.ES,,,0000,06/03/2008,12/02/1988,,3,VALMESA,S,,,,,,,,,15,,"VALORACIONES MEDITERRANEO, S.A.",VALMESA
ST,4351,164301,"TASAHIPOTECARIA, S.A., S.T.","TASAHIPOTECARIA, S.A., SOCIEDAD DE TASACION",,A78892536,CL,BRAVO MURILLO,160,PL. 1 EXTERIOR,28020,MADRID,,ES,,914250029,,915796079,,15/02/2002,POR RENUNCIA,0000,06/03/2008,08/09/1988,,28,,N,,,,,,,,,12,,"TASAHIPOTECARIA, S.A., S.T.",TASAHIPOTECARIA
ST,4352,164301,"TASACIONES Y VALORACIONES INMOBILIARIAS, S.A.","TASACIONES Y VALORACIONES INMOBILIARIAS, S.A. (TAVINSA)",,A31227820,AV,BAJA NAVARRA,2,ENTREPLANTA,31003,PAMPLONA,NAVARRA,ES,,948245108,,948246595,,23/12/1998,POR ACUERDO DE LA COMISION EJECUTIVA DE FECHA 15-12-1998,0000,06/03/2008,25/10/1988,,31,,N,,,,,,,,,14,,TASACIONES Y VALOR. INMOBILIARIAS,TAVINSA
ST,4353,164301,"VALORACIONES Y TASACIONES, S.A. (VALTASA)","VALORACIONES Y TASACIONES, S.A. (VALTASA)",,A35142637,CL,PEÑAS DEL CHACHE,2,BAJO,35500,ARRECIFE DE LANZAROTE,LAS PALMAS,ES,,928815161,,928810743,,22/12/1997,POR RENUNCIA,0000,06/03/2008,20/05/1988,,35,,N,,,,,,,,,5,,"VALORACIONES Y TASACIONES, S.A.",VALTASA
ST,4354,164301,"SPANIA TASACIONES, S.A.","SPANIA TASACIONES, S.A.",,A41257098,AV,PADRE GARCIA TEJERO,2,,41012,SEVILLA,,ES,,954230741,,954235973,,09/03/2000,POR FUSION POR ABSORCION POR,4368,06/03/2008,23/05/1988,,41,,N,,,,,,,,,1,"COMPAÑIA HISPANIA DE TASACIONES Y VALORACIONES, S.A.","SPANIA TASACIONES, S.A.",SPANIA
ST,4355,164301,"GESTORA ASOCIADA, S.A.","GESTORA ASOCIADA, S.A.",,A78087848,CL,JOAQUIN MARIA LOPEZ,74,PL. 5 - IZDA.,28015,MADRID,,ES,,914014209,,914028052,,23/12/1998,POR ACUERDO DE LA COMISION EJECUTIVA DE FECHA 15-12-1998,0000,06/03/2008,18/09/1985,,28,,N,,,,,,,,,12,,"GESTORA ASOCIADA, S.A.",GEASA
ST,4356,164301,"HISPANIA DE TASACIONES INMOBILIARIAS, S.A.","HISPANIA DE TASACIONES INMOBILIARIAS, S.A.",,A78901626,CL,AYALA,20,,28001,MADRID,,ES,,914313817,,915781544,,23/12/1998,POR ACUERDO DE LA COMISION EJECUTIVA DE FECHA 15-12-1998,0000,06/03/2008,21/09/1988,,28,,N,,,,,,,,,12,,HISPANIA TASACIONES INMOBILIARIAS,HISTAINSA
ST,4357,164301,"EURO APPRAISAL, S.A.","EURO APPRAISAL, S.A.",,A48225080,AV,ZUGATZARTE,52,,48930,LAS ARENAS-GETXO,VIZCAYA,ES,,944648488,,944648689,,23/12/1998,POR ACUERDO DE LA COMISION EJECUTIVA DE FECHA 15-12-1998,0000,06/03/2008,28/09/1987,,48,,N,,,,,,,,,16,,"EURO APPRAISAL, S.A.",EURO APPRAISAL
ST,4358,164301,"TASACIONES ANDALUZAS, S.A.","TASACIONES ANDALUZAS, S.A.",,A04100673,PS,ALMERIA,69,PL. 5,4001,ALMERIA,,ES,,950237444,,950271302,WWW.TASACIONESAND.ES,,,0000,06/03/2008,07/12/1988,,4,TASA,S,,,,,,,,,1,,"TASACIONES ANDALUZAS, S.A.",TASA
ST,4359,164301,"INMOSEGUROS TASACION, S.A.","INMOSEGUROS TASACION, S.A.",,A78966157,CL,PEDRO MUÑOZ SECA,4,PL. 5,28001,MADRID,,ES,,914263823,,914356412,,,,0000,06/03/2008,30/11/1988,,28,,N,,,,,,,,,12,,"INMOSEGUROS TASACION, S.A.",INMOSEGUROS
ST,4360,164301,"C-22, S.A.","C-22, S.A.",,A79041539,CL,CASTELLO,22,PL. 3 - A,28001,MADRID,,ES,,915755336,,915766200,,04/08/1999,POR RENUNCIA,0000,06/03/2008,15/02/1989,,28,,N,,,,,,,,,12,,"C-22, S.A.",C-22
ST,4361,164301,"TASACIONES Y PRESUPUESTOS, S.A.","TASACIONES Y PRESUPUESTOS, S.A.",,A79086419,CL,JORGE JUAN,72,,28009,MADRID,,ES,,915772674,,915777894,,26/01/2000,POR DISOLUCION,0000,06/03/2008,15/03/1989,,28,,N,,,,,,,,,12,,"TASACIONES Y PRESUPUESTOS, S.A.",TYPSA
ST,4362,164301,"SOLUCIONES Y DISEÑOS, S.A.","SOLUCIONES Y DISEÑOS, S.A.",,A78552213,CL,ESCALERILLA,4,1 E,28230,LAS ROZAS,MADRID,ES,,916376121,,0,,08/01/1993,A PETICION PROPIA,0000,06/03/2008,05/05/1986,,28,,N,,,,,,,,,12,,"SOLUCIONES Y DISEÑOS, S.A.",SOLU.DIS.
ST,4363,164301,"GENERAL DE VALORACIONES, S.A.","GENERAL DE VALORACIONES, S.A.",,A29254935,CL,ARDALES,3,,28023,MADRID,,ES,,913573884,,917400379,,,,0000,27/11/2009,21/03/1988,,28,,N,,,,,,,,,12,,"GENERAL DE VALORACIONES, S.A.",GRAL. VALORAC.
ST,4364,164301,"IBERICA DE TASACIONES, S.A.","IBERICA DE TASACIONES, S.A.",,A03444031,CL,LA MAR,32,,3590,ALTEA,ALICANTE,ES,,965840300,,965843982,,05/02/2001,POR RENUNCIA,0000,06/03/2008,05/05/1989,,3,,N,,,,,,,,,15,,"IBERICA DE TASACIONES, S.A.",ITSA
ST,4365,164301,"SOCIEDAD ESPAÑOLA DE VALORACIONES, S.A.","SOCIEDAD ESPAÑOLA DE VALORACIONES, S.A.",,A79071684,CL,FERNANDO EL SANTO,24,,28010,MADRID,,ES,,934147671,,913085609,,23/12/1998,POR ACUERDO DE LA COMISION EJECUTIVA DE FECHA 15-12-1998,0000,06/03/2008,05/06/1989,,28,,N,,,,,,,,,12,,SOCIEDAD ESPAÑOLA DE VALORACIONES,STV
ST,4366,164301,"TASATECNI, S.A., EN LIQUIDACION","TASATECNI, S.A., EN LIQUIDACION",,A29388154,CL,REAL,101,PL. 3,29680,ESTEPONA,MALAGA,ES,,914353766,,915777405,,22/12/1997,POR RENUNCIA,0000,06/03/2008,28/07/1989,,29,,N,,,,,,,,,1,,"TASATECNI, S.A., EN LIQUIDACION",TASATECNI
ST,4367,164301,"GABINETE DE TASACIONES INMOBILIARIAS, S.A.","GABINETE DE TASACIONES INMOBILIARIAS, S.A.",,A79164919,CL,RAFAEL HERRERA,11,BAJO,28036,MADRID,,ES,,913789750,,913789742,WWW.GTISA.ES,,,0000,06/03/2008,31/05/1989,,28,GTI,S,,,,,,,,,12,,GABINETE TASACIONES INMOBILIARIAS,GTI
ST,4390,164301,"GETA, S.A.","GETA, S.A.",,A29444064,CL,TRAIÑA,29,URB. EL SALADILLO,29680,ESTEPONA,MALAGA,ES,,952887071,,0,,03/08/1998,POR RENUNCIA,0000,06/03/2008,18/07/1990,,29,,N,,,,,,,,,1,,"GETA, S.A.",GETASA
OR,1237,121100,"EUROPAISCHE HYPOTHEKENBANK, S.A.","EUROPAISCHE HYPOTHEKENBANK, S.A.",,A81346207,PS,DE LA CASTELLANA,18,PL. 6,28046,MADRID,,LU,,913355187,,913355718,,19/01/1999,POR CIERRE,0000,06/03/2008,12/02/1996,,28,,N,,,,,,,,,12,,"EUROPAISCHE HYPOTHEKENBANK, S.A.",EUROHYPOTHEK
OR,1238,121100,"BANCO INTERNACIONAL, S.A.","BANCO INTERNACIONAL, S.A.",,N4121054C,CL,SERRANO,23,PL. 8,28001,MADRID,,MX,,915750921,,0,,,,0000,01/01/2009,09/09/1996,,28,,N,BIMEESM1XXX,"BANCO INTERNACIONAL, S.A.","PS. DE LA REFORMA, 156 - COLONIA JUAREZ",06089 MEXICO D.F.,,7212222,,,12,,"BANCO INTERNACIONAL, S.A.","BANINT,OR"
OR,1239,121100,"DZ BANK AG DEUTSCHE ZENTRAL-GEN., FRANKFURT A.M.","DZ BANK AG DEUTSCHE ZENTRAL- GENOSSENSCHAFTSBANK, FRANKFURT A.M.",,A0041974G,CL,VIRGEN DE LOS PELIGROS,4,PL. 5,28013,MADRID,,DE,,915956817,,915956819,,02/11/2004,POR CIERRE,0000,06/03/2008,14/02/1997,,28,,N,GENOESM1XXX,"DZ BANK AG DEUTSCHE ZENTRAL-       GENOSSENSCHAFTSBANK, FRANKFURT A.M.",AM PLATZ DER REPUBLIK - D-60325,FRANKFURT,,4969744701,,,12,,DZ BANK AG DEU. ZEN.-GEN. FRA. A.M.,DZ BANK
OR,1241,121100,BANCO SBS-AGRO,BANCO SBS-AGRO,,A0561025H,CL,FERNANDO EL SANTO,15,,28010,MADRID,,RU,,914569875,,913992408,,02/06/2005,POR CIERRE,0000,06/03/2008,08/04/1997,,28,,N,STOLESM1XXX,BANCO SBS-AGRO,"C. PYATNITSKAYA, 70",113095 MOSCOW,,70952301518,,,12,,BANCO SBS-AGRO,BANCO SBS-AGRO
OR,1242,121100,LANDESBANK BADEN-WÜRTTEMBERG,LANDESBANK BADEN-WÜRTTEMBERG,,N0042106E,AV,DIAGONAL,435,PL. 4,8036,BARCELONA,,DE,,932016700,,932016475,,01/09/2010,POR CIERRE,0000,01/09/2010,17/02/1998,,8,,N,SOLAESB1XXX,LANDESBANK BADEN-WÜRTTEMBERG,"AM HAUPTBAHNHOF, 2",D-70173 STUTTGART,,,,,9,,LANDESBANK BADEN-WÜRTTEMBERG,LANDESBANK
OR,1243,121100,DEUTSCHE PFANDBRIEF-UND HYPOTHEKENBANK A.G.,DEUTSCHE PFANDBRIEF-UND HIPOTHEKENBANK A.G.,,A0042090A,CL,BARBARA DE BRAGANZA,2,,28004,MADRID,,ES,,917004640,,913100791,,13/04/2000,POR CIERRE,0000,06/03/2008,13/04/1998,,28,,N,,,,,,,,,12,,DEUTSCHE PFANDBRIEF-UND HYPOTHEKENB,DEPFA-BANK
OR,1244,121100,ABBEY NATIONAL PLC,ABBEY NATIONAL PLC,,N0065345A,PS,DE LA CASTELLANA,110,PL. 12,28046,MADRID,,GB,,0,,0,,08/03/2012,POR CIERRE,0000,08/03/2012,08/07/1998,,28,,N,,ABBEY NATIONAL PLC,"TRITON SQUARE, REGENT'S PLACE","LONDRES, NW1 3AN",,,,,12,,ABBEY NATIONAL PLC,ABBEY NATIONAL
OR,1250,121100,"RBS COUTTS BANK, S.A.","RBS COUTTS BANK, S.A.",,N0391055A,,CENTRO NEGOCIOS PUERTA BANUS,,"BLQ. A, LOC. 3 Y 4",29660,MARBELLA,MALAGA,CH,,902100951,,902100952,,04/12/2008,POR CIERRE,0000,04/12/2008,15/07/1999,,29,,N,,"RBS COUTTS BANK, S.A.","MARKTGASSE, 63/65",CH-3011 BERNA,,4112456111,,,1,,"RBS COUTTS BANK, S.A.",RBS COUTTS BANK
OR,1251,121100,PRIVATBANK IHAG ZURICH,PRIVATBANK IHAG ZÜRICH,,N0391069B,AV,CLEMENTE DIAZ RUIZ,10,,29640,FUENGIROLA,MALAGA,CH,,952466568,,952469470,,,,0000,06/03/2008,20/08/1999,,29,,N,IHZUES21XXX,PRIVATBANK IHAG ZÜRICH,"BLEICHERWEG, 18",CH-8022 ZURICH,,4112051504,4112051525,,1,,PRIVATBANK IHAG ZURICH,PRIVATBANK IHAG
OR,1252,121100,BANK J. VONTOBEL & CO. AG.,BANK J. VONTOBEL & CO AG,,N0391068D,CL,MARQUES DE VILLAMAGNA,6,,28001,MADRID,,CH,,914316491,,914352067,,24/07/2007,POR CIERRE,0000,06/03/2008,03/09/1999,,28,,N,VONTESM1XXX,BANK J. VONTOBEL & CO AG,"BAHNHOFSTRASSE, 3",8022 ZURICH,,4112837111,,,12,,BANK J. VONTOBEL & CO. AG.,VONTOBEL
OR,1253,121100,"BANCO COMERCIAL PORTUGUES, S.A.","BANCO COMERCIAL PORTUGUES, S.A.",,N0101418B,CL,LOPEZ DE HOYOS,35,,28002,MADRID,,PT,,917459926,,917459928,,23/01/2001,POR CIERRE,0000,06/03/2008,19/10/1999,,28,,N,,,,,,,,,12,,"BANCO COMERCIAL PORTUGUES, S.A.",COMER.PORTUGUES
OR,1258,121100,"BANQUE SYZ & CO, S.A.","BANQUE SYZ & CO, S.A.",,N0391229B,PS,GRACIA,16,PL. 6,8007,BARCELONA,,CH,,933427218,,933427219,,07/08/2003,POR CIERRE,0000,06/03/2008,26/07/2001,,8,,N,,"BANQUE SYZ & CO, S.A.","RUE DU RHONE, 30",1204 GENEVE,,41228190909,,,9,,"BANQUE SYZ & CO, S.A.",BANQUE SYZ
OR,1260,121100,"NORDEA BANK, S.A.","NORDEA BANK, S.A.",,N0081049I,,"CENTRO COMERCIAL PLAZA, OFIC.","17,E",,29660,NUEVA ANDALUCIA- MARBELLA,MALAGA,LU,,952816925,,952816954,,,,0000,03/04/2009,13/03/2002,,29,,N,,"NORDEA BANK, S.A.",672 RUE DE NEUDORF,L-2220 FINDEL SANDWILER,,,,,1,,"NORDEA BANK, S.A.","NORDEA BANK,SA"
OR,1263,121100,SANPAOLO IMI S.P.A.,SANPAOLO IMI S.P.A.,,N0051962I,PZ,DE COLON,2,"TORRE 2, PL. 10",28046,MADRID,,IT,,913106330,,913197722,,19/11/2004,POR CIERRE,0000,06/03/2008,18/12/2002,,28,,N,,SANPAOLO IMI S.P.A.,"PIAZZA SAN CARLO, 156",10121 TORINO,,39 (011) 5551,,,12,,SANPAOLO IMI S.P.A.,SANPAOLO IMI
OR,1267,121100,NYKREDIT REALKREDIT A/S,NYKREDIT REALKREDIT A/S,,N0081361H,,"CENTRO COMERCIAL PLAZA, LOCAL",26,,29660,NUEVA ANDALUCIA - MARBELLA,MALAGA,DK,,952905150,,952818528,,,,0000,06/03/2008,14/09/2004,,29,,N,,NYKREDIT REALKREDIT A/S,KALVEBOD BRYGGE 1-3,DK-1789 COPENHAGUE,,00 45 33421000,4533421507,,1,,NYKREDIT REALKREDIT A/S,NYKREDIT
OR,1268,121100,ABC INTERNATIONAL BANK PLC,ABC INTERNATIONAL BANK PLC,,N0067764A,PS,DE LA CASTELLANA,153,BAJO,28046,MADRID,,GB,,915672822,,915672829,,25/05/2011,POR CIERRE,0000,25/05/2011,12/11/2004,,28,,N,,ABC INTERNATIONAL BANK PLC,"ARAB BANKING CORPORATION HOUSE, 1-5",MOORGATE - EC2R 6AB LONDRES,,442077764000,442076069987,,12,,ABC INTERNATIONAL BANK PLC,ABCIB
OR,1271,121100,"SPARBANK VEST, A/S",SPARBANK VEST A/S,,N0081376F,CL,BATERIA,2,,29740,TORRE DEL MAR,MALAGA,DK,,952198606,,951311188,,05/03/2009,POR CIERRE,0000,05/03/2009,13/01/2005,,29,,N,,SPARBANK VEST A/S,"ADELGADE, 8",7800 SKIVE,,4596141402,4596141405,,1,,"SPARBANK VEST, A/S",SPARBANK
OR,1272,121100,BANKHAUS JUNGHOLZ AG,BANKHAUS JUNGHOLZ AG,,N0391580H,CL,MARQUES DE CAMPO,16,PL. 4,3700,DENIA,ALICANTE,CH,,966431991,,966432791,,,,0000,19/08/2009,14/03/2005,,3,,N,,BANKHAUS JUNGHOLZ AG,"OBERER GRABEN, 3",9001 ST. GALLEN (SUIZA),,,,,15,,BANKHAUS JUNGHOLZ AG,BANKHAUS JUNGHO
OR,1273,121100,IKB DEUTSCHE INDUSTRIEBANK AG,IKB DEUTSCHE INDUSTRIEBANK AG,,N0043816H,PS,CASTELLANA,9-11,,28046,MADRID,,DE,,0,,0,,06/06/2006,POR CIERRE,0000,06/03/2008,15/06/2005,,28,,N,IKBDESM1XXX,IKB DEUTSCHE INDUSTRIEBANK AG,"WILHELM-BOTZKES-STRASSE, 1",40474 DUSSELDORF,,,,,12,,IKB DEUTSCHE INDUSTRIEBANK AG,IKB DEUTSCHE IN
OR,1274,121100,"SWEDBANK, S.A.","SWEDBANK, S.A.",,W1181054F,AV,MANOLETE,,C.COMERC.PLAZA OF.16,29660,MARBELLA,MALAGA,LU,,0,,0,,,,0000,01/01/2009,30/08/2005,,29,,N,,"SWEDBANK, S.A.",P.O. BOX 1305,L-1013 LUXEMBOURG,,3524049401,352404907,,1,,"SWEDBANK, S.A.",SWEDBANK
OR,1276,121100,HVB BANQUE LUXEMBOURG SA,HVB BANQUE LUXEMBOURG SOCIETE ANONYME,,N1181077G,CL,ALFONSO XII,4,,28014,MADRID,,LU,,917011543,,915313770,,22/01/2008,POR CIERRE,0000,06/03/2008,08/02/2006,,28,,N,,HVB BANQUE LUXEMBOURG SOCIETE      ANONYME,4 RUE ALPHONSE WEICKER,2721 LUXEMBURGO,,00352 26134399,00352 26134301,,12,,HVB BANQUE LUXEMBOURG SA,HVB LUXEMBOURG
OR,1277,121100,"BANCOLOMBIA, S.A.","BANCOLOMBIA, S.A.",,N4801058A,PS,DE LA CASTELLANA,134,PL. 1 DCHA,28046,MADRID,,CO,,915216666,,915216631,,,,0000,15/07/2010,19/05/2006,,28,,N,,"BANCOLOMBIA, S.A.","AV LOS INDUSTRIALES, CRA 48 Nç 26-85. TORRE SUR PISO 10 C",MEDELLIN - COLOMBIA,,,,,12,,"BANCOLOMBIA, S.A.",BANCOLOMBIA
OR,1282,121100,"BANCO DE GUAYAQUIL, S.A.","BANCO DE GUAYAQUIL, S.A.",,N5001053G,CL,PEDRO TEIXEIRA,8,,28020,MADRID,,EC,,914179302,,914179297,,,,0000,06/03/2008,29/01/2007,,28,,N,,"BANCO DE GUAYAQUIL, S.A.","CL. PICHANCHA, N. 107 ESQUINA CL. FRANCISCO DE PAULA YCAZA",GUAYAQUIL,,,,,12,,"BANCO DE GUAYAQUIL, S.A.","B.GUAYAQUIL,SA"
OR,1240,121100,"LONDON FORFAITING A PARIS, S.A.","LONDON FORFAITING A PARIS, S.A.",,A0012368G,AV,DIAGONAL,611,PL. 6,8021,BARCELONA,,FR,,934948870,,934948871,,26/01/2006,POR CIERRE,0000,06/03/2008,01/04/1997,,8,,N,LOFPESB1XXX,"LONDON FORFAITING A PARIS, S.A.","260, BOULEVARD ST. GERMAIN",75007 PARIS,,33140626190,,,9,,"LONDON FORFAITING A PARIS, S.A.",LONDON FORFAITI
OR,1245,121100,BES INVESTIMENTO SA,BES INVESTIMENTO SA,,A0101306I,CL,VELAZQUEZ,108-110,,28006,MADRID,,PT,,915667233,,915667160,,14/12/2006,POR CIERRE,0000,06/03/2008,18/09/1998,,28,,N,BEIVESM1XXX,BES INVESTIMENTO SA,"RUA TIERNO GALVAN, TORRE 3 (AMOREIRA), 14 ANDAR",1070 LISBOA,,3808500,,,12,,BES INVESTIMENTO SA,BES INVESTIMENT
OR,1246,121100,"PRIMER B. AH. Y PREST. VIV. FAM., S.A. (VIVIBANCO)","PRIMER BANCO AHORRO Y PRESTAMO VIVIENDA FAMILIAR, S.A. (VIVIBANCO)",,N4161003A,AV,GRAN VIA CARLOS III,94,"PL. 5, 1 - ED. TRADE",8028,BARCELONA,,GT,,934900847,,933397801,,,,0000,01/01/2009,21/01/1999,,8,VIVIBANCO,S,,"PRIMER BANCO AHORRO Y PRESTAMO     VIVIENDA FAMILIAR, S.A. (VIVIBANCO)","6 AVENIDA 12-98, ZONA 9",CIUDAD DE GUATEMALA,,5023609946,,,9,,"PRIMER B. A. P. V. F.,SA(VIVIBANCO)",VIVIBANCO
OR,1247,121100,SUMITOMO MITSUI BANKING CORPORATION,SUMITOMO MITSUI BANKING CORPORATION,,N7321216I,CL,VILLANUEVA,12,PL. 1 - B,28001,MADRID,,JP,,915766196,,915777525,,,,0000,14/08/2009,22/02/1999,,28,,N,,SUMITOMO MITSUI BANKING CORPORATION,"1-2, MARUNOUCHI 1 CHO-ME, CHIYODA-KU",TOKYO 100-0005,,81332825111,,,12,,SUMITOMO MITSUI BANKING CORPORATION,SMBC
OR,1248,121100,WAFABANK,WAFABANK,,N2041040C,PS,DE LA CASTELLANA,81,PL. 18,28046,MADRID,,MA,,913744205,,913746128,,22/04/2005,POR CIERRE,0000,06/03/2008,18/03/1999,,28,,N,WAFAESM1XXX,WAFABANK,"163, AV. HASSAN II",20000 CASABLANCA,,2122545454,,,12,,WAFABANK,WAFABANK
OR,1249,121100,NORWICH AND PETERBOROUGH BUILDING SOCIETY,NORWICH AND PETERBOROUGH BUILDING SOCIETY,,B11461936,CL,PIRANDELLO,16,PL 5,29010,MALAGA,MALAGA,GB,,952345400,,952348656,,,,0000,06/03/2008,12/07/1999,,29,,N,NPBSES21XXX,NORWICH AND PETERBOROUGH BUILDING  SOCIETY,PETERBOROUGH BUSINESS PARK - LYNCH WOOD,PE2 6WR PETERBOROUGH,,441733372372,,,1,,NORWICH AND PETERBOROUGH BUILDING S,NORWICH
OR,1254,121100,DEPFA BANK EUROPE PLC,DEPFA BANK EUROPE PLC,,N0071384B,CL,BARBARA DE BRAGANZA,2,,28004,MADRID,,IE,,917004640,,0,,13/08/2003,POR CIERRE,0000,06/03/2008,20/03/2000,,28,,N,,DEPFA BANK EUROPE PLC,INTERNATIONAL HOUSE - 3 HARBOURMASTER PLACE,"I.F.S.C., DUBLIN 1",,353 1 607 1600,,,12,,DEPFA BANK EUROPE PLC,DEPFA BANK
OR,1255,121100,AAREAL BANK AG,AAREAL BANK AG,,N0042512D,PS,DE LA CASTELLANA,60,PL. 4D,28046,MADRID,,DE,,917000850,,913100791,,,,0000,06/03/2008,03/08/2000,,28,,N,AARBESM1XXX,AAREAL BANK A.G.,"PAULINENSTRASSE, 15",65189 WIESBADEN,,496113480,496113482549,,12,,AAREAL BANK AG,AAREAL BANK AG
OR,1257,121100,ALLGEMEINE HYPOTHEKENBANK RHEINBODEN AG,ALLGEMEINE HYPOTHEKENBANK RHEINBODEN AG,,N0042587F,CL,ALCALA,21,PL. 11 - IZDA.,28014,MADRID,,DE,,913604065,,913604038,,14/08/2006,POR CIERRE,0000,06/03/2008,23/03/2001,,28,,N,,ALLGEMEINE HYPOTHEKENBANK          RHEINBODEN AG,"BOCKENHEIMER LANDSTRASSE, 25",60325 FRANKFURT AM MAIN,,49697179391,,,12,,ALLGEMEINE HYPOTHEKENBANK RHEINBOD.,ALLGEMEINE HYPO
OR,1266,121100,BANCA INTESA SPA,BANCA INTESA SPA,,N0052149B,PZ,DE COLON,2,TORRE 1 - PL. 13,28046,MADRID,,IT,,914264000,,914264063,,31/08/2005,POR CIERRE,0000,06/03/2008,17/03/2004,,28,,N,,BANCA INTESA SPA,"PIAZZA PAOLO FERRARI, 10",21121 MILAN,,0039 02 879411,,,12,,BANCA INTESA SPA,BANCA INTESA
OR,1270,121100,BANCA POPOLARE DI MILANO,BANCA POPOLARE DI MILANO,,N0052390B,PS,MANUEL GIRONA,14,,8034,BARCELONA,,IT,,932038458,,932803285,,09/07/2007,POR CIERRE,0000,06/03/2008,23/12/2004,,8,BPM,S,,BANCA POPOLARE DI MILANO,"PIAZZA MEDA, 4",20121 MILANO,,277001,277002156,,9,,BANCA POPOLARE DI MILANO,BPM
OR,1275,121100,DEKABANK DEUTSCHE GIROZENTRALE,DEKABANK DEUTSCHE GIROZENTRALE,,W0043967I,PS,DE LA CASTELLANA,141,PL.8. ED.CUZCO IV,28046,MADRID,,DE,,915726693,,915726621,,,,0000,01/01/2009,24/10/2005,,28,,N,,DEKABANK DEUTSCHE GIROZENTRALE,"MAINZER LANDSTRABE, 16",60325 FRANKFURT,,+49)6971473125,+49)6971473115,,12,,DEKABANK DEUTSCHE GIROZENTRALE,DEKABANK
OR,1278,121100,RAIFFEISENBANK KLEINWALSERTAL A.G.,RAIFFEISENBANK KLEINWALSERTAL A.G.,,W0381285F,CL,SAN SEBASTIAN,3,PL. 1,7001,PALMA,,AT,,971717198,,0,,25/01/2012,POR CIERRE,0000,25/01/2012,22/05/2006,,7,,N,,RAIFFEISENBANK KLEINWALSERTAL      AKTIENGESELLSCHAFT,WALSERSTR. 63,6992 HIRSCHEGG,,,,,4,,RAIFFEISENBANK KLEINWALSERTAL AG,RAIFFEISENBANK
OR,1279,121100,"KAUPTHING BANK LUXEMBOURG, S.A.","KAUPTHING BANK LUXEMBOURG, S.A.",,N1181068F,,OFICINA 10,,CENTRO PLAZA,29660,NUEVA ANDALUCIA,MALAGA,LU,,952812227,,952907050,,14/10/2008,POR CIERRE,0000,14/10/2008,24/05/2006,,29,,N,,"KAUPTHING BANK LUXEMBOURG, S.A.","12, GUILLAUME SCHNEIDER",L2522 LUXEMBURGO,,,,,1,,"KAUPTHING BANK LUXEMBOURG, S.A.",KAUPTHING BANK
OR,1280,121100,DEUTSCHE HYPOTHEKENBANK AG,DEUTSCHE HYPOTHEKENBANK (ACTIEN- GESELLSCHAFT),,N0044213G,CL,MARIA DE MOLINA,40,,28006,MADRID,,DE,,917452642,,914116183,,,,0000,06/03/2008,05/07/2006,,28,,N,,DEUTSCHE HYPOTHEKENBANK (ACTIEN-   GESELLSCHAFT),GEORGSPLATZ 8,30159 HANNOVER,,,,,12,,DEUTSCHE HYPOTHEKENBANK AG,DEUTSCHE HYPOTH
OR,1281,121100,"LANDSBANKI LUXEMBOURG, S.A.(EN SUSPENSION PAGOS)","LANDSBANKI LUXEMBOURG, S.A. (EN SUSPENSION DE PAGOS)",,N0181060E,,CENTRO COMERCIAL PLAZA,,"PL. 1, OFIC. 4",29660,"NUEVA ANDALUCIA, MARBELLA",MALAGA,LU,,952812890,,952929222,,,,0000,04/11/2008,01/09/2006,,29,,N,,"LANDSBANKI LUXEMBOURG, S.A.","85-91 ROUTE DE THIONVILLE, P.O. BOX 1.133",LUXEMBURGO,,,,,1,,"LANDSBANKI LUXEMBOURG, SA (EN SUSPE",LANDSBANKI
OR,1283,121100,BANCO PICHINCHA C.A.,BANCO PICHINCHA C.A.,,N5001054E,CL,ALCALA,79,LOCAL,28009,MADRID,,EC,,915488396,,915411004,,,,0000,06/03/2008,28/02/2007,,28,,N,,BANCO PICHINCHA C.A.,AV. AMAZONAS 4560 Y PEREIRA,QUITO,,,,,12,,BANCO PICHINCHA C.A.,B. PICHINCHA
OR,1285,121100,"BANCO ITAU BBA INTERNATIONAL, S.A.","BANCO ITAU BBA INTERNATIONAL, S.A.",,W0103158B,CL,PINAR,7,PL. 2 PTA. DCHA.,28006,MADRID,,PT,,914186953,,914186999,,,,0000,21/02/2011,12/04/2007,,28,,N,,"BANCO ITAU BBA INTERNATIONAL, S.A.","RUA TIERNO GALVAN, TORRE 3,PL.11                                 1099-048",LISBOA,,,,,12,,"BANCO ITAU BBA INTERNATIONAL, S.A.",ITAÚ BBA
OR,1286,121100,BANCO BOLIVARIANO C.A.,BANCO BOLIVARIANO C.A.,,N5001059D,CL,LAGASCA,73,"PL. 1, OFICINA G",28001,MADRID,,EC,,914323486,,915784249,,,,0000,06/03/2008,04/10/2007,,28,,N,,BANCO BOLIVARIANO C.A.,JUNIN 200 Y PANAMA,GUAYAQUIL,,59342305000,59342566378,,12,,BANCO BOLIVARIANO C.A.,BOLIVARIANO
OR,1287,121100,RBC EUROPE LIMITED,RBC EUROPE LIMITED,,W4041220G,CL,CALENDULA,93,"MINIPARC III, EDIF.E",28109,EL SOTO DE LA MORALEJA,MADRID,GB,,917902400,,917912901,,,,0000,20/09/2011,04/10/2007,,28,,N,,ROYAL BANK OF CANADA EUROPE LIMITED,"RIVERBANK HOUSE, 2 SWAN LANE",LONDRES EC4R 3BF,,,,,12,,RBC EUROPE LIMITED,RBC EUROPE LIMI
OR,1289,121100,GE CORPORATE FINANCE BANK S.A.S.,GE CORPORATE FINANCE BANK S.A.S.,,N0015486D,CL,LUCHANA,23,PL. 1,28010,MADRID,,FR,,661416300,,0,,16/04/2010,POR CIERRE,0000,16/04/2010,16/05/2008,,28,,N,,GE CORPORATE FINANCE BANK S.A.S.,"18, RUE HOCHE, TOUR FACTO",92988 PARIS LA DEFENSE CEDEX,,33(0)146357958,33(0)146356850,WWW.GE.COM,12,,GE CORPORATE FINANCE BANK S.A.S.,GE CORPORATE
CO,1000,21000,INSTITUTO DE CREDITO OFICIAL,INSTITUTO DE CREDITO OFICIAL,,Q2876002C,PS,DEL PRADO,4,,28014,MADRID,,ES,,915921600,,915921700,,,,0000,19/01/2012,19/06/1971,,28,ICO,S,ICROESMMXXX,,,,,,,,12,,INSTITUTO DE CREDITO OFICIAL,ICO
CO,1002,21000,BANCO DE CREDITO A LA CONSTRUCCION,BANCO DE CREDITO A LA CONSTRUCCION,,A28024008,PZ,SANTA BARBARA,2,,28004,MADRID,,ES,,0,,0,,05/04/1982,POR FUSION POR ABSORCION POR,1005,06/03/2008,29/11/1962,,28,,N,,,,,,,,,12,"BANCO HIPOTECARIO DE ESPAÑA, S.A.",BANCO DE CREDITO A LA CONSTRUCCION,B.CTO.CONST.
CO,1003,21000,"BANCO DE CREDITO INDUSTRIAL, S.A.","BANCO DE CREDITO INDUSTRIAL, S.A.",,A28000578,ZZ,CARRERA DE SAN JERONIMO,40,,28014,MADRID,,ES,,914292702,,0,,11/11/1991,POR FUSION POR ABSORCION POR,0104,16/02/2000,16/10/1920,,28,,N,,,,,,,,,12,"BANCO EXTERIOR DE ESPAÑA, S.A.","BANCO DE CREDITO INDUSTRIAL, S.A.",B.CTO.INDUS.
CO,1006,21000,CREDITO SOCIAL PESQUERO,,,Q2876003A,,,,,0,,,ES,,0,,0,,17/07/1985,,1003,06/03/2008,01/01/1919,,,,N,,,,,,,,,,"BANCO DE CREDITO INDUSTRIAL, S.A.",CREDITO SOCIAL PESQUERO,CTO.SO.PESQ.
BP,0001,30001,"BANCO SANPAOLO, S.A.","BANCO SANPAOLO, S.A.",,A07002066,AV,SANTA EULALIA,1,,7800,IBIZA,BALEARES,ES,,971315012,,971311008,,02/11/1994,POR ASIGNACION NUEVO CODIGO B.E.,0119,26/10/2001,03/01/1935,,7,,N,,,,,,,,,4,"BANC CATALA DE CREDIT, S.A.","BANCO SANPAOLO, S.A.",BANCO SANPAOLO
BP,0003,30001,"BANCO DE DEPOSITOS, S.A.","BANCO DE DEPOSITOS, S.A.",,A07001027,CL,JOSE ORTEGA Y GASSET,29,,28006,MADRID,,ES,,914352175,,915752296,,,,0000,04/09/2008,10/04/1893,,28,,N,BDEPESM1XXX,,,,,,,,12,,"BANCO DE DEPOSITOS, S.A.",B. DEPOSITOS
BP,0004,30001,"BANCO DE ANDALUCIA, S.A.","BANCO DE ANDALUCIA, S.A.",,A11600624,CL,FERNANDEZ Y GONZALEZ,4-12,,41001,SEVILLA,,ES,,954594700,,954228746,WWW.BANCOANDALUCIA.ES,13/08/2009,POR FUSION POR ABSORCION CON TRANS. EN BLOQUE DE ACTIVOS Y PASIVOS A,0075,08/09/2009,01/01/1844,,41,,N,BANDESSSXXX,,,,,,,,1,"BANCO POPULAR ESPAÑOL, S.A.","BANCO DE ANDALUCIA, S.A.",BANCO ANDALUCIA
BP,0008,30001,"BANCO ATLANTICO, S.A.","BANCO ATLANTICO, S.A.",,A08017337,AV,DIAGONAL,407 BIS,,8008,BARCELONA,,ES,,934020100,,932188317,WWW.BATLANTICO.ES,13/09/2004,POR FUSION POR ABSORCION POR,0081,06/03/2008,12/02/1901,,8,,N,,,,,,,,,9,"BANCO DE SABADELL, S.A.","BANCO ATLANTICO, S.A.",BANCO ATLANTICO
BP,0123,30001,"BANCO DE HUELVA, S.A., EN LIQUIDACION","BANCO DE HUELVA, S.A., EN LIQUIDACION",,A21003942,PS,DE LA CASTELLANA,81,PL. 12,28046,MADRID,,ES,,915562889,,913746202,,20/04/2004,POR REGULARIZACION DE SU SITUACION REGISTRAL,0000,06/03/2008,02/01/1965,,28,,N,,,,,,,,,12,,"BANCO DE HUELVA, S.A., EN LIQ.",BANCO DE HUELVA
BP,0124,30001,"BANCO DE LA EXPORTACION, S.A.","BANCO DE LA EXPORTACION, S.A.",,A46023578,CL,BARCAS,10,,46002,VALENCIA,,ES,,963517862,,963523242,,07/07/1997,POR CESION GLOBAL DE ACTIVOS Y PASIVOS A,2013,06/06/2006,16/01/1965,,46,,N,,,,,,,,,15,CAJA DE AHORROS DE CATALUÑA,"BANCO DE LA EXPORTACION, S.A.",EXPORTACION
CC,3168,53001,"CAJA RURAL DE MONTROY, COOP. CTO. VALENCIANA","CAJA RURAL DE MONTROY, COOPERATIVA CREDITO VALENCIANA",,F46026407,AV,VICENTE BLASCO IBAÑEZ,6,,46193,MONTROY,VALENCIA,ES,,962555479,,962555479,,14/03/1994,POR CESION GLOBAL DE ACTIVOS Y PASIVOS A,3118,01/09/2000,14/11/1953,,46,,N,,,,,,,,,15,"CAJA RURAL DE TORRENT, COOPERATIVA DE CREDITO VALENCIANA","CAJA RURAL DE MONTROY, C.C.V.",C.R. MONTROY
CC,3179,53001,"CAJA R. DE ALGINET, S.C.C.V.","CAJA RURAL DE ALGINET, SOCIEDAD COOPERATIVA CREDITO VALENCIANA",,F46163598,CL,VALENCIA,13,,46230,ALGINET,VALENCIA,ES,,961750400,,961750433,WWW.RURALVIA.COM,,,0000,18/02/2008,02/09/1981,,46,,N,BCOEESMM179,,,,,,,,15,,"CAJA R. DE ALGINET, S.C.C.V.",C.R. DE ALGINET
EFC,4740,74704,"ARABE ESPAÑOLA DE LEASING, S.A. -E.F.C.-","ARABE ESPAÑOLA DE LEASING, S.A. -E.F.C.-",,A28774198,PS,DE LA CASTELLANA,257,,28046,MADRID,,ES,,913149595,,913149690,,04/11/1997,POR DISOLUCION Y CESION GLOBAL DEL ACTIVO Y PASIVO A,0136,06/03/2008,17/09/1996,,28,,N,,,,,,,,,12,"BANCO ARABE ESPAÑOL, S.A.","ARABE ESPAÑOLA DE LEASING, S.A.",ARESLEASING
EFC,4742,74704,"ESPIRITO SANTO LEASING, S.A., E.F.C.","ESPIRITO SANTO LEASING, S.A., E.F.C.",,A28776516,CL,VELAZQUEZ,108-110,,28006,MADRID,,ES,,915667148,,915627408,,01/12/1998,POR FUSION POR ABSORCION POR,0131,06/03/2008,13/12/1996,,28,,N,,,,,,,,,12,"BANCO ESPIRITO SANTO, S.A.","ESPIRITO SANTO LEASING, S.A.,E.F.C.",ESPIRITO SANTO
EFC,4753,74704,"EDAMLEASING E.F.C., S.A.","EDAMLEASING E.F.C., S.A.",,A08674525,TR,DE GRACIA,11,PL. 5,8021,BARCELONA,,ES,,933163333,,933163165,,21/09/2009,POR FUSION POR ABSORCION CON DISOLUCION SIN LIQUIDACION POR,0142,21/09/2009,31/12/1996,,8,,N,,,,,,,,,9,"BANCO DE LA PEQUEÑA Y MEDIANA EMPRESA, S.A.","EDAMLEASING E.F.C., S.A.",EDAMLEASING
EFC,4757,74704,"BANSALEASE, S.A., E.F.C.","BANSALEASE, S.A., ESTABLECIMIENTO FINANCIERO DE CREDITO",,A28922599,AV,DE CANTABRIA,S/N,CIUDAD GR. SANTANDER,28660,BOADILLA DEL MONTE,MADRID,ES,,913422659,,913422805,WWW.BANSALEASE.COM,25/02/2010,POR FUSION POR ABSORCION CON TRANS. EN BLOQUE DE ACTIVOS Y PASIVOS A,0049,25/02/2010,30/12/1996,,28,,N,,,,,,,,,12,"BANCO SANTANDER, S.A.","BANSALEASE, S.A., E.F.C.",BANSALEASE EFC
EFC,4765,74704,"LEASE PLAN ESPAÑA S.A., E.F.C.","LEASE PLAN ESPAÑA S.A., ESTABLECIMIENTO FINANCIERO DE CREDITO",,A78007481,CL,CALENDULA,95,,28109,ALCOBENDAS,MADRID,ES,,916509961,,916509342,,10/12/2001,POR CAMBIO DE OBJETO SOCIAL,0000,11/12/2001,30/12/1996,,28,,N,,,,,,,,,12,,"LEASE PLAN ESPAÑA S.A., E.F.C.",LEASE PLAN
EFC,4767,74704,"CAIXALEASING Y FACTORING, E.F.C., S.A.","CAIXALEASING Y FACTORING, ESTABLECIMIENTO FINANCIERO DE CREDITO, S.A.",,A08993107,,GRAN VIA LES CORTS CATALANES,130-136,,8038,BARCELONA,,ES,,934048300,,934044160,,08/10/2003,POR DISOLUCION CON CESION GLOBAL DE ACTIVOS Y PASIVOS A,2100,08/10/2003,05/11/1996,,8,,N,,,,,,,,,9,"CAIXABANK, S.A.","CAIXALEASING Y FACTORING, E.F.C.,SA",CAIXALEASING
EFC,4779,74704,"LEASING CATALUNYA, E.F.C., S.A.","LEASING CATALUNYA, ESTABLECIMIENTO FINANCIERO DE CREDITO, S.A.",,A58255043,CL,FONTANELLA,5-7,,8010,BARCELONA,,ES,,933172016,,933172638,,10/09/2007,POR DISOLUCION CON CESION GLOBAL DE ACTIVOS Y PASIVOS A,2013,10/09/2007,21/10/1996,,8,LISCAT,S,,,,,,,,,9,CAIXA D'ESTALVIS DE CATALUNYA,"LEASING CATALUNYA, E.F.C., S.A.",LISCAT
EFC,8209,74704,"HIPOTECAIXA, E.F.C., S.A.","HIPOTECAIXA, ESTABLECIMIENTO FINANCIERO DE CREDITO, S.A.",,A08854457,AV,DIAGONAL,621-629,,8028,BARCELONA,,ES,,934046000,,933399858,,19/01/2006,POR DISOLUCION CON CESION GLOBAL DE ACTIVOS Y PASIVOS A,2100,19/01/2006,31/12/1996,,8,,N,,,,,,,,,9,"CAIXABANK, S.A.","HIPOTECAIXA, E.F.C., S.A.",HIPOTECAIXA
EFC,8825,74704,"ADQUIERA SERVICIOS FINANCIEROS EFC, SA","ADQUIERA SERVICIOS FINANCIEROS E.F.C., S.A.",,A97784052,CL,ROGER DE LAURIA,24,PL. 2,46002,VALENCIA,,ES,,961974799,,963521984,WWW.ADQUIERA.ES,,,0000,06/03/2008,13/10/2006,,46,,N,,,,,,,,,15,,"ADQUIERA SERVICIOS FINANCIEROS EFC,",ADQUIERA
EFC,8826,74704,"DEUTSCHE LEASING IBERICA, E.F.C., S.A.","DEUTSCHE LEASING IBERICA, E.F.C., S.A.",,A84838200,CL,GRAN VIA LES CORTS CATALANES,129-131,PL. 11,8014,BARCELONA,,ES,,932988843,,932965774,,,,0000,23/04/2012,06/11/2006,,8,,N,,,,,,,,,9,,"DEUTSCHE LEASING IBERICA, E.F.C, SA",DEUTSCHE LEASIN
SDEC,7862,87861,"CARTUJA CORPORACION EMPRESARIAL, S.A.","CARTUJA CORPORACION EMPRESARIAL, S.A.",,A91033779,CL,SANTO TOMAS,17,,41004,SEVILLA,,ES,,954919680,,954919685,,22/09/2009,POR CAMBIO DE OBJETO SOCIAL DE LA ENTIDAD CON CODIGO 8817.,0000,22/09/2009,01/03/2007,,41,,N,,,,,,,,,1,,CARTUJA CORPORACION EMPRESARIAL,CARTUJA
SECC,0179,90105,"CAISSE NATIONALE DE CREDIT AGRICOLE, SUC. ESPAÑA","CAISSE NATIONALE DE CREDIT AGRICOLE, SUCURSAL EN ESPAÑA",,G0011147F,PS,DE LA HABANA,101,PL. 4,28036,MADRID,,FR,,913742424,,913742552,,05/12/1997,POR CIERRE,0000,18/10/2000,20/03/1987,,28,,N,AGRIESMM,,,,,,,,12,,CAISSE NATIONALE DE CREDIT AGRICOLE,CREDIT AGRICOLE
SECC,0174,90105,"BANCA INTESA S.P.A., SUCURSAL EN ESPAÑA","BANCA INTESA S.P.A., SUCURSAL EN ESPAÑA",,A0051002D,CL,SERRANO,67,,28006,MADRID,,IT,,914264000,,914264063,,13/11/2003,POR CIERRE,0000,06/03/2008,19/12/1983,,28,,N,BCITESMMXXX,BANCA INTESA BANCA COMMERCIALE     ITALIANA S.P.A.,"PIAZZA PAOLO FERRARI, 10",MILAN,,,,,12,,"BANCA INTESA S.P.A., S.E.","INTESA, S.P.A."
SECC,1462,90105,"ASSOCIATES CAPITAL CORPORATION, PLC. S.E.","ASSOCIATES CAPITAL CORPORATION, PLC. SUCURSAL EN ESPAÑA",,A0065247I,CL,ACANTO,22,PL. 1,28045,MADRID,,GB,,915270040,,915305135,,05/08/2003,POR CIERRE CON APORTACION DE SUS ACTIVOS Y PASIVOS A,8818,12/11/2004,09/06/1998,,28,,N,ASSCESM1XXX,"ASSOCIATES CAPITAL CORPORATION,    PLC.",,BERKSHIRE,,,,,12,"CITIFIN, S.A., E.F.C.","ASSOCIATES CAPITAL CORPORATION,PLC.",ACC BANK PLC
SECC,1475,90105,"CORTAL CONSORS, S.E.","CORTAL CONSORS, SUCURSAL EN ESPAÑA",,W0012959C,CL,RIBERA DEL LOIRA,28,,28042,MADRID,,FR,,912095050,,915210900,,,,0000,01/01/2009,19/01/2001,,28,,N,,BANQUE CORTAL,"131, AVENUE CHARLES DE GAULLE",92571 NEUILLY-SUR-SEINE CEDEX,,,,,12,,"CORTAL CONSORS, S.E.",CORTAL CONSORS
SECC,1476,90105,"FIMATEX, S.A., S.E.","FIMATEX, S.A., SUCURSAL EN ESPAÑA",,N0012991F,CL,CASTELLO,123,,28006,MADRID,,FR,,917873300,,917873301,,10/05/2002,POR CIERRE,0000,06/03/2008,12/03/2001,,28,,N,,,,,,,,,12,,"FIMATEX, S.A., S.E.",FIMATEX
SECC,1477,90105,"THE ROYAL BANK OF SCOTLAND PLC, S.E.","THE ROYAL BANK OF SCOTLAND PLC, SUCURSAL EN ESPAÑA",,W0066180A,CL,JOSE ORTEGA Y GASSET,29,PL. 5,28006,MADRID,,GB,,914385100,,914385300,WWW.RBOS.ES,,,0000,01/09/2010,02/04/2001,,28,,N,,THE ROYAL BANK OF SCOTLAND PLC,"WATERHOUSE SQUARE, 138 - 142 HOLBORN",EC1N 2TH LONDON,,,,,12,,"THE ROYAL BANK OF SCOTLAND PLC, SE",R. B. SCOTLAND
SECC,1478,90105,"MERRILL LYNCH INTERNATIONAL BANK LTD., S.E.","MERRILL LYNCH INTERNATIONAL BANK LIMITED, SUCURSAL EN ESPAÑA",,N0066144G,PZ,PABLO RUIZ PICASSO,S/N,TORRE PICASSO,28020,MADRID,,GB,,915143000,,915143001,,30/11/2006,POR CIERRE,0000,06/03/2008,17/04/2001,,28,,N,MLIBESM1XXX,MERRILL LYNCH INTERNATIONAL BANK   LIMITED,33 CHESTER STREET,LONDON SW1X 7XD,,,,,12,,"MERRILL LYNCH INTERNAT.BANK LTD.,SE",MERRIL LYNCH
SECC,1479,90105,"NATIXIS, S.A., S.E.","NATIXIS, S.A., SUCURSAL EN ESPAÑA",,W0013055I,PS,DE RECOLETOS,7-9,,28004,MADRID,,FR,N,914319769,,915774562,,,,0000,11/02/2010,07/06/2001,,28,,N,BFCEESMMXXX,"NATIXIS, S.A.","45, RUE SAINT DOMINIQUE",75007 PARIS,,,,,12,,"NATIXIS, S.A., S.E.",NATIXIS
SECC,1483,90105,"BANK OF SCOTLAND, S.E.","BANK OF SCOTLAND, SUCURSAL EN ESPAÑA",,W0066568G,PS,DE LA CASTELLANA,52,PL. 3,28046,MADRID,,GB,,917454150,,917454151,,,,0000,01/01/2009,17/04/2002,,28,,N,,BANK OF SCOTLAND,THE MOUND,EDINBURGH EH1 1YZ,,,,,12,,"BANK OF SCOTLAND, S.E.",BANK SCOTLAND
SECC,1487,90105,"TOYOTA KREDITBANK GMBH, S.E.","TOYOTA KREDITBANK GMBH, SUCURSAL EN ESPAÑA",,W0043045D,AV,DE BRUSELAS,22,ARROYO DE LA VEGA,28108,ALCOBENDAS,MADRID,DE,,911513400,,915860341,,,,0000,14/09/2010,11/04/2003,,28,,N,,TOYOTA KREDITBANK GMBH,"TOYOTA ALLEE, 5",50858 COLONIA,,,,,12,,"TOYOTA KREDITBANK GMBH, S.E.",TOYOTA
SECC,1488,90105,"PICTET & CIE (EUROPE), S.A., S.E.","PICTET & CIE (EUROPE), S.A., SUCURSAL EN ESPAÑA",,W0032377D,CL,HERMOSILLA,11,,28001,MADRID,,LU,,915382500,,915783954,,,,0000,21/12/2010,05/05/2003,,28,,N,PICTESMMXXX,PICTET & CIE (EUROPE) S.A.,1 BOULEVARD ROYAL,L-2449 LUXEMBOURG,,,,,12,,"PICTET & CIE (EUROPE), S.A., S.E.",PICTET & CIE
SECC,1525,90105,"BANQUE CHAABI DU MAROC, S.E.","BANQUE CHAABI DU MAROC, SUCURSAL EN ESPAÑA",,W0015442G,AV,DEL DOCTOR ARCE,35,,28002,MADRID,,FR,,915630648,,915630220,WWW.CHAABIBANK.ES,,,0000,25/01/2012,30/04/2008,,28,,N,BCDMESM1XXX,BANQUE CHAABI DU MAROC,49 AVENUE KLEBER 75016,PARIS,,,,,12,,"BANQUE CHAABI DU MAROC, S.E.",BANQUE CHAABI
SECC,1530,90105,"SOFINLOC INSTITUIÇAO FINANCEIRA DE CTO., S.A.,S.E.","SOFINLOC INSTITUIÇAO FINANCEIRA DE CREDITO, S.A., SUCURSAL EN ESPAÑA",,W0104961H,AV,MENENDEZ PELAYO,67,"LOCAL 20, PL. BAJA",28009,MADRID,,PT,,915572300,,915575605,,,,0000,02/01/2009,02/01/2009,,28,,N,,"SOFINLOC-INSTITUIÇAO FINANCEIRA DE CREDITO, S.A.","RUA GENERAL FIRMINO MIGUEL, Nç 5, 14ç",1600-100 LISBOA,,,,,12,,"SOFINLOC INSTITUIÇAO FIN.CTO,SA,SE",SOFINLOC INSTIT
SECC,1533,90105,"BMW BANK GMBH, SUCURSAL EN ESPAÑA","BMW BANK GMBH, SUCURSAL EN ESPAÑA",,W0047044C,AV,DE BURGOS,118,,28050,MADRID,,DE,,913350700,,913350706,,,,0000,10/02/2010,03/11/2009,,28,,N,,BMW BANK GMBH,"HEIDEMANNSTR, 164",D-80939 MUNICH,,8931844599,8931844711,,12,,"BMW BANK GMBH,S.E.",BMW BANK
SECC,1540,90105,"WALSER PRIVATBANK AG, S.E.","WALSER PRIVATBANK AG, SUCURSAL EN ESPAÑA",,W0381691E,PZ,JUAN CARLOS I,10,PL. 1,7012,PALMA,ILLES BALEARS,AT,,971717198,,0,,25/01/2012,POR CIERRE,0000,25/01/2012,22/03/2011,,7,,N,,WALSER PRIVATBANK AG,"WALSERSTRASSE, 63",6992 HIRSCHEGG,,,,,4,,"WALSER PRIVATBANK AG, S.E.",WALSER PRIVATBA
SECE,0146,100146,"CITIBANK, N.A. S.E.","CITIBANK, N.A. SUCURSAL EN ESPAÑA",,A4001379I,CL,JOSE ORTEGA Y GASSET,29,,28006,MADRID,,US,,915384100,,914352811,,28/02/2001,POR CIERRE CON APORTACION DE SUS ACTIVOS Y PASIVOS A,1474,05/10/2005,27/03/1979,,28,,N,,,,,,,,,12,"CITIBANK INTERNATIONAL PLC, SUCURSAL EN ESPAÑA","CITIBANK, N.A. S.E.",CITIBANK S.E.
SECE,0147,100146,"MORGAN GUARANTY TRUST COMPANY OF NEW YORK, S.E.","MORGAN GUARANTY TRUST COMPANY OF NEW YORK, SUCURSAL EN ESPAÑA",,A4001082I,CL,JOSE ORTEGA Y GASSET,29,,28006,MADRID,,US,,914356041,,915775814,,26/11/2001,POR CIERRE CON CESION DE SUS ACTIVOS Y PASIVOS A,0151,06/03/2008,02/04/1979,,28,,N,MGTCESMXXXX,,,,,,,,12,"THE CHASE MANHATTAN BANK, SUCURSAL EN ESPAÑA",MORGAN GUARANTY TRUST CO.,MORGAN GUARANTY
SECE,0148,100146,"THE CHASE MANHATTAN BANK N.A., SUCURSAL EN ESPAÑA","THE CHASE MANHATTAN BANK N.A., SUCURSAL EN ESPAÑA",,A4001146B,CL,PEONIAS,2,PL.7 E. PIOVERA AZUL,28042,MADRID,,US,,913219100,,913219131,,02/08/1996,POR CESION GLOBAL DE ACTIVOS Y PASIVOS A,0151,04/05/2005,30/03/1979,,28,,N,,,,,,,,,12,"THE CHASE MANHATTAN BANK, SUCURSAL EN ESPAÑA","THE CHASE MANHATTAN BANK N.A., S.E.",CHASE MANHATTAN
SECE,0151,100146,"JPMORGAN CHASE BANK NATIONAL ASSOCIATION, S.E.","JPMORGAN CHASE BANK NATIONAL ASSOCIATION, SUCURSAL EN ESPAÑA",,W4001407H,CL,JOSE ORTEGA Y GASSET,29,,28006,MADRID,,US,,915161200,,915161616,,,,0000,16/06/2011,10/05/1979,,28,,N,CHASESM3XXX,JPMORGAN CHASE BANK NATIONAL       ASSOCIATION,"270 PARK AVENUE, PISO 35, NUEVA YORK",NUEVA YORK,,,,,12,,JPMORGAN CHASE BANK NAT. ASSOC.S.E,JPMORGAN CHASE
SECE,0155,100146,"BANCO DO BRASIL, S.A., S.E.","BANCO DO BRASIL, S.A., SUCURSAL EN ESPAÑA",,W5081021G,CL,JOSE ORTEGA Y GASSET,29,PL. 1,28006,MADRID,,BR,,914232500,,914232520,,,,0000,08/12/2011,22/01/1980,,28,,N,BRASESMMXXX,"BANCO DO BRASIL, S.A.,",ED.SEDE III SETOR BANCARIO SUL QUADRA-01 BLOCO-C LOTE-32,CEP-70073-401-BRASILIA(DF) BRASIL,,,,,12,,"BANCO DO BRASIL, S.A., S.E.",BANCO DO BRASIL
SECE,0160,100146,"THE BANK OF TOKYO-MITSUBISHI UFJ, LTD, S.E.","THE BANK OF TOKYO-MITSUBISHI UFJ, LTD., SUCURSAL EN ESPAÑA",,W7321065J,CL,JOSE ORTEGA Y GASSET,29,PL. 3,28006,MADRID,,JP,,914328500,,914328597,,,,0000,10/02/2010,14/10/1986,,28,,N,BOTKESMXXXX,"THE BANK OF TOKYO-MITSUBISHI UFJ,  LTD.","7-1, MARUNOUCHI 2- CHOME, CHIYODA-KU, TOKYO 100-8388 JAPAN",TOKIO,,,,,12,,THE BANK OF TOKYO-MITSUBISHI UFJ,TOKYO-MITSUBISH
SECE,0164,100146,BANCO STANDARD CHARTERED S.E.,BANCO STANDARD CHARTERED SUCURSAL EN ESPAÑA,,A5041004B,CL,SERRANO,49,,28006,MADRID,,GB,,915376800,,915755780,,22/12/1998,POR CIERRE,0000,18/10/2000,11/03/1981,,28,,N,BSCEESMMXXX,,,,,,,,12,,BANCO STANDARD CHARTERED S.E.,STANDARD CHARTE
SECE,0161,100146,"DEUTSCHE BANK TRUST COMPANY AMERICAS, S.E.","DEUTSCHE BANK TRUST COMPANY AMERICAS, SUCURSAL EN ESPAÑA",,N4001091J,PS,DE LA CASTELLANA,31,,28046,MADRID,,US,,915387500,,915387599,,,,0000,01/01/2009,04/09/1980,,28,,N,BKTRESM1XXX,DEUTSCHE B. TRUST COMPANY AMERICAS,60 WALL STREET,"NEW YORK, NEW YORK",,,,,12,,DEUTSCHE BANK TRUST COMPANY AMERICA,DB-TRUST COMPAN
SECE,0166,100146,"BANCO DO ESTADO DE SAO PAULO, S.A., S. MADRID","BANCO DO ESTADO DE SAO PAULO, S.A., BANESPA, SUCURSAL EN MADRID",,A5081025H,PZ,MANUEL GOMEZ MORENO,2,PL. 7-B EDIF.A.MAHOU,28020,MADRID,,BR,,915971728,,915972553,,31/07/2001,POR CIERRE,0000,19/09/2001,20/07/1981,,28,,N,BESPESMMXXX,,,,,,,,12,,BANCO DO ESTADO DE SAO PAULO,BANESPA
SECE,0169,100146,"BANCO DE LA NACION ARGENTINA, S.E.","BANCO DE LA NACION ARGENTINA, SUCURSAL EN ESPAÑA",,W5281004A,CL,NUÑEZ DE BALBOA,73,,28001,MADRID,,AR,,915763703,,915766142,,,,0000,22/03/2011,15/02/1983,,28,,N,NACNESMMXXX,BANCO DE LA NACION ARGENTINA,"BARTOLOME MITRE, 326",1036 BUENOS AIRES,,,,,12,,"BANCO DE LA NACION ARGENTINA, S.E.",NACION ARGENT.
SECE,0170,100146,"BANCO REAL, S.A., S.E.","BANCO REAL, S.A., SUCURSAL EN ESPAÑA",,A5081027D,PZ,PABLO RUIZ PICASSO,S/N,"PL.32, ED.T. PICASSO",28020,MADRID,,BR,,915557584,,915557240,,05/10/1999,POR CIERRE,0000,19/10/1999,29/03/1983,,28,,N,,,,,,,,,12,,"BANCO REAL, S.A., S.E.",BANCO REAL
SECE,0171,100146,"THE SUMITOMO BANK, S.E.","THE SUMITOMO BANK, SUCURSAL EN ESPAÑA",,A7321032J,PS,DE LA CASTELLANA,51,PL. 6,28046,MADRID,,JP,,913195048,,913199845,,12/03/1999,POR CIERRE,0000,15/04/1999,08/05/1983,,28,,N,SMITESMXXXX,,,,,,,,12,,"THE SUMITOMO BANK, S.E.",SUMITOMO BANK
SECE,0176,100146,"THE BANK OF TOKYO-MITSUBISHI LTD., SUC. ESPAÑA","THE BANK OF TOKYO-MITSUBISHI LTD., SUCURSAL EN ESPAÑA",,A7321065J,CL,JOSE ORTEGA Y GASSET,29,PL. 3,28006,MADRID,,JP,,914328500,,914328597,,01/04/1996,POR ASIGNACION NUEVO CODIDO B.E.,0160,04/05/2005,14/10/1986,,28,,N,,,,,,,,,12,"THE BANK OF TOKYO LIMITED, SUCURSAL EN ESPAÑA",THE BANK OF TOKYO-MITSUBISHI LTD.,TOKYO-MITSUBISH
SECE,0177,100146,"THE SAKURA BANK LIMITED, S.E.","THE SAKURA BANK LIMITED, SUCURSAL EN ESPAÑA",,A7321047H,PS,DE LA CASTELLANA,89,PL. 9,28046,MADRID,,JP,,915565262,,915567375,,02/02/1999,POR CIERRE,0000,20/04/1999,15/10/1986,,28,,N,MITKESM1XXX,,,,,,,,12,,"THE SAKURA BANK LIMITED, S.E.",SAKURA BANK
SECE,0178,100146,"ROYAL BANK OF CANADA, SUCURSAL EN ESPAÑA","ROYAL BANK OF CANADA, SUCURSAL EN ESPAÑA",,A4041031H,PS,DE LA CASTELLANA,51,PL. 4,28046,MADRID,,CA,,913100013,,913083093,,14/01/2000,POR CESION DE ACTIVOS Y PASIVOS A,1471,01/03/2001,09/03/1987,,28,,N,ROYCESM1XXX,,,,,,,,12,"ROYAL BANK OF CANADA EUROPE LIMITED, SUCURSAL EN ESPAÑA","ROYAL BANK OF CANADA, SUCURSAL",ROYAL BANK
SECE,0189,100146,MIZUHO CORPORATE BANK LTD. S.E.,MIZUHO CORPORATE BANK LTD. SUCURSAL EN ESPAÑA,,A7321044E,PZ,PABLO RUIZ PICASSO,S/N,,28020,MADRID,,JP,,915972612,,915974697,,29/01/2004,POR CIERRE,0000,06/03/2008,12/05/1989,,28,,N,IBJTESM1XXX,MIZUHO CORPORATE BANK LTD.,,TOKIO,,,,,12,,MIZUHO CORPORATE BANK LTD. S.E.,MIZUHO
SECE,0195,100146,"THE SANWA BANK LIMITED, S.E.","THE SANWA BANK LIMITED, SUCURSAL EN ESPAÑA",,B7321086F,PZ,PABLO RUIZ PICASSO,S/N,PL. 20 TORRE PICASSO,28020,MADRID,,JP,,915550301,,915553165,,22/01/1999,POR CIERRE,0000,18/12/2003,15/11/1989,,28,,N,SANWESM1XXX,,,,,,,,12,,"THE SANWA BANK LIMITED, S.E.",SANWA BANK
SECE,0199,100146,"CREDIT SUISSE FIRST BOSTON, S.E.","CREDIT SUISSE FIRST BOSTON, SUCURSAL EN ESPAÑA",,A0361059I,PS,RECOLETOS,17,,28004,MADRID,,CH,,915551020,,915566129,,16/11/1998,POR CIERRE,0000,18/10/2000,04/06/1990,,28,,N,CRESESMMXXX,,,,,,,,12,,"CREDIT SUISSE FIRST BOSTON, S.E.",CREDIT SUISSE
SECE,0203,100146,"THE FUJI BANK LIMITED, S.E.","THE FUJI BANK LIMITED, SUCURSAL EN ESPAÑA",,B7321104G,PZ,MANUEL GOMEZ MORENO,S/N,PL. 22 EDIF. A.MAHOU,28020,MADRID,,JP,,915819444,,915819443,,06/11/1998,POR CIERRE,0000,18/10/2000,19/12/1990,,28,,N,FUJIJPJTXXX,,,,,,,,12,,"THE FUJI BANK LIMITED, S.E.",FUJI BANK
OR,1164,121100,ESPIRITO SANTO BANK OF FLORIDA,ESPIRITO SANTO BANK OF FLORIDA,,N4001572I,CL,SERRANO,88,,28006,MADRID,,US,,914005009,,914005072,,,,0000,01/01/2009,26/04/1982,,28,,N,ESBFESM1XXX,ESPIRITO SANTO BANK OF FLORIDA,999 BRICKELL AVENUE,MIAMI - FLORIDA 33131,,,,,12,,ESPIRITO SANTO BANK OF FLORIDA,ESPIRITO SANTO
OR,1165,121100,"ROTHSCHILD, N.M. & SONS LIMITED","ROTHSCHILD, N.M. & SONS LIMITED",,,CL,FRANCISCO ALCANTARA,20,,28002,MADRID,,ES,,0,,0,,31/07/1991,POR CIERRE,0000,06/03/2008,26/04/1982,,28,,N,,,,,,,,,12,,"ROTHSCHILD, N.M. & SONS LIMITED",ROTHSCHILD
OR,1166,121100,"MITSUI BANK, LIMITED","MITSUI BANK, LIMITED",,,PS,CASTELLANA,89,,28046,MADRID,,ES,,914565262,,0,,05/12/1991,POR CIERRE,0000,06/03/2008,28/01/1982,,28,,N,,,,,,,,,12,,"MITSUI BANK, LIMITED",MITSUIBANK
OR,1167,121100,BANQUE WORMS,BANQUE WORMS,,,CL,ALFONSO XII,109,,8006,BARCELONA,,FR,,932004632,,932005614,,05/01/2000,POR CIERRE,0000,06/03/2008,03/11/1983,,8,,N,,,,,,,,,9,,BANQUE WORMS,BANQUE WORMS
OR,1168,121100,BANCO NACIONAL DE CUBA,BANCO NACIONAL DE CUBA,,N4481005I,CL,MARCELIANO SANTA MARIA,8,PL. 5 DCHA.,28036,MADRID,,CU,,915646893,,915646888,BANCUBAMAD@TELEFóNICA.NET,,,0000,01/01/2009,07/10/1983,,28,,N,BNACESM1XXX,BANCO NACIONAL DE CUBA,CUBA 402 - E/LAMPARILLA,CDA. HABANA,,33148878269,,,12,,BANCO NACIONAL DE CUBA,CUBA
OR,1169,121100,"THE TOKAI BANK, LTD.","THE TOKAI BANK, LTD.",,A7321057G,CL,ALCALA,44,,28014,MADRID,,ES,,914355477,,912758553,,12/06/1991,POR CIERRE,0000,06/03/2008,13/09/1983,,28,,N,,,,,,,,,12,,"THE TOKAI BANK, LTD.",TOKAIBANK
OR,1170,121100,STANDARD CHARTERED BANK,STANDARD CHARTERED BANK,,N0060668A,CL,PINAR,5,,28006,MADRID,,GB,,917437385,,917437099,,,,0000,17/03/2010,25/04/1983,,28,,N,,"STANDARD CHARTERED BANK, PLC",1 ALDERMANBURY SQUARE,LONDON EC2V 7SB,,4402072807500,,,12,,STANDARD CHARTERED BANK,STANDARD CHART.
OR,1171,121100,CAISSE CENTRALE BANQUES POPULAIRES - BARCELONA,CAISSE CENTRALE BANQUES POPULAIRES - BARCELONA,,,PS,GRACIA,2,,8012,BARCELONA,,ES,,0,,0,,03/02/1992,ASIGNACION ERRONEA DE CODIGO,0000,06/03/2008,29/07/1983,,8,,N,,,,,,,,,9,,CAISSE CENTRALE BANQUES POPULAIRES,CAISSEBANK
OR,1172,121100,FIRST NATIONAL BANK OF MINNEAPOLIS,FIRST NATIONAL BANK OF MINNEAPOLIS,,,PS,CASTELLANA,13,,28046,MADRID,,ES,,0,,0,,24/03/1988,.,0000,06/03/2008,29/07/1983,,28,,N,,,,,,,,,12,,FIRST NATIONAL BANK OF MINNEAPOLIS,B. MINNEAPOLIS
OR,1173,121100,BANQUE COURTOIS,BANQUE COURTOIS,,A0011495I,CL,BALMES,89-91,PL. 6,8008,BARCELONA,,FR,,0,,0,,15/10/2008,POR CIERRE,0000,15/10/2008,17/06/1985,,8,,N,COURESB1XXX,BANQUE COURTOIS,"33, RUE DE REMUSAT",31000 TOULOUSE CEDEX,,61296129,,,9,,BANQUE COURTOIS,BANQUE COURTOIS
OR,1174,121100,JYSKE BANK,JYSKE BANK,,A0081041F,AV,SUEL,8,PUEBLA LUCIA,29640,FUENGIROLA,MALAGA,ES,,952460112,,952460162,,12/05/1998,A PETICION PROPIA,0000,06/03/2008,28/04/1986,,29,,N,,,,,,,,,1,,JYSKE BANK,JYSKE BANK
OR,1176,121100,AUSTRALIA AND NEW ZEALAND B.G.L. ANZ GRINDLAYS B.,AUSTRALIA AND NEW ZEALAND B.G.L. ANZ GRINDLAYS BANK PLC.,,,PS,CASTELLANA,23,,28046,MADRID,,ES,,913083838,,0,,31/12/1991,POR CIERRE,0000,06/03/2008,22/04/1986,,28,,N,,,,,,,,,12,,AUSTRALIA AND NEW ZEALAND B.G.L.,AUSTRALIAZE
OR,1178,121100,SOCIETE LYONNAISE DE BANQUE,SOCIETE LYONNAISE DE BANQUE,,A0011507A,AV,DIAGONAL,618,PL. 4 - A Y B,8021,BARCELONA,,ES,,932092899,,932010157,,11/03/1996,A PETICION PROPIA,0000,06/03/2008,01/08/1986,,8,,N,,,,,,,,,9,,SOCIETE LYONNAISE DE BANQUE,LYONNAISE
OR,1177,121100,CREDIT INDUSTRIEL ET COMMERCIAL,CREDIT INDUSTRIEL ET COMMERCIAL,,N0011186D,CL,MARQUES DE LA ENSENADA,2,PL. 3,28004,MADRID,,FR,,913103281,,913082983,,,,0000,01/01/2009,10/07/1980,,28,,N,,CREDIT INDUSTRIEL ET COMMERCIAL,"4, RUE GAILLON                                                   75107 PARIS CEDEX 2",,,142667000,,,12,,CREDIT INDUSTRIEL ET COMMERCIAL,CIC BANQUES
OR,1179,121100,CASSA DI RISPARMIO DELLE PROVINCIE LOMBARDE,CASSA DI RISPARMIO DELLE PROVINCIE LOMBARDE,,,CL,SERRANO,73,5´ PLANTA,28006,MADRID,,ES,,0,,0,,11/05/1992,POR CIERRE,0000,06/03/2008,04/08/1986,,28,,N,,,,,,,,,12,,CASSA RISPARMIO PROVINCIE LOMBARDE,CASSARISPAR
OR,1180,121100,BANCO ESPIRITO SANTO E COMERCIAL DE LISBOA,BANCO ESPIRITO SANTO E COMERCIAL DE LISBOA,,,PZ,COLON,2,TORRE COLON,28046,MADRID,,ES,,914201302,,0,,05/07/1993,POR CIERRE,0000,06/03/2008,13/02/1987,,28,,N,,,,,,,,,12,,B. ESPIRITO SANTO COMERCIAL LISBOA,ESPIRITOSANT
OR,1181,121100,BANCO DE FOMENTO E EXTERIOR-PORTUGAL,BANCO DE FOMENTO E EXTERIOR- PORTUGAL,,A0401028F,CL,SERRANO,49,,28006,MADRID,,ES,,915778974,,915766387,,16/05/1994,A PETICION PROPIA,0000,06/03/2008,24/06/1987,,28,,N,,,,,,,,,12,,BANCO DE FOMENTO EXTERIOR-PORTUGAL,FOMEXPO
OR,1184,121100,HAMBROS BANK (JERSEY) LIMITED,HAMBROS BANK (JERSEY) LIMITED,,,,.,,,28000,MADRID,,US,,0,,0,,16/11/1987,POR CIERRE,0000,06/03/2008,02/10/1987,,28,,N,,,,,,,,,12,,HAMBROS BANK (JERSEY) LIMITED,HAMBROS BANK
OR,1189,121100,"THE INDUSTRIAL BANK OF JAPAN, LTD.","THE INDUSTRIAL BANK OF JAPAN, LTD.",,,PS,CASTELLANA,51,PL.3,28046,MADRID,,ES,,914197107,,0,,03/07/1993,POR CIERRE,0000,06/03/2008,02/06/1989,,28,,N,,,,,,,,,12,,"THE INDUSTRIAL BANK OF JAPAN, LTD.",INDUSTRIALBA
OR,1190,121100,CREDIT SUISSE DE ZURICH,CREDIT SUISSE DE ZURICH,,A0361865I,PS,RECOLETOS,17,,28004,MADRID,,ES,,915959999,,915213011,,03/03/1998,A PETICION PROPIA,0000,06/03/2008,08/06/1989,,28,,N,,,,,,,,,12,,CREDIT SUISSE DE ZURICH,CREDIT SUISSE
OR,1191,121100,SVENSKA HANDELSBANKEN,SVENSKA HANDELSBANKEN,,A0301022J,UR,NUEVA ANDALUCIA,,CENTRO COM. PLAZA 2,29660,MARBELLA,MALAGA,SE,,952817550,,952817567,,15/10/2008,POR CIERRE,0000,15/10/2008,15/03/1990,,29,,N,HANDES21XXX,SVENSKA HANDELSBANKEN,"KUNGSTRÄDGARDSGATAN, 2",S-10670 STOCKHOLM,,87011000,,,1,,SVENSKA HANDELSBANKEN,SVENSKA HANDELS
OR,1192,121100,GIROCREDIT BANK A.G. DER SPARKASSEN,GIROCREDIT BANK A.G. DER SPARKASSEN,,A0381006F,CL,FERNANDO EL SANTO,3,PL. 3,28010,MADRID,,ES,,913082988,,913082893,,14/01/1998,POR ABSORCION DE LA ENTIDAD REPRESENTADA POR,1211,06/03/2008,19/04/1990,,28,,N,,,,,,,,,12,ERSTE BANK DER OESTERREICHISCHEN SPARKASSEN  A.G.,GIROCREDIT BANK A.G. DER SPARKASSEN,GIROCREDIT BANK
OR,1197,121100,BANQUE INTERNATIONALE A LUXEMBOURG,BANQUE INTERNATIONALE A LUXEMBOURG,,A0021178I,PS,GRACIA,16,PL. 6,8007,BARCELONA,,LU,,934120440,,934124221,,17/10/2005,POR CIERRE,0000,06/03/2008,03/06/1991,,8,,N,BILLESB1XXX,BANQUE INTERNATIONALE A            LUXEMBOURG,"RUE DU RHONE, 30",1204 GENEVE,,41228190909,,,9,,BANQUE INTERNATIONALE A LUXEMBOURG,BIL
OR,1217,121100,"UNION BANK OF FINLAND INTERNATIONAL, S.A.","UNION BANK OF FINLAND INTERNATIONAL, S.A.",,A0021220I,PQ,DOñA SOFIA,3,"1-J, PASEO MARITIMO",29640,FUENGIROLA,MALAGA,ES,,952584661,,952584661,,08/10/1993,A PETICION PROPIA,0000,06/03/2008,07/04/1992,,29,,N,,,,,,,,,1,,UNION BANK OF FINLAND INTERN.,UNION BANK FIND
OR,1218,121100,"NORDBANKEN LUXEMBOURG, S.A.","NORDBANKEN LUXEMBOURG, S.A.",,A0211166D,ED,ATENEA,2,URB.TORRE REAL,29600,MARBELLA,MALAGA,ES,,952861676,,0,,19/04/1993,A PETICION PROPIA,0000,06/03/2008,10/06/1992,,29,,N,,,,,,,,,1,,"NORDBANKEN LUXEMBOURG,",NORDBANKEN LUX.
OR,1219,121100,CREDIT LOCAL DE FRANCE,CREDIT LOCAL DE FRANCE,,A0011730I,CL,FORTUNY,6,PL. 3,28010,MADRID,,FR,,913082964,,913199538,,14/03/2000,POR CIERRE,0000,06/03/2008,24/06/1992,,28,,N,,,,,,,,,12,,CREDIT LOCAL DE FRANCE,CREDIT LOCAL
OR,1220,121100,SOCIETE MARSEILLAISE DE CREDIT,SOCIETE MARSEILLAISE DE CREDIT,,A0011551I,CL,MARQUES DEL DUERO,3,BAJO DCHA.,28001,MADRID,,FR,,914319614,,914311081,,11/11/1999,POR CIERRE,0000,06/03/2008,25/06/1992,,28,,N,,,,,,,,,12,,SOCIETE MARSEILLAISE,S.M.C.
OR,1221,121100,"PHILIPPINE NATIONAL BANK, S.A.","PHILIPPINE NATIONAL BANK, S.A.",,A7081011D,CL,MAYOR,6,PL. 3 - PTA. 2,28013,MADRID,,PH,,915325021,,915324992,,19/11/2008,POR CIERRE,0000,19/11/2008,20/10/1992,,28,,N,PNBMESM1XXX,"PHILIPPINE NATIONAL BANK, S.A.","PNB FINANCIAL CENTER - PRES. DIOSDADO MACAPAGAL BLVD.            PASAY CITY, METRO MANILA",MANILA,,,,,12,,PHILIPPINE NATION,P.N.B.
OR,1222,121100,EQUITABLE P.C.I. BANK,EQUITABLE P.C.I. BANK,,G7081003A,GL,CUATRO CAMINOS,6-7,"PL. 7, OFIC. 703",28020,MADRID,,PH,,915546900,,915544150,,09/12/2008,POR CIERRE,0000,09/12/2008,23/02/1993,,28,,N,PCIBESM1XXX,EQUITABLE P.C.I. BANK,"1PCIBANK TOWERS, MAKATI AVE. COR.H.V. DE LA COSTA","MAKATI, METRO MANILA",,,,,12,,EQUITABLE P.C.I. BANK,EQUITABLE P.C.I
OR,1223,121100,"SYDBANK LUXEMBOURG, S.A.","SYDBANK LUXEMBOURG, S.A.",,A0021192J,CR,DE MIJAS,"KM. 4,5",CENTRO NORDICO,29649,MIJAS,MALAGA,ES,,952465821,,952465864,,11/11/1998,A PETICION PROPIA,0000,06/03/2008,23/04/1993,,29,,N,,,,,,,,,1,,"SYDBANK LUXEMBOURG, S.A.",SYDBANK LUXEMB.
OR,1224,121100,RHEINHYP RHEINISCHE HYPOTHEKENBANK A.G.,RHEINHYP RHEINISCHE HYPOTHEKENBANK A.G.,,A0041613A,PS,DE LA CASTELLANA,110,PL. 1,28046,MADRID,,DE,,915724900,,915724730,,13/11/2002,POR CIERRE,0000,06/03/2008,15/07/1993,,28,,N,RHRHESM1XXX,,,,,,,,12,,RHEINHYP RHEINISCHE HYPOTHEKENBANK,RHEINHYP
OR,1225,121100,"CREDIT AGRICOLE INDOSUEZ LUXEMBOURG, S.A.","CREDIT AGRICOLE INDOSUEZ LUXEMBOURG, S.A.",,A0901087G,AV,SEVERO OCHOA,28,ED.MARINA MARB.2 A 1,29600,MARBELLA,MALAGA,LU,,952777760,,952866655,,25/01/2006,POR CIERRE,0000,06/03/2008,08/09/1993,,29,,N,,"CREDIT AGRICOLE INDOSUEZ           LUXEMBOURG, S.A.","16, AVD. PASTEUR",L-23110 LUXEMBOURG,,3524744701,,,1,,"CREDIT AGRICOLE INDOSUEZ LUXEMB.,SA",CREDIT A.INDOS.
OR,1226,121100,BANK AUSTRIA AKTIENGESELLSCHAFT,BANK AUSTRIA AKTIENGESELLSCHAFT,,A0381043I,CL,FERNANDO EL SANTO,3,PL. 3,28010,MADRID,,AT,,915950248,,915313770,,07/11/2001,POR CIERRE,0000,06/03/2008,23/02/1994,,28,,N,,,,,,,,,12,,BANK AUSTRIA AKTIENGESELLSCHAFT,BANK AUSTRIA
OR,1227,121100,BANQUE SCS ALLIANCE,BANQUE SCS ALLIANCE,,A0362625F,AV,DIAGONAL,484,PRAL. 1,8006,BARCELONA,,CH,,934160436,,934161637,,04/12/2001,POR CIERRE,0000,06/03/2008,15/02/1995,,8,,N,BSSAESB1XXX,,,,,,,,9,,BANQUE SCS ALLIANCE,SCS
OR,1228,121100,BANCO COMERCIAL MOST BANK,BANCO COMERCIAL MOST BANK,,A0561017E,CL,SERRANO,63,"ESC. IZD., PL. 1 IZD",28006,MADRID,,RU,,914317020,,915771159,,09/04/2001,POR CIERRE,0000,06/03/2008,22/03/1995,,28,,N,,,,,,,,,12,,BANCO COMERCIAL MOST BANK,MOST BANK
OR,1256,121100,WÜRTTEMBERGISCHE HYPOTHEKENBANK AG,WÜRTTEMBERGISCHE HYPOTHEKENBANK AG,,N0042623I,PS,DE GRACIA,60,PL. 3 - C,8007,BARCELONA,,DE,,932721317,,0,,10/02/2004,POR CIERRE,0000,06/03/2008,01/03/2001,,8,,N,,WÜRTTEMBERGISCHE HYPOTHEKENBANK AG,"BÜCHSENSTR., 26",70174 STUTTGART,,497112096452,,,9,,WÜRTTEMBERGISCHE HYPOTHEKENBANK AG,WÜRTTEMBERGER
OR,1262,121100,SKANDIA BANK (SWITZERLAND) A.G.,SKANDIA BANK (SWITZERLAND) A.G.,,N0391318C,CL,JUAN DE MENA,6,BAJO,28014,MADRID,,CH,,0,,0,,20/11/2003,POR CIERRE,0000,06/03/2008,17/09/2002,,28,,N,,SKANDIA BANK (SWITZERLAND) A.G.,"BELLERIVESTRASSE, 30",CH-8034 ZURICH,,4113892600,,,12,,SKANDIA BANK (SWITZERLAND) A.G.,SKANDIA
OR,1264,121100,DEPFA BANK PLC,DEPFA BANK PLC,,N0071384B,CL,MONTE ESQUINZA,30,PL. 4,28010,MADRID,,IE,,917004640,,913100791,,18/12/2007,POR CIERRE,0000,06/03/2008,13/08/2003,,28,,N,,DEPFA BANK PLC,"INTERNATIONAL HOUSE, 3 HARBOURMASTER PLACE",IFSC DUBLIN 1,,35316071509,35318290213,,12,,DEPFA BANK PLC,DEPFA BANK
OR,1265,121100,"ABN AMRO BANK (LUXEMBORG), S.A.","ABN AMRO BANK (LUXEMBORG), S.A.",,N1081062J,AV,"JOSE BANUS, EDIFICIO MALAGA II",,LOCAL 2,29660,MARBELLA,MALAGA,LU,,0,,0,,03/01/2005,POR CIERRE,0000,06/03/2008,03/09/2003,,29,,N,,ABN AMRO (LUXEMBOURG) S.A.,"ESPACE KENNEDY, 46 AVENUE J F KENNEDY",L- 1855 LUXEMBOURG - KIRCHBERG,,00352 2607 1,00352 26072999,,1,,"ABN AMRO BANK (LUXEMBORG), S.A.",ABN AMRO
OR,1269,121100,BHF-BANK (SCHWEIZ) AG,BHF-BANK (SCHWEIZ) AG,,N0391543F,AV,ALCALDE CLEMENTE DIAZ RUIZ,18,LOCAL 6 PUEBLA LUCIA,29640,FUENGIROLA,MALAGA,CH,,952466568,,952469470,,10/08/2009,POR CIERRE,0000,10/08/2009,22/12/2004,,29,,N,,BHF-BANK (SCHWEIZ) AG,"SCHULHAUSSTRASSE, 6",CH-8027 ZURICH,,4144 209 75 11,4144 202 56 06,WWW.BHF-BANK.CH,1,,BHF-BANK (SCHWEIZ) AG,BHF-BANK
OR,1284,121100,SCHRODER & CO. BANK AG,SCHRODER & CO. BANK AG,,N0391856B,CL,PEDRO DE VALDIVIA,14,BAJO,28006,MADRID,,CH,,915901291,,0,,,,0000,22/06/2010,30/03/2007,,28,,N,,SCHRODER & CO. BANK AG,"CENTRAL, 2                                                       8001",ZURICH,,,,,12,,SCHRODER & CO. BANK AG,SCHRODER & CO.
OR,1288,121100,COÖPERATIEVE CENTRALE RAIFFEISEN-BOERENLEENBANK BA,COÖPERATIEVE CENTRALE RAIFFEISEN -BOERENLEENBANK BA(RABOBANK NEDER,,N0033418E,CR,CADIZ,"KM. 178,8",UR MARBELLA REAL L15,29602,MARBELLA,MALAGA,NL,,952924011,,952924398,,14/10/2008,POR CIERRE,0000,14/10/2008,16/10/2007,,29,RABOBANK,S,,COÖPERATIEVE CENTRALE RAIFFEISEN-  BOERENLEENBANK B.A.                (RABOBANK NEDERLAND),CROESELAAN 28,3521 CB UTRECHT,,302160000,302164275,,1,,COÖP.CENT.RAIFFEISEN-BOERENLEENBANK,RABOBANK
OR,1290,121100,RAIFFEISEN BANK INTERNATIONAL AG,RAIFFEISEN BANK INTERNATIONAL AG,,N0381457A,CL,PRINCIPE DE VERGARA,11,PL. 4 C,28001,MADRID,,AT,,914316536,,914318572,,,,0000,09/12/2010,27/05/2008,,28,,N,,RAIFFEISEN BANK INTERNATIONAL AG,"AM STADTPARK, 9",VIENA A-1030,,431717071697,431717073145,,12,,RAIFFEISEN BANK INTERNATIONAL AG,RBI
OR,1291,121100,MIZUHO CORPORATE BANK NEDERLAND N.V.,MIZUHO CORPORATE BANK NEDERLAND N.V.,,N0034615E,CL,ORENSE,34,PL. 6,28020,MADRID,,NL,,915982905,,917702333,,,,0000,29/09/2008,10/06/2008,,28,,N,,MIZUHO CORPORATE BANK NEDERLAND N.V,"CL. APOLLOLAAN, 171",1077 AS AMSTERDAM,,31(0)205734347,31(0)5734372,,12,,MIZUHO CORPORATE BANK NEDERLAND N.V,MIZUHO CO. BANK
OR,1292,121100,"SNS PROPERTY FINANCE, B.V.","SNS PROPERTY FINANCE, B.V.",,N0034647H,AV,GRAN VIA LAS CORTES CATALANAS,630,PLT. 4,8007,BARCELONA,,NL,,934920490,,934127124,,04/10/2010,POR CIERRE,0000,04/10/2010,27/06/2008,,8,,N,,SNS PROPERTY FINANCE B.V.,STORKSTRAAT 8-10,3830 AK LEUSDEN,,,,,9,,"SNS PROPERTY FINANCE, B.V.",SNS PROPERTY FI
OR,1293,121100,"BANQUE INTERNATIONALE POUR LE MALI, S.A.","BANQUE INTERNATIONALE POUR LE MALI, S.A.",,W2321004J,CL,RONDA DE SEGOVIA,42,,28005,MADRID,,ML,,652539821,,0,,,,0000,01/01/2009,05/08/2008,,28,BIM SA,S,,"BANQUE INTERNATIONALE POUR LE      MALI, S.A.",BOULEVARD DE L'INDEPENDANCE B.P. 15,BAMAKO,,223 2225066,223 2224566,,12,,"BANQUE INTERNATIONALE POUR MALI,SA",BIM SA
OR,1294,121100,"BANCO GANADERO, S.A.","BANCO GANADERO, S.A.",,W5161047E,CL,ORENSE,85,,28020,MADRID,,BO,,915006790,,0,,,,0000,16/03/2010,24/11/2008,,28,,N,,"BANCO GANADERO, S.A.","CL BOLIVAR, 99 ESQUINA BENI",SANTA CRUZ DE LA SIERRA,,(591-3)3361616,(591-3)3361617,,12,,"BANCO GANADERO, S.A.",BANCO GANADERO
OR,1295,121100,"PAYPAL (EUROPE) S.Á.R.L. Y CIE, S.C.A.","PAYPAL (EUROPE) S.Á.R.L. Y CIE, S.C.A.",,N0181894G,AV,DE EUROPA,4,,28108,ALCOBENDAS,MADRID,LU,,917901000,,917901095,,,,0000,28/11/2008,28/11/2008,,28,,N,,"PAYPAL (EUROPE) S.Á.R.L. Y CIE,    S.C.A.","22-24 BOULEVARD ROYAL, L-2449",LUXEMBURGO,,35226639100,35226639250,,12,,"PAYPAL (EUROPE) S.Á.R.L. Y CIE, S.C",PAYPAL (EUROPE)
OR,1296,121100,LEEDS BUILDING SOCIETY,LEEDS BUILDING SOCIETY,,N8260357B,AV,DE ARAGON,330,"PE.MERCEDES, E.5,PL3",28022,MADRID,,GB,,915625152,,0,,,,0000,08/07/2009,08/07/2009,,28,,N,,LEEDS BUILDING SOCIETY,105 ALBION STREET,LEEDS LS15AS,,,,,12,,LEEDS BUILDING SOCIETY,LEEDS BUILDING
OR,1297,121100,F. VAN LANSCHOT BANKIERS N.V.,F. VAN LANSCHOT BANKIERS N.V.,,N0033709G,CL,LAS HORTENSIAS(NUEVA ANDALUCIA,29,VILLA ARIADNE,29660,MARBELLA,MALAGA,NL,,952062630,,952052631,,,,0000,27/07/2011,12/08/2009,,29,,N,,F. VAN LANSCHOT BANKIERS N.V.,HOOGE STEENWEG 27-31,5211 JN'S HERTOGENBODSCH,,31(0)735483548,31(0)735483648,,1,,F. VAN LANSCHOT BANKIERS N.V.,F. VAN LANSCHOT
OR,1298,121100,SOCIETE GENERALE MAROCAINE DE BANQUES,SOCIETE GENERALE MAROCAINE DE BANQUES,,W2041130B,PZ,PABLO RUIZ PICASSO,1,,28020,MADRID,,MA,,696921070,,915893976,,,,0000,20/11/2009,20/11/2009,,28,,N,,SOCIETE GENERALE MAROCAINE DE      BANQUES,55 BD ABDELMOUMEN,20100 CASABLANCA,,,,,12,,SOCIETE GENERALE MAROCAINE DE BANQ,SOC.GRAL.MARRO
OR,1299,121100,"BANCO L.J. CARREGOSA, S.A.","BANCO L.J. CARREGOSA, S.A.",,N0105590D,CL,HERMOSILLA,91,PL. BAJO B,28001,MADRID,,PT,,914356230,,0,,,,0000,26/11/2009,26/11/2009,,28,,N,,"BANCO L.J. CARREGOSA, S.A.",AV. DA BOAVISTA 1083,4100-129 OPORTO,,351226086460,351226007887,,12,,"BANCO L.J. CARREGOSA, S.A.",L.J. CARREGOSA
OR,1300,121100,ABN AMRO BANK N.V.,ABN AMRO BANK N.V.,,W0035709E,AV,JOSE BANUS EDF. MALAGA,S/N,LOCAL 2B,29660,MARBELLA,MALAGA,NL,,952908843,,952814880,,,,0000,13/04/2010,16/03/2010,,29,,N,,ABN AMRO BANK N.V.,"GUSTAV MAHLERLAAN, 10",1082 PP AMSTERDAM,,,,,1,,ABN AMRO BANK N.V.,ABN AMRO BANK
OR,1310,121100,"BANQUE DE DEVELOPPEMENT DU MALI, S.A","BANQUE DE DEVELOPPEMENT DU MALI, S.A.",,W2321006E,CL,CRISTOBAL LOPEZ LUPIAÑEZ,11,,4006,ALMERIA,,ML,,671894819,,0,,,,0000,18/03/2010,18/03/2010,,4,,N,,"BANQUE DE DEVELOPPEMENT DU MAL, S.A.",MODIBO KËITA,BP 94 BAMAKO,,,,,1,,"BANQUE DE DEVELOPPEMENT DU MALI, SA",DEVELOPP. MALI
OR,1312,121100,"BANQUE PRIVEE ESPIRITO SANTO, S.A.","BANQUE PRIVEE ESPIRITO SANTO, S.A.",,N0106341A,CL,ZURBANO,34,"PL. 2, PTA. DR.",28010,MADRID,,CH,,0,,0,,,,0000,26/01/2011,26/01/2011,,28,BANQUE PRIVEE,S,,"BANQUE PRIVEE ESPIRITO SANTO, S.A.","AV GENERAL GUISAN, 70 A",1009 PULLY O VAUD,,,,,12,,"BANQUE PRIVEE ESPIRITO SANTO, S.A.",BANQUE PRIVEE
OR,1313,121100,CORPBANCA,CORPBANCA,,N5121207D,CL,VELAZQUEZ,94,PL. 1,28006,MADRID,,CL,,917817010,,917817020,,,,0000,31/05/2011,31/05/2011,,28,,N,,CORPBANCA,"ROSARIO NORTE 660, PISO 9, LAS CONDES",SANTIAGO,,,,,12,,CORPBANCA,CORPBANCA
OR,1314,121100,"FINANCIERA INTERNACIONAL, S.A. CíA FINANCIAMIENTO","FINANCIERA INTERNACIONAL, S.A. COMPAÑIA DE FINANCIAMIENTO",,W4801140G,CL,MARQUES DE URQUIJO,47,"PL. 7, PTA. B",28008,MADRID,,CO,,917817407,,914358540,,,,0000,04/08/2011,04/08/2011,,28,,N,,"FINANCIERA INTERNACIONAL, S.A.     COMPAñIA DE FINANCIAMIENTO",AC 80 NO. 100 52 LC N2 028 CC PORTAL 80,BOGOTA,,,,,12,,"FINANCIERA INTERNACIONAL, S.A.",FINAN. INTER.
SGR,9801,139800,"ISBA, S.G.R.","ISBA, SOCIEDAD DE GARANTIA RECIPROCA",,V07066913,CL,GENIL,30,BAJOS,7009,PALMA,ILLES BALEARS,ES,,971461250,,971461165,,,,0000,18/02/2011,16/11/1979,,7,,N,,,,,,,,,4,,"ISBA, S.G.R.",ISBA
OR,1315,121100,"SVENSKA HANDELSBANKEN, S.A.","SVENSKA HANDELSBANKEN, S.A.",,W0182450G,,CENTRO PLAZA,OFICINA 2,NUEVA ANDALUCIA,29660,MARBELLA,MALAGA,LU,,952817550,,952817567,,,,0000,23/11/2011,23/11/2011,,29,,N,,"SVENSKA HANDELSBANKEN, S.A.","15, RUE BENDER",L-1229 LUXEMBOURG,,+35227486-1,+35227486-4001,,1,,"SVENSKA HANDELSBANKEN, S.A.",SVENSKA
SGR,9802,139800,SOCIEDAD DE GARANTIA RECIPROCA DE CATALUÑA,SOCIEDAD DE GARANTIA RECIPROCA DE CATALUÑA,,G08592800,CL,GERONA,83,PRAL. 2,8009,BARCELONA,,ES,,934878842,,934883528,,07/04/1993,POR CAMBIO DE OBJETO SOCIAL,0000,06/03/2008,21/12/1979,,8,,N,,,,,,,,,9,,SOC. GARANTIA RECIPROCA DE CATALUÑA,SGR CATALUÑA
SGR,9803,139800,"SDAD. NAL. AVAL. COMER., S.G.R., EN LIQUIDACION","SOCIEDAD NACIONAL DE AVALES AL COMERCIO (SONAVALCO, S.G.R.), EN LIQUIDACION",,G28678621,CL,PENSAMIENTO,27,PL. 3-3 - ESC. IZDA.,28020,MADRID,,ES,,915315959,,915320453,,24/01/2002,POR DISOLUCION Y LIQUIDACION,0000,06/03/2008,22/02/1980,,28,,N,,,,,,,,,12,,"SDAD NAL AVAL. COMER., SGR,LIQID.",SONAVALCO
SGR,9804,139800,"COPERFICO, S.G.R.","COPERFICO, S.G.R.",,G28628097,CR,MOSTOLES A FUENLABRADA,"KM. 5,5",,28931,MOSTOLES,MADRID,ES,,916457657,,0,,22/11/1993,ACUERDO DEL CONSEJO DE MINISTROS DE FECHA 09.09.1993,0000,06/03/2008,08/07/1984,,28,,N,,,,,,,,,12,,"COPERFICO, S.G.R.",COPERFICO SG
SGR,9805,139800,"OSCAVAL, S.G.R.","SOCIEDAD DE GARANTIA RECIPROCA DE LOS PEQUEÑOS Y MEDIANOS EMPRESARIOS DE HUESCA (OSCAVAL, S.G.R.)",,A99015232,AV,MONREAL,13,,22003,HUESCA,,ES,,0,,0,,11/01/1985,POR FUSION POR ABSORCION POR,9840,06/03/2008,14/07/1980,,22,,N,,,,,,,,,2,"ARAGONESA DE AVALES, SOCIEDAD DE GARANTIA RECIPROCA (ARAVAL, S.G.R.)","OSCAVAL, S.G.R.",OSCAVAL
SGR,9806,139800,"ELKARGI, S.G.R.","ELKARGI, S.G.R.",,V20066411,PS,DE MIKELETEGI,50,,20009,SAN SEBASTIAN,GIPUZKOA,ES,,943309060,,943309190,,,,0000,26/10/2011,21/08/1980,,20,,N,,,,,,,,,16,,"ELKARGI, S.G.R.",ELKARGI
SGR,9807,139800,"S.E.A.V.A.L., S.G.R.","S.E.A.V.A.L., S.G.R.",,A99015240,CL,POSTAS,32,PL. 7,1001,VITORIA,ALAVA,ES,,0,,0,,12/09/1985,POR FUSION POR ABSORCION POR,9806,06/03/2008,30/10/1980,,1,,N,,,,,,,,,16,"ELKARGI, S.G.R.","S.E.A.V.A.L., S.G.R.",SEAVAL
SGR,9808,139800,SOCIEDAD NAVARRA DE GARANTIA RECIPROCA (SONAGAR),"SOCIEDAD NAVARRA DE GARANTIA RECIPROCA (SONAGAR, S.G.R.)",,V31096407,CL,ARRIETA,21,,31002,PAMPLONA,NAVARRA,ES,,948228513,,948229668,,,,0000,01/01/2009,20/02/1981,,31,SONAGAR,S,,,,,,,,,14,,SOCIEDAD NAVARRA GARANTIA RECIPROCA,SONAGAR
SGR,9809,139800,"SOAVALZA, S.G.R.","SOCIEDAD DE AVALES PARA AUTONOMOS, PEQUEÑOS Y MEDIANOS EMPRESARIOS DE ZARAGOZA (SOAVALZA, S.G.R.)",,A99015257,UR,PARQUE ROMA,CASA F-1,"PL. 1, OFIC. 11",50010,ZARAGOZA,,ES,,0,,0,,11/01/1985,POR FUSION POR ABSORCION POR,9840,06/03/2008,24/04/1981,,50,,N,,,,,,,,,2,"ARAGONESA DE AVALES, SOCIEDAD DE GARANTIA RECIPROCA (ARAVAL, S.G.R.)","SOAVALZA, S.G.R.",SOAVALZA
SGR,9810,139800,SOCIEDAD GARANTIA RECIPROCA PROVINCIA ALICANTE,SOCIEDAD DE GARANTIA RECIPROCA DE LA PROVINCIA DE ALICANTE,,A99015265,,GERONA,19,PL. 5,3001,ALICANTE,,ES,,0,,0,,13/06/1985,POR FUSION POR ABSORCION POR,9813,06/03/2008,27/07/1981,,3,,N,,,,,,,,,15,"SOCIEDAD DE GARANTIA RECIPROCA DE LA COMUNIDAD VALENCIANA (SOGAVAC, S.G.R.)",S.G.R. PROVINCIA DE ALICANTE,SGRALICANTE
SGR,9811,139800,"CENTRO AVALES IND. EDICION, S.G.R., EN LIQUIDACION","CENTRO DE AVALES PARA LA INDUSTRIA Y LA EDICION, S.G.R., EN LIQUIDACION",,V08695934,CL,JOSE ANSELMO CLAVE,2,PL. 2,8002,BARCELONA,,ES,,933181941,B,934121256,,,,0000,01/01/2009,29/07/1981,,8,CEAVAL,S,,,,,,,,,9,,"CENTRO AVAL. IND. EDIC., EN LIQUID.",CEAVAL
SGR,9812,139800,"S.G.R. DE CASTILLA-LA MANCHA, EN LIQUIDACION","SOCIEDAD DE GARANTIA RECIPROCA DE CASTILLA-LA MANCHA (SOGAMAN, S.G.R.), EN LIQUIDACION",,G45032885,CL,ALFEREZ PROVISIONAL,5,PL. 2,45001,TOLEDO,,ES,,925211954,,0,,01/03/1996,POR DISOLUCION,0000,06/03/2008,30/09/1981,,45,,N,,,,,,,,,8,,S.G.R. DE CASTILLA-LA MANCHA,SOGAMAN
SGR,9813,139800,S.G.R. DE LA COMUNITAT VALENCIANA,SOCIEDAD DE GARANTIA RECIPROCA DE LA COMUNITAT VALENCIANA,,V46168308,CL,AMADEO DE SABOYA,1,,46010,VALENCIA,,ES,,963391490,,963391059,WWW.SGR.ES,,,0000,01/01/2009,22/10/1981,,46,SOGAVAL,S,,,,,,,,,15,,S.G.R. COMUNITAT VALENCIANA,SOGAVAL
SGR,9814,139800,SOCIEDAD DE GARANTIA RECIPROCA DE EXTREMADURA,"SOCIEDAD DE GARANTIA RECIPROCA DE EXTREMADURA (SOGAREX, S.G.R.)",,A10013480,AV,CALVO SOTELO,45,BAJO,10600,PLASENCIA,CACERES,ES,,927417041,,927418777,,02/06/1997,POR RESOLUCION DEL M. DE ECONOMIA Y HACIENDA DE FECHA 10.04.1997,0000,06/03/2008,28/10/1981,,10,,N,,,,,,,,,10,,"SOGAREX, S.G.R.",SOGAREX
SGR,9815,139800,S.G.R. PEQUEÑOS Y MEDIANOS EMPRESARIOS DE TOLEDO,SOCIEDAD DE GARANTIA RECIPROCA DE LOS PEQUEÑOS Y MEDIANOS EMPRESARIOS DE TOLEDO,,G45019924,CL,SANTA FE,,,45001,TOLEDO,,ES,,0,,0,,31/07/1984,POR FUSION POR ABSORCION POR,9812,06/03/2008,28/10/1981,,45,,N,,,,,,,,,8,"SOCIEDAD DE GARANTIA RECIPROCA DE CASTILLA-LA MANCHA (SOGAMAN, S.G.R.)",S.G.R. PÑOS.MED. EMPRESARIOS TOLEDO,SGRPYMETOLED
SGR,9816,139800,S.G.R. DE SANTANDER (SOGARCA),"SOCIEDAD DE GARANTIA RECIPROCA DE SANTANDER (SOGARCA, S.G.R.)",,A39030101,CL,BIBLIOTECARIO MIGUEL ARTIGAS,6,PL. 6 - 2,39007,SANTANDER,CANTABRIA,ES,,942219413,,942218151,,,,0000,06/03/2008,14/01/1982,,39,SOGARCA,S,,,,,,,,,6,,S.G.R. DE SANTANDER (SOGARCA),SOGARCA
SGR,9817,139800,"SOCIEDAD TECNICA DE AVALES, S.G.R. (SOTECA)","SOCIEDAD TECNICA DE AVALES, SOCIEDAD DE GARANTIA RECIPROCA (SOTECA, S.G.R.)",,G47025143,CL,SANTA MARIA,20 ESQUINA,"C. CLAUDIO MOYANO,13",47001,VALLADOLID,,ES,,983301811,,983206084,,03/11/1997,"POR FUSION, DISOLUCION SIN LIQUIDACION Y CREACION DE",9846,06/03/2008,14/01/1982,,47,,N,,,,,,,,,7,"IBERAVAL, SOCIEDAD DE GARANTIA RECIPROCA","SOTECA, S.G.R.",SOTECA
SGR,9818,139800,"AVAL-MADRID, S.G.R.","AVAL - MADRID, S.G.R.",,V28737526,CL,JORGE JUAN,30,,28001,MADRID,,ES,,915777270,,914356285,,,,0000,25/03/2009,02/02/1982,,28,AVAL MADRID,S,,,,,,,,,12,,"AVAL-MADRID, S.G.R.",AVAL MADRID
SGR,9819,139800,S.G.R. PYME PONTEVEDRA Y ORENSE (SOGARPO),"S.G.R. DE LA PEQUEÑA Y MEDIANA EMPRESA DE PONTEVEDRA Y ORENSE (SOGARPO, S.G.R.)",,V36622082,CL,RECONQUISTA,11,BAJO,36201,VIGO,PONTEVEDRA,ES,,986228052,,986438860,WWW.SOGARPO.ES,,,0000,01/01/2009,08/02/1982,,36,SOGARPO,S,,,,,,,,,11,,S.G.R. PYME PONTEVEDRA Y ORENSE,SOGARPO
SGR,9820,139800,SOCIEDAD DE GARANTIA RECIPROCA MADRILEÑA,"SOCIEDAD DE GARANTIA RECIPROCA MADRILEÑA (SOGAREMA, S.G.R.)",,G28712974,CL,DOCTOR FLEMING,56,PL. 1 - DCHA.,28036,MADRID,,ES,,914578789,,0,,13/06/1997,POR RESOLUCION DEL M. DE ECONOMIA Y HACIENDA DE FECHA 10.04.1997,0000,06/03/2008,22/02/1982,,28,,N,,,,,,,,,12,,"S.G.R. MADRILEÑA (SOGAREMA, S.G.R.)",SOGAREMA
SGR,9822,139800,"SOGARLE, S.G.R.","SOGARLE, S.G.R.",,G24024192,CL,VILLA BENAVENTE,11,PL. 1 - C,24004,LEON,,ES,,0,,0,,07/12/1989,POR FUSION POR ABSORCION POR,9823,06/03/2008,19/04/1982,,24,,N,,,,,,,,,7,"SOCIEDAD DE GARANTIA RECIPROCA CASTELLANO LEONESA (SOGACAL, S.G.R.)","SOGARLE, S.G.R.",SOGARLE SGR
SGR,9823,139800,"S.G.R. CASTELLANO LEONESA (SOGACAL, S.G.R.)","SOCIEDAD DE GARANTIA RECIPROCA CASTELLANO LEONESA (SOGACAL, S.G.R.)",,A09033002,AV,CID CAMPEADOR,4,PL. 3 - C,9004,BURGOS,,ES,,947265517,,947260698,,03/11/1997,"POR FUSION, DISOLUCION SIN LIQUIDACION Y CREACION DE",9846,06/03/2008,06/07/1982,,9,,N,,,,,,,,,7,"IBERAVAL, SOCIEDAD DE GARANTIA RECIPROCA","SOGACAL, S.G.R.",SOGACAL
SGR,9824,139800,SOCIEDAD DE GARANTIA RECIPROCA DE ZAMORA,"SOCIEDAD DE GARANTIA RECIPROCA DE ZAMORA (SOGREZA, S.G.R.)",,A99015273,PZ,CASTILLA Y LEON,1,PL. 1 - E,49002,ZAMORA,,ES,,0,,0,,31/05/1985,POR FUSION POR ABSORCION POR,9817,06/03/2008,30/09/1982,,49,,N,,,,,,,,,7,"SOCIEDAD TECNICA DE AVALES, SOCIEDAD DE GARANTIA RECIPROCA (SOTECA, S.G.R.)","S.G.R. DE ZAMORA (SOGREZA, S.G.R.)",SOGREZA SGR
SGR,9825,139800,"PRINCIPADO DE ASTURIAS, S.G.R.","PRINCIPADO DE ASTURIAS, S.G.R.",,A99015281,CL,FRUELA,14,PL. 1,33003,OVIEDO,ASTURIAS,ES,,0,,0,,10/12/1985,POR FUSION POR ABSORCION POR,9829,06/03/2008,22/10/1982,,33,,N,,,,,,,,,3,"SOCIEDAD DE GARANTIA RECIPROCA DE ASTURIAS (ASTURGAR, S.G.R.)","PRINCIPADO DE ASTURIAS, S.G.R.",PRINCIPADOSGR
SGR,9826,139800,"SOCIEDAD DE GARANTIAS DE CANARIAS, S.G.R.(SOGARTE)","SOCIEDAD DE GARANTIAS DE CANARIAS, SOCIEDAD DE GARANTIAS RECIPROCAS, S.G.R. (SOGARTE)",,V38032900,AV,DE JOSE MANUEL GUIMERA,3,"EDF.URBIS, LOCAL 7-8",38003,SANTA CRUZ DE TENERIFE,TENERIFE,ES,,922882648,,922222133,WWW.SOGARTE.ORG,,,0000,01/01/2009,15/11/1982,,38,SOGARTE,S,,,,,,,,,5,,SOCIEDAD DE GARANTIAS DE CANARIAS,SOGARTE
SGR,9827,139800,"UNION DE EMPRESARIOS MURCIANOS, S.G.R. (UNDEMUR)","UNION DE EMPRESARIOS MURCIANOS, SOCIEDAD DE GARANTIA RECIPROCA (UNDEMUR, S.G.R.)",,V30048086,AV,RIO SEGURA,10,BAJO,30002,MURCIA,,ES,,968355320,,968355770,,,,0000,01/01/2009,22/11/1982,,30,UNDEMUR,S,,,,,,,,,13,,UNION DE EMPRESARIOS MURCIANOS,UNDEMUR
SGR,9828,139800,"TRANSAVAL, S.G.R.","TRANSAVAL, SOCIEDAD DE GARANTIA RECIPROCA",,V28747400,CL,PENSAMIENTO,27,PL. 1,28020,MADRID,,ES,,915715235,,915715523,,,,0000,01/01/2009,30/11/1982,,28,TRANSAVAL,S,,,,,,,,,12,,"TRANSAVAL, S.G.R.",TRANSAVAL
SGR,9829,139800,S.G.R. DE ASTURIAS (ASTURGAR),"SOCIEDAD DE GARANTIA RECIPROCA DE ASTURIAS (ASTURGAR, S.G.R.)",,V33042623,PQ,TECNOLOGICO DE ASTURIAS,,,33420,LLANERA,ASTURIAS,ES,,985266768,,985267119,,,,0000,01/01/2009,18/01/1983,,33,ASTURGAR,S,,,,,,,,,3,,S.G.R. DE ASTURIAS,ASTURGAR
SGR,9830,139800,"BRANZA, S.G.R., EN LIQUIDACION","BRANZA, SOCIEDAD DE GARANTIA RECIPROCA, EN LIQUIDACION",,G28785640,CL,DIEGO DE LEON,50,,28006,MADRID,,ES,,914115067,,914112312,,04/06/1999,POR DISOLUCION Y LIQUIDACION,0000,06/03/2008,22/02/1983,,28,,N,,,,,,,,,12,,"BRANZA, S.G.R., EN LIQUIDACION",BRANZA EN LIQ.
SGR,9831,139800,S.G.R. INTERSECTORIAL CATALANA,"SOCIEDAD DE GARANTIA RECIPROCA INTERSECTORIAL CATALANA (INTERCAT, S.G.R.)",,G08765885,PS,GRACIA,55-57,PL. 7 - 2,8007,BARCELONA,,ES,,0,,0,,11/07/1989,POR FUSION POR ABSORCION POR,9802,06/03/2008,28/02/1983,,8,,N,,,,,,,,,9,SOCIEDAD DE GARANTIA RECIPROCA DE CATALUÑA,S.G.R. INTERSECTORIAL CATALANA,INTERCATALAN
SGR,9832,139800,"AFIANZAMIENTOS DE GALICIA, S.G.R. (AFIGAL)","AFIANZAMIENTOS DE GALICIA, SOCIEDAD DE GARANTIA RECIPROCA (AFIGAL, S.G.R.)",,V15053754,CL,SAN ANDRES,143,PL. 4,15003,A CORUÑA,,ES,,981216276,,981204454,,,,0000,01/01/2009,18/03/1983,,15,AFIGAL,S,,,,,,,,,11,,"AFIANZAMIENTOS DE GALICIA, S.G.R.",AFIGAL
SGR,9833,139800,S.G.R. DE LA PROVINCIA DE CASTELLON,"SOCIEDAD DE GARANTIA RECIPROCA DE LA PROVINCIA DE CASTELLON (AVALCAS, S.G.R.)",,A99015299,AV,REY DON JAIME,29,BAJOS,12001,CASTELLON,,ES,,0,,0,,13/06/1985,POR FUSION POR ABSORCION POR,9813,06/03/2008,31/05/1983,,12,,N,,,,,,,,,15,"SOCIEDAD DE GARANTIA RECIPROCA DE LA COMUNIDAD VALENCIANA (SOGAVAC, S.G.R.)",S.G.R. DE LA PROVINCIA DE CASTELLON,AVALCAS SGR
SGR,9834,139800,SOCIEDAD DE GARANTIA RECIPROCA DE CIUDAD REAL,SOCIEDAD DE GARANTIA RECIPROCA DE CIUDAD REAL,,A99015307,PZ,PROVINCIA,4,,13001,CIUDAD REAL,,ES,,0,,0,,31/07/1984,POR FUSION POR ABSORCION POR,9812,06/03/2008,21/06/1983,,13,,N,,,,,,,,,8,"SOCIEDAD DE GARANTIA RECIPROCA DE CASTILLA-LA MANCHA (SOGAMAN, S.G.R.)",S.G.R. DE CIUDAD REAL,CIUDAD REAL SGR
SGR,9836,139800,"UNION ANDALUZA DE AVALES, S.G.R. (AVALUNION)","UNION ANDALUZA DE AVALES, SOCIEDAD DE GARANTIA RECIPROCA (AVALUNION, S.G.R.)",,A18032425,PZ,POETA LUIS ROSALES,1,PL. 1,18009,GRANADA,,ES,,958229222,,958229338,,,,0000,06/03/2008,13/09/1983,,18,AVALUNION,S,,,,,,,,,1,,"UNION ANDALUZA DE AVALES, S.G.R.",AVALUNION
SGR,9837,139800,"AGRO-AVAL, S.G.R., EN LIQUIDACION","AGRO-AVAL, SOCIEDAD DE GARANTIA RECIPROCA, EN LIQUIDACION",,G28876142,PZ,VAZQUEZ DE MELLA,7,,28004,MADRID,,ES,,915326445,,915326445,,21/07/1997,POR EXTINCION,0000,06/03/2008,30/11/1983,,28,,N,,,,,,,,,12,,"AGRO-AVAL, S.G.R., EN LIQUIDACION",AGRO-AVAL
SGR,9838,139800,"S.G.R. PEQUEÑA Y MEDIANA EMPRESA (PYME, S.G.R.)","SOCIEDAD DE GARANTIA RECIPROCA DE LA PEQUEÑA Y MEDIANA EMPRESA (PYME, S.G.R.)",,A28857837,CL,MONTALBAN,7,PL. 5 - IZDA.,28014,MADRID,,ES,,0,,0,,29/12/1997,POR REVOCACION AUTORIZACION POR ACUERDO M.E.H. DE 16.01.1995,0000,06/03/2008,28/02/1984,,28,,N,,,,,,,,,12,,S.G.R. PEQUEÑA Y MEDIANA EMPRESA,PYME
SGR,9839,139800,S.G.R. DE ANDALUCIA (SURAVAL),"SOCIEDAD DE GARANTIA RECIPROCA DE ANDALUCIA (SURAVAL, S.G.R.)",,G41132192,AV,DE LA CONSTITUCION,7,PL. 1,41004,SEVILLA,,ES,,954213553,,954221240,WWW.SURAVAL.ES,,,0000,06/03/2008,10/07/1984,,41,SURAVAL,S,,,,,,,,,1,,S.G.R. DE ANDALUCIA (SURAVAL),SURAVAL
SGR,9840,139800,"AVALIA ARAGON, SOCIEDAD DE GARANTIA RECIPROCA","AVALIA ARAGON, SOCIEDAD DE GARANTIA RECIPROCA",,A50101336,CL,COSO,33,PL. 6,50003,ZARAGOZA,,ES,,976229500,,976227780,,,,0000,21/01/2009,23/10/1984,,50,ARAVAL,S,,,,,,,,,2,,"AVALIA ARAGON, S.G.R.",ARAVAL
SGR,9841,139800,SOCIEDAD DE GARANTIA RECIPROCA GENERAL DEL VIDRIO,SOCIEDAD DE GARANTIA RECIPROCA GENERAL DEL VIDRIO,,G78001013,CL,ANTONIO LOPEZ,67,PL. 3 - 10ç-B,28019,MADRID,,ES,,0,,0,,16/02/1989,DISOLUCION Y LIQUIDACION,0000,06/03/2008,10/05/1985,,28,,N,,,,,,,,,12,,S.G.R. GENERAL DEL VIDRIO,SGR VIDRIO
SGR,9842,139800,"SOCIEDAD DE AVALES DE CANARIAS SOGAPYME, S.G.R.","SOCIEDAD DE AVALES DE CANARIAS SOGAPYME, SOCIEDAD DE GARANTIA RECIPROCA",,V35093822,CL,ALBAREDA,3,,35007,LAS PALMAS DE GRAN CANARIA,,ES,,928290046,,928292316,,,,0000,01/01/2009,02/12/1985,,35,SOGAPYME,S,,,,,,,,,5,,SDAD. AVALES DE CANARIAS SOGAPYME,SOGAPYME
SGR,9843,139800,"OINARRI, S. DE G. PARA LA ECONOMIA SOCIAL, S.G.R.","OINARRI, SOCIEDAD DE GARANTIA PARA LA ECONOMIA SOCIAL, S.G.R.",,V01233527,CL,ALBERT EINSTEIN (EDIF E-3)PL.2,25,PQ.TECN.ALAVA-MIÑANO,1510,VITORIA-GASTEIZ,ARABA/ÁLAVA,ES,,945298280,,945298136,,,,0000,26/10/2011,17/02/1997,,1,,N,,,,,,,,,16,,"OINARRI, S.G. PARA LA ECON.SOC, SGR","OINARRI, SGR"
SGR,9844,139800,SOCIEDAD DE GARANTIA RECIPROCA EXTREMEÑA DE AVALES,SOCIEDAD DE GARANTIA RECIPROCA EXTREMEÑA DE AVALES,,V06258321,AV,SANTA MARINA,25,,6005,BADAJOZ,,ES,,924260450,,924260996,,,,0000,30/12/2011,01/04/1997,,6,EXTRAVAL,S,,,,,,,,,10,,S.G.R. EXTREMEÑA DE AVALES,EXTRAVAL
SGR,9845,139800,"FIANZAS Y SERVICIOS FINANCIEROS, S.G.R.","FIANZAS Y SERVICIOS FINANCIEROS, S.G.R.",,V81689473,CL,RAFAEL SALGADO,19,PL. 3,28036,MADRID,,ES,,915931206,,914458173,WWW.FIANZAS-SGR.COM,,,0000,18/02/2009,02/06/1997,,28,,N,,,,,,,,,12,,"FIANZAS Y SERVICIOS FINANCIEROS,SGR",FIANZAS SGR
SGR,9846,139800,"IBERAVAL, S.G.R.","IBERAVAL, SOCIEDAD DE GARANTIA RECIPROCA",,V09330796,CL,SANTA CLARA,3,PL. BAJO,9002,BURGOS,,ES,,983217753,,983217754,,,,0000,01/01/2009,03/11/1997,,9,,N,,,,,,,,,7,,"IBERAVAL, S.G.R.","IBERAVAL, SGR"
SGR,9847,139800,"AVALIS DE CATALUNYA, S.G.R.","AVALIS DE CATALUNYA, S.G.R.",,V63201032,,GRAN VIA LES CORTS CATALANES,129-131,PL. BAJA,8014,BARCELONA,,ES,,932980260,,932989760,,,,0000,26/02/2009,28/07/2003,,8,,N,,,,,,,,,9,,"AVALIS DE CATALUNYA, S.G.R.",AVALIS SGR
SGR,9848,139800,"AUDIOVISUAL AVAL, S.G.R.","AUDIOVISUAL AVAL, S.G.R.",,V84550359,CL,LUIS BUÑUEL,2,CIUDAD DE LA IMAGEN,28223,POZUELO DE ALARCON,MADRID,ES,,915123048,,917112400,,,,0000,01/01/2009,26/01/2006,,28,,N,,,,,,,,,12,,"AUDIOVISUAL AVAL, S.G.R.",AUDIOVISUAL
SGR,9849,139800,"AVAL CASTILLA-LA MANCHA, S.G.R.","AVAL CASTILLA-LA MANCHA, SOCIEDAD DE GARANTIA RECIPROCA",,V45720448,CL,COMERCIO,44,PL. 2,45001,TOLEDO,,ES,,925283166,,925283212,,,,0000,26/07/2010,26/07/2010,,45,,N,,,,,,,,,8,,"AVAL CASTILLA-LA MANCHA, S.G.R.","AVAL C-LM, SGR"
SR,9890,149890,"SOCIEDAD DE GARANTIAS SUBSIDIARIAS, S.A. 'SOGASA'","SOCIEDAD DE GARANTIAS SUBSIDIARIAS, S.A. 'SOGASA'",,A28651404,PZ,CONDE DEL VALLE DE SUCHIL,3,,28015,MADRID,,ES,,914454201,,0,,06/07/1992,POR RESOLUCION DEL MINISTERIO DE ECONOMIA Y HACIENDA DE 31.01.1992,9891,06/03/2008,03/07/1989,,28,,N,,,,,,,,,12,"COMPAÑIA ESPAÑOLA DE REAFIANZAMIENTO, S.A.",SOCIEDAD DE GARANTIAS SUBSIDIARIAS,SOGASA
SR,9891,149890,"COMPAÑIA ESPAÑOLA DE REAFIANZAMIENTO, S.A.","COMPAÑIA ESPAÑOLA DE REAFIANZAMIENTO, S.A.",,A28721314,PS,DE LA CASTELLANA,141,PL. 1 - A,28046,MADRID,,ES,,915718488,,915719075,,,,0000,06/03/2008,16/11/1998,,28,CERSA,S,,,,,,,,,12,,"CIA. ESPAÑOLA DE REAFIANZAMIENTO,SA",CERSA
ECVT,1701,151701,"LA PEDRESINA III, S.A.","LA PEDRESINA III, S.A.",,A81638686,CL,SEBASTIAN DE LA PLAZA,2,,28805,ALCALA DE HENARES,MADRID,ES,,923473154,,923487667,,01/08/2005,POR REVOCACION AUTORIZACION CONSEJO DE GOBIERNO DEL BANCO DE ESPAÑA,0000,06/03/2008,27/05/1999,1,28,,N,,,,,,,,,12,,"LA PEDRESINA III, S.A.",PEDRESINA III
ECVT,1702,151701,"EURODIVISAS, S.A.","EURODIVISAS, S.A.",,A37310323,PZ,DE ESPAÑA,3,,37480,FUENTES DE OÑORO,SALAMANCA,ES,,923281318,,923281446,,,,0000,06/03/2008,11/06/1999,1,37,,N,,,,,,,,,7,,"EURODIVISAS, S.A.","EURODIVISAS, SA"
ECVT,1703,151701,"AIRPORT CHANGE, S.A.","AIRPORT CHANGE, S.A.",,A80832231,CL,ORENSE,6,,28020,MADRID,,ES,,915562045,,915971957,,,,0000,06/03/2008,23/08/1999,1,28,,N,,,,,,,,,12,,"AIRPORT CHANGE, S.A.",AIRPORT CHANGE
ECVT,1704,151701,"CHANGE EXPRESS, S.A.","CHANGE EXPRESS, S.A.",,A80375207,,GRAN VIA,16,,28013,MADRID,,ES,,915234531,,915234531,,,,0000,05/05/2011,17/09/1999,1,28,,N,,,,,,,,,12,,"CHANGE EXPRESS, S.A.",CHANGE EXPRESS
ECVT,1705,151701,"ATOCHA CAMBIOS, S.A.","ATOCHA CAMBIOS, S.A.",,A80676844,CL,DOCTOR DRUMEN,7,PL. 1,28012,MADRID,,ES,,915306205,,915288490,,02/09/2011,POR REVOCACION AUTORIZACION CONSEJO DE GOBIERNO DEL BANCO DE ESPAÑA,0000,02/09/2011,15/11/1999,1,28,,N,,,,,,,,,12,,"ATOCHA CAMBIOS, S.A.",ATOCHA CAMBIOS
ECVT,1706,151701,"R.D. MONEY TRANSFER, S.A.","R.D. MONEY TRANSFER, S.A.",,A81315681,CL,VELAZQUEZ,17,PL. 5 DCHA.,28001,MADRID,,ES,,913144898,,913144898,WWW.RDMONEYTRANSFER.COM,17/11/2010,POR REVOCACION AUTORIZACION CONSEJO DE GOBIERNO DEL BANCO DE ESPAÑA,0000,17/11/2010,13/12/1999,2,28,,N,,,,,,,,,12,,"R.D. MONEY TRANSFER, S.A.",R.D. MONEY T.
ECVT,1707,151701,"SMALL WORLD FINANCIAL SERVICES SPAIN, S.A.",SMALL W0RLD FINANCIAL SERVICES SPAIN S.A.,,A82414046,PS,DEL CLUB DEPORTIVO,1,"EDIF. 13, PL. BAJA",28223,POZUELO DE ALARCON,MADRID,ES,,917581770,,914560440,,10/06/2011,POR TRANSFORMACION EN ENTIDAD DE PAGO,6824,10/06/2011,17/12/1999,2,28,,N,,,,,,,,,12,"SMALL WORLD FINANCIAL SERVICES SPAIN, S.A.","SMALL WORLD FIN. SERV. SPAIN, S.A.",SMALL WRLD
ECVT,1708,151701,"CAMBITUR INTERNATIONAL, S.A.","CAMBITUR INTERNATIONAL, S.A.",,A29613957,CL,OBISPO SALVADOR DE LOS REYES,5-7,OFICINA 1,29013,MALAGA,,ES,,951089902,,952383661,,26/05/2011,POR TRANSFORMACION EN ENTIDAD DE PAGO,6816,26/05/2011,17/12/1999,2,29,,N,,,,,,,,,1,"CAMBITUR INTERNATIONAL, S.A.","CAMBITUR INTERNATIONAL, S.A.",CAMBITUR INTER.
ECVT,1709,151701,"ANROGA, S.A.","ANROGA, S.A.",,A28943207,,GRAN VIA,46,,28013,MADRID,,ES,,915226869,,915315647,,06/04/2009,POR DISOLUCION Y LIQUIDACION,0000,05/05/2011,23/12/1999,1,28,,N,,,,,,,,,12,,"ANROGA, S.A.","ANROGA, S.A."
ECVT,1710,151701,"AMERICAN EXPRESS FOREIGN EXCHANGE, S.A.","AMERICAN EXPRESS FOREIGN EXCHANGE, S.A.",,A82461989,CL,JUAN IGNACIO LUCA DE TENA,17,,28027,MADRID,,ES,,915720303,,915701997,,27/05/2011,POR TRANSFORMACION EN ENTIDAD DE PAGO,6817,27/05/2011,27/12/1999,3,28,,N,,,,,,,,,12,"AMERICAN EXPRESS FOREIGN EXCHANGE, S.A.",AMERICAN EXPRESS FOREIGN EXCHANGE,AMERICAN EXPRES
ECVT,1711,151701,"JET PERU MONEY TRANSFER, S.A.","JET PERU MONEY TRANSFER, S.A.",,A82371279,CL,REINA VICTORIA,18,,28003,MADRID,,ES,,914451272,,914459456,,30/06/2011,POR TRANSFORMACION EN ENTIDAD DE PAGO,6836,30/06/2011,27/12/1999,2,28,,N,,,,,,,,,12,"JET PERU MONEY TRANSFER, S.A.","JET PERU MONEY TRANSFER, S.A.",JET PERU
ECVT,1712,151701,"COMPAÑIA INTERNACIONAL DE SERVICIOS DE M.E., S.A.","COMPAÑIA INTERNACIONAL DE SERVICIOS DE MONEDA EXTRANJERA, S.A.",,A82340977,CL,APODACA,18,BAJO,28004,MADRID,,ES,,914444420,,914457316,,06/11/2001,POR RENUNCIA,0000,06/03/2008,09/02/2000,1,28,,N,,,,,,,,,12,,"CIA. INTERNACIONAL SERVIC. M.E., SA",CISMESA
ECVT,1713,151701,"WESTERN UNION RETAIL SERVICES SPAIN, S.A.","WESTERN UNION RETAIL SERVICES SPAIN, S.A.",,A80814593,,GRAN VIA,61,,28013,MADRID,,ES,,915428180,,915425757,,01/05/2011,"POR R.D. 712/2010, DE 28 DE MAYO (D.T.UNICA) Y CAMBIO OBJETO SOCIAL",0000,01/05/2011,09/02/2000,5,28,,N,,,,,,,,,12,,WESTERN UNION RETAIL SERVICES SPAIN,WESTERN
ECVT,1714,151701,"CHANGE AND TRANSFER, S.A.","CHANGE AND TRANSFER, S.A.",,A61939567,CL,COLON,2,,8002,BARCELONA,,ES,,933022248,,933026766,,01/02/2011,POR REVOCACION AUTORIZACION CONSEJO DE GOBIERNO DEL BANCO DE ESPAÑA,0000,01/02/2011,01/03/2000,1,8,,N,,,,,,,,,9,,"CHANGE AND TRANSFER, S.A.",CHANGE TRANSFER
ECVT,1715,151701,S.A. DE VIAJES Y SERVICIOS DE AUTOPISTA (SAVISA),SOCIEDAD ANONIMA DE VIAJES Y SERVICIOS DE AUTOPISTA (SAVISA),,A17125550,AV,CATALUNYA,12,EL PORTUS,17709,LA JONQUERA,GIRONA,ES,,972554499,,972554525,,,,0000,06/10/2008,01/03/2000,1,17,,N,,,,,,,,,9,,SA VIAJES Y SERVICIOS (SAVISA),SAVISA
ECVT,1716,151701,"MACCORP EXACT CHANGE, S.A.","MACCORP EXACT CHANGE, S.A.",,A79182788,CL,ORENSE,6,,28020,MADRID,,ES,,915562045,,915971957,EXACT-TRANSFER.COM,28/06/2011,POR TRANSFORMACION EN ENTIDAD DE PAGO,6831,28/06/2011,21/03/2000,3,28,,N,,,,,,,,,12,"MACCORP EXACT CHANGE, S.A.","MACCORP EXACT CHANGE, S.A.",MACCORP
ECVT,1717,151701,"MONEY EXPRESS TRANSFER, S.A.","MONEY EXPRESS TRANSFER, S.A.",,A60538832,PS,DE LAS ACACIAS,3,PL. 1 A,28005,MADRID,,ES,,901100108,,900100111,WWW.METMONEY.ES,16/06/2011,POR TRANSFORMACION EN ENTIDAD DE PAGO,6827,16/06/2011,21/03/2000,2,28,,N,,,,,,,,,12,"MONEY EXPRESS TRANSFER, S.A.","MONEY EXPRESS TRANSFER, S.A.",MONEY EXP.TRANS
ECVT,1718,151701,SAFE INTERENVIOS S.A.,SAFE INTERENVIOS S.A.,,A82443433,CL,JERONIMA LLORENTE,4-BIS,,28039,MADRID,,ES,,913353050,,913353055,,25/03/2011,POR TRANSFORMACION EN ENTIDAD DE PAGO,6807,25/03/2011,27/03/2000,2,28,,N,,,,,,,,,12,"SAFE INTERENVIOS, S.A.",SAFE INTERENVIOS SA,SAFE INTERENVIO
ECVT,1719,151701,"QUICK CHANGE, S.A.(EN LIQUIDACION)","QUICK CHANGE, SOCIEDAD ANONIMA (EN LIQUIDACION)",,A38296117,PZ,ALFERECES PROVISIONALES,,"ED. TARAJAL, AP. 404",38003,SANTA CRUZ DE TENERIFE,,ES,,922220804,,922205062,,,,0000,16/10/2009,07/04/2000,1,38,,N,,,,,,,,,5,,"QUICK CHANGE, S.A.(EN LIQUIDACION)",QUICK CHANGE
ECVT,1720,151701,"UNITED EUROPHIL, S.A.","UNITED EUROPHIL, S.A.",,A79219358,,GRAN VIA,62,PL. 4 DCHA.,28013,MADRID,,ES,,914200253,,934203153,,14/06/2011,POR TRANSFORMACION EN ENTIDAD DE PAGO,6825,14/06/2011,12/04/2000,3,28,,N,,,,,,,,,12,"UNITED EUROPHIL EP, S.A.","UNITED EUROPHIL, S.A.",UNITED EUROPHIL
ECVT,1721,151701,"MUNDIAL MONEY TRANSFER, S.A.","MUNDIAL MONEY TRANSFER, S.A.",,A78697281,CL,SANTA ENGRACIA,141,PL. 1 - 1,28003,MADRID,,ES,,915360694,,915360967,,16/03/2011,POR TRANSFORMACION EN ENTIDAD DE PAGO,6806,16/03/2011,12/04/2000,4,28,,N,,,,,,,,,12,"MUNDIAL MONEY TRANSFER, S.A.","MUNDIAL MONEY TRANSFER, S.A.",MUNDIAL MONEY
ECVT,1722,151701,"I TRANSFER MONEY MOVERS, S.A.","I TRANSFER MONEY MOVERS, S.A.",,A41681545,CL,NIEREMBERG,29,PL. BAJA,28002,MADRID,,ES,,915025800,,915025810,,20/06/2011,POR TRANSFORMACION EN ENTIDAD DE PAGO,6828,20/06/2011,07/04/2000,2,28,,N,,,,,,,,,12,"I TRANSFER MONEY MOVERS EP, S.A.","I TRANSFER MONEY MOVERS, S.A.",I TRANSFER
ECVT,1763,151701,"INTERCHANGE SPAIN, S.A.","INTERCHANGE SPAIN, S.A.",,A84496744,CL,MAYOR,15,,28013,MADRID,,ES,,913697200,,914292031,,,,0000,06/03/2008,28/02/2006,1,28,,N,,,,,,,,,12,,"INTERCHANGE SPAIN, S.A.",INTERCHANGE
ECVT,1723,151701,"CHANGE CENTER, S.A.","CHANGE CENTER, SOCIEDAD ANONIMA",,A29484409,PZ,COSTA DEL SOL- ED. ENTREPLAZAS,10,ENTREPL.- OF.2-144,29620,TORREMOLINOS,MALAGA,ES,,952389600,,952058739,WWW.MONEYGRAM.CC,14/07/2011,POR TRANSFORMACION EN ENTIDAD DE PAGO,6838,14/07/2011,12/05/2000,2,29,,N,,,,,,,,,1,"CHANGE CENTER ENTIDAD DE PAGO, S.A.","CHANGE CENTER, S.A.",CHANGE CENTER
ECVT,1724,151701,"MONEY GRAM SPAIN, S.A.","MONEY GRAM SPAIN, S.A.",,A80821523,CL,GRAN VIA,26,PL. 2,28013,MADRID,,ES,,915221120,,915312856,,31/08/2009,POR REVOCACION AUTORIZACION CONSEJO DE GOBIERNO DEL BANCO DE ESPAÑA,0000,31/08/2009,22/05/2000,1,28,,N,,,,,,,,,12,,"MONEY GRAM SPAIN, S.A.",MONEY GRAM
ECVT,1725,151701,"SANTANDER ENVIOS, S.A.","SANTANDER ENVIOS, S.A.",,A80997877,AV,DE CANTABRIA,S/N,EDIFICIO PINAR-PL. 1,28660,BOADILLA DEL MONTE,MADRID,ES,,912574999,,912570438,WWW.SANTANDERENVIOS.COM,30/05/2011,POR TRANSFORMACION EN ENTIDAD DE PAGO,6818,30/05/2011,26/05/2000,2,28,,N,,,,,,,,,12,"SANTANDER ENVIOS, S.A.","SANTANDER ENVIOS, S.A.",SANTANDERENVIOS
ECVT,1726,151701,"UNIVERSAL DE ENVIOS, S.A.","UNIVERSAL DE ENVIOS, S.A.",,A81137846,PS,CLUB DEPORTIVO,1,"ED.13,P1,PE.LA FINCA",28223,POZUELO DE ALARCON,MADRID,ES,,915347030,,915541818,,20/03/2007,POR FUSION POR ABSORCION POR,1707,06/03/2008,26/05/2000,2,28,,N,,,,,,,,,12,"OMNEX GROUP MONEY TRANSFERS SPAIN, S.A.","UNIVERSAL DE ENVIOS, S.A.",UNIVERSAL ENVIO
ECVT,1727,151701,"UNIGIROS INTERNACIONAL, S.A.","UNIGIROS INTERNACIONAL, S.A.",,A80936032,CL,GUZMAN EL BUENO,72,,28015,MADRID,,ES,,915504140,,915504152,,31/01/2008,POR REVOCACION AUTORIZACION CONSEJO DE GOBIERNO DEL BANCO DE ESPAÑA,0000,06/03/2008,26/05/2000,2,28,,N,,,,,,,,,12,,"UNIGIROS INTERNACIONAL, S.A.",UNIGIROS INTER.
ECVT,1728,151701,"ASSARF CHAABI, S.A.","ASSARF CHAABI, S.A.",,A11396447,,"ESTACION MARITIMA, ALA OESTE",S/N,,11207,ALGECIRAS,CADIZ,ES,,956665630,,956665630,,,,0000,06/03/2008,26/05/2000,1,11,,N,,,,,,,,,1,,"ASSARF CHAABI, S.A.",ASSARF CHAABI
ECVT,1729,151701,"CAMBIOS SOL, S.A.","CAMBIOS SOL, S.A.",,A79018560,CL,TORRELAGUNA,123,PL. BAJO,28043,MADRID,,ES,,917010620,,915327004,,25/02/2009,POR FUSION POR ABSORCION CON DISOLUCION SIN LIQUIDACION POR,1749,25/02/2009,19/06/2000,2,28,,N,,,,,,,,,12,"MONEYGRAM PAYMENT SYSTEMS SPAIN, S.A.","CAMBIOS SOL, S.A.","CAMBIOS SOL, SA"
ECVT,1730,151701,"CHANGEPOINT, S.A.","CHANGEPOINT, S.A.",,A78997897,PZ,CALLAO,4,,28013,MADRID,,ES,,915322922,,915228968,,05/11/2009,POR REVOCACION AUTORIZACION CONSEJO DE GOBIERNO DEL BANCO DE ESPAÑA,0000,05/11/2009,19/06/2000,2,28,,N,,,,,,,,,12,,"CHANGEPOINT, S.A.","CHANGEPOINT, SA"
ECVT,1731,151701,"INSTANT MONEY TRANSFER, S.A.","INSTANT MONEY TRANSFER, S.A.",,A82571183,CL,VIRGEN DEL SAGRARIO,3,,28027,MADRID,,ES,,915410147,,915410147,,10/03/2009,POR REVOCACION AUTORIZACION CONSEJO DE GOBIERNO DEL BANCO DE ESPAÑA,0000,10/03/2009,19/06/2000,1,28,,N,,,,,,,,,12,,"INSTANT MONEY TRANSFER, S.A.",INSTANT MONEY
ECVT,1732,151701,"EUROENVIOS MONEY TRANSFERS, S.A.","EUROENVIOS MONEY TRANSFERS, S.A.",,A81803470,PZ,DE SANTA ANA,1,PL. 1ª IZDA.,28012,MADRID,,ES,,915394533,,915395072,,10/03/2009,POR REVOCACION AUTORIZACION CONSEJO DE GOBIERNO DEL BANCO DE ESPAÑA,0000,10/03/2009,03/07/2000,2,28,,N,,,,,,,,,12,,"EUROENVIOS MONEY TRANSFERS, S.A.",EUROENVIOSMONEY
ECVT,1733,151701,"EL IMPERIO DEL ENVIO IMPERENVIOS, S.A.","EL IMPERIO DEL ENVIO IMPERENVIOS, S.A.",,A81582082,PS,DE LAS DELICIAS,34,,28045,MADRID,,ES,,915394533,,915395072,,15/09/2006,POR REVOCACION AUTORIZACION CONSEJO DE GOBIERNO DEL BANCO DE ESPAÑA,0000,06/03/2008,03/07/2000,2,28,,N,,,,,,,,,12,,"EL IMPERIO DEL ENVIO IMPERENVIOS,SA",IMPERENVIOS
ECVT,1734,151701,"MONEY EXCHANGE, S.A.","MONEY EXCHANGE, S.A.",,A81105132,PS,DE SANTA MARIA DE LA CABEZA,10,,28045,MADRID,,ES,,915399808,,915308808,WWW.MONEYSPAIN.COM,20/05/2011,POR TRANSFORMACION EN ENTIDAD DE PAGO,6812,20/05/2011,21/09/2000,3,28,,N,,,,,,,,,12,"MONEY EXCHANGE, S.A.","MONEY EXCHANGE, S.A.",MONEY EXCHANGE
ECVT,1735,151701,"CAMBIOS Y TRANSFERENCIAS STAR EXPRESS, S.A.","CAMBIOS Y TRANSFERENCIAS STAR EXPRESS, S.A.",,A82753211,CL,ARTISTAS,13,,28020,MADRID,,ES,,916290402,,915342606,,11/07/2005,POR REVOCACION AUTORIZACION CONSEJO DE GOBIERNO DEL BANCO DE ESPAÑA,0000,06/03/2008,06/11/2000,2,28,,N,,,,,,,,,12,,"CAMBIOS Y TRANSF. STAR EXPRESS, SA","STAR EXPRESS,SA"
ECVT,1736,151701,"MASTER ENVIOS UNIDOS, S.A.","MASTER ENVIOS UNIDOS, S.A.",,A82072968,PS,DE LA CASTELLANA,171,PL. 3 - DCHA.,28046,MADRID,,ES,,914251540,,914251545,WWW.MASTERENVIOS.ES,,,0000,06/03/2008,06/11/2000,2,28,,N,,,,,,,,,12,,"MASTER ENVIOS UNIDOS, S.A.",MASTER ENVIOS
ECVT,1737,151701,"ENVIA TELECOMUNICACIONES, S.A.","ENVIA TELECOMUNICACIONES, S.A.",,A80696792,CL,CANTABRIA,2,"PL.2-PT.A-1,ED.AMURA",28108,ALCOBENDAS,MADRID,ES,,917613760,,917613794,,23/09/2011,POR TRANSFORMACION EN ENTIDAD DE PAGO,6842,23/09/2011,29/11/2000,2,28,RIAENVIA,S,,,,,,,,,12,"RIA PAYMENT INSTITUTION, EP, S.A.","ENVIA TELECOMUNICACIONES, S.A.",RIAENVIA
ECVT,1738,151701,"ANGELO COSTA SPAIN, S.A.","ANGELO COSTA SPAIN, S.A.",,A82511023,CL,SERRANO,106,PL. 1,28006,MADRID,,ES,,912982000,,0,,01/05/2011,"POR R.D. 712/2010, DE 28 DE MAYO (D.T.UNICA) Y CAMBIO OBJETO SOCIAL",0000,01/05/2011,29/11/2000,2,28,,N,,,,,,,,,12,,"ANGELO COSTA SPAIN, S.A.",ANGELO COSTA
ECVT,1739,151701,"DOLLAR EXPRESS, S.A.","DOLLAR EXPRESS, S.A.",,A37300464,PZ,MAYOR,10,,37001,SALAMANCA,,ES,,923212719,,923212719,,10/03/2006,POR REVOCACION AUTORIZACION CONSEJO DE GOBIERNO DEL BANCO DE ESPAÑA,0000,06/03/2008,05/12/2000,1,37,,N,,,,,,,,,7,,"DOLLAR EXPRESS, S.A.",DOLLAR EXPRESS
ECVT,1740,151701,"TELEGIROS, S.A.","TELEGIROS, S.A.",,A61752549,RD,GENERAL MITRE,42,LOCAL,8017,BARCELONA,,ES,,935442374,,936740253,,09/06/2011,POR TRANSFORMACION EN ENTIDAD DE PAGO,6823,09/06/2011,13/12/2000,3,8,,N,,,,,,,,,9,"TELEGIROS, S.A.","TELEGIROS, S.A.","TELEGIROS, S.A."
ECVT,1741,151701,"INTERENVIOS MONEY TRANSFERS, S.A","INTERENVIOS MONEY TRANSFERS, S.A",,A80657141,CL,DOCTOR SANTERO,8,,28039,MADRID,,ES,,915353998,,915353999,,16/10/2008,POR REVOCACION AUTORIZACION CONSEJO DE GOBIERNO DEL BANCO DE ESPAÑA,0000,16/10/2008,15/12/2000,2,28,,N,,,,,,,,,12,,"INTERENVIOS MONEY TRANSFERS, S.A",INTERENVIOS
ECVT,1742,151701,"SUN MONEY EXPRESS, S.A.","SUN MONEY EXPRESS, S.A.",,A82842568,CL,MAYOR,1,"PL. 2, OF. 13",28013,MADRID,,ES,,915237022,,915223330,,02/02/2011,POR REVOCACION AUTORIZACION CONSEJO DE GOBIERNO DEL BANCO DE ESPAÑA,0000,02/02/2011,26/02/2001,2,28,,N,,,,,,,,,12,,"SUN MONEY EXPRESS, S.A.",SUN MONEY
ECVT,1743,151701,"BPI EXPRESS REMITTANCE SPAIN, S.A.","BPI EXPRESS REMITTANCE SPAIN, S.A.",,A60912508,CL,JOAQUIN COSTA,50,BAJOS,8001,BARCELONA,,ES,,933011537,,933173280,,28/06/2011,POR TRANSFORMACION EN ENTIDAD DE PAGO,6832,28/06/2011,31/07/2001,2,8,,N,,,,,,,,,9,"BPI EXPRESS REMITTANCE SPAIN, S.A.","BPI EXPRESS REMITTANCE SPAIN, S.A.",BPI EXPRESS
ECVT,1744,151701,"UNIGIROS EXPRESS, S.A.","UNIGIROS EXPRESS, S.A.",,A83030437,CL,CARRETAS,14,,28012,MADRID,,ES,,915240424,,915237021,,25/10/2010,POR RENUNCIA (REVOCACION AUTORIZAC. CONSEJO GOBIERNO BANCO DE ESPAÑA),0000,25/10/2010,21/09/2001,2,28,,N,,,,,,,,,12,,"UNIGIROS EXPRESS, S.A.",UNIGIROS EXPR.
ECVT,1745,151701,"GIROEXPRESS, S.A.","GIROEXPRESS, S.A.",,A82779695,CL,HERMANOS GARCIA NOBLEJAS,39,PL. 4 - C,28037,MADRID,,ES,,911410200,,911410204,,,,0000,25/06/2009,25/09/2001,2,28,,N,,,,,,,,,12,,"GIROEXPRESS, S.A.","GIROEXPRESS, SA"
ECVT,1746,151701,"GEOMIL TRANSFER, S.A.","GEOMIL TRANSFER, SOCIEDAD ANONIMA",,A83062240,PS,DE LA CASTELLANA,171,PL.3,28046,MADRID,,ES,,913262130,,914054042,,04/06/2010,POR REVOCACION AUTORIZACION CONSEJO DE GOBIERNO DEL BANCO DE ESPAÑA,0000,04/06/2010,26/09/2001,2,28,,N,,,,,,,,,12,,"GEOMIL TRANSFER, S.A.",GEOMIL
ECVT,1747,151701,"HISPANO WORLD TRANSFER, S.A.","HISPANO WORLD TRANSFER, S.A.",,A82824442,CL,RAFAEL DE RIEGO,31,LOCAL,28045,MADRID,,ES,,915064420,,915064421,,17/11/2011,POR REVOCACION AUTORIZACION CONSEJO DE GOBIERNO DEL BANCO DE ESPAÑA,0000,17/11/2011,03/12/2001,2,28,,N,,,,,,,,,12,,"HISPANO WORLD TRANSFER, S.A.",HISPANO WORLD
ECVT,1748,151701,"EXPRESS PADALA ESPAÑA, S.A.","EXPRESS PADALA ESPAÑA, S.A.",,A82911058,GL,CUATRO CAMINOS,6-7,PL. 7,28020,MADRID,,ES,,915546900,,915544150,,16/12/2005,POR REVOCACION AUTORIZACION CONSEJO DE GOBIERNO DEL BANCO DE ESPAÑA,0000,06/03/2008,16/01/2002,2,28,,N,,,,,,,,,12,,"EXPRESS PADALA ESPAÑA, S.A.",EXPRESS PADALA
ECVT,1749,151701,"MONEYGRAM PAYMENT SYSTEMS SPAIN, S.A.","MONEYGRAM PAYMENT SYSTEMS SPAIN, S.A.",,A83064253,PZ,CARLOS TRIAS BERTRAN,4,PL. 1,28020,MADRID,,ES,,914188900,,914188999,,14/09/2011,POR TRANSFORMACION EN ENTIDAD DE PAGO,6841,14/09/2011,28/01/2002,2,28,,N,,,,,,,,,12,"MONEYGRAM PAYMENT SYSTEMS SPAIN, S.A.","MONEYGRAM PAYMENT SYSTEMS SPAIN,S.A",MONEYGRAM PAYM.
ECVT,1750,151701,"ENVIALIA MONEY TRANSFERS, S.A.","ENVIALIA MONEY TRANSFERS, S.A.",,A82975970,CL,CARNICER,9,,28039,MADRID,,ES,,915530438,,915333874,,21/10/2005,POR REVOCACION AUTORIZACION CONSEJO DE GOBIERNO DEL BANCO DE ESPAÑA,0000,06/03/2008,04/02/2002,2,28,,N,,,,,,,,,12,,"ENVIALIA MONEY TRANSFERS, S.A.",ENVIALIA MONEY
ECVT,1751,151701,"CAPITAL MONEY TRANSFER, S.A.","CAPITAL MONEY TRANSFER, S.A.",,A82916057,CL,ARTURO SORIA,329,PL. 8 - C,28033,MADRID,,ES,,917680056,,913831205,,24/10/2008,POR REVOCACION AUTORIZACION CONSEJO DE GOBIERNO DEL BANCO DE ESPAÑA,0000,24/10/2008,17/04/2002,2,28,,N,,,,,,,,,12,,"CAPITAL MONEY TRANSFER, S.A.",CAPITAL MONEY
ECVT,1752,151701,"TRANS FAST FINANCIAL SERVICES, S.A.","TRANS FAST FINANCIAL SERVICES, S.A.",,A83085217,CL,BATALLA DEL SALADO,24,BAJO,28045,MADRID,,ES,,915278558,,915280470,,23/05/2011,POR TRANSFORMACION EN ENTIDAD DE PAGO,6813,26/05/2011,26/07/2002,2,28,,N,,,,,,,,,12,"TRANS FAST FINANCIAL SERVICES, S.A.","TRANS FAST FINANCIAL SERVICES, S.A.",TRANS FAST
ECVT,1753,151701,"BBVA DINERO EXPRESS, S.A.","BBVA DINERO EXPRESS, S.A.",,A83439893,PZ,SANTA BARBARA,1,,28004,MADRID,,ES,,913744686,,914536396,WWW.BBVADINEROEXPRESS.COM.,09/06/2011,POR TRANSFORMACION EN ENTIDAD DE PAGO,6822,09/06/2011,07/11/2002,3,28,,N,,,,,,,,,12,"BBVA DINERO EXPRESS, S.A.","BBVA DINERO EXPRESS, S.A.",BBVA DINERO
ECVT,1754,151701,"BAKNOTES, S.A.","BAKNOTES, S.A.",,A79329447,CL,SANCHIDRIAN,36,,28023,POZUELO DE ALARCON,MADRID,ES,,916314002,,916319582,,14/09/2007,POR REVOCACION AUTORIZACION CONSEJO DE GOBIERNO DEL BANCO DE ESPAÑA,0000,06/03/2008,12/12/2002,1,28,,N,,,,,,,,,12,,"BAKNOTES, S.A.",BAKNOTES
ECVT,1755,151701,"METRO-REMITTANCE CENTER, S.A.","METRO-REMITTANCE CENTER, S.A.",,A83456905,CL,TIZIANO,6,LOCAL,28020,MADRID,,ES,,915708749,,915708817,,29/06/2011,POR TRANSFORMACION EN ENTIDAD DE PAGO,6833,29/06/2011,30/01/2003,2,28,,N,,,,,,,,,12,"METRO-REMITTANCE (SPAIN), S.A.","METRO-REMITTANCE CENTER, S.A.",METRO-REMITTANC
ECVT,1756,151701,"TITANES TELECOMUNICACIONES, S.A.","TITANES TELECOMUNICACIONES, SOCIEDAD ANONIMA",,A50968460,CL,RAMON Y CAJAL,11-13 BAJO,,50003,ZARAGOZA,,ES,,902170261,,976238876,,13/01/2012,POR TRANSFORMACION EN ENTIDAD DE PAGO,6845,13/01/2012,25/08/2003,2,50,,N,,,,,,,,,2,"TITANES TELECOMUNICACIONES, SOCIEDAD ANONIMA","TITANES TELECOMUNICACIONES, S.A.",TITANES
ECVT,1757,151701,"CBN REMITTANCE CENTER, S.A.","CBN REMITTANCE CENTER, S.A.",,A62685912,CL,PELAYO,56,PL. 1 - 1,8001,BARCELONA,,ES,,934123952,,934127462,,,,0000,21/05/2010,23/03/2004,2,8,,N,,,,,,,,,9,,"CBN REMITTANCE CENTER, S.A.",CBN REMITTANCE
ECVT,1758,151701,"MONTY GLOBAL PAYMENTS, S.A.","MONTY GLOBAL PAYMENTS, S.A.",,A83949222,CL,MARQUES DE VILLAMEJOR,5,PL. 2,28006,MADRID,,ES,,917011280,,915210656,,24/05/2011,POR TRANSFORMACION EN ENTIDAD DE PAGO,6814,26/05/2011,26/04/2004,2,28,,N,,,,,,,,,12,"MONTY GLOBAL PAYMENTS, S.A.","MONTY GLOBAL PAYMENTS, S.A.",MONTY GLOBAL
ECVT,1759,151701,"LATIN TRAVEL MONEY TRANSFER, S.A.","LATIN TRAVEL MONEY TRANSFER, S.A",,A83643866,CL,JUAN PANTOJA,19,,28039,MADRID,,ES,,915532131,,915532131,,29/06/2011,POR TRANSFORMACION EN ENTIDAD DE PAGO,6834,29/06/2011,28/07/2004,2,28,,N,,,,,,,,,12,"LATIN TRAVEL MONEY TRANSFER, S.A.","LATIN TRAVEL MONEY TRANSFER, S.A.",LATIN TRAVEL
ECVT,1760,151701,"ELECTRONIC FOREIGN EXCHANGE, S.A.","ELECTRONIC FOREIGN EXCHANGE, S.A.",,A84283076,CL,JUAN BRAVO,32,,28006,MADRID,,ES,,913678386,,913683534,,15/02/2010,POR REVOCACION AUTORIZACION CONSEJO DE GOBIERNO DEL BANCO DE ESPAÑA,0000,15/02/2010,12/04/2005,2,28,EFEX,S,,,,,,,,,12,,"ELECTRONIC FOREIGN EXCHANGE, S.A.",EFEX
ECVT,1761,151701,"COINSTAR MONEY TRANSFER SPAIN, S.A.","COINSTAR MONEY TRANSFER SPAIN, S.A.",,A84285071,CL,BRAVO MURILLO,125,PL. 1 PT. A,28020,MADRID,,ES,,915347280,,913102352,,26/09/2011,POR TRANSFORMACION EN ENTIDAD DE PAGO,6843,26/09/2011,17/06/2005,2,28,,N,,,,,,,,,12,"SIGUE GLOBAL SERVICES SPAIN, S.A.","COINSTAR MONEY TRANSFER SPAIN, S.A.",COINSTAR M.T.
ECVT,1762,151701,"MONEYTRANS WORLD, S.A.","MONEYTRANS WORLD, S.A.",,A92667732,CL,LA UNION,16,,29006,MALAGA,,ES,,952055806,,0,WWW.MONEYTRANS.ES,26/07/2011,POR TRANSFORMACION EN ENTIDAD DE PAGO,6840,26/07/2011,28/11/2005,2,29,,N,,,,,,,,,1,"MONEYTRANS WORLD ENTIDAD DE PAGO, S.A.","MONEYTRANS WORLD, S.A.",MONEYTRANS
ECVT,1764,151701,"LEFER TRANSFER, S.A.","LEFER TRANSFER, S.A.",,A64048192,CL,SICILIA,175-177,,8013,BARCELONA,,ES,,902183018,,932654601,,31/05/2011,POR TRANSFORMACION EN ENTIDAD DE PAGO,6819,31/05/2011,02/03/2006,2,8,,N,,,,,,,,,9,"LEFER TRANSFER, S.A.","LEFER TRANSFER, S.A.",LEFER TRANSFER
ECVT,1765,151701,"PNB GLOBAL FILIPINO REMITTANCE SPAIN, S.A.","PNB GLOBAL FILIPINO REMITTANCE SPAIN, S.A.",,A84773480,CL,MAYOR,6,,28013,MADRID,,ES,,915325462,,915324992,,01/05/2011,"R.D. 712/2010, DE 28 DE MAYO (D.T. UNICA), DISOLUCION Y LIQUIDACION",0000,01/05/2011,27/09/2006,2,28,,N,,,,,,,,,12,,PNB GLOBAL FILIPINO REMITTANCE,PNB GLOBAL
ECVT,1767,151701,"FENIXTRANSFERS, S.A.","FENIXTRANSFERS, S.A.",,A36515864,CL,URZAIZ,53,BAJO,36201,VIGO,PONTEVEDRA,ES,,986436199,,986436229,,30/03/2011,POR TRANSFORMACION EN ENTIDAD DE PAGO,6808,30/03/2011,02/03/2007,2,36,,N,,,,,,,,,11,"FENIXTRANSFERS ENTIDAD DE PAGO, S.A.","FENIXTRANSFERS, S.A.",FENIXTRANSFERS
ECVT,1768,151701,"UNIVERSAL TRANSFER MONEY ON, S.A.","UNIVERSAL TRANSFER MONEY ON, S.A.",,A85149813,CL,NUÑEZ DE BALBOA,114,OFICINA 310,28006,MADRID,,ES,,914356681,,914313073,,15/03/2011,POR TRANSFORMACION EN ENTIDAD DE PAGO,6805,15/03/2011,09/10/2007,2,28,,N,,,,,,,,,12,"UNIVERSAL TRANSFER MONEY ON, S.A.","UNIVERSAL TRANSFER MONEY ON, S.A.",UNITRANSMONEY
ECVT,1769,151701,"FACIL ENVIOS, S.A.","FACIL ENVIOS, S.A.",,A85290344,CL,MAQUEDA,44,LOCAL 2,28024,MADRID,,ES,,916343121,,916347486,,21/06/2011,POR TRANSFORMACION EN ENTIDAD DE PAGO,6829,21/06/2011,03/01/2008,2,28,,N,,,,,,,,,12,"FACIL ENVIOS ENTIDAD DE PAGO, S.A.","FACIL ENVIOS, S.A.",FACIL ENVIOS
ECVT,1770,151701,"CERRO CATEDRAL, S.A.","CERRO CATEDRAL, SOCIEDAD ANONIMA",,A64320070,CL,GIRONA,164,"BAJOS, LOCAL 3",8037,BARCELONA,,ES,,934577287,,934576335,,11/10/2011,POR TRANSFORMACION EN ENTIDAD DE PAGO,6844,11/10/2011,31/03/2008,2,8,,N,,,,,,,,,9,"CERRO CATEDRAL ENTIDAD DE PAGO, S.A.","CERRO CATEDRAL, S.A.",CERRO CATEDRAL
ECVT,1771,151701,"MONEYONE EXPRESS FINANCIAL, S.A.","MONEYONE EXPRESS FINANCIAL, S.A.",,A85403830,PS,DE LA CASTELLANA,21,SEMISOTANO DECH.,28046,MADRID,,ES,,915778258,,915781250,,25/05/2011,POR TRANSFORMACION EN ENTIDAD DE PAGO,6815,26/05/2011,05/06/2008,2,28,,N,,,,,,,,,12,"MONEYONE EXPRESS FINANCIAL, S.A.","MONEYONE EXPRESS FINANCIAL, S.A.",MONEYONE EXPRES
ECVT,1772,151701,"HERBON ENVIOS, S.A.","HERBON ENVIOS, S.A.",,A85355865,CL,ARBOLEDA,14,,28031,MADRID,,ES,,915342602,,915338783,,12/04/2011,POR TRANSFORMACION EN ENTIDAD DE PAGO,6810,12/04/2011,17/07/2008,4,28,,N,,,,,,,,,12,"HERBON ENVIOS, E.P., S.A.","HERBON ENVIOS, S.A.",HERBON ENVIOS
ECVT,1773,151701,"LA REAL DE ENVIOS, S.A.","LA REAL DE ENVIOS, S.A.",,A85358182,CL,BRAVO MURILLO,126,,28020,MADRID,,ES,,915338861,,915360912,,01/05/2011,"POR R.D. 712/2010, DE 28 DE MAYO (D.T.UNICA)",0000,01/05/2011,14/08/2008,2,28,,N,,,,,,,,,12,,"LA REAL DE ENVIOS, S.A.",REAL DE ENVIOS
ECVT,1774,151701,"AUSTROGIROS, S. A.","AUSTROGIROS, SOCIEDAD ANONIMA",,A85508455,CL,VIRGEN DE NIEVA,1,LOCAL,28003,MADRID,,ES,,915722448,,915719273,,15/06/2011,POR TRANSFORMACION EN ENTIDAD DE PAGO,6826,15/06/2011,22/09/2008,2,28,,N,,,,,,,,,12,"AUSTROGIROS ENTIDAD DE PAGO, S.A.","AUSTROGIROS, S. A.",AUSTROGIROS
ECVT,1775,151701,TERRA MONEY CASH S.A.,TERRA MONEY CASH S.A.,,A85335172,CL,ORENSE,16,PL. 4 A,28020,MADRID,,ES,,915974908,,915974789,,01/05/2011,"POR R.D. 712/2010, DE 28 DE MAYO (D.T.UNICA)",0000,01/05/2011,13/01/2009,2,28,,N,,,,,,,,,12,,TERRA MONEY CASH S.A.,TERRA MONEY CAS
ECVT,1776,151701,"TRANSFERENCIAS AMERICA, S.A.","TRANSFERENCIAS AMERICA, S.A.",,A85565265,CL,CAMINO VIEJO DE LEGANES,141,,28025,MADRID,,ES,,0,,0,,30/06/2011,POR TRANSFORMACION EN ENTIDAD DE PAGO,6835,30/06/2011,05/03/2009,4,28,,N,,,,,,,,,12,"TRANSFERENCIAS AMERICA, S.A.","TRANSFERENCIAS AMERICA, S.A.",TRANSFAMERICA
ECVT,1777,151701,"CHOICE MONEY TRANSFER ESPAÑA, S.A.","CHOICE MONEY TRANSFER ESPAÑA, S.A.",,A85642130,PS,DE LA CASTELLANA,171,PL.3 IZDA.,28046,MADRID,,ES,,914251540,,917710817,WWW.CHOICEMONEYTRANSFER.ES.,01/06/2011,POR TRANSFORMACION EN ENTIDAD DE PAGO,6820,01/06/2011,17/03/2009,2,28,,N,,,,,,,,,12,"CHOICE MONEY TRANSFER ESPAÑA, S.A.","CHOICE MONEY TRANSFER ESPAÑA, S.A.",CHOICE MONEY
ECVT,1778,151701,"VIGO REMITTANCE ESPAÑA, S.A.","VIGO REMITTANCE ESPAÑA, S.A.",,A85622405,CL,PEDRO TEIXEIRA,8,PL. 9,28020,MADRID,,ES,,914177100,,915568729,,01/05/2011,"POR R.D. 712/2010, DE 28 DE MAYO (D.T.UNICA) Y CAMBIO OBJETO SOCIAL",0000,01/05/2011,18/05/2009,4,28,,N,,,,,,,,,12,,"VIGO REMITTANCE ESPAÑA, S.A.",VIGO REMITTANCE
ECVT,1779,151701,"LATINVEST ESPAÑA, S.A.","LATINVEST ESPAÑA, S.A.",,A85701217,PZ,PUERTA DEL SOL,6,PL. 4 IZDA.,28013,MADRID,,ES,,915233084,,915225325,,04/03/2011,POR RENUNCIA (REVOCACION AUTORIZAC. CONSEJO GOBIERNO BANCO DE ESPAÑA),0000,04/03/2011,16/06/2009,2,28,,N,,,,,,,,,12,,"LATINVEST ESPAÑA, S.A.",LATINVEST
ECVT,1780,151701,"EASY REMITTANCE, S.A.","EASY REMITTANCE, S.A.",,A85785905,CL,GARCIA DE PAREDES,84,BAJO,28010,MADRID,,ES,,915189166,,0,,16/04/2012,POR TRANSFORMACION EN ENTIDAD DE PAGO,6849,16/04/2012,10/11/2009,2,28,,N,,,,,,,,,12,"EASY REMITTANCE, S.A.","EASY REMITTANCE, S.A.",EASY REMITTANCE
ECVT,1781,151701,"CLICK TRANSFER, S.A.","CLICK TRANSFER, S.A.",,A85809291,CL,HERMOSILLA,22,SUITE 2E,28001,MADRID,,ES,,913197979,,913193717,,16/02/2012,POR TRANSFORMACION EN ENTIDAD DE PAGO,6846,16/02/2012,25/11/2009,2,28,,N,,,,,,,,,12,"CLICK TRANSFER, S.A.","CLICK TRANSFER, S.A.",CLICK TRANSFER
ECVT,1782,151701,"UNIVERSAL DE CAMBIOS, S.A.","UNIVERSAL DE CAMBIOS, S.A.",,A85835569,CL,MESONERO ROMANOS,10,,28013,MADRID,,ES,,915214857,,915214923,,,,0000,27/02/2012,26/01/2010,1,28,,N,,,,,,,,,12,,"UNIVERSAL DE CAMBIOS, S.A.",UNI.DE CAMBIOS
ECVT,1783,151701,"TELEFONICA REMESAS, S.A.","TELEFONICA REMESAS, S.A.",,A85739878,RD,DE LA COMUNICACION,S/N,"EDF. OESTE 1, PL.6",28050,MADRID,,ES,,914827303,,914827453,,28/12/2010,POR TRANSFORMACION EN ENTIDAD DE PAGO,6803,28/12/2010,04/02/2010,2,28,,N,,,,,,,,,12,"TELEFONICA REMESAS, S.A.","TELEFONICA REMESAS, S.A.",TELEFONICA REME
ECVT,1784,151701,"NEC MONEY TRANSFER, S.A.","NEC MONEY TRANSFER, SOCIEDAD ANONIMA",,A86017258,CL,AMPARO,83,LOCAL,28012,MADRID,,ES,,915397712,,915394902,,07/04/2011,POR TRANSFORMACION EN ENTIDAD DE PAGO,6809,07/04/2011,03/11/2010,2,28,,N,,,,,,,,,12,"NEC MONEY TRANSFER ENTIDAD DE PAGO, SOCIEDAD ANONIMA","NEC MONEY TRANSFER, S.A.",NEC MONEY
ST,4301,164301,"SOCIEDAD DE TASACION, S.A.","SOCIEDAD DE TASACION, S.A.",,A28808145,CL,PRINCIPE DE VERGARA,43,,28001,MADRID,,ES,,914360210,,915762083,WWW.ST-TASACION.ES,,,0000,26/05/2010,22/10/1982,,28,,N,,,,,,,,,12,,"SOCIEDAD DE TASACION, S.A.",SDAD. TASACION
ST,4302,164301,"TASACIONES HIPOTECARIAS, S.A.","TASACIONES HIPOTECARIAS, S.A.",,A28806222,CL,MARIA DE MOLINA,54,PL. 1,28006,MADRID,,ES,,914549600,,914549650,,,,0000,06/03/2008,09/12/1982,,28,TH,S,,,,,,,,,12,,"TASACIONES HIPOTECARIAS, S.A.",TH
ST,4303,164301,"HISPANIA DE PERITAJES, S.A.","HISPANIA DE PERITAJES, S.A.",,A08079584,CL,COLOMBIA,4,,28016,MADRID,,ES,,913502439,,913457091,,22/12/1997,POR RENUNCIA,0000,06/03/2008,29/05/1951,,28,,N,,,,,,,,,12,,"HISPANIA DE PERITAJES, S.A.",HISPANIA PERIT.
ST,4304,164301,"TASIBERICA, S.A.","TASIBERICA, S.A.",,A28842045,CL,CLAUDIO COELLO,124,PL. 8,28006,MADRID,,ES,,917451008,,917451009,,,,0000,06/03/2008,14/06/1983,,28,,N,,,,,,,,,12,,"TASIBERICA, S.A.",TASIBERICA
ST,4305,164301,"TASACIONES MADRID, S.A.","TASACIONES MADRID, S.A.",,A28923324,CL,SUERO DE QUIÑONES,40-42,PL. 6,28002,MADRID,,ES,,917824670,,917824690,WWW.TASAMADRID.ES,,,0000,06/03/2008,08/06/1983,,28,TASAMADRID,S,,,,,,,,,12,,"TASACIONES MADRID, S.A.",TASAMADRID
ST,4307,164301,"SERVICIOS VASCOS DE TASACIONES, S.A.","SERVICIOS VASCOS DE TASACIONES, S.A",,A48159669,CL,BERTENDONA,4,PL. 8,48008,BILBAO,BIZKAIA,ES,,944168411,,944151548,,,,0000,02/01/2012,02/10/1984,,48,SERVATAS,S,,,,,,,,,16,,"SERV. VASCOS DE TASACIONES, S.A.",SERVATAS
ST,4308,164301,"TASACIONES Y PERITAJES, S.A.","TASACIONES Y PERITAJES, S.A.",,A08953606,CL,CASPE,26,,8010,BARCELONA,,ES,,0,,0,,05/02/1990,POR CAMBIO DE OBJETO SOCIAL,0000,06/03/2008,30/01/1981,,8,,N,,,,,,,,,9,,"TASACIONES Y PERITAJES, SA",PERITAJES ST
ST,4309,164301,"ASESORIA DE INVERSIONES INMOBILIARIAS, S.A.","ASESORIA DE INVERSIONES INMOBILIARIAS, S.A.",,A28684504,CL,PADRE DAMIAN,5,PL. 8 - IZDA.,28036,MADRID,,ES,,913441924,,913440657,,23/12/1998,POR ACUERDO DE LA COMISION EJECUTIVA DE FECHA 15-12-1998,0000,06/03/2008,30/01/1981,,28,,N,,,,,,,,,12,,ASESORIA INVERSIONES INMOBILIARIAS,ADINSA
ST,4310,164301,"CATALANA INTERNACIONAL DE VALORACIONES, S.A.","CATALANA INTERNACIONAL DE VALORACIONES, S.A.",,A08960882,ZZ,GRAN VIA LES CORTS CATALANES,622,PRINCIPAL,8007,BARCELONA,,ES,,934104666,,933218504,,01/09/2000,POR RENUNCIA,0000,06/03/2008,30/11/1984,,8,CIVASA,S,,,,,,,,,9,,CATALANA INTERNACIONAL VALORACIONES,CIVASA
ST,4311,164301,"VALTECNIC, S.A.","VALTECNIC, S.A.",,A28903920,PS,DE LA CASTELLANA,161,PL. 2,28046,MADRID,,ES,,915639904,,915635329,WWW.VALTECNIC.COM,,,0000,02/03/2011,13/02/1984,,28,VALTECNIC,S,,,,,,,,,12,,"VALTECNIC, S.A.",VALTECNIC
ST,4312,164301,"TASVALOR, S.A.","TASVALOR, S.A.",,A28796902,CL,ROMA,38,,28028,MADRID,,ES,,917256716,,917257367,,07/05/1998,POR RENUNCIA,0000,06/03/2008,24/11/1982,,28,,N,,,,,,,,,12,,"TASVALOR, S.A.",TASVALOR
ST,4313,164301,"TASACIONES INMOBILIARIAS, S.A. (TINSA)","TASACIONES INMOBILIARIAS, S.A. (TINSA)",,A78029774,CL,JOSE ECHEGARAY,9,,28230,LAS ROZAS,MADRID,ES,,913727500,,913727510,WWW.TINSA.ES,,,0000,06/03/2008,26/03/1985,,28,TINSA,S,,,,,,,,,12,,"TASACIONES INMOBILIARIAS, S.A.",TINSA
ST,4314,164301,"VASA VALORACIONES, S.A.","VASA VALORACIONES, S.A.",,A78036548,CL,POTOSI,10,PL. 1 - F,28016,MADRID,,ES,,914580904,,915634491,,25/11/1998,POR RENUNCIA,0000,06/03/2008,10/05/1985,,28,,N,,,,,,,,,12,,"VASA VALORACIONES, S.A.",VASAVALORACION
ST,4315,164301,"TECNICOS EN TASACION, S.A. (TECNITASA)","TECNICOS EN TASACION, S.A. (TECNITASA)",,A78116324,AV,DE EUROPA,26,PL.2 EDIF. ATICA N.5,28224,POZUELO DE ALARCON,MADRID,ES,,917823820,,914114429,WWW.TECNITASA.COM,,,0000,14/11/2008,13/12/1985,,28,TECNITASA,S,,,,,,,,,12,,"TECNICOS EN TASACION, S.A.",TECNITASA
SAF,4777,904700,"MARCH LEASING, S.A.","MARCH LEASING, S.A.",,A07215551,AV,ALEJANDRO ROSELLO,8,,7002,PALMA DE MALLORCA,BALEARES,ES,,971779166,,971469929,,10/03/1994,POR CESION GLOBAL DE ACTIVOS Y PASIVOS A,0061,06/03/2008,14/10/1986,,7,,N,,,,,,,,,4,"BANCA MARCH, S.A.","MARCH LEASING, S.A.",MARCH LEASIN
SAF,4778,904700,"LEASING ORDENADORES, S.A.","LEASING ORDENADORES, S.A.",,A78319902,CL,JOSEFA VALCARCEL,10,,28027,MADRID,,ES,,917425461,,912620066,,10/08/1993,POR CAMBIO DE OBJETO SOCIAL,0000,06/03/2008,29/07/1986,,28,,N,,,,,,,,,12,,"LEASING ORDENADORES, S.A.",ORDENADORES
SAF,4781,904700,"SVENSKA FINANS ESPAÑA, SOCIEDAD ANONIMA, S.A.F.","SVENSKA FINANS ESPAÑA, SOCIEDAD ANONIMA, S.A.F.",,A78363868,PS,DE LA CASTELLANA,53,,28046,MADRID,,ES,,913990411,,914420348,,01/08/1996,POR CAMBIO DE OBJETO SOCIAL,0000,06/03/2008,07/11/1986,,28,,N,,,,,,,,,12,,"SVENSKA FINANS ESPAÑA, S.A., S.A.F.",SVENSKA FINANS
SAF,4783,904700,"N.C. LEASING, S.A.","N.C. LEASING, S.A.",,A78374733,CL,CAPITAN HAYA,38,PLT. 4,28020,MADRID,,ES,,915718500,,912793058,,23/11/1993,POR CAMBIO DE OBJETO SOCIAL,0000,06/03/2008,12/11/1986,,28,,N,,,,,,,,,12,,"N.C. LEASING, S.A.",N.C. LEASING
SAF,4785,904700,"INVHERLEASING, S.A.F., S.A.","INVHERLEASING, SOCIEDAD DE ARRENDAMIENTO FINANCIERO, S.A.",,A33091547,CL,CIMADEVILLA,8,,33003,OVIEDO,ASTURIAS,ES,,985213851,,985227516,,27/12/1996,POR CESION GLOBAL DE ACTIVOS Y PASIVOS A,0043,06/03/2008,31/10/1986,,33,,N,,,,,,,,,3,"BANCO HERRERO, S.A.","INVHERLEASING, S.A.F., S.A.",INVHERLEASING
SAF,4786,904700,"EMPRESARIAL CATALANA DE LEASING, S.A.","EMPRESARIAL CATALANA DE LEASING, SOCIEDAD ANONIMA",,A58268756,CL,INDUSTRIA,137-141,(137-141),8025,BARCELONA,,ES,,934333298,,934332108,,06/09/1993,POR CAMBIO DE OBJETO SOCIAL,0000,06/03/2008,01/12/1986,,8,,N,,,,,,,,,9,,EMPRESARIAL CATALANA DE LEASING,EMPR.CAT.SAF
SAF,4787,904700,"OFIMATICA LEASING, S.A.","OFIMATICA LEASING, S.A.",,A78379765,CL,RAIMUNDO FERNANDEZ VILLAVERDE,65,PLT. 14,28003,MADRID,,ES,,915971477,,0,,18/10/1993,POR CAMBIO DE OBJETO SOCIAL,0000,06/03/2008,19/11/1986,,28,,N,,,,,,,,,12,,"OFIMATICA LEASING, S.A.",OFIMATIC SA
SAF,4790,904700,"INVES-LEASING, S.A., S.A.F.","INVES-LEASING, S.A., S.A.F.",,A28316990,CL,CLAUDIO COELLO,16,,28001,MADRID,,ES,,914311248,,915770934,,20/10/1995,POR DISOLUCION,0000,06/03/2008,09/01/1987,,28,,N,,,,,,,,,12,,"INVES-LEASING, S.A., S.A.F.",INVESLEASING
SAF,4791,904700,"COFISA LEASING, S.A.","COFISA LEASING, S.A.",,A78406535,AV,ROMA,99-101,-101,8029,BARCELONA,,ES,,934311100,,934320680,,12/03/1992,POR CAMBIO DE OBJETO SOCIAL,0000,06/03/2008,17/12/1986,,8,,N,,,,,,,,,9,,"COFISA LEASING, S.A.",COFISA SA
SAF,4792,904700,"BURNHILL LEASING ESPAÑOLA, S.A.","BURNHILL LEASING ESPAÑOLA, S.A.",,A78301728,AV,DIAGONAL,601,,8028,BARCELONA,,ES,,933391516,,933304535,,02/01/1997,POR R.D. 692/1996 DE 26 DE ABRIL (DISPOSICION TRANSITORIA CUARTA),0000,06/03/2008,23/12/1986,,8,,N,,,,,,,,,9,,"BURNHILL LEASING ESPAÑOLA, S.A.",B.L.E.
SAF,4793,904700,"MADIBERG, S.A.","MADIBERG, S.A.",,A28952778,CL,ALFONSO XII,46,,28014,MADRID,,ES,,914671650,,0,,12/06/1996,POR CAMBIO DE OBJETO SOCIAL,0000,06/03/2008,09/03/1987,,28,,N,,,,,,,,,12,,"MADIBERG, S.A.",MADIBERG
SAF,4795,904700,"MEDITERRAN-LEASING, S.A.","MEDITERRAN-LEASING, S.A.",,A58369828,PS,GRACIA,83,"PL. 4, 3",8008,BARCELONA,,ES,,932150074,,0,,09/02/1994,POR ACUERDO DEL CONSEJO DE MINISTROS DE FECHA 05.11.1993,0000,06/03/2008,06/05/1987,,8,,N,,,,,,,,,9,,"MEDITERRAN-LEASING, S.A.",MEDITERR SA
SAF,4796,904700,"DAF, COMPAÑIA DE LEASING, S.A.","DAF, COMPAÑIA DE LEASING, S.A.",,A78496049,AV,INGENIERO TORRES QUEVEDO,S/N,"CRT.MAD-BARC K13,300",28022,MADRID,,ES,,917473999,,917478116,,26/05/1994,POR CAMBIO DE OBJETO SOCIAL,0000,06/03/2008,29/05/1987,,28,,N,,,,,,,,,12,,"DAF, COMPAÑIA DE LEASING, S.A.",DAF SA
SAF,4798,904700,"SEUR LEASING, S.A.","SEUR LEASING, S.A.",,A78482965,CR,VALLECAS-VILLAVERDE,KM. 2,PL. 3,28031,MADRID,,ES,,917778849,,0,,03/03/1994,POR DISOLUCION,0000,06/03/2008,09/04/1987,,28,,N,,,,,,,,,12,,"SEUR LEASING, S.A.",SEUR SA
SAF,4800,904700,"LISTRADE, S.A.","LISTRADE, S.A.",,A78479714,CL,GOYA,15,,28001,MADRID,,ES,,914316389,,914200529,,04/03/1994,POR ACUERDO DEL CONSEJO DE MINISTROS DE FECHA 04.06.1993,0000,06/03/2008,13/04/1987,,28,,N,,,,,,,,,12,,"LISTRADE, S.A.",LISTRADE SA
SAF,4801,904700,"SANITARIA LEASING, S.A.","SANITARIA LEASING, S.A.",,A50183458,PZ,MIGUEL SALAMERO,14,PL. 1,50004,ZARAGOZA,,ES,,976237224,,976219835,,07/02/1995,POR CAMBIO DE OBJETO SOCIAL,0000,06/03/2008,06/06/1987,,50,,N,,,,,,,,,2,,"SANITARIA LEASING, S.A.",SANITARI SA
SAF,4802,904700,"LEASING MASPALOMAS, S.A.","LEASING MASPALOMAS, S.A.",,A35062116,CL,OLOF PALME,46,,35010,LAS PALMAS DE GRAN CANARIA,LAS PALMAS,ES,,928767837,,0,,01/12/1993,POR CAMBIO DE OBJETO SOCIAL,0000,06/03/2008,05/01/1987,,35,,N,,,,,,,,,5,,"LEASING MASPALOMAS, S.A.",MASPALOMAS
SAF,4803,904700,"SYNERLEASE IBERICA, S.A.","SYNERLEASE IBERICA, S.A.",,A78498995,CL,CASTELLO,128,,28006,MADRID,,ES,,915625400,,915627948,,03/05/1994,POR CAMBIO DE OBJETO SOCIAL.,0000,06/03/2008,04/06/1987,,28,,N,,,,,,,,,12,,"SYNERLEASE IBERICA, S.A.",SYNERLEASE
SAF,4804,904700,"LEASCAR, S.A.","LEASCAR, S.A.",,A78486990,CL,NUÑEZ DE BALBOA,71,,28001,MADRID,,ES,,0,,0,,10/01/1990,POR CAMBIO DE OBJETO SOCIAL,0000,06/03/2008,15/07/1987,,28,,N,,,,,,,,,12,,"LEASCAR, S.A.",LEASCAR SAF
SAF,4806,904700,"SOFILEASING, S.A.","SOFILEASING, S.A.",,A58418252,ZZ,VIA LAYETANA,26,,8003,BARCELONA,,ES,,932683535,,932682940,,10/01/1995,POR DISOLUCION,0000,06/03/2008,16/07/1987,,8,,N,,,,,,,,,9,,"SOFILEASING, S.A.",SOFILEASING
SAF,4807,904700,"BBL LEASING ESPAÑA, S.A.","BBL LEASING ESPAÑA, S.A.",,A78545761,PS,CASTELLANA,95,PL. 14,28046,MADRID,,ES,,915970827,,915971592,,10/03/1994,POR DISOLUCION,0000,06/03/2008,10/09/1987,,28,,N,,,,,,,,,12,,"BBL LEASING ESPAÑA, S.A.",BBL LEASING
SAF,4808,904700,"CAPITAL LEASING, S.A.","CAPITAL LEASING, S.A.",,A78545449,CM,MONTE DE VALDEOLIVA CR.NAL.I,"36,20",P.I'EL RASO'NAVE B3,28750,SAN AGUSTIN DE GUADALIX,MADRID,ES,,918435250,,918435437,,14/01/1994,POR DISOLUCION,0000,06/03/2008,11/09/1987,,28,,N,,,,,,,,,12,,"CAPITAL LEASING, S.A.",CAPITAL SA
SAF,4810,904700,"SAUDESBANK LEASING, S.A.","SAUDESBANK LEASING, S.A.",,A78539244,PS,CASTELLANA,40,,28046,MADRID,,ES,,914316164,,914358026,,09/03/1993,POR FUSION POR ABSORCION POR,0153,06/03/2008,13/08/1987,,28,,N,,,,,,,,,12,"BANCO SAUDI ESPAÑOL, S.A. (SAUDESBANK)","SAUDESBANK LEASING, S.A.",SAUDESBANK
SAF,4811,904700,"FINANCIAL LEASING, SOCIEDAD ANONIMA","FINANCIAL LEASING, SOCIEDAD ANONIMA",,A50191576,PZ,ARAGON,2,PLT.1,50004,ZARAGOZA,,ES,,976229867,,976222074,,08/06/1993,POR DISOLUCION,0000,06/03/2008,23/09/1987,,50,,N,,,,,,,,,2,,"FINANCIAL LEASING, SOCIEDAD ANONIMA",FINANCIAL
SAF,4812,904700,"UFB LEASING ESPAÑA, S.A.","UFB LEASING ESPAÑA, S.A.",,A78551066,CL,SERRANO,21,,28001,MADRID,,ES,,914315258,,912757136,,10/03/1994,POR CAMBIO DE OBJETO SOCIAL,0000,06/03/2008,24/09/1987,,28,,N,,,,,,,,,12,,"UFB LEASING ESPAÑA, S.A.",UFB LEASING
SAF,4813,904700,"ESFINGE LEASING, S.A., S.A.F.","ESFINGE LEASING, SOCIEDAD ANONIMA, SOCIEDAD DE ARRENDAMIENTO FINANCIERO",,A78563582,AV,MENENDEZ PELAYO,67,,28009,MADRID,,ES,,915735103,,915730455,,11/01/1994,POR CAMBIO DE OBJETO SOCIAL Y TRANSFORMACION EN,0220,06/03/2008,15/10/1987,,28,,N,,,,,,,,,12,"BANCO FINANTIA SOFINLOC, S.A.","ESFINGE LEASING, S.A., S.A.F.","ESFINGE,SA"
EF,8387,908300,"FYC, S.A.","FYC, S.A.",,A08925232,PZ,SAN MIGUEL,3,,47003,VALLADOLID,,ES,,0,,0,,22/02/1984,.,0000,06/03/2008,10/10/1975,,47,,N,,,,,,,,,7,,"FYC, S.A.",FYCSA
SAF,4814,904700,"METALEASING, S.A.","METALEASING, S.A.",,A30133318,CL,CALDERON DE LA BARCA,16,PLT. 3-A,30001,MURCIA,,ES,,968200927,,968230634,,18/11/1994,POR ACUERDO DEL CONSEJO DE MINISTROS DE FECHA 30.09.1994,0000,06/03/2008,28/10/1987,,30,,N,,,,,,,,,13,,"METALEASING, S.A.",METALEASING
SAF,4815,904700,"PEGASO LEASING, S.A.","PEGASO LEASING, S.A.",,A78579463,AV,ARAGON,402,,28022,MADRID,,ES,,917502142,,917502117,,08/03/1994,POR CAMBIO DE OBJETO SOCIAL,0000,06/03/2008,02/11/1987,,28,,N,,,,,,,,,12,,"PEGASO LEASING, S.A.",PEGASO SA
SAF,4816,904700,"OLIMPIC COMPAÑIA DE LEASING, S.A.","OLIMPIC COMPAÑIA DE LEASING, S.A.",,A58437468,CL,VIA AUGUSTA,48-54,PLT. 6-6,8006,BARCELONA,,ES,,932382040,,932178103,,09/06/1994,POR ACUERDO DEL CONSEJO DE MINISTROS DE FECHA 11.03.1994,0000,06/03/2008,23/10/1987,,8,,N,,,,,,,,,9,,"OLIMPIC COMPAÑIA DE LEASING, S.A.",OLIMPIC SA
SAF,4817,904700,"SCANIA LEASING, S.A.E.","SCANIA LEASING, S.A.E.",,A78579612,CL,MAR MEDITERRANEO,20,POLG.SAN FERNANDOI,28850,SAN FERNANDO DE HENARES,MADRID,ES,,916764912,,916768912,,15/09/1993,A PETICION PROPIA,0000,06/03/2008,10/11/1987,,28,,N,,,,,,,,,12,,"SCANIA LEASING, S.A.E.",SCANIA SA
SAF,4818,904700,CIA. ARRENDAMIENTOS FINANCIEROS CASTILLA-LA MANCHA,"COMPAÑIA DE ARRENDAMIENTOS FINANCIEROS DE CASTILLA-LA MANCHA, S.A.",,A16029860,CL,PARQUE DE SAN JULIAN,20,,16002,CUENCA,,ES,,969230985,,969232507,,02/01/1997,"R.D. 692/1996, DE 26 DE ABRIL (DISPOSICION TRANSITORIA CUARTA)",0000,06/03/2008,03/11/1987,,16,,N,,,,,,,,,8,,CIA.ARREND. FIN. CASTILLA-LA MANCHA,LISCASMAN
SAF,4820,904700,"LIS-LEASING INDUSTRIAL Y DE SERVICIOS, S.A.","LIS-LEASING INDUSTRIAL Y DE SERVICIOS, S.A.",,A78620515,CL,ZORRILLA,3,,28014,MADRID,,ES,,915378280,,915378251,,07/03/1994,POR DISOLUCION CON CESION DE ACTIVOS Y PASIVOS A,0104,06/03/2008,29/12/1987,,28,,N,,,,,,,,,12,"BANCO EXTERIOR DE ESPAÑA, S.A.",LIS-LEASING INDUSTR. Y DE SERVICIOS,LIS-LEASING
SAF,4821,904700,"ASTUR-LEASING, S.A.","ASTUR-LEASING, S.A.",,A33116765,CL,FRUELA,5-7,,33003,OVIEDO,ASTURIAS,ES,,985220441,,985215586,,12/04/1994,POR FUSION POR ABSORCION POR,0118,06/03/2008,03/03/1988,,33,,N,,,,,,,,,3,"BANCO DE ASTURIAS, S.A.","ASTUR-LEASING, S.A.",ASTURLEASING
SAF,4822,904700,"INMOLEASING, S.A.","INMOLEASING, S.A.",,A78654605,CL,VIRGEN DE LOS PELIGROS,9,,28013,MADRID,,ES,,914644362,,0,,15/07/1993,POR CAMBIO DE OBJETO SOCIAL,0000,06/03/2008,09/02/1988,,28,,N,,,,,,,,,12,,"INMOLEASING, S.A.",INMOLEASING
SAF,4823,904700,"DELTA LEASING, S.A.","DELTA LEASING, S.A.",,A50206200,PS,DE LA CASTELLANA,249,PLT. 3,28046,MADRID,,ES,,913231971,,913457513,,09/06/1993,POR CAMBIO DE OBJETO SOCIAL,0000,06/03/2008,15/02/1988,,28,,N,,,,,,,,,12,,"DELTA LEASING, S.A.",DELTA SA
SAF,4824,904700,"SOGEFIN LEASING, S.A., S.A.F.","SOGEFIN LEASING, SOCIEDAD ANONIMA, SOCIEDAD DE ARRENDAMIENTO FINANCIERO",,A58514449,PZ,CATALUÑA,20,PL. 4,8002,BARCELONA,,ES,,933027878,,933022095,,02/04/1996,POR CAMBIO DE OBJETO SOCIAL,0000,06/03/2008,15/02/1988,,8,,N,,,,,,,,,9,,"SOGEFIN LEASING, S.A., S.A.F.",SOGEFIN
SAF,4825,904700,"MONLEASING, SOCIEDAD ANONIMA","MONLEASING, SOCIEDAD ANONIMA",,A78774882,CL,ANTONIO MAURA,18,PL. 2 - D,28014,MADRID,,ES,,915225135,,915218957,,02/01/1997,"RD 692/1996, DE 26 DE ABRIL (DT 4ª) Y REVOC. ACUER. C.M. DE 08-05-1992",0000,06/03/2008,09/03/1988,,28,,N,,,,,,,,,12,,"MONLEASING, SOCIEDAD ANONIMA",MONLEASING
SAF,4826,904700,"FINANSSKANDIC LEASING, S.A.F., S.A.","FINANSSKANDIC LEASING, SOCIEDAD DE ARRENDAMIENTO FINANCIERO, S.A.",,A58676784,CL,LEIZARAN,6,,28002,MADRID,,ES,,915640404,,915643812,,02/01/1997,R.D. 692/1996 DE 26 DE ABRIL (DISPOSICION TRANSITORIA CUARTA),0000,06/03/2008,04/02/1988,,28,,N,,,,,,,,,12,,"FINANSSKANDIC LEASING, S.A.F., S.A.",FINANSSKANDIC
SAF,4827,904700,"MAPFRE LEASING, S.A.","MAPFRE LEASING, S.A.",,A28137990,CL,GOBELAS,41-43,URB. LA FLORIDA,28023,MADRID,,ES,,915811927,,915811989,,11/09/1996,POR CAMBIO DE OBJETO SOCIAL,0000,06/03/2008,31/12/1987,,28,,N,,,,,,,,,12,,"MAPFRE LEASING, S.A.",MAPFRE LEASING
SAF,4828,904700,"CORP. ARRENDAMIENTOS FINANCIEROS, AGRICOLAS E IND.","CORPORACION DE ARRENDAMIENTOS FINANCIEROS, AGRICOLAS E INDUSTRIALES, S.A.",,A78508884,CL,TOLEDO,94,PLT. BAJA,28005,MADRID,,ES,,912654848,,0,,16/12/1992,POR CAMBIO DE OBJETO SOCIAL,0000,06/03/2008,09/06/1988,,28,,N,,,,,,,,,12,,CORP. ARREND. FIN. AGRIC. IND.,CORP.AGRI.IN
SAF,4829,904700,"AHORRO LEASING, S.A.F., S.A.","AHORRO LEASING, SOCIEDAD DE ARRENDAMIENTO FINANCIERO, S.A.",,A78384781,CL,ANTONIO MAURA,11,,28014,MADRID,,ES,,915315012,,915323856,,06/10/1993,POR CAMBIO DE OBJETO SOCIAL,0000,06/03/2008,05/05/1988,,28,,N,,,,,,,,,12,,"AHORRO LEASING, S.A.F., S.A.","AHORRO SAF,SA"
SAF,4830,904700,"ABN-AMRO LEASING, S.A., S.A.F.","ABN-AMRO LEASING, S.A., S.A.F.",,A78824570,CL,CALENDULA,95,,28109,ALCOBENDAS,MADRID,ES,,916509961,,916509342,,16/12/1996,POR FUSION POR ABSORCION POR,4765,06/03/2008,13/05/1988,,28,,N,,,,,,,,,12,"LEASE PLAN ESPAÑA, S.A.","ABN-AMRO LEASING, S.A., S.A.F.",ABN-AMRO
SAF,4831,904700,"EUROPEA POPULAR DE LEASING INMOBILIARIO, S.A.","EUROPEA POPULAR DE LEASING INMOBILIARIO, S.A., S.A.F.",,A79223715,CL,NUÑEZ DE BALBOA,56,,28001,MADRID,,ES,,915781483,,915781733,,25/01/1994,POR FUSION POR ABSORCION POR,0216,06/03/2008,04/08/1989,,28,,N,,,,,,,,,12,"BANCO POPULAR HIPOTECARIO, S.A.",EUROPEA POPULAR DE LEASING INMOB.,EURO.POP.LIN
SAF,4833,904700,"EUROLEASING INMOBILIARIO, S.A., S.A.F.","EUROLEASING INMOBILIARIO, S.A., S.A.F.",,A78891082,AV,DIAGONAL,615,PL. 3,8021,BARCELONA,,ES,,934109944,,934052794,,05/11/1996,POR FUSION POR ABSORCION POR,4767,06/03/2008,23/11/1989,,8,,N,,,,,,,,,9,"CAIXALEASING, S.A., SOCIEDAD DE ARRENDAMIENTO FINANCIERO","EUROLEASING INMOBILIARIO, S.A.",EUROLEASING
SAF,4834,904700,"UNION DE CREDITOS INMOBILIARIOS LEASING, S.A.","UNION DE CREDITOS INMOBILIARIOS LEASING, S.A., S.A.F.",,A79336285,CL,RETAMA,3,,28045,MADRID,,ES,,913373737,,913373738,,31/12/1996,POR FUSION POR ABSORCION POR,8512,06/03/2008,19/12/1989,,28,,N,,,,,,,,,12,"UNION DE CREDITOS INMOBILIARIOS, S.A., ENTIDAD DE FINANCIACION",UNION CTOS. INMOBILIARIOS LEASING,UNION CREDITOS
SAF,4835,904700,"PASTOR LEASING, S.A.F., S.A.","PASTOR LEASING, SOCIEDAD DE ARRENDAMIENTO FINANCIERO, S.A.",,A15244031,CL,CANTON PEQUEÑO,1,,15003,LA CORUÑA,,ES,,981227800,,981228041,,20/12/1996,POR FUSION POR ABSORCION POR,8620,06/03/2008,05/03/1990,,15,,N,,,,,,,,,11,"PASTOR SERVICIOS FINANCIEROS, ENTIDAD DE FINANCIACION, S.A.","PASTOR LEASING, S.A.F., S.A.",PASTOR LEASING
SAF,4836,904700,"COFIBER LEASING, S.A.F., S.A.","COFIBER LEASING, SOCIEDAD DE ARRENDAMIENTO FINANCIERO, S.A.",,A79352274,PZ,CANOVAS DEL CASTILLO,4,PL. 7,28014,MADRID,,ES,,914295145,,914202174,,02/10/1995,POR CAMBIO DE OBJETO SOCIAL Y TRANSFORMACION EN,8804,06/03/2008,01/02/1990,,28,,N,,,,,,,,,12,"COFIBER FINANCIERA, ENTIDAD DE FINANCIACION, S.A.","COFIBER LEASING, S.A.F., S.A.",COFIBER LEASING
SAF,4839,904700,"MUTUACTIVOS LEASING, S.A.F., S.A.","MUTUACTIVOS LEASING, SOCIEDAD DE ARRENDAMIENTO FINANCIERO, S.A.",,A79527255,CL,ALMAGRO,9,,28010,MADRID,,ES,,913191113,,913084241,,09/10/1996,POR CAMBIO DE OBJETO SOCIAL,0000,06/03/2008,01/10/1990,,28,,N,,,,,,,,,12,,"MUTUACTIVOS LEASING, S.A.F., S.A.",MUTUACTIVOS
REPC,6801,906801,WESTERN UNION PAYMENT S.IRELAND LTD (RED AGENTES),WESTERN UNION PAYMENT SERVICES IRELAND LIMITED (RED DE AGENTES),,N0072219I,CL,PINAR,7,PL. 5,28006,MADRID,,IE,,914177100,,915568729,,,,0000,29/03/2012,14/10/2010,,28,,N,,WESTERN UNION PAYMENT SERVICES     IRELAND LIMITED,"UNIT, 9 - RICHVIEW BUSINESS PARK, CLONSKEAGH",DUBLIN 14,,,,,12,,WESTERN UNION P.S.IRELAND-R.AGENTES,WESTERN UNION
EP,6803,906802,"TELEFONICA REMESAS, S.A.","TELEFONICA REMESAS, S.A.",,A85739878,RD,DE LA COMUNICACION,S/N,"EDF. OESTE 1, PL.6",28050,MADRID,,ES,,914827303,,914827453,,,,0000,28/12/2010,28/12/2010,,28,,N,,,,,,,,,12,,"TELEFONICA REMESAS, S.A.",TELEFONICA REME
ST,4368,164301,"COMPAÑIA HISPANIA DE TASACIONES Y VALORACIONES, SA","COMPAÑIA HISPANIA DE TASACIONES Y VALORACIONES, S.A.",,A79199287,AV,"EUROPA, 34, EDIFICIO B",,PL. 3 IZQUIERDA,28023,MADRID,,ES,,913070035,,913071795,WWW.COHISPANIA.COM,,,0000,29/03/2010,03/07/1989,,28,COHISPANIA,S,,,,,,,,,12,,COMPAÑIA HISPANIA TASACIONES Y VALO,COHISPANIA
ST,4370,164301,"MHP TASACIONES, S.A.","MHP TASACIONES, S.A.",,A29278678,CL,ARENAL,3,,29016,MALAGA,,ES,,952217467,,952226871,,23/12/1998,POR ACUERDO DE LA COMISION EJECUTIVA DE FECHA 15-12-1998,0000,06/03/2008,26/09/1989,,29,,N,,,,,,,,,1,,"MHP TASACIONES, S.A.",MHP TASACIONES
ST,4371,164301,"STV SOCIEDAD DE TASACIONES Y VALORACIONES, S.A.","STV SOCIEDAD DE TASACIONES Y VALORACIONES, S.A.",,A31245939,CL,PINTOR MAEZTU,6,PL. 1 - DCHA.,31008,PAMPLONA,NAVARRA,ES,,948222680,,948222680,,23/12/1998,POR ACUERDO DE LA COMISION EJECUTIVA DE FECHA 15-12-1998,0000,06/03/2008,19/06/1989,,31,,N,,,,,,,,,14,,STV SOC. TASACIONES VALORACIONES,STV
ST,4374,164301,"COMA, TASACIONES Y VALORACIONES, S.A.","COMA, TASACIONES Y VALORACIONES, S.A.",,A79139515,AV,REINA VICTORIA,4,,28003,MADRID,,ES,,915343388,,912530232,,24/11/1998,POR RENUNCIA,0000,06/03/2008,05/05/1989,,28,,N,,,,,,,,,12,,"COMA, TASACIONES Y VALORACIONES",COMA
ST,4375,164301,"VALUE, S.A.","VALUE, S.A.",,A29386042,PS,DE LA CASTELLANA,153,,28046,MADRID,,ES,,913455714,,913455089,,21/04/1999,POR ACUERDO DE LA COMISION EJECUTIVA DE FECHA 13.04.1999,0000,06/03/2008,23/05/1989,,28,,N,,,,,,,,,12,,"VALUE, S.A.",VALUE
ST,4376,164301,"TASACIONES URBANAS, S.A.","TASACIONES URBANAS, S.A.",,A79199303,CL,PRINCESA,31,PL. 5 - 1,28008,MADRID,,ES,,915424211,,915477270,,23/12/1998,POR ACUERDO DE LA COMISION EJECUTIVA DE FECHA 15-12-1998,0000,06/03/2008,20/12/1989,,28,,N,,,,,,,,,12,,"TASACIONES URBANAS, S.A.",URBANAS
ST,4377,164301,"TASACIONES DEL SURESTE, S.A.","TASACIONES DEL SURESTE, S.A.",,A30169478,CL,INFANTA MERCEDES,107,PL. 1 - INT. A,28020,MADRID,,ES,,915715251,,915714743,,11/09/2000,POR ACUERDO DE LA COMISION EJECUTI VA DEL B.E. DE FECHA 28.06.2000,0000,06/03/2008,01/12/1989,,28,,N,,,,,,,,,12,,"TASACIONES DEL SURESTE, S.A.",SURESTE
ST,4381,164301,"TASACIONES Y SERVICIOS INMOBILIARIOS, S.A.","TASACIONES Y SERVICIOS INMOBILIARIOS, S.A.",,A48238901,CL,JUAN DE AJURIAGUERRA,19,,48009,BILBAO,BIZKAIA,ES,,944231305,,944233924,,,,0000,26/10/2011,09/11/1987,,48,SATASI,S,,,,,,,,,16,,TASACIONES Y SERV. INMOBILIARIOS,SATASI
ST,4382,164301,"VALOR FISCAL, S.A.","VALOR FISCAL, S.A.",,A59155911,ZZ,TRAVESERA DE GRACIA,15,PL. 6 - 2,8021,BARCELONA,,ES,,934143115,,932002996,,04/01/1996,POR CAMBIO DE OBJETO SOCIAL,0000,06/03/2008,14/03/1990,,8,,N,,,,,,,,,9,,"VALOR FISCAL, S.A.",VALFISA
ST,4384,164301,"ASISTENCIA INMOB. VALORACIONES Y TASACIONES, S.A.","ASISTENCIA INMOBILIARIA DE VALORACIONES Y TASACIONES, S.A.",,A58558941,AV,DIAGONAL,612,PL. 3 - 16 BIS,8021,BARCELONA,,ES,,934140305,,0,,23/12/1998,POR ACUERDO DE LA COMISION EJECUTIVA DE FECHA 15-12-1998,0000,06/03/2008,28/12/1989,,8,,N,,,,,,,,,9,,ASISTENCIA INMOB. VALOR. TASACIONES,ASIST.INM.VALOR
ST,4388,164301,"EUROVALORACIONES, S.A.","EUROVALORACIONES, S.A.",,A03525508,PZ,DE LA CONSTITUCION,2,,3550,SAN JUAN,ALICANTE,ES,,902100367,,902100368,WWW.EUROVAL.COM,,,0000,06/03/2008,19/10/1990,,3,EUROVAL,S,,,,,,,,,15,,"EUROVALORACIONES, S.A.",EUROVAL
ST,4391,164301,"INVERAPPRAISAL, S.A.","INVERAPPRAISAL, S.A.",,A79539433,CL,VELAZQUEZ,24,PL. 2,28001,MADRID,,ES,,914314244,,915776818,,23/12/1998,POR ACUERDO DE LA COMISION EJECUTIVA DE FECHA 15.12.1998,0000,06/03/2008,15/10/1990,,28,,N,,,,,,,,,12,,"INVERAPPRAISAL, S.A.",INVERAPPRAISAL
ST,4392,164301,"VALORACIONES Y TASACIONES HIPOTECARIAS, S.A.","VALORACIONES Y TASACIONES HIPOTECARIAS, S.A.",,A79964136,AV,DIAGONAL,429,,8036,BARCELONA,,ES,,934961900,,934881753,,,,0000,06/03/2008,08/03/1991,,8,VTH,S,,,,,,,,,9,,VALORACIONES Y TASAC. HIPOTECARIAS,VTH
ST,4393,164301,"VATPE, S.A.","VATPE, S.A.",,A30290423,PZ,COLON,13,,30800,LORCA,MURCIA,ES,,968442842,,968444200,,,,0000,06/03/2008,24/05/1991,,30,VATPESA,S,,,,,,,,,13,,"VATPE, S.A.",VATPESA
ST,4394,164301,EDMUNDO HERNANDO MORON SOCIEDAD DE TASACIONES,"EDMUNDO HERNANDO MORON SOCIEDAD DE TASACIONES, S.A.",,A79965141,CL,RIBERA DE CURTIDORES,4,PL. 3 - IZDA.,28005,MADRID,,ES,,914680781,,914685880,,23/12/1998,POR ACUERDO DE LA COMISION EJECUTIVA DE FECHA 15-12-1998,0000,06/03/2008,01/03/1991,,28,,N,,,,,,,,,12,,"EDMUNDO HERNANDO MORON, S.T., S.A.",EDMUNDO HERNAND
ST,4399,164301,"ASSETS VALUATION ADVISERS, S.A.","ASSETS VALUATION ADVISERS, S.A.",,A48479372,AV,CERVANTES,51,,48970,BASAURI,VIZCAYA,ES,,944492000,,944406220,,16/11/2000,POR RENUNCIA,0000,06/03/2008,11/10/1991,,48,,N,,,,,,,,,16,,"ASSETS VALUATION ADVISERS, S.A.",AVASA
ST,4400,164301,"TASACIONES Y CONSULTORIA, S.A.","TASACIONES Y CONSULTORIA, S.A.",,A31362833,CL,ESPARZA,5,,31190,CIZUR MENOR,NAVARRA,ES,,948174384,,948171621,,,,0000,06/03/2008,20/09/1991,,31,T&C,S,,,,,,,,,14,,"TASACIONES Y CONSULTORIA, S.A.",T&C
ST,4401,164301,"GABINETE DE VALORACIONES, S.A.","GABINETE DE VALORACIONES, S.A.",,A17316340,CL,PUERTO RICO,1,BAJOS - 7,17310,LLORET DE MAR,GIRONA,ES,,972370025,,972370025,,23/12/1998,POR ACUERDO DE LA COMISION EJECUTIVA DE FECHA 15-12-1998,0000,06/03/2008,07/01/1992,,17,,N,,,,,,,,,9,,"GABINETE DE VALORACIONES, S.A.",GV
ST,4402,164301,"ENTIDAD DE TASACIONES, S.A.","ENTIDAD DE TASACIONES, S.A.",,A80123458,CL,PINTOR BRENES,2-H,,28043,MADRID,,ES,,915637718,,914112069,,28/10/2003,POR RENUNCIA,0000,06/03/2008,25/09/1991,,28,,N,,,,,,,,,12,,"ENTIDAD DE TASACIONES, S.A.",ENTASA
ST,4408,164301,"TASACIONES ORFE, S.A.","TASACIONES ORFE, S.A.",,A80182371,CL,ECUADOR,1,,28220,MAJADAHONDA,MADRID,ES,,916386236,,916386236,,23/02/2004,POR RENUNCIA,0000,06/03/2008,11/02/1992,,28,,N,,,,,,,,,12,,"TASACIONES ORFE, S.A.",TASAORFE
ST,4409,164301,"TASACIONES 92, S.A.","TASACIONES 92, S.A.",,A04163879,CL,PABLO IGLESIAS,53,PL. 1 - A,4003,ALMERIA,,ES,,950259522,,950231845,,22/12/1997,POR RENUNCIA,0000,06/03/2008,13/03/1992,,4,,N,,,,,,,,,1,,"TASACIONES 92, S.A.",T92 SA
ST,4410,164301,"TASACIONES APPRAISE, S.A.","TASACIONES APPRAISE, S.A.",,A80281561,AV,DE AMERICA,40,PL. 4 - DCHA.,28028,MADRID,MADRID,ES,,913553434,,913613324,,23/12/1998,POR ACUERDO DE LA COMISION EJECUTIVA DE FECHA 15-12-1998,0000,06/03/2008,02/06/1992,,28,,N,,,,,,,,,12,,"TASACIONES APPRAISE, S.A.",APPRAISE
ST,4411,164301,"PENIBETICA DE TASACIONES, S.A.","PENIBETICA DE TASACIONES, S.A.",,A41540550,CL,BETIS,49-50,ATICO,41010,SEVILLA,SEVILLA,ES,,954281176,,954455123,,23/12/1998,POR ACUERDO DE LA COMISION EJECUTIVA DE FECHA 15-12-1998,0000,06/03/2008,02/06/1992,,41,,N,,,,,,,,,1,,"PENIBETICA DE TASACIONES, S.A.",PENIBETICA
ST,4413,164301,"ISLEÑA DE TASACIONES, S.A.","ISLEÑA DE TASACIONES, S.A.",,A11257466,CL,PEREZ GALDOS,20,,11100,SAN FERNANDO,CADIZ,ES,,956880408,,956880408,,23/12/1998,POR ACUERDO DE LA COMISION EJECUTIVA DE FECHA 15-12-1998,0000,06/03/2008,12/06/1992,,11,,N,,,,,,,,,1,,"ISLEÑA DE TASACIONES, S.A.",ISTASA
ST,4417,164301,"TASACIONES LAGO, S.A.","TASACIONES LAGO, S.A.",,A29565140,PS,REDING,49,PL. 1 - DCHA.,29016,MALAGA,,ES,,952218443,,952218443,,05/05/1998,POR RENUNCIA,0000,06/03/2008,13/04/1992,,29,,N,,,,,,,,,1,,"TASACIONES LAGO, S.A.",TASACIONES LAGO
ST,4470,164301,"BARNA-TASA, S.A.","BARNA-TASA, S.A.",,A60840543,CL,CORCEGA,168,"PL. 1, PT. 1",8036,BARCELONA,,ES,,934100532,,934196400,,,,0000,06/03/2008,23/06/1995,,8,,N,,,,,,,,,9,,"BARNA-TASA, S.A.",BARNA-TASA
ST,4369,164301,"ESTUDIOS Y PROYECTOS TECNICOS INDUSTRIALES, S.A.","ESTUDIOS Y PROYECTOS TECNICOS INDUSTRIALES, S.A., SOCIEDAD DE TASACION (EPTISA)",,A28025161,CL,ARAPILES,14,,28015,MADRID,,ES,,914450300,,0,,24/03/1993,A PETICION PROPIA,0000,06/03/2008,31/01/1956,,28,,N,,,,,,,,,12,,ESTUDIOS Y PROY.TECN. INDUSTR.,"EPTISA,SA"
ST,4373,164301,"TASACIONES MALAGA, S.A.","TASACIONES MALAGA, S.A.",,A29379468,PS,REDING,31,BAJO,29016,MALAGA,,ES,,952222900,,952222900,,02/03/1998,POR RENUNCIA,0000,06/03/2008,25/04/1989,,29,,N,,,,,,,,,1,,"TASACIONES MALAGA, S.A.",MALAGA
ST,4378,164301,"TASACIONES CUANTO, S.A.","TASACIONES CUANTO, S.A.",,A79158770,CL,GENERAL DAVILA,3,,28003,MADRID,,ES,,915331750,,915345460,,23/12/1998,POR ACUERDO DE LA COMISION EJECUTIVA DE FECHA 15-12-1998,0000,06/03/2008,11/05/1989,,28,,N,,,,,,,,,12,,"TASACIONES CUANTO, S.A.",TASCUANTO
ST,4379,164301,"GECOPINSA TASACIONES, S.A.","GECOPINSA TASACIONES, S.A.",,A59084053,CL,PROVENZA,277,PL. 3,8037,BARCELONA,,ES,,932158888,,932160707,,,,0000,06/03/2008,28/11/1989,,8,,N,,,,,,,,,9,,"GECOPINSA TASACIONES, S.A.",GECOPINSA
ST,4380,164301,"EXPERTISE, S.A.","EXPERTISE, S.A.",,A79363008,CL,JAVIER LASSO DE LA VEGA,8,PL.2,41002,SEVILLA,,ES,,954919661,,954919663,,27/12/2002,POR RENUNCIA,0000,06/03/2008,03/11/1989,,41,,N,,,,,,,,,1,,"EXPERTISE, S.A.",EXPERTISE
ST,4383,164301,"TASALIA SOCIEDAD DE TASACION, S.A.","TASALIA SOCIEDAD DE TASACION, S.A.",,A07468663,CL,MONSEÑOR PALMER,2,LOCAL 4,7014,PALMA,ILLES BALEARS,ES,,971728822,,971718838,,,,0000,19/01/2011,22/03/1990,,7,,N,,,,,,,,,4,,"TASALIA SOCIEDAD DE TASACION, S.A.",TASALIA
ST,4385,164301,"EUROTASA, S.A.","EUROTASA, S.A.",,A79448668,CL,O'DONNELL,34,PL. 1,28009,MADRID,,ES,,914009810,,915742625,WWW.GRUPOEURO56.COM,01/09/2009,POR ACUERDO DEL CONSEJO DE MINISTROS DE FECHA 06-03-2009,0000,01/09/2009,23/05/1990,,28,,N,,,,,,,,,12,,"EUROTASA, S.A.",EUROTASA
ST,4386,164301,"CONTINENTAL DE TASACIONES, S.A.","CONTINENTAL DE TASACIONES, S.A.",,A38240917,CL,SAN PEDRO DE ALCANTARA,13,PL. 7 - 6,38002,SANTA CRUZ DE TENERIFE,,ES,,922241292,,922243938,,05/03/2003,POR RENUNCIA,0000,06/03/2008,21/06/1990,,38,,N,,,,,,,,,5,,"CONTINENTAL DE TASACIONES, S.A.",CONTAS
ST,4387,164301,"VALORACIONES PATRIMONIALES, S.A.","VALORACIONES PATRIMONIALES, S.A.",,A79411963,CL,SIL,34,,28002,MADRID,,ES,,915638875,,915638530,,21/07/2008,POR RENUNCIA,0000,21/07/2008,15/03/1990,,28,VALPAT,S,,,,,,,,,12,,"VALORACIONES PATRIMONIALES, S.A.",VALPAT
ST,4389,164301,"PARKHABITA TASACIONES, S.A.","PARKHABITA TASACIONES, S.A.",,A79512935,PS,DE LA CASTELLANA,140,PL. 4 - D,28046,MADRID,,ES,,915630190,,915638090,,23/12/1998,POR ACUERDO DE LA COMISION EJECUTIVA DE FECHA 15-12-1998,0000,06/03/2008,22/01/1991,,28,,N,,,,,,,,,12,,"PARKHABITA TASACIONES, S.A.",PARKHABITA
ST,4395,164301,"TRAVER Y ASOCIADOS DE VALORACIONES, S.A.","TRAVER Y ASOCIADOS DE VALORACIONES, S.A.",,A50475284,CL,REYES DE ARAGON,15,E 10 - PL. 3,50009,ZARAGOZA,,ES,,976565543,,976221365,,21/04/1999,POR ACUERDO DE LA COMISION EJECUTIVA DE FECHA 13.04.1999,0000,06/03/2008,05/07/1991,,50,,N,,,,,,,,,2,,TRAVER ASOCIADOS VALORACIONES S.A.,TV
ST,4396,164301,"TASACIONES VALENCIA, S.A.","TASACIONES VALENCIA, S.A.",,A46931606,CL,CRONISTA CARRERES,3,ENT.COM.DCHA.-PT.2-B,46003,VALENCIA,,ES,,963943573,,963724462,,09/03/2000,POR RENUNCIA,0000,06/03/2008,26/03/1991,,46,,N,,,,,,,,,15,,"TASACIONES VALENCIA, S.A.",TASVAL
ST,4397,164301,"INSTITUTO DE TASACIONES INFORMATIZADAS, S.A.","INSTITUTO DE TASACIONES INFORMATIZADAS, S.A.",,A80033863,CL,CLAUDIO COELLO,50,PL. 2-B,28001,MADRID,,ES,,915783717,,915763153,,01/02/1999,POR FUSION POR ABSORCION POR,4323,06/03/2008,25/04/1991,,28,,N,,,,,,,,,12,"KRATA, S.A.",INSTITUTO TASACIONES INFORMATIZADAS,INFORMATIZADAS
ST,4398,164301,"GABINETE DE TASACIONES E-3, S.A.","GABINETE DE TASACIONES E-3, S.A.",,A48459481,CL,HENAO,6,,48009,BILBAO,VIZCAYA,ES,,944245824,,944234966,,21/04/1999,POR ACUERDO DE LA COMISION EJECUTIVA DE FECHA 13.04.1999,0000,06/03/2008,06/03/1991,,48,,N,,,,,,,,,16,,"GABINETE DE TASACIONES E-3, S.A.",GT-E3
ST,4403,164301,"INTA, S.A., S.T.","INTA, SOCIEDAD ANONIMA, SOCIEDAD DE TASACIONES",,A46471199,AV,"OJOS NEGROS, PARCELA 41",,PL 3ª,46520,SAGUNTO - PUERTO,VALENCIA,ES,,962681388,,962681382,,,,0000,06/03/2008,09/05/1996,,46,INTASA,S,,,,,,,,,15,,"INTA, S.A., S.T.",INTASA
ST,4404,164301,"ARQUITASA, S.T. COLEGIOS ARQUITECTOS ESPAÑA, S.A.","ARQUITASA, SOCIEDAD DE TASACIONES DE LOS COLEGIOS DE ARQUITECTOS DE ESPAÑA, S.A.",,A59307777,AV,PEREZ GALDOS,13,"PL. 1, PTA. 1",46007,VALENCIA,,ES,,963522503,,963529206,WWW.ARQUITASA.COM,,,0000,16/07/2008,17/12/1991,,46,,N,,,,,,,,,15,,ARQUITASA,ARQUITASA
ST,4405,164301,"IBERAPPRAISAL, S.A.","IBERAPPRAISAL, S.A.",,A79682985,AV,PABLO IGLESIAS,39-41,OFICINAS,28039,MADRID,,ES,,915770699,,914317945,,23/12/1998,POR ACUERDO DE LA COMISION EJECUTIVA DE FECHA 15.12.1998,0000,06/03/2008,07/11/1990,,28,,N,,,,,,,,,12,,"IBERAPPRAISAL, S.A.",IBERAPPRAISAL
ST,4406,164301,"ALIA TASACIONES, S.A.","ALIA TASACIONES, S.A.",,A80164643,AV,SORIA,8,PLT. 2,47012,VALLADOLID,,ES,,983362983,,983380548,,,,0000,20/02/2009,11/10/1991,,47,,N,,,,,,,,,7,,"ALIA TASACIONES, S.A.",ALIA TASACIONES
ST,4407,164301,"INFORMATICA Y VALORACIONES, S.A.","INFORMATICA Y VALORACIONES, S.A.",,A80084320,CL,RAIMUNDO FERNANDEZ VILLAVERDE,65,,28003,MADRID,,ES,,915561461,,915563932,,22/12/1997,POR RENUNCIA,0000,06/03/2008,26/06/1991,,28,,N,,,,,,,,,12,,"INFORMATICA Y VALORACIONES, S.A.",INFORVALORACION
ST,4412,164301,EXPERTASA-EXPERTOS INMOBILIARIOS DE TASACIONES,"EXPERTASA - EXPERTOS INMOBILIARIOS DE TASACIONES, S.A.",,A59993188,RB,CATALUÑA,98,PL. 7,8008,BARCELONA,,ES,,934480925,,934881175,,23/12/1998,POR ACUERDO DE LA COMISION EJECUTIVA DE FECHA 15-12-1998,0000,06/03/2008,12/02/1992,,8,,N,,,,,,,,,9,,EXPERTASA,EXPERTASA
ST,4424,164301,"INFORMES Y TASACIONES INITASA, S.A.","INFORMES Y TASACIONES INITASA, S.A.",,A48526065,PS,DEL CAMPO VOLANTIN,10,"PL. 1, PTA. 3",48007,BILBAO,VIZCAYA,ES,,944130731,,944431281,,21/04/1999,POR ACUERDO DE LA COMISION EJECUTIVA DE FECHA 13.04.1999,0000,06/03/2008,05/11/1992,,48,,N,,,,,,,,,16,,"INFORMES Y TASACIONES INITASA, S.A.",INITASA
ST,4425,164301,"TASACIONES 2.000, S.A.","TASACIONES 2.000, S.A.",,A80422413,CL,MODESTO LAFUENTE,63,"PL. 5, PTA. A",28003,MADRID,,ES,,915548829,,915540921,,23/12/1998,POR ACUERDO DE LA COMISION EJECUTIVA DE FECHA 15-12-1998,0000,06/03/2008,29/09/1992,,28,,N,,,,,,,,,12,,"TASACIONES 2.000, S.A.",TASACIONES 2000
ST,4426,164301,"CARBALLO, SOCIEDAD ANONIMA DE TASACIONES","CARBALLO, SOCIEDAD ANONIMA DE TASACIONES",,A41555863,CL,ARJONA,13,ENTREPLANTA CENTRO,41001,SEVILLA,,ES,,954222252,,954215844,,23/12/1998,POR ACUERDO DE LA COMISION EJECUTIVA DE FECHA 15-12-1998,0000,06/03/2008,23/12/1992,,41,,N,,,,,,,,,1,,"CARBALLO, S.A. DE TASACIONES",CARBALLO
ST,4427,164301,"TASACIONES RUBIO AGUIRRE, S.A.","TASACIONES RUBIO AGUIRRE, S.A.",,A80380389,CL,MONTERREY,12,,28230,LAS ROZAS,MADRID,ES,,916346122,,916346172,,23/12/1998,POR ACUERDO DE LA COMISION EJECUTIVA DE FECHA 15-12-1998,0000,06/03/2008,08/01/1993,,28,,N,,,,,,,,,12,,"TASACIONES RUBIO AGUIRRE, S.A.",RUBIO AGUIRRE
ST,4428,164301,"CONSULTING DE TASACIONES, S.A.","CONSULTING DE TASACIONES, S.A.",,A35318906,CL,LEON Y CASTILLO,321,,35006,LAS PALMAS DE GRAN CANARIA,,ES,,928241567,,928249303,,23/12/1998,POR ACUERDO DE LA COMISION EJECUTIVA DE FECHA 15-12-1998,0000,06/03/2008,18/02/1993,,35,,N,,,,,,,,,5,,"CONSULTING DE TASACIONES, S.A.",CONSULTING
ST,4372,164301,"MURCIANA DE TASACIONES, S.A.","MURCIANA DE TASACIONES, S.A.",,A30207492,CL,CUATRO CAMINOS,33,BAJO-CARRIL RUIPEREZ,30007,MURCIA,,ES,,968249847,,968236074,,,,0000,25/08/2009,08/04/1989,,30,,N,,,,,,,,,13,,"MURCIANA DE TASACIONES, S.A.",MURCIANA
ST,4414,164301,"CIS - TASACION, S.A.","CIS - TASACION, S.A.",,A80225980,CL,JOSE ORTEGA Y GASSET,29,,28006,MADRID,,ES,,915207421,,915016512,,22/12/1997,POR RENUNCIA,0000,06/03/2008,20/01/1992,,28,,N,,,,,,,,,12,,"CIS - TASACION, S.A.",CIS-TASACION
ST,4415,164301,"L & L, SOCIEDAD DE TASACION, S.A.","L & L, SOCIEDAD DE TASACION, S.A.",,A33367236,CL,NUEVE DE MAYO,2,PL. 1 - A,33011,OVIEDO,ASTURIAS,ES,,985210170,,985228115,,02/08/2005,POR ACUERDO DEL CONSEJO DE MINISTROS DE 23-12-2004,0000,06/03/2008,25/05/1992,,33,,N,,,,,,,,,3,,"L & L, SOCIEDAD DE TASACION, S.A.","L & L, S.T."
ST,4416,164301,"ARCO VALORACIONES, S.A.","ARCO VALORACIONES, S.A.",,A30331144,AV,PRIMO DE RIVERA,17,ENTRESUELO - D,30008,MURCIA,,ES,,968227111,,968227101,,,,0000,06/03/2008,08/05/1992,,30,,N,,,,,,,,,13,,"ARCO VALORACIONES, S.A.",ARCO VALORACION
ST,4418,164301,"INTEMAC AUDIT, S.A.","INTEMAC AUDIT, S.A.",,A79996526,CL,MONTE ESQUINZA,28,,28010,MADRID,,ES,,913105158,,913083609,,19/11/1998,POR RENUNCIA,0000,06/03/2008,04/04/1991,,28,,N,,,,,,,,,12,,"INTEMAC AUDIT, S.A.",INTEMAC AUDIT
ST,4419,164301,"BALSUAR, S.A.","BALSUAR, S.A.",,A80326390,CL,DOCTOR ESQUERDO,98,,28007,MADRID,,ES,,915730839,,914024553,,27/02/2004,POR RENUNCIA,0000,06/03/2008,28/04/1992,,28,,N,,,,,,,,,12,,"BALSUAR, S.A.",BALSUAR
ST,4420,164301,"REGULATION WORLD, S.A.","REGULATION WORLD, S.A.",,A03788429,CL,MUÑOZ,3-5,,3002,ALICANTE,,ES,,965144565,,965143156,,10/01/2003,POR RENUNCIA,0000,06/03/2008,08/07/1992,,3,,N,,,,,,,,,15,,"REGULATION WORLD, S.A.",REGULATIONWORLD
ST,4421,164301,"NORTASA DE VALORACIONES, S.A.","NORTASA DE VALORACIONES, S.A.",,A20424842,CL,BERGARA,3,PL. 1 - DCHA.,20005,SAN SEBASTIAN,GUIPUZCOA,ES,,943427767,,943423930,,23/12/1998,POR ACUERDO DE LA COMISION EJECUTIVA DE FECHA 15-12-1998,0000,06/03/2008,21/09/1992,,20,,N,,,,,,,,,16,,"NORTASA DE VALORACIONES, S.A.",NORTASA VALORAC
ST,4422,164301,"IBERTASA, S.A.","IBERTASA, S.A.",,A80381148,CL,RODRIGUEZ MARIN,61,PL. 1,28016,MADRID,,ES,,915613388,,915619569,WWW.IBERTASA.COM,,,0000,06/03/2008,15/07/1992,,28,,N,,,,,,,,,12,,"IBERTASA, S.A.",IBERTASA
ST,4423,164301,"GURRUCHAGA TASACIONES, S.A.","GURRUCHAGA TASACIONES, S.A.",,A20431268,CL,PEÑAFLORIDA,3,,20004,SAN SEBASTIAN,GIPUZKOA,ES,,943429250,,943420511,,,,0000,26/10/2011,03/11/1992,,20,,N,,,,,,,,,16,,"GURRUCHAGA TASACIONES, S.A.",GURRUCHAGA
ST,4429,164301,"TASADORA DEL MEDITERRANEO, S.A.","TASADORA DEL MEDITERRANEO, S.A.",,A30686257,CL,SAN FRANCISCO,4,PL. 4,30202,CARTAGENA,MURCIA,ES,,968509748,,968100901,,19/12/1997,POR RENUNCIA,0000,06/03/2008,25/02/1993,,30,,N,,,,,,,,,13,,"TASADORA DEL MEDITERRANEO, S.A.",TASMEDITERRANEO
ST,4430,164301,"ENTITAT DE TAXACIONS, VALORACIONS I PERITATGES,S.A","ENTITAT DE TAXACIONS, VALORACIONS I PERITATGES, S.A.",,A60217460,AV,DEL AYUNTAMIENTO,22,,8260,SURIA,BARCELONA,ES,,933024748,,933185378,,29/05/2001,POR FUSION POR ABSORCION POR,4462,06/03/2008,10/03/1993,,8,,N,,,,,,,,,9,"COL.LECTIU ARQUITECTES TAXADORS, S.A.","ENTITAT DE TAXACIONS, VAL.I PERIT.",ETAXA
ST,4431,164301,"TASACIONES E.P., S.A.","TASACIONES E.P., S.A.",,A80498157,CL,ARAPILES,14,,28015,MADRID,MADRID,ES,,914450300,,0,,23/12/1998,POR ACUERDO DE LA COMISION EJECUTIVA DE FECHA 15-12-1998,0000,06/03/2008,24/03/1993,,28,,N,,,,,,,,,12,,"TASACIONES E.P., S.A.",TASACIONES E.P.
ST,4432,164301,"VALTASAR SOCIEDAD DE TASACIONES, S.A.","VALTASAR SOCIEDAD DE TASACIONES, S.A.",,A80515166,CL,JORGE JUAN,45,PL. BAJA,28001,MADRID,,ES,,915400633,,915593322,WWW.VALTASAR.ES,22/12/2005,POR ACUERDO DEL CONSEJO DE MINISTROS DE FECHA 16-05-2003,0000,06/03/2008,06/05/1993,,28,,N,,,,,,,,,12,,"VALTASAR SOCIEDAD DE TASACIONES, SA",VALTASAR
ST,4433,164301,"IBERTASA IBERO TASACIONES, S.A.","IBERTASA IBERO TASACIONES, S.A.",,A50526128,PS,MARIA AGUSTIN,4-6,PJ EBROSA - LOC.6,50004,ZARAGOZA,,ES,,976433199,,976433858,,03/02/1998,POR EXTINCION DE SU PERSONALIDAD JURIDICA.,0000,06/03/2008,24/05/1993,,50,,N,,,,,,,,,2,,"IBERTASA IBERO TASACIONES, S.A.",IBERTASA
ST,4434,164301,"TECGLEN TASACIONES, S.A.","TECGLEN TASACIONES, S.A.",,A07610785,,CARRER JOSEP SOCIAS I GRADOLI,1,PL. 7 - 2,7013,PALMA,ILLES BALEARS,ES,,971725811,,971725932,,,,0000,01/04/2009,24/05/1993,,7,,N,,,,,,,,,4,,"TECGLEN TASACIONES, S.A.",TECGLEN TASACIO
ST,4435,164301,"TASACIONES BANCARIAS, S.A.","TASACIONES BANCARIAS, S.A.",,A60279320,CL,MUNTANER,60,PL. 5 - 2,8011,BARCELONA,,ES,,933232646,,933233713,,06/02/2001,POR RENUNCIA,0000,06/03/2008,04/06/1993,,8,,N,,,,,,,,,9,,"TASACIONES BANCARIAS, S.A.",TABANCSA
ST,4436,164301,"AUDIVALOR, S.A.","AUDIVALOR, S.A.",,A80576432,CL,SANTO ANGEL,81,BAJO,28043,MADRID,,ES,,913883315,,917592049,,23/12/1998,POR ACUERDO DE LA COMISION EJECUTIVA DE FECHA 15-12-1998,0000,06/03/2008,09/06/1993,,28,,N,,,,,,,,,12,,"AUDIVALOR, S.A.",AUDIVALOR
ST,4437,164301,"GRUPO IDEARQ, S.A.","GRUPO IDEARQ, S.A.",,A03308327,RB,MENDEZ NUÑEZ,4,,3002,ALICANTE,ALICANTE,ES,,965218449,,965143204,,23/12/1998,POR ACUERDO DE LA COMISION EJECUTIVA DE FECHA 15-12-1998,0000,06/03/2008,10/06/1993,,3,,N,,,,,,,,,15,,"GRUPO IDEARQ, S.A.",GRUPO IDEARQ
ST,4438,164301,"SESTASA - SOCIEDAD ESTATAL DE TASACIONES, S.A.","SESTASA - SOCIEDAD ESTATAL DE TASACIONES, S.A.",,A80557580,CL,GRAN VIA,19,PL. 6,28013,MADRID,MADRID,ES,,915311808,,915311427,,09/07/1998,POR DISOLUCION,0000,06/03/2008,15/06/1993,,28,,N,,,,,,,,,12,,"SESTASA-SDAD ESTATAL TASACIONES, SA",SESTASA
ST,4439,164301,"VALUERS 15, S.A.","VALUERS 15, SOCIEDAD ANONIMA",,A60348208,PS,BONANOVA,11,ENTRESUELO - 2,8022,BARCELONA,,ES,,934188994,,934396105,,19/12/1997,POR RENUNCIA,0000,06/03/2008,02/09/1993,,8,,N,,,,,,,,,9,,"VALUERS 15, S.A.",VALUERS 15
ST,4440,164301,"ARQUITECTURA Y TASACIONES, S.A.","ARQUITECTURA Y TASACIONES, S.A.",,A48553036,CM,DE MORGAN,2 A,"PL. 3, DPTO. 1 - 2",48014,BILBAO,BIZKAIA,ES,,944751040,,944756581,WWW.ARTASA.ES,,,0000,26/10/2011,02/09/1993,,48,ARTASA,S,,,,,,,,,16,,"ARQUITECTURA Y TASACIONES, S.A.",ARTASA
ST,4441,164301,"INTERGER TASACIONES, S.A.","INTERGER TASACIONES, S.A.",,A80546369,PS,GENERAL MARTINEZ CAMPOS,15,,28010,MADRID,,ES,,914466700,,914483468,,29/01/2002,POR ACUERDO DE LA COMISION EJECUTIVA DE FECHA 09.02.2001,0000,06/03/2008,05/10/1993,,28,,N,,,,,,,,,12,,"INTERGER TASACIONES, S.A.",INTERGERSA
ST,4442,164301,"MEDITERRANEA DE TASACIONES, S.A.","MEDITERRANEA DE TASACIONES, S.A.",,A03867280,PS,DE LA CASTELLANA,126,,28046,MADRID,,ES,,915178960,,914735103,,31/03/2005,POR RENUNCIA,0000,06/03/2008,07/10/1993,,28,,N,,,,,,,,,12,,"MEDITERRANEA DE TASACIONES, S.A.",TS TASAMED
ST,4443,164301,"VALORACIONES SURESTE, S.A.","VALORACIONES SURESTE, S.A.",,A30357164,CL,SALVADOR DE MADARIAGA,5,,30009,MURCIA,,ES,,968296111,,968293476,,23/12/1998,POR ACUERDO DE LA COMISION EJECUTIVA DE FECHA 15-12-1998,0000,06/03/2008,11/10/1993,,30,,N,,,,,,,,,13,,"VALORACIONES SURESTE, S.A.",VALOSUR
ST,4444,164301,"LKS TASACIONES, S.A.","LKS TASACIONES, S.A.",,A48565311,CL,GOIRU,7,POLO INNOV. GARAIA,20500,ARRASATE-MONDRAGON,GIPUZKOA,ES,,943712100,,943793878,WWW.LKSTASACIONES.ES,,,0000,26/10/2011,18/11/1993,,20,,N,,,,,,,,,16,,"LKS TASACIONES, S.A.",LKS
ST,4448,164301,"GRUPO TASVALOR, S.A.","GRUPO TASVALOR, S.A.",,A80639990,CL,MANUEL TOVAR,16,,28034,MADRID,,ES,,917283320,,917283323,WWW.TASVALOR.COM,,,0000,25/01/2012,13/12/1993,,28,,N,,,,,,,,,12,,"GRUPO TASVALOR, S.A.",GRUPO TASVALOR
CC,3140,53001,"CAJA R. DE GUISSONA, S.C.C.","CAJA RURAL DE GUISSONA, SOCIEDAD COOPERATIVA DE CREDITO",,F25014754,CL,TRASPALAU,8,,25210,GUISSONA,LLEIDA,ES,,973550248,,973550788,,,,0000,01/07/2009,18/01/1963,,25,,N,BCOEESMM140,,,,,,,,9,,"CAJA R. DE GUISSONA, S.C.C.",C.R.DE GUISSONA
SECC,1486,90105,"BANCO PRIVADO PORTUGUES, S.A., S.E.","BANCO PRIVADO PORTUGUES, S.A., SUCURSAL EN ESPAÑA (EN LIQUIDACION)",,N0101679I,CL,JOSE ORTEGA Y GASSET,6,,28006,MADRID,,PT,,912972500,,912972591,,25/10/2010,POR REVOCACION AUTORIZAC. POR BANCO DE PORTUGAL (EFECTOS 16.4.2010),0000,25/10/2010,18/11/2002,,28,,N,,"BANCO PRIVADO PORTUGUES, S.A.","RUA MOUZINHO DA SILVEIRA, 12",LISBOA,,,,,12,,"BANCO PRIVADO PORTUGUES, S.A., S.E.",B.PRV.PORTUGUES
SECC,1531,90105,"CREDIT SUISSE INTERNATIONAL,S.E.","CREDIT SUISSE INTERNATIONAL, SUCURSAL EN ESPAÑA",,W8260387I,CL,AYALA,42,PL. 3B,28001,MADRID,,GB,,917915907,,917916009,,,,0000,28/05/2009,28/05/2009,,28,,N,,CREDIT SUISSE INTERNATIONAL,ONE CABOT SQUARE,LONDRES E144QJ,,,,,12,,"CREDIT SUISSE INTERNATIONAL,S.E.",CREDIT SUISSE I
SECC,1532,90105,"BNP PARIBAS FACTOR, S.A. S.E.","BNP PARIBAS FACTOR, S.A. SUCURSAL EN ESPAÑA",,W0016167I,CL,RIBERA DEL LOIRA,28,,28042,MADRID,,FR,,913888904,,913888543,,,,0000,24/06/2009,24/06/2009,,28,,N,,"BNP PARIBAS FACTOR, S.A.",LE METROPOLE                                                     46-52 RUE ARAGO,92823 PUTEAUX CEDEX,,,,,12,,"BNP PARIBAS FACTOR, S.A. S.E.",BNP PARIBAS FAC
OR,1135,121100,BANQUE MAROCAINE DU COMMERCE EXTERIEUR,BANQUE MAROCAINE DU COMMERCE EXTERIEUR,,A2041018I,CL,DIEGO DE LEON,31,PL. 4 - A,28006,MADRID,,MA,,915634180,,915638567,,19/10/1999,POR CIERRE,0000,06/03/2008,28/10/1977,,28,,N,,,,,,,,,12,,BANQUE MAROCAINE COMMERCE EXTERIEUR,BMCE
ECVT,1766,151701,"MUNDO ENVIOS, S.A.","MUNDO ENVIOS, S.A.",,A84579887,CL,JOSE ORTEGA Y GASSET,29,,28006,MADRID,,ES,,915207210,,914101286,,01/05/2011,"POR R.D. 712/2010, DE 28 DE MAYO (D.T.UNICA) Y CAMBIO OBJETO SOCIAL",0000,01/05/2011,06/10/2006,4,28,,N,,,,,,,,,12,,"MUNDO ENVIOS, S.A.",MUNDO ENVIOS
ST,4445,164301,"UNIVERSAL DE TASACION, S.A.","UNIVERSAL DE TASACION, S.A.",,A80709736,CL,CALABRIA,143-145,,8015,BARCELONA,,ES,,934261100,,934231092,,05/11/2002,POR FUSION POR ABSORCION POR,4368,06/03/2008,24/11/1993,,8,,N,,,,,,,,,9,"COMPAÑIA HISPANIA DE TASACIONES Y VALORACIONES, S.A.","UNIVERSAL DE TASACION, S.A.",UNITAS
ST,4446,164301,"AFES TECNICAS DE TASACION, S.A.","AFES TECNICAS DE TASACION, S.A.",,A96220322,,GRAN VIA MARQUES DEL TURIA,49,"PL. 6, PTA. 15",46005,VALENCIA,,ES,,902052345,,963513866,,,,0000,02/12/2010,01/12/1993,,46,,N,,,,,,,,,15,,"AFES TECNICAS DE TASACION, S.A.",AFES
ST,4447,164301,"OFICINA DE TASACIONES, S.A.","OFICINA DE TASACIONES, S.A.",,A96128061,PZ,VICENTE IBORRA,3,"ESC. B, PTA. 2",46003,VALENCIA,,ES,,963919458,,963919335,WWW.OFITASA.ES,21/09/2006,POR RENUNCIA,0000,06/03/2008,02/12/1993,,46,OFITASA,S,,,,,,,,,15,,"OFICINA DE TASACIONES, S.A.",OFITASA
ST,4449,164301,"TASACIONES ROMA, S.A.","TASACIONES ROMA, S.A.",,A47332192,PZ,PARAGUAY,1,"BLOQUE 2, PL. 1 - D",47014,VALLADOLID,,ES,,983233687,,983233728,,07/02/2001,POR RENUNCIA,0000,06/03/2008,14/02/1994,,47,,N,,,,,,,,,7,,"TASACIONES ROMA, S.A.",TASACIONES ROMA
ST,4450,164301,"GALTIER FRANCO IBERICA, S.A.","GALTIER FRANCO IBERICA, S.A.",,A20424909,CL,SERAPIO MUGICA,8,,20016,SAN SEBASTIAN,GUIPUZCOA,ES,,943400693,,943400694,,07/03/2000,POR RENUNCIA,0000,06/03/2008,22/02/1994,,20,,N,,,,,,,,,16,,"GALTIER FRANCO IBERICA, S.A.",GLR
ST,4451,164301,"VRUE VALORACION GLOBAL, S.A.","VRUE VALORACION GLOBAL, S.A.",,A60471919,RB,CATALUÑA,115,PL. 13 - A,8008,BARCELONA,,ES,,934879848,,934879869,,28/09/2000,POR RENUNCIA,0000,06/03/2008,23/02/1994,,8,,N,,,,,,,,,9,,"VRUE VALORACION GLOBAL, S.A.",VRUE VALORACION
ST,4452,164301,"FITASA, S.A.","FITASA, S.A.",,A80795735,CL,CASTELLO,117,,28006,MADRID,,ES,,915634598,,915625475,,04/11/1998,POR RENUNCIA,0000,06/03/2008,04/03/1994,,28,,N,,,,,,,,,12,,"FITASA, S.A.",FITASA
ST,4453,164301,"VALORACION DE BIENES, S.A.","VALORACION DE BIENES, S.A.",,A80846801,CL,FERMIN CABALLERO,54,PL. 14 - B,28034,MADRID,,ES,,917304014,,0,,23/12/1998,POR ACUERDO DE LA COMISION EJECUTIVA DE FECHA 15-12-1998,0000,06/03/2008,22/04/1994,,28,,N,,,,,,,,,12,,"VALORACION DE BIENES, S.A",VALORAC. BIENES
ST,4454,164301,"EUROLAR, S.A.","EUROLAR, SOCIEDAD ANONIMA.",,A46100269,CL,PASCUAL Y GENIS,15,PL. 2 - 5,46002,VALENCIA,VALENCIA,ES,,946394388,,0,,19/12/2000,POR ACUERDO DE LA COMISION EJECUTIVA DE FECHA 14.07.2000,0000,06/03/2008,23/05/1994,,46,,N,,,,,,,,,15,,"EUROLAR, S.A.",EUROLAR
ST,4455,164301,"GESTION DE VALORACIONES Y TASACIONES, S.A.","GESTION DE VALORACIONES Y TASACIONES, S.A.",,A80884372,CL,ALCALA,265,"BLOQUE II, PL. BAJA",28027,MADRID,,ES,,914576057,,914588490,,,,0000,06/03/2008,24/05/1994,,28,GESVALT,S,,,,,,,,,12,,GESTION DE VALORACIONES TASACIONES,GESVALT
ST,4456,164301,"RISC VALOR, S.A.","RISC VALOR, S.A.",,A60509650,AV,JOSEP TARRADELLAS,123-127,"PL. 5, PTA. B",8029,BARCELONA,,ES,,932182300,,932182862,WWW.RISCVALOR.COM,,,0000,10/01/2011,24/05/1994,,8,,N,,,,,,,,,9,,"RISC VALOR, S.A.",RISC VALOR
ST,4457,164301,"ABBEY NATIONAL VALORACION, S.A.","ABBEY NATIONAL VALORACION, S.A.",,A80939275,CL,JUAN ESPLANDIU,13,,28007,MADRID,,ES,,915579161,,915579107,,26/10/1998,POR RENUNCIA,0000,06/03/2008,14/09/1994,,28,,N,,,,,,,,,12,,"ABBEY NATIONAL VALORACION, S.A.",ABBEY NATIONAL
ST,4458,164301,"I-V TASACIONES, S.A.","I-V TASACIONES, S.A.",,A60596749,CL,MALLORCA,245,PL. 6,8008,BARCELONA,,ES,,934873475,,934873709,,15/06/2000,POR FUSION POR ABSORCION POR,4388,06/03/2008,19/09/1994,,8,,N,,,,,,,,,9,"EUROVALORACIONES, S.A.","I-V TASACIONES, S.A.",I-V TASACIONES
ST,4459,164301,"TASACIONES HIPOTECARIAS RENTA, S.A.","TASACIONES HIPOTECARIAS RENTA, S.A.",,A80962541,CL,JORGE JUAN,45,PL. BAJA,28001,MADRID,,ES,,915400633,,915330131,,,,0000,06/03/2008,03/10/1994,,28,THIRSA,S,,,,,,,,,12,,"TASACIONES HIPOTECARIAS RENTA, S.A.",THIRSA
ST,4460,164301,"ABRIL CIA. DE VALORACIONES, S.A.","ABRIL CIA. DE VALORACIONES, S.A.",,A60634342,CL,MALLORCA,168,PL. 2 - 2,8036,BARCELONA,,ES,,934537900,,934538704,,23/09/1998,POR RENUNCIA,0000,06/03/2008,02/11/1994,,8,,N,,,,,,,,,9,,"ABRIL CIA. DE VALORACIONES, S.A.",ABRIL
ST,4461,164301,"TASARAGON, S.A.","TASARAGON, S.A.",,A50612126,CL,MALLEN,14,BAJO - OFIC. 1,50007,ZARAGOZA,,ES,,976377458,,976439025,,23/12/1998,POR ACUERDO DE LA COMISION EJECUTIVA DE FECHA 15-12-1998,0000,06/03/2008,13/12/1994,,50,,N,,,,,,,,,2,,"TASARAGON, S.A.",TASARAGON
ST,4462,164301,"COL.LECTIU ARQUITECTES TAXADORS, S.A.","COL.LECTIU ARQUITECTES TAXADORS, S.A.",,A60691946,CL,DIPUTACION,337,LOCAL BAJOS,8009,BARCELONA,,ES,,902152772,,902375314,WWW.CATSA.COM,,,0000,26/01/2011,17/01/1995,,8,CATSA,S,,,,,,,,,9,,"COL.LECTIU ARQ. TAXADORS, S.A.",CATSA
ST,4463,164301,"TASACIONES LOPEZ LOIZAGA, S.A.","TASACIONES LOPEZ LOIZAGA, S.A.",,A26222075,CL,MARIA TERESA GIL DE GARATE,64,PL. 5 - B,26002,LOGROÑO,LA RIOJA,ES,,941256427,,0,,08/01/1998,POR RENUNCIA,0000,06/03/2008,23/02/1995,,26,,N,,,,,,,,,17,,"TASACIONES LOPEZ LOIZAGA, S.A.",LOPEZ LOIZAGA
ST,4464,164301,"TASAWOR, S.A.","TASAWOR, S.A.",,A60716107,CL,VILANOVA,1-3,PL. 1 - F,8240,MANRESA,BARCELONA,ES,,938729066,,938721957,,23/12/1998,POR ACUERDO DE LA COMISION EJECUTIVA DE FECHA 15-12-1998,0000,06/03/2008,08/03/1995,,8,,N,,,,,,,,,9,,"TASAWOR, S.A.",TASAWOR
EF,8385,908300,"FICRE, S.A.","FICRE, S.A.",,A99014490,CL,ROGER DE LAURIA,5,,8010,BARCELONA,,ES,,0,,0,,22/02/1984,.,0000,06/03/2008,10/10/1975,,8,,N,,,,,,,,,9,,"FICRE, S.A.",FICRESA
ST,4465,164301,"A.B. TASACIONES, S.A.","A.B. TASACIONES, S.A.",,A14398796,CL,FERNANDO DE CORDOBA,5,,14001,CORDOBA,,ES,,957491188,,957491128,,23/12/1998,POR ACUERDO DE LA COMISION EJECUTIVA DE FECHA 15-12-1998,0000,06/03/2008,14/03/1995,,14,,N,,,,,,,,,1,,"A.B. TASACIONES, S.A.",A.B. TASACIONES
ST,4466,164301,"TACEIN, S.A.","TACEIN, S.A.",,A81116667,CL,CAIDOS DE LA DIVISION AZUL,1,OFIC. 2,28016,MADRID,,ES,,913502531,,913502588,,03/02/1998,POR EXTINCION DE SU PERSONALIDAD JURIDICA,0000,06/03/2008,22/03/1995,,28,,N,,,,,,,,,12,,"TACEIN, S.A.",TACEIN
ST,4467,164301,"EUROPEA GENERAL DE VALORACIONES, S.A.","EUROPEA GENERAL DE VALORACIONES, S.A.",,A38375275,PS,PINTOR ROSALES,22,BAJO,28008,MADRID,,ES,,915591442,,915415019,,25/11/2002,POR RENUNCIA,0000,06/03/2008,04/04/1995,,28,,N,,,,,,,,,12,,"EUROPEA GENERAL DE VALORACIONES, SA",EUROPEA GENERAL
ST,4468,164301,"TASACIONES - 7, S.A.","TASACIONES - 7, S.A.",,A81125759,CL,MIGUEL ANGEL,4,,28010,MADRID,,ES,,913194161,,913195600,WWW.TASACIONES-7.COM,29/10/2004,POR RENUNCIA,0000,06/03/2008,24/04/1995,,28,,N,,,,,,,,,12,,"TASACIONES - 7, S.A.",TASACIONES-7 SA
ST,4469,164301,"EXPERTOS INDEPENDIENTES-TASADORES, S.A.","EXPERTOS INDEPENDIENTES-TASADORES, SOCIEDAD ANONIMA",,A60683612,CL,BALMES,150,ENTRESUELO 3,8008,BARCELONA,,ES,,934153460,,934152139,,21/04/1999,POR ACUERDO DE LA COMISION EJECUTIVA DE FECHA 13.04.1999,0000,06/03/2008,03/05/1995,,8,,N,,,,,,,,,9,,EXPERTOS INDEPENDIENTES-TASADORES,EXPERTOS INDEP.
ST,4471,164301,"TASACIONES INSULARES, S.A.","TASACIONES INSULARES, SOCIEDAD ANONIMA",,A35402536,AV,ALCALDE RAMIREZ BETHENCOURT,23,ENTRESUELO,35004,LAS PALMAS,,ES,,928243385,,928243966,,01/06/1999,POR RENUNCIA,0000,06/03/2008,04/07/1995,,35,,N,,,,,,,,,5,,"TASACIONES INSULARES, S.A.",TISA
ST,4472,164301,"VALORACIONES FRASER, S.A.","VALORACIONES FRASER, S.A.",,A96418280,PZ,DE LA REINA,18,,46003,VALENCIA,,ES,,963925011,,963925010,,28/12/2004,POR RENUNCIA,0000,06/03/2008,10/07/1995,,46,,N,,,,,,,,,15,,"VALORACIONES FRASER, S.A.",FRASER
ST,4473,164301,"REALTY VALORACIONES Y TASACIONES, S.A.","REALTY VALORACIONES Y TASACIONES, S.A.",,A60908548,AV,DIAGONAL,482,"PL. 1, PTA. 1",8006,BARCELONA,,ES,,932181644,,932172290,,07/09/2000,POR RENUNCIA,0000,06/03/2008,01/08/1995,,8,,N,,,,,,,,,9,,"REALTY VALORACIONES Y TASACIONES,SA",REALTY
ST,4474,164301,"SOCIEDAD INTEGRAL DE VALORACIONES AUTOMATIZADAS,SA","SOCIEDAD INTEGRAL DE VALORACIONES AUTOMATIZADAS, S.A.",,A81222127,PZ,MANUEL GOMEZ MORENO,2,,28020,MADRID,,ES,,914315858,,915972674,WWW.SIVASA.ES,,,0000,06/03/2008,26/09/1995,,28,SIVASA,S,,,,,,,,,12,,SOCIEDAD INTEGRAL VALORACIONES,SIVASA
ST,4475,164301,"TASATRES, S.A.","TASATRES, S.A.",,A81262149,PS,DE LA CASTELLANA,170,PL. 8 - IZDA.,28046,MADRID,,ES,,914460210,,914462733,,21/04/1999,POR ACUERDO DE LA COMISION EJECUTIVA DE FECHA 13.04.1999,0000,06/03/2008,25/10/1995,,28,,N,,,,,,,,,12,,"TASATRES, S.A.","TASATRES, S.A."
ST,4476,164301,"VALORACIONES TOLEDO, S.A.","VALORACIONES TOLEDO, SOCIEDAD ANONIMA",,A45367174,CL,URUGUAY,8,PL. 3 - B,45004,TOLEDO,,ES,,925253686,,925226709,,19/01/2000,POR RENUNCIA,0000,06/03/2008,10/01/1996,,45,,N,,,,,,,,,8,,"VALORACIONES TOLEDO, S.A.",VALORAC. TOLEDO
ST,4477,164301,"LEVANTINA DE TASACIONES, S.A.","LEVANTINA DE TASACIONES, SOCIEDAD ANONIMA",,A96426127,AV,PERIS Y VALERO,186,PTA. 2,46005,VALENCIA,,ES,,963349539,,963727571,,23/12/1998,POR ACUERDO DE LA COMISION EJECUTIVA DE FECHA 15-12-1998,0000,06/03/2008,18/01/1996,,46,,N,,,,,,,,,15,,"LEVANTINA DE TASACIONES, S.A.",LEVANTINA TASAC
ST,4478,164301,"VALORACIONES Y PERITACIONES GTS T. LEVANTE, S.A.","VALORACIONES Y PERITACIONES G.T.S. TASACIONES LEVANTE, S.A.",,A96123963,CL,SAN VICENTE MARTIR,312,,46017,VALENCIA,,ES,,963785601,,963785705,,12/07/2007,POR RENUNCIA,0000,06/03/2008,23/02/1996,,46,,N,,,,,,,,,15,,VALORAC. Y PERITAC. GTS T. LEVANTE,"G.T.S, S.A."
ST,4479,164301,"TASACIONES REUNIDAS, S.A.","TASACIONES REUNIDAS, S.A.",,A41791583,CL,GONZALO BILBAO,23-25,PL. 3 - 10,41003,SEVILLA,,ES,,954534237,,954534853,,17/12/2001,POR RENUNCIA,0000,06/03/2008,02/07/1996,,41,,N,,,,,,,,,1,,"TASACIONES REUNIDAS, S.A.",TASAC. REUNIDAS
ST,4480,164301,"CENTRO TASACIONES INST. ESPAÑOL FOMENTO INDTR., SA","CENTRO DE TASACIONES DEL INSTITUTO ESPAÑOL DE FOMENTO INDUSTRIAL, S.A.",,A81519233,CL,SOR ANGELA DE LA CRUZ,37,,28020,MADRID,,ES,,915718718,,915718608,,22/03/2000,POR ACUERDO DE LA COMISION EJECUTIVA DE FECHA 14.03.2000,0000,06/03/2008,20/09/1996,,28,,N,,,,,,,,,12,,"CENTRO TASAC. INST. E. F. I., S.A.",CENTRO TASACION
ST,4481,164301,"TASAR Y VALORAR XXI, S.A.","TASAR Y VALORAR XXI, S.A.",,A81548612,CL,EDUARDO DATO,16,,28010,MADRID,,ES,,915225566,,915218650,,04/01/1999,POR RENUNCIA,0000,06/03/2008,24/10/1996,,28,,N,,,,,,,,,12,,"TASAR Y VALORAR XXI, S.A.","TASVALXXI,ST"
ST,4482,164301,"GESTION DE TASACIONES INMOBILIARIAS, S.A.","GESTION DE TASACIONES INMOBILIARIAS, S.A.",,A61176368,AV,ROMA,119-121,,8011,BARCELONA,BARCELONA,ES,,934525555,,934525556,,20/12/1999,POR DISOLUCION,0000,06/03/2008,07/03/1997,,8,,N,,,,,,,,,9,,"GESTION DE TASACIONES INMOBIL.,S.A.",GETAINSA
ST,4483,164301,"EQUIPO TASACIONES-22, S.A.","EQUIPO TASACIONES-22, S.A.",,A29822558,CL,LOS FLAMENCOS,10,PL. 9,29018,MALAGA,MALAGA,ES,,908750753,,0,,23/12/1998,POR ACUERDO DE LA COMISION EJECUTIVA DE FECHA 15-12-1998,0000,06/03/2008,07/03/1997,,29,,N,,,,,,,,,1,,"EQUIPO TASACIONES-22, S.A.",EQUIPO TASA.-22
ST,4484,164301,"PERITACIONES Y TASACIONES PERITAX, S.A.","PERITACIONES Y TASACIONES PERITAX, S.A.",,A14468003,CL,JAIME,3,PL. 1 IZDA,14900,LUCENA,CORDOBA,ES,,957516429,,0,,23/12/1998,POR ACUERDO DE LA COMISION EJECUTIVA DE FECHA 15-12-1998,0000,06/03/2008,13/06/1997,,14,,N,,,,,,,,,1,,PERITACIONES Y TASACIONES PERITAX,PERITAX
ST,4485,164301,"HISPANO EUROPEA DE TASACIONES, S.A.","HISPANO EUROPEA DE TASACIONES, S.A.",,A81766321,CL,INFANTA CARLOTA,47,L,28210,VALDEMORILLO,MADRID,ES,,918993300,,918993714,,25/11/2004,POR RENUNCIA,0000,06/03/2008,17/07/1998,,28,,N,,,,,,,,,12,,"HISPANO EUROPEA DE TASACIONES, S.A.",HET
ST,4486,164301,"COMPAÑIA CASTELLANO LEONESA DE TASACIONES, S.A.","COMPAÑIA CASTELLANO LEONESA DE TASACIONES, S.A.",,A37344546,CL,SOL ORIENTE,10,PL. 1 - C,37002,SALAMANCA,,ES,,923263277,,923263277,,05/08/2005,POR RENUNCIA,0000,06/03/2008,11/02/1999,,37,,N,,,,,,,,,7,,"CIA. CASTELLANO LEONESA TASAC., SA",CASTELLANO-LEO.
ST,4487,164301,"NORMA VALORACIONES, S.A.","NORMA VALORACIONES, S.A.",,A73034118,CL,ALMUDENA,1,ENTLO,30005,MURCIA,MURCIA,ES,,968297261,,968297249,,24/09/2002,POR RENUNCIA,0000,06/03/2008,23/08/1999,,30,,N,,,,,,,,,13,,"NORMA VALORACIONES, S.A.",NORVASA
ST,4488,164301,"COMPAÑIA DE MEDIOS Y SERVICIOS DE TASACION, S.A.","COMPAÑIA DE MEDIOS Y SERVICIOS DE TASACION, S.A.",,A91042424,AV,SAN FRANCISCO JAVIER,22,ED. CAT.OCC. 428-429,41018,SEVILLA,,ES,,954641176,,954929575,HTTPS://CMSTASACION.CIAMS.ES,,,0000,17/09/2009,18/09/2000,,41,CMS TASACION,S,,,,,,,,,1,,"CIA. MEDIOS Y SERV. TASACION, S.A.",CMS TASACION
ST,4489,164301,VALENCIA TERRA VT SDAD.TASACIONES INMOBILIARIAS SA,"VALENCIA TERRA VT SOCIEDAD DE TASACIONES INMOBILIARIAS, S.A.",,A97215925,AV,MARQUES DE SOTELO,4,PL. 4,46002,VALENCIA,,ES,,963511125,,0,,,,0000,06/03/2008,06/08/2002,,46,,N,,,,,,,,,15,,"VALENCIA TERRA VT S.T.I., SA",VALENCIA TERRA
ST,4490,164301,"INNOTASA, S.A.","INNOTASA, S.A.",,A63130116,RB,DE CATALUÑA,18,PL. 5,8007,BARCELONA,,ES,,932170048,,934589586,,01/10/2010,POR FUSION POR ABSORCION POR,4416,01/10/2010,30/04/2003,,8,,N,,,,,,,,,9,"ARCO VALORACIONES, S.A.","INNOTASA, S.A.",INNOTASA
ST,4491,164301,"GLOBAL GESTION DE TASACIONES, S.A.","GLOBAL GESTION DE TASACIONES, S.A.",,A91250209,CL,VICENTE ALANIS,1,BAJO,41008,SEVILLA,,ES,,954988660,,954988670,,,,0000,06/03/2008,13/06/2003,,41,,N,,,,,,,,,1,,"GLOBAL GESTION DE TASACIONES, S.A.",GLOBAL TASACION
ST,4492,164301,"INTERVALOR CONSULTING GROUP, S.A.","INTERVALOR CONSULTING GROUP, S.A.",,A83729384,CL,HERMANOS BECQUER,4,PL. 5,28006,MADRID,,ES,,915421167,,915419472,,21/07/2008,POR RENUNCIA,0000,21/07/2008,28/10/2003,,28,,N,,,,,,,,,12,,"INTERVALOR CONSULTING GROUP, S.A.",INTERVALOR
ST,4493,164301,INFORMES Y VALORACIONES MEDITERRANEAS S.A.,INFORMES Y VALORACIONES MEDITERRANEAS SOCIEDAD ANONIMA,,A97465751,CL,PADILLA,6,PL. 4,46001,VALENCIA,,ES,,902121270,,963524871,,21/02/2006,POR RENUNCIA,0000,06/03/2008,05/10/2004,,46,INVAMESA,S,,,,,,,,,15,,INFORMES VALORACIONES MEDITERRANEAS,INVAMESA
ST,4494,164301,"TASASUR SOCIEDAD DE TASACIONES, S.A.","TASASUR SOCIEDAD DE TASACIONES, S.A.",,A14718183,AV,RONDA DE LOS TEJARES,21,PL.1,14008,CORDOBA,,ES,,954296820,,954238331,WWW.TASASUR.COM,,,0000,06/03/2008,11/10/2005,,14,,N,,,,,,,,,1,,"TASASUR SOCIEDAD DE TASACIONES, S.A","TASASUR,SA"
ST,4495,164301,"EBROTASA, S.A.","EBROTASA, S.A.",,A99160111,CL,SAN LORENZO,30,BAJO B,50001,ZARAGOZA,,ES,,976484830,,976484831,,,,0000,31/01/2011,14/06/2007,,50,,N,,,,,,,,,2,,"EBROTASA, S.A.","EBROTASA, S.A."
ST,4496,164301,"TASACIONES DEL MARCO DE ESPAÑA, S.A.","TASACIONES DEL MARCO DE ESPAÑA, SOCIEDAD ANONIMA",,A11860905,AV,DE EUROPA S/N. EDIFICIO 5,PL.2 D,URB. ENTRE PARQUES,11405,JEREZ DE LA FRONTERA,CADIZ,ES,,956318492,,956311958,WWW.TASAMAR.ES,,,0000,06/03/2008,11/09/2007,,11,,N,,,,,,,,,1,,"TASACIONES DEL MARCO DE ESPAÑA, S.A",TASAMAR
ST,4497,164301,"THADER VALORACIONES, S.A.","THADER VALORACIONES, S.A.",,A73598096,AV,PRINCIPAL,30-1,"EDIF. ARGOS, 3 A",30169,POL. IND. OESTE - MURCIA,,ES,,968938971,,968938972,,,,0000,03/10/2008,03/10/2008,,30,,N,,,,,,,,,13,,"THADER VALORACIONES, S.A.",THADER
ST,4498,164301,"INSTITUTO DE VALORACIONES, S.A.","INSTITUTO DE VALORACIONES, S.A.",,A85872646,AV,EUROPA -COMP. EMP. ATICA-,26,"ED. 5,PL.3 IZDA",28224,POZUELO DE ALARCON,MADRID,ES,,917159446,,917159446,WWW.IVALORACIONES.COM,,,0000,25/06/2010,25/06/2010,,28,,N,,,,,,,,,12,,"INSTITUTO DE VALORACIONES, S.A.",INST.VALOR
ST,4499,164301,"AESVAL, LOGICA DE VALORACIONES, S.A.","AESVAL, LOGICA DE VALORACIONES, S.A.",,A74290461,CL,FRUELA,12,"PL.1, 1 Y 2",33007,OVIEDO,ASTURIAS,ES,,985207640,,985209569,WWW.AESVAL.ES,,,0000,16/11/2010,16/11/2010,,33,,N,,,,,,,,,3,,"AESVAL, LOGICA DE VALORACIONES, SA","AESVAL, LOGICA"
ST,4630,164301,"CBRE VALUATION ADVISORY, S.A.","CBRE VALUATION ADVISORY, S.A.",,A85490217,PZ,PABLO RUIZ PICASSO,"1, PL. 27",EDIF. TORRE PICASSO,28020,MADRID,,ES,,915981900,,915560360,,,,0000,13/07/2011,14/04/2011,,28,,N,,,,,,,,,12,,"CBRE VALUATION ADVISORY, S.A.",CBRE VALUATION
ST,4631,164301,"UVE VALORACIONES, S.A.","UVE VALORACIONES, S.A.",,A86224169,CL,MARQUES DE LA ENSENADA,16,"PL. CLUB, OF. 24",28004,MADRID,,ES,,917024599,,0,,,,0000,07/06/2011,07/06/2011,,28,,N,,,,,,,,,12,,"UVE VALORACIONES, S.A.",UVE VALORACIONE
ST,4632,164301,"AGUIRRE NEWMAN VALORACIONES Y TASACIONES, S.A.","AGUIRRE NEWMAN VALORACIONES Y TASAC IONES, S.A.",,A86317567,CL,GENERAL LACY,23,,28045,MADRID,,ES,,913191314,,913198757,ASESORES@AGUIRRENEWMAN.ES,,,0000,18/11/2011,18/11/2011,,28,,N,,,,,,,,,12,,AGUIRRE NEWMAN VALORA. Y TASACIONES,AGUIRRE NEWMAN
BL,0002,900001,"BANCO AGRICOLA DE ARAGON, S.A.","BANCO AGRICOLA DE ARAGON, S.A.",,,PZ,INDEPENDENCIA,32,,50000,ZARAGOZA,,ES,,0,,0,,10/04/1969,POR FUSION POR ABSORCION POR,0016,06/03/2008,27/02/1938,,50,,N,,,,,,,,,2,"BANCO CENTRAL, S.A.","BANCO AGRICOLA DE ARAGON, S.A.",B. AGR. ARAGON
BL,0006,900001,"BANCO ARAGONES DE CREDITO, S.A.","BANCO ARAGONES DE CREDITO, S.A.",,,PS,INDEPENDENCIA,37,,50001,ZARAGOZA,,ES,,0,,0,,01/03/1969,POR FUSION POR ABSORCION POR,0066,06/03/2008,01/01/1906,,50,,N,,,,,,,,,2,"BANCO MERCANTIL E INDUSTRIAL, S.A.","BANCO ARAGONES DE CREDITO, S.A.",ARAGONES CTO.
BL,0012,900001,"BANCO DE CANARIAS, S.A.","BANCO DE CANARIAS, S.A.",,A35000017,CL,FERNANDO GUANARTEME,2,,35007,LAS PALMAS DE GRAN CANARIA,LAS PALMAS,ES,,0,,0,,25/03/1972,POR FUSION POR ABSORCION POR,0016,06/03/2008,12/12/1856,,35,,N,,,,,,,,,5,"BANCO CENTRAL, S.A.","BANCO DE CANARIAS, S.A.",BCO.CANARIAS
BL,0017,900001,"BANCO CID, S.A.","BANCO CID, S.A.",,,AV,JOSE ANTONIO,7,,32000,ORENSE,,ES,,0,,0,,21/12/1967,POR FUSION POR ABSORCION POR,0085,06/03/2008,20/07/1935,,32,,N,,,,,,,,,11,"BANCO DE SANTANDER, SOCIEDAD ANONIMA DE CREDITO","BANCO CID, S.A.","BANCO CID, S.A."
BL,0022,900001,"BANCO CONTINENTAL, S.A.","BANCO CONTINENTAL, S.A.",,,CL,PRINCIPE,21,,28012,MADRID,,ES,,0,,0,,06/07/1971,POR FUSION POR ABSORCION POR,0085,06/03/2008,27/12/1935,,28,,N,,,,,,,,,12,"BANCO DE SANTANDER, SOCIEDAD ANONIMA DE CREDITO","BANCO CONTINENTAL, S.A.",CONTINENTAL
BL,0025,900001,CREDITO Y DOCKS DE BARCELONA,CREDITO Y DOCKS DE BARCELONA,,A08000176,PS,GRACIA,7,,8007,BARCELONA,,ES,,0,,0,,24/04/1970,POR FUSION POR ABSORCION POR,0016,06/03/2008,31/10/1881,,8,,N,,,,,,,,,9,"BANCO CENTRAL, S.A.",CREDITO Y DOCKS DE BARCELONA,CREDITO Y DOCKS
BL,0026,900001,"BANCO DE CREDITO E INVERSIONES, S.A.","BANCO DE CREDITO E INVERSIONES, S.A.",,,CL,DIPUTACION,263,,8007,BARCELONA,,ES,,0,,0,,23/12/1964,POR FUSION POR ABSORCION POR,0046,06/03/2008,07/09/1910,,8,,N,,,,,,,,,9,"BANCO DE CREDITO E INVERSIONES, S.A.",BANCO DE CREDITO E INVERSIONES,CRTO.INVERSION
BL,0028,900001,"BANCO DE ELDA, S.A.","BANCO DE ELDA, S.A.",,,CL,GENERALISIMO FRANCO,28,,3600,ELDA,ALICANTE,ES,,0,,0,,16/12/1963,POR FUSION POR ABSORCION POR,0016,06/03/2008,16/12/1963,,3,,N,,,,,,,,,15,"BANCO CENTRAL, S.A.","BANCO DE ELDA, S.A.",BANCO DE ELDA
BL,0032,900001,"BANCO DE EXPANSION COMERCIAL, S.A.","BANCO DE EXPANSION COMERCIAL, S.A.",,,PZ,SAN JAIME,32,,8786,CAPELLADES,BARCELONA,ES,,0,,0,,25/02/1972,POR FUSION POR ABSORCION POR,0015,06/03/2008,27/02/1948,,8,,N,,,,,,,,,9,"BANCA CATALANA, S.A.","BANCO DE EXPANSION COMERCIAL, S.A.",EXP.COMERC.
BL,0033,900001,"BANCO COMERCIAL DE MENORCA, S.A.","BANCO COMERCIAL DE MENORCA, S.A.",,,CL,DEAN FEBRER,46,,7750,FERRERIAS,BALEARES,ES,,0,,0,,25/11/1966,ACUERDO DEL CONSEJO DE MINISTROS DE FECHA 12.11.1966,0000,06/03/2008,18/10/1908,,7,,N,,,,,,,,,4,,"BANCO COMERCIAL DE MENORCA, S.A.",B.COM. MENORCA
BL,0034,900001,"BANCO DE FOMENTO DE GERONA, S.A.","BANCO DE FOMENTO DE GERONA, S.A.",,,PZ,GENERALISIMO FRANCO,4,,17430,SANTA COLOMA DE FARNERS,GERONA,ES,,0,,0,,12/01/1968,POR FUSION POR ABSORCION POR,0085,06/03/2008,01/01/1893,,17,,N,,,,,,,,,9,"BANCO DE SANTANDER, SOCIEDAD ANONIMA DE CREDITO","BANCO DE FOMENTO DE GERONA, S.A.",FOMENTO GERONA
BL,0037,900001,"BANCO GARRIGA NOGUES, S.A.","BANCO GARRIGA NOGUES, S.A.",,A08060220,RB,RAMBLAS,140,,8002,BARCELONA,,ES,,0,,0,,23/12/1986,POR FUSION POR ABSORCION POR,0030,06/03/2008,17/03/1947,,8,,N,,,,,,,,,9,"BANCO ESPAÑOL DE CREDITO, S.A.","BANCO GARRIGA NOGUES, S.A.",GARRIGA NOGU
BL,0054,900001,BANCO DE IRUN,BANCO DE IRUN,,A20000709,CL,SAN MARCIAL,2,,20300,IRUN,GUIPUZCOA,ES,,0,,0,,29/12/1970,POR FUSION POR ABSORCION POR,0010,06/03/2008,13/04/1929,,20,,N,,,,,,,,,16,"BANCO DE BILBAO, S.A.",BANCO DE IRUN,BANCO DE IRUN
BL,0047,900001,"HIJOS DE SATURNINO ULARGUI, S.R.C.","HIJOS DE SATURNINO ULARGUI, S.R.C.",,,CL,BRETON DE LOS HERREROS,11,,26001,LOGROÑO,LA RIOJA,ES,,0,,0,,10/04/1963,POR FUSION POR ABSORCION POR,0005,06/03/2008,01/01/1860,,26,,N,,,,,,,,,17,BANCO DE ARAGON,"HIJOS DE SATURNINO ULARGUI, S.R.C.",HJ.DE S.ULARGUI
BL,0055,900001,"BANCO JAUDENES BARCENA, S.A.","BANCO JAUDENES BARCENA, S.A.",,,CL,COLON,16,,36201,VIGO,PONTEVEDRA,ES,,0,,0,,22/05/1968,POR FUSION POR ABSORCION POR,0085,06/03/2008,31/03/1923,,36,,N,,,,,,,,,11,"BANCO DE SANTANDER, SOCIEDAD ANONIMA DE CREDITO","BANCO JAUDENES BARCENA, S.A.",BANCO JAUDENES
BL,0060,900001,"BANCO DE MALAGA, S.A.","BANCO DE MALAGA, S.A.",,,CL,ATARAZANAS,2,,29005,MALAGA,,ES,,0,,0,,28/12/1972,POR FUSION POR ABSORCION POR,0008,06/03/2008,20/05/1918,,29,,N,,,,,,,,,1,"BANCO ATLANTICO, S.A.","BANCO DE MALAGA, S.A.",B.DE MALAGA
BL,0064,900001,"BANCO DE MATARO, S.A.","BANCO DE MATARO, S.A.",,,CL,SAN ANTONIO,15,,8301,MATARO,BARCELONA,ES,,0,,0,,18/05/1968,POR FUSION POR ABSORCION POR,0085,06/03/2008,01/03/1897,,8,,N,,,,,,,,,9,"BANCO DE SANTANDER, SOCIEDAD ANONIMA DE CREDITO","BANCO DE MATARO, S.A.",BANCO DE MATARO
BL,0070,900001,"BANCA NOGUEIRA, S.A.","BANCA NOGUEIRA, S.A.",,,CL,JOSE ANTONIO,11,,32400,RIBADAVIA,ORENSE,ES,,0,,0,,29/10/1971,POR FUSION POR ABSORCION POR,0016,06/03/2008,23/06/1922,,32,,N,,,,,,,,,11,"BANCO CENTRAL, S.A.","BANCA NOGUEIRA, S.A.",BCO.NOGUEIRA
BL,0071,900001,"BANCO MERCANTIL DE MANRESA, S.A.","BANCO MERCANTIL DE MANRESA, S.A.",,A08161333,CL,GUIMERA,30,,8240,MANRESA,BARCELONA,ES,,0,,0,,26/02/1980,POR FUSION POR ABSORCION POR,0015,06/03/2008,30/01/1907,,8,,N,,,,,,,,,9,"BANCA CATALANA, S.A.","BANCO MERCANTIL DE MANRESA, S.A.",MERC.MANRESA
BL,0090,900001,BANCO DE TOLOSA,BANCO DE TOLOSA,,A20000717,CL,SAN FRANCISCO,7,,20400,TOLOSA,GUIPUZCOA,ES,,0,,0,,31/07/1969,POR FUSION POR ABSORCION POR,0016,06/03/2008,07/02/1911,,20,,N,,,,,,,,,16,"BANCO CENTRAL, S.A.",BANCO DE TOLOSA,BANCO DE TOLOSA
BL,0117,900001,"BANCO DE NAVARRA, S.A.","BANCO DE NAVARRA, S.A.",,A31009533,CL,GARCIA XIMENEZ,4,,31002,PAMPLONA,NAVARRA,ES,,0,,0,,06/07/1979,POR ACUERDO DEL CONSEJO DE MINISTROS DE FECHA 12.05.1978,0000,06/03/2008,05/07/1964,,31,,N,,,,,,,,,14,,"BANCO DE NAVARRA, S.A.",B.DE NAVARRA
BL,0120,900001,"BANCO DE LUGO, S.A.","BANCO DE LUGO, S.A.",,,CL,GENERALISIMO FRANCO,10,,27000,LUGO,,ES,,0,,0,,31/12/1973,POR FUSION POR ABSORCION POR,0097,06/03/2008,07/06/1964,,27,,N,,,,,,,,,11,"BANCO DE GALICIA, S.A.","BANCO DE LUGO, S.A.",BCO.DE LUGO
BL,0126,900001,"BANCO DE BURGOS, S.A.","BANCO DE BURGOS, S.A.",,A09003450,PZ,MAYOR,25,,9000,BURGOS,,ES,,0,,0,,28/01/1972,POR FUSION POR ABSORCION POR,0066,06/03/2008,10/05/1965,,9,,N,,,,,,,,,7,"BANCO MERCANTIL E INDUSTRIAL, S.A.","BANCO DE BURGOS, S.A.",B.DE BURGOS
BL,0134,900001,"NUEVO BANCO, S.A.","NUEVO BANCO, S.A.",,A28324614,PS,HABANA,3,,28036,MADRID,,ES,,0,,0,,03/04/1981,POR FUSION POR ABSORCION POR,0122,06/03/2008,09/04/1973,,28,,N,,,,,,,,,12,"BANCO DE LEVANTE, S.A.","NUEVO BANCO, S.A.",NUEVO BANCO
BL,0140,900001,"BANCO DEL PAIS, S.A.","BANCO DEL PAIS, S.A.",,A28410322,CL,SERRANO,9,,28001,MADRID,,ES,,0,,0,,28/10/1980,POR REVOCACION AUTORIZACION POR ACUERDO DEL C.E.B.E. DE 28.10.1980,0000,06/03/2008,23/10/1975,,28,,N,,,,,,,,,12,,"BANCO DEL PAIS, S.A.",B. DEL PAIS
BR,0007,900004,BANCO ASTURIANO DE  INDUSTRIA Y COMERCIO,BANCO ASTURIANO DE LA INDUSTRIA Y COMERCIO,,,CL,MENDIZABAL,1,,33003,OVIEDO,ASTURIAS,ES,,0,,0,,22/12/1970,POR FUSION POR ABSORCION POR,0010,06/03/2008,23/09/1899,,33,,N,,,,,,,,,3,"BANCO DE BILBAO, S.A.",BCO. ASTURIANO INDUSTRIA Y COMERCIO,ASTURIANO I.Y C
BR,0014,900004,"BANCO CASTELLANO, S.A.","BANCO CASTELLANO, S.A.",,,CL,DUQUE DE LA VICTORIA,14,,47001,VALLADOLID,,ES,,0,,0,,24/12/1970,POR FUSION POR ABSORCION POR,0010,06/03/2008,23/01/1900,,47,,N,,,,,,,,,7,"BANCO DE BILBAO, S.A.","BANCO CASTELLANO, S.A.",BANCOCASTELLANO
BR,0023,900004,"BANCO DE LA CORUÑA, S.A.","BANCO DE LA CORUÑA, S.A.",,A15000102,CL,CANTON PEQUEÑO,18,,15003,LA CORUÑA,,ES,,0,,0,,29/12/1970,POR FUSION POR ABSORCION POR,0010,06/03/2008,08/12/1917,,15,,N,,,,,,,,,11,"BANCO DE BILBAO, S.A.","BANCO DE LA CORUÑA, S.A.",BANCO LA CORUÑA
BR,0027,900004,CREDITO NAVARRO,CREDITO NAVARRO,,,PZ,CASTILLO,21,,31001,PAMPLONA,NAVARRA,ES,,0,,0,,19/12/1972,POR FUSION POR ABSORCION POR,0016,06/03/2008,21/06/1863,,31,,N,,,,,,,,,14,"BANCO CENTRAL, S.A.",CREDITO NAVARRO,CTO.NAVARRO
BR,0039,900004,BANCO DE GIJON,BANCO DE GIJON,,A33600156,CL,MOROS,3-5,,33206,GIJON,ASTURIAS,ES,,0,,0,,08/03/1977,POR FUSION POR ABSORCION POR,0049,06/03/2008,20/10/1899,,33,,N,,,,,,,,,3,"BANCO HISPANO AMERICANO, S.A.",BANCO DE GIJON,BANCO GIJON
BR,0052,900004,"BANCA INDUSTRIAL DE BARCELONA, S.A.","BANCA INDUSTRIAL DE BARCELONA, S.A.",,,PZ,URQUINAONA,11,,8010,BARCELONA,,ES,,0,,0,,23/06/1970,POR FUSION POR ABSORCION POR,0085,06/03/2008,22/01/1923,,8,,N,,,,,,,,,9,"BANCO DE SANTANDER, SOCIEDAD ANONIMA DE CREDITO","BANCA INDUSTRIAL DE BARCELONA, S.A.",INDUST.BARNA
BR,0084,900004,"BANCO DE SAN SEBASTIAN, S.A.","BANCO DE SAN SEBASTIAN, S.A.",,A20000741,AV,ESPAÑA,19,,20005,SAN SEBASTIAN,GUIPUZCOA,ES,,0,,0,,17/07/1975,POR FUSION POR ABSORCION POR,0049,06/03/2008,25/06/1909,,20,,N,,,,,,,,,16,"BANCO HISPANO AMERICANO, S.A.","BANCO DE SAN SEBASTIAN, S.A.",S.SEBASTIAN
BR,0098,900004,"BANCA VILELLA, S.A.","BANCA VILELLA, S.A.",,,CL,GARCIA MORATO,13-15,,43000,REUS,TARRAGONA,ES,,0,,0,,31/07/1969,POR FUSION POR ABSORCION POR,0102,06/03/2008,17/05/1879,,43,,N,,,,,,,,,9,"BANCO DE VIZCAYA, S.A.","BANCA VILELLA, S.A.",BANCA VILELLA
BN,0005,900005,BANCO DE ARAGON,BANCO DE ARAGON,,,CL,COSO,36-40,,50004,ZARAGOZA,,ES,,0,,0,,29/01/1971,POR FUSION POR ABSORCION POR,0016,06/03/2008,21/12/1909,,50,,N,,,,,,,,,2,"BANCO CENTRAL, S.A.",BANCO DE ARAGON,BANCO DE ARAGON
BN,0018,900005,"BANCO COCA, S.A.","BANCO COCA, S.A.",,A37000130,CL,DOCTOR RIESGO,29,,37000,SALAMANCA,,ES,,0,,0,,08/09/1978,POR FUSION POR ABSORCION POR,0030,06/03/2008,01/01/1893,,37,,N,,,,,,,,,7,"BANCO ESPAÑOL DE CREDITO, S.A.","BANCO COCA, S.A.",BANCO COCA
BN,0051,900005,"BANCO IBERICO, S.A.","BANCO IBERICO, S.A.",,A28035236,ZZ,GRAN VIA,18-20,,28013,MADRID,,ES,,0,,0,,03/02/1978,POR FUSION POR ABSORCION POR,0016,06/03/2008,22/03/1946,,28,,N,,,,,,,,,12,"BANCO CENTRAL, S.A.","BANCO IBERICO, S.A.",BCO.IBERICO
BN,0066,900005,BANCO MERCANTIL E INDUSTRIAL,"BANCO MERCANTIL E INDUSTRIAL, S.A.",,A28000834,CL,ALCALA,31,,28014,MADRID,,ES,,0,,0,,08/03/1977,POR FUSION POR ABSORCION POR,0049,06/03/2008,12/03/1931,,28,,N,,,,,,,,,12,"BANCO HISPANO AMERICANO, S.A.",BANCO MERCANTIL E INDUSTRIAL,MERCANTIL I.
BN,0080,900005,"BANCO RURAL Y MEDITERRANEO, S.A.","BANCO RURAL Y MEDITERRANEO, S.A.",,A28000594,CL,ALCALA,17,,28014,MADRID,,ES,,0,,0,,15/06/1982,POR FUSION POR ABSORCION POR,0104,06/03/2008,09/07/1920,,28,,N,,,,,,,,,12,"BANCO EXTERIOR DE ESPAÑA, S.A.","BANCO RURAL Y MEDITERRANEO, S.A.",RURAL Y MED.
BN,0092,900005,"BANCO URQUIJO, S.A.","BANCO URQUIJO, S.A.",,A28000230,PZ,REY,1,PLTA. 2,28004,MADRID,,ES,,0,,0,,11/01/1984,POR FUSION POR ABSORCION POR,0112,06/03/2008,01/01/1918,,28,,N,,,,,,,,,12,"BANCO URQUIJO UNION, S.A.","BANCO URQUIJO, S.A.",BCO. URQUIJO
BN,0110,900005,"BANCO INDUSTRIAL DE LEON, S.A.","BANCO INDUSTRIAL DE LEON, S.A.",,A24004160,PZ,SANTO DOMINGO,1,,24003,LEON,,ES,,0,,0,,16/11/1976,POR FUSION POR ABSORCION POR,0111,06/03/2008,20/10/1963,,24,,N,,,,,,,,,7,"BANCO DE FOMENTO, S.A.","BANCO INDUSTRIAL DE LEON, S.A.",IND.DE LEON
SAF,4751,904700,"LISIN, S.A.","LISIN, S.A.",,A08812364,CL,BALMES,89-91,PL. 7,8008,BARCELONA,,ES,,932545008,,0,,18/03/1993,POR CAMBIO DE OBJETO SOCIAL,0000,06/03/2008,14/04/1983,,8,,N,,,,,,,,,9,,"LISIN, S.A.",LISIN SA
BN,0139,900005,"BANCO DE LOS PIRINEOS, S.A.","BANCO DE LOS PIRINEOS, S.A.",,A17026345,CR,BARCELONA,19,,17002,GERONA,,ES,,0,,0,,08/11/1984,POR ACUERDO DEL CONSEJO DE MINISTROS DE FECHA 28.12.1983,0000,06/03/2008,31/05/1975,,17,,N,,,,,,,,,9,,"BANCO DE LOS PIRINEOS, S.A.",B.PIRINEOS
CRC,3000,903000,CAJA RURAL NACIONAL,CAJA RURAL NACIONAL,,F28155414,ZZ,GRAN VIA,19,,28013,MADRID,,ES,,0,,0,,06/07/1984,POR DISOLUCION Y CESION DE ACTIVOS Y PASIVOS A,1001,06/03/2008,17/03/1969,,28,,N,,,,,,,,,12,"BANCO DE CREDITO AGRICOLA, S.A.",CAJA RURAL NACIONAL,CR.NACIONAL
CRC,3010,903000,"CAJA RURAL PROVINCIAL DE BARCELONA, S.C.C.C.L.","CAJA RURAL PROVINCIAL DE BARCELONA, SDAD. COOP. CATALANA CTO. LTDA.",,F08224818,ZZ,VIA LAYETANA,3,,8003,BARCELONA,,ES,,0,,0,,21/03/1989,POR FUSION POR ABSORCION POR,2011,06/03/2008,21/07/1964,,8,,N,,,,,,,,,9,CAJA DE AHORROS Y MONTE DE PIEDAD DE BARCELONA,CAJA RURAL PROVINCIAL DE BARCELONA,CR.BARCELONA
CRC,3011,903000,CAJA RURAL PROVINCIAL DE CACERES,CAJA RURAL PROVINCIAL DE CACERES,,F10005338,AV,VIRGEN DE GUADALUPE,2,,10001,CACERES,,ES,,0,,0,,22/03/1989,POR FUSION POR ABSORCION POR,2061,06/03/2008,19/11/1969,,10,,N,,,,,,,,,10,CAJA DE AHORROS Y MONTE DE PIEDAD DE SALAMANCA,CAJA RURAL PROVINCIAL DE CACERES,CR.P.CACERES
CRC,3013,903000,"CAJA RURAL PROVINCIAL DE AVILA, EN LIQUIDACION","CAJA RURAL PROVINCIAL DE AVILA, SDAD. COOP. CTO. LTDA., EN LIQUIDACION",,F05001763,CL,DUQUE DE ALBA,1,,5001,AVILA,,ES,,0,,0,,01/02/1989,POR FUSION POR ABSORCION POR,2061,06/03/2008,22/04/1960,,5,,N,,,,,,,,,7,CAJA DE AHORROS Y MONTE DE PIEDAD DE SALAMANCA,CAJA RURAL PROVINCIAL DE AVILA,CR.P.AVILA
CRC,3014,903000,"CAJA RURAL PROVINCIAL DE GERONA, S.COOP.CTO.LTDA.","CAJA RURAL PROVINCIAL DE GERONA, SDAD. COOP. CTO. LTDA.",,F17020835,AV,JAIME I,38,,17001,GERONA,,ES,,0,,0,,09/08/1988,POR FUSION POR ABSORCION POR,2038,06/03/2008,25/03/1971,,17,,N,,,,,,,,,9,CAJA DE AHORROS Y MONTE DE PIEDAD DE MADRID,CAJA RURAL PROVINCIAL DE GERONA,CR.P.GERONA
CRC,3071,903000,"CAJA RURAL PROVINCIAL DE MADRID, S.COOP.CTO.LTDA.","CAJA RURAL PROVINCIAL DE MADRID, SDAD. COOP. CTO. LTDA.",,F28169407,PS,SAN FRANCISCO DE SALES,10,,28003,MADRID,,ES,,0,,0,,27/06/1986,POR FUSION POR ABSORCION POR,2038,06/03/2008,01/01/1961,,28,,N,,,,,,,,,12,CAJA DE AHORROS Y MONTE DE PIEDAD DE MADRID,CAJA RURAL PROVINCIAL DE MADRID,CR.P.MADRID
CRC,3073,903000,"CAJA RURAL PROVINCIAL DE MURCIA, S.COOP.CTO.LTDA.","CAJA RURAL PROVINCIAL DE MURCIA, SDAD. COOP. CTO. LTDA.",,F30009450,PZ,VILLALEAL,2,,30001,MURCIA,,ES,,0,,0,,15/06/1988,POR CESION GLOBAL DE ACTIVOS Y PASIVOS A,2043,06/03/2008,01/01/1960,,30,,N,,,,,,,,,13,CAJA DE AHORROS DE MURCIA,CAJA RURAL PROVINCIAL DE MURCIA,CR.P.MURCIA
CRC,3074,903000,"CAJA RURAL PROVINCIAL DE ORENSE, S.COOP.CTO.LTDA.","CAJA RURAL PROVINCIAL DE ORENSE, SDAD. COOP. CTO. LTDA.",,F32002784,CL,JUAN XXIII,35,,32003,ORENSE,,ES,,0,,0,,10/01/1989,POR FUSION POR ABSORCION POR,2091,06/03/2008,24/06/1961,,32,,N,,,,,,,,,11,CAJA DE AHORROS DE GALICIA,CAJA RURAL PROVINCIAL DE ORENSE,CR.P.ORENSE
CRC,3075,903000,"CAJA RURAL PROVINCIAL, S.C.C.AGR.LTD.REUS, EN LIQ.","CAJA RURAL PROVINCIAL, SDAD. COOP. DE CTO. AGRARIO LTDA. DE REUS, EN LIQUIDACION",,F43010412,ZZ,ARRABAL DE SAN PEDRO,5-7,,43204,REUS,TARRAGONA,ES,,0,,0,,01/02/1989,POR CESION GLOBAL DE ACTIVOS Y PASIVOS A,2038,06/03/2008,01/01/1960,,43,,N,,,,,,,,,9,CAJA DE AHORROS Y MONTE DE PIEDAD DE MADRID,CAJA RURAL PROVINCIAL DE REUS,CR.P. REUS
CRC,3077,903000,"CAJA RURAL DE CANTABRIA, EN LIQUIDACION","CAJA RURAL DE CANTABRIA, SDAD. COOP. CTO. LTDA., EN LIQUIDACION",,F39005897,CL,MARCELINO S. SAUTUOLA,15,,39003,SANTANDER,CANTABRIA,ES,,0,,0,,01/02/1989,POR ESCISION TOTAL,2038,06/03/2008,01/01/1917,,39,,N,,,,,,,,,6,CAJA DE AHORROS Y MONTE DE PIEDAD DE MADRID,CAJA RURAL DE CANTABRIA,C.R.CANTABR.
CRC,3088,903000,"CAJA RURAL PROVINCIAL DE ALAVA, S.COOP.CTO.LTDA","CAJA RURAL PROVINCIAL DE ALAVA, SDAD. COOP. CTO. LTDA.",,F01006725,CL,PAZ,11,,1004,ALAVA,VITORIA,ES,,0,,0,,29/01/1987,POR FUSION POR ABSORCION POR,3084,06/03/2008,02/03/1970,,1,,N,,,,,,,,,16,"CAJA RURAL VASCA, SDAD. COOP. CTO. LTDA.",CAJA RURAL PROVINCIAL DE ALAVA,CR.P.ALAVA
CRNC,3002,903002,CAJA RURAL DE BADAJOZ,CAJA RURAL DE BADAJOZ,,,CL,SAN JUAN,10,,6002,BADAJOZ,,ES,,0,,0,,31/12/1975,POR FUSION POR ABSORCION POR,3009,06/03/2008,31/08/1971,,6,,N,,,,,,,,,10,CAJA RURAL PROVINCIAL DE BADAJOZ,CAJA RURAL DE BADAJOZ,CR.BADAJOZ
CRNC,3004,903002,"CAJA RURAL DEL MEDITERRANEO, S. COOP. CTO. LTDA.",CAJA RURAL DEL MEDITERRANEO SDAD. COOP. CTO. LTDA.,,F03023595,CL,DUQUE DE TAMAMES,32-34,,3300,ORIHUELA,ALICANTE,ES,,0,,0,,21/03/1989,POR FUSION POR ABSORCION POR,2005,06/03/2008,31/05/1969,,3,,N,,,,,,,,,15,CAJA DE AHORROS PROVINCIAL DE ALICANTE,CAJA RURAL DEL MEDITERRANEO,CR.MEDITERRA
CRNC,3006,903002,"CAJA RURAL PROVINCIAL DE PONTEVEDRA, S.C.C.L.","CAJA RURAL PROVINCIAL DE PONTEVEDRA, SDAD. COOP. CTO. LTDA.",,F36003762,PZ,CALVO SOTELO,3,,36001,PONTEVEDRA,,ES,,0,,0,,21/11/1986,POR FUSION POR ABSORCION POR,2091,06/03/2008,10/11/1961,,36,,N,,,,,,,,,11,CAJA DE AHORROS DE GALICIA,CAJA RURAL PROVINCIAL DE PONTEVEDRA,CR.PONTEVEDR
CRNC,3012,903002,"CAJA RURAL PROVINCIAL DE CADIZ, EN LIQUIDACION","CAJA RURAL PROVINCIAL DE CADIZ, SDAD. COOP. CTO. LTDA., EN LIQUIDACION",,F11605649,CL,LARGA,54-56,,11403,JEREZ DE LA FRONTERA,CADIZ,ES,,0,,0,,31/03/1987,POR FUSION POR ABSORCION POR,2071,06/03/2008,07/06/1969,,11,,N,,,,,,,,,1,CAJA DE AHORROS PROVINCIAL SAN FERNANDO DE SEVILLA ( CAJA SAN FERNANDO ),CAJA RURAL PROVINCIAL DE CADIZ,CR.P.CADIZ
CRNC,3086,903002,"CAJA RURAL PROVINCIAL DE PALENCIA, S.C.C.L.","CHJA RURAL PROVINCIAL DE PALENCIA, SDAD. COOP. CTO. LTDA.",,F34003780,PZ,ABILIO CALDERON,S/N,,34001,PALENCIA,,ES,,0,,0,,01/02/1989,POR CESION GLOBAL DE ACTIVOS Y PASIVOS A,2038,06/03/2008,02/07/1971,,34,,N,,,,,,,,,7,CAJA DE AHORROS Y MONTE DE PIEDAD DE MADRID,CAJA RURAL PROVINCIAL DE PALENCIA,CRP.PALENCIA
CRNC,3087,903002,"COOPERATIVA DE CREDITO, CAJA RURAL 'SAN MATEO'","COOPERATIVA DE CREDITO, CAJA RURAL 'SAN MATEO'",,F46027553,CL,REYES CATOLICOS,54,,46300,UTIEL,VALENCIA,ES,,0,,0,,24/08/1987,POR DISOLUCION,0000,06/03/2008,25/10/1960,,46,,N,,,,,,,,,15,,"COOP. CTO. CAJA RURAL ""SAN MATEO""",CR.SAN MATEO
CRNC,3091,903002,"CAJA RURAL COMARCAL DE TALAVERA, S.C.C.L., EN LIQ.","CAJA RURAL COMARCAL DE TALAVERA, SDAD. COOP. CTO. LTDA., EN LIQUIDACION",,G45002235,CL,SAN ISIDRO,4-6,,45600,TALAVERA DE LA REINA,TOLEDO,ES,,0,,0,,01/02/1989,POR DISOLUCION CON CESION DE GLOBAL DE ACTIVOS Y PASIVOS A,2012,06/03/2008,03/07/1970,,45,,N,,,,,,,,,8,CAJA DE PENSIONES PARA LA VEJEZ Y DE AHORROS DE CATALUÑA Y BALEARES,CAJA RURAL COMARCAL DE TALAVERA,CRC.TALAVERA
CRNC,3099,903002,COOP. CTO. CAJA RURAL DEL VALLE DE AYORA,"COOPERATIVA DE CREDITO, CAJA RURAL DEL VALLE DE AYORA",,,PZ,CAUDILLO,8,,46620,AYORA,VALENCIA,ES,,0,,0,,13/10/1976,POR FUSION POR ABSORCION POR,3094,06/03/2008,21/12/1968,,46,,N,,,,,,,,,15,COOPERATIVA DE CREDITO CAJA RURAL 'LA UNION',CAJA RURAL DEL VALLE DE AYORA,CR. DE AYORA
CRNC,3101,903002,"SDAD.COOP.CTO.AGR.LTDA., CAJA RURAL DE LA MANCHA","SOCIEDAD COOP. CTO. AGRARIO LTDA., CAJA RURAL DE LA MANCHA",,F02004729,CL,SANTA CLARA,8,,2600,VILLARROBLEDO,ALBACETE,ES,,0,,0,,11/10/1985,POR ACUERDO DEL C.E.B.E.,0000,06/03/2008,29/10/1966,,2,,N,,,,,,,,,8,,CAJA RURAL DE LA MANCHA,CR.LAMANCHA
CRNC,3103,903002,"CAJA RURAL DEL PIRINEO, SDAD. COOP. CTO. LTDA.","CAJA RURAL DEL PIRINEO, SDAD. COOP. CTO. LTDA.",,F25013673,CL,SAN MIGUEL DEL PUY,S/N,,25500,POBLA DE SEGUR,LERIDA,ES,,0,,0,,02/09/1986,POR FUSION POR ABSORCION POR,2011,06/03/2008,10/03/1969,,25,,N,,,,,,,,,9,CAJA DE AHORROS Y MONTE DE PIEDAD DE BARCELONA,"CAJA RURAL DEL PIRINEO, S.C.C.L.",CR. PIRINEO
CRNC,3106,903002,"C.R.CTO.COOP. COMARCAL AVICULTURA REUS, S.C.C.C.L.","CAJA RURAL DE CTO. DE LA COOP. COMARCAL DE AVICULTURA DE REUS, SDAD. COOP. CATALANA DE CTO. LTDA.",,F43013101,PZ,LIBERTAD,6,,43201,REUS,TARRAGONA,ES,,0,,0,,10/01/1989,POR FUSION POR ABSORCION POR,2013,06/03/2008,27/02/1960,,43,,N,,,,,,,,,9,CAJA DE AHORROS DE CATALUÑA,CAJA RURAL COMARCAL-REUS,CR.COM.REUS
CRNC,3107,903002,"CAJA RURAL LOS PEDROCHES, SDAD. COOP. CTO.","CAJA RURAL LOS PEDROCHES, SOCIEDAD COOPERATIVA DE CREDITO",,F14013981,AV,GENERALISIMO,17,,14400,POZOBLANCO,CORDOBA,ES,,0,,0,,06/04/1979,POR FUSION POR ABSORCION POR,3063,06/03/2008,29/12/1960,,14,,N,,,,,,,,,1,"COOPERATIVA DE CREDITO, CAJA RURAL PROVINCIAL DE CORDOBA","CAJA RURAL LOS PEDROCHES, S.C.C.",CR.PEDROCHES
CRNC,3109,903002,"S. COOP. CTO. AGR., CAJA RURAL DE FUENTES DE LEON","SDAD. COOP. CTO. AGRARIO, CAJA RURAL DE FUENTES DE LEON",,F06005169,CL,CALVO SOTELO,1,,6280,FUENTES DE LEON,BADAJOZ,ES,,0,,0,,02/02/1989,POR FUSION POR ABSORCION POR,3009,06/03/2008,15/11/1968,,6,,N,,,,,,,,,10,"CAJA RURAL PROVINCIAL DE BADAJOZ, SDAD. COOP. CTO.",CAJA RURAL DE FUENTES DE LEON,CR.FUENTESLE
CRNC,3122,903002,"COOP. CTO., CAJA RURAL 'NTRA. SRA. DE LOS ANGELES'","COOPERATIVA DE CREDITO, CAJA RURAL 'NUESTRA SEÑORA DE LOS ANGELES'",,F46043766,CL,JOSE ANTONIO,61,,46177,TUEJAR,VALENCIA,ES,,0,,0,,01/02/1989,POR DISOLUCION CON CESION GLOBAL DE ACTIVOS Y PASIVOS A,3094,06/03/2008,17/04/1969,,46,,N,,,,,,,,,15,"CAJA RURAL DE LA VALENCIA CASTELLANA, SDAD. COOP. CTO. LTDA., DE REQUENA","C.RURAL ""NTRA. SRA. DE LOS ANGELES""",CR.SRA.ANGEL
CRNC,3125,903002,(COOP. CTO. AGRICOLA) 'CAJA RURAL DE ALMANSA',(COOPERATIVA DE CREDITO AGRICOLA) 'CAJA RURAL DE ALMANSA',,F02004380,CL,JOSE ANTONIO,157,,2640,ALMANSA,ALBACETE,ES,,0,,0,,23/01/1981,POR FUSION POR ABSORCION POR,3094,06/03/2008,10/03/1969,,2,,N,,,,,,,,,8,"CAJA RURAL DE LA VALENCIA CASTELLANA, SDAD. COOP. CTO. LTDA., DE REQUENA","(C.C.AGR.) ""CAJA RURAL DE ALMANSA""",CR.ALMANSA
CRNC,3126,903002,"CAJA RURAL DE CENIZATE, S.C.C.L., EN LIQUIDACION","CAJA RURAL DE CENIZATE, SDAD. COOP. CTO. LTDA., EN LIQUIDACION",,F02004174,PZ,MAYOR,2,,2247,CENIZATE,ALBACETE,ES,,0,,0,,22/01/1988,POR FUSION POR ABSORCION POR,3056,06/03/2008,10/01/1969,,2,,N,,,,,,,,,8,"CAJA RURAL PROVINCIAL DE ALBACETE, SDAD. COOP. CTO. LTDA.","CAJA RURAL DE CENIZATE, S.C.C.L.",CR.CENIZATE
CRNC,3132,903002,COOP.CTO. C. RURAL 'SAN MARTIN' DE S.MARTIN DE UNX,COOPERATIVA DE CREDITO CAJA RURAL 'SAN MARTIN' DE SAN MARTIN DE UNX,,,CL,PADRE SALES MENDIZABAL,11,,31495,SAN MARTIN DE UNX,NAVARRA,ES,,0,,0,,24/04/1981,POR FUSION POR ABSORCION POR,3008,06/03/2008,11/08/1969,,31,,N,,,,,,,,,14,"CAJA RURAL DE NAVARRA, SDAD. COOP. CTO. LTDA.","CAJA RURAL ""SAN MARTIN""",CC.SANMARTIN
CRNC,3133,903002,CAJA RURAL COOPERATIVA DE CREDITO DE HOYOCASERO,CAJA RURAL COOPERATIVA DE CREDITO DE HOYOCASERO,,,ZZ,PLAZUELA DEL SINDICATO,1,,5000,AVILA,,ES,,0,,0,,27/02/1981,POR FUSION POR ABSORCION POR,3013,06/03/2008,15/04/1947,,5,,N,,,,,,,,,7,"CAJA RURAL PROVINCIAL DE AVILA, SDAD. COOP. CTO. LTDA.",CAJA RURAL COOP. CTO. DE HOYOCASERO,CR.HOYOCASER
CRNC,3136,903002,"CAJA RURAL DE SAX, MONTAÑA Y VINALOPO, S.C.L.","CAJA RURAL DE SAX, MONTAÑA Y VINALOPO, SDAD. COOP. LTDA.",,F03025210,CL,GRAN VIA,2,,3630,SAX,ALICANTE,ES,,0,,0,,19/02/1987,POR FUSION POR ABSORCION POR,3082,06/03/2008,09/07/1969,,3,,N,,,,,,,,,15,"CAJA RURAL DE VALENCIA, COOPERATIVA DE CREDITO VALENCIANA","C.RURAL DE SAX, MONTAÑA Y VINALOPO",CR.SAX VINALOPO
CRNC,3143,903002,"CAJA RURAL CITRICOLA, SDAD. COOP. CTO. LTDA.","CAJA RURAL CITRICOLA, SDAD. COOP. CTO. LTDA.",,F12012704,CR,VALENCIA,112,,12006,CASTELLON DE LA PLANA,CASTELLON,ES,,0,,0,,15/01/1988,POR TRANSFORMACION EN SECCION DE CREDITO,0000,06/03/2008,10/02/1964,,12,,N,,,,,,,,,15,,"CAJA RURAL CITRICOLA, S.C.CTO.LTDA.",CR.CASTELLON
CRNC,3148,903002,"CAJA RURAL PROVINCIAL DE LA CORUÑA, S.C.C.L.","CAJA RURAL PROVINCIAL DE LA CORUÑA, SDAD. COOP. CTO. LTDA.",,F15014582,CL,FERNANDEZ LATORRE,11,,15006,LA CORUÑA,,ES,,0,,0,,06/02/1987,POR FUSION POR ABSORCION POR,2091,06/03/2008,02/04/1946,,15,,N,,,,,,,,,11,CAJA DE AHORROS DE GALICIA,CAJA RURAL PROVINCIAL DE LA CORUÑA,CR.LA CORUñA
CRNC,3153,903002,CAJA RURAL COOP. CTO. DE PEDRO BERNARDO,CAJA RURAL COOPERATIVA DE CREDITO DE PEDRO BERNARDO,,,PZ,JOSEFA SANCHEZ DEL ARCO,29,,5470,PEDRO BERNARDO,AVILA,ES,,0,,0,,03/05/1980,POR FUSION POR ABSORCION POR,3013,06/03/2008,15/04/1947,,5,,N,,,,,,,,,7,"CAJA RURAL PROVINCIAL DE AVILA, SDAD. COOP. CTO. LTDA.",CAJA R.COOP.CTO. DE PEDRO BERNARDO,CR.P.BERNARD
CRNC,3156,903002,CAJA RURAL 'NTRA. SRA. DE LA ASUNCION' DE SONEJA,"CAJA RURAL'NUESTRA SEÑORA DE LA ASUNCION' DE SONEJA, COOPERATIVA CREDITO VALENCIANA",,F12010336,CL,MAYOR,61,,12480,SONEJA,CASTELLON,ES,,0,,0,,15/01/1988,POR FUSION POR ABSORCION POR,3061,06/03/2008,24/11/1959,,12,,N,,,,,,,,,15,"CAJA RURAL PROVINCIAL DE CASTELLON, SDAD. COOP. CTO. LTDA.","C. RURAL ""NTRA.SRA. DE LA ASUNCION""",CR. SONEJA
CRNC,3158,903002,"CAJA RURAL 'S. FELIPE NERI' DE LA LLOSA, C.C.VAL.","CAJA RURAL 'SAN FELIPE NERI' DE LA LLOSA, COOPERATIVA CREDITO VALENCIANA",,F12013728,PZ,ESPAÑA,2,,12591,LA LLOSA,CASTELLON,ES,,0,,0,,15/01/1988,POR FUSION POR ABSORCION POR,3061,06/03/2008,10/06/1970,,12,,N,,,,,,,,,15,"CAJA RURAL PROVINCIAL DE CASTELLON, SDAD. COOP. CTO. LTDA.","C.R. ""S. FELIPE NERI"" DE LA LLOSA",CR.S.FELIPE
CRNC,3164,903002,"CAJA RURAL SAN ISIDRO DE TORREBLANCA, C.CTO.VAL.","CAJA RURAL SAN ISIDRO DE TORREBLANCA, COOPERATIVA CREDITO VALENCIANA",,F12013181,CL,SAN ANTONIO,34,,12596,TORREBLANCA,CASTELLON,ES,,0,,0,,02/02/1989,POR CESION GLOBAL DE ACTIVOS Y PASIVOS A,3061,06/03/2008,23/10/1969,,12,,N,,,,,,,,,15,"CAJA RURAL PROVINCIAL DE CASTELLON, SDAD. COOP. CTO. LTDA.",CAJA RURAL S. ISIDRO DE TORREBLANCA,CR.S.ISIDRO
CRNC,3170,903002,"CAJA RURAL 'S. FELIPE NERI' DE USERAS, S.C.C.L.","CAJA RURAL 'SAN FELIPE NERI' DE USERAS, SDAD. COOP. CTO. LTDA.",,F12013199,CL,CALVARIO,8,,12118,USERAS,CASTELLON,ES,,0,,0,,10/11/1986,POR FUSION POR ABSORCION POR,3061,06/03/2008,23/10/1969,,12,,N,,,,,,,,,15,"CAJA RURAL PROVINCIAL DE CASTELLON, SDAD. COOP. CTO. LTDA.","C. RURAL ""S. FELIPE NERI"" DE USERAS",CR.FELI.NERI
CRNC,3180,903002,"CENTRAL DE CAJAS RURALES, SDAD. COOP. CTO. LTDA.","CENTRAL DE CAJAS RURALES, SDAD. COOP. CTO. LTDA.",,F28743961,PZ,VAZQUEZ DE MELLA,7,,28004,MADRID,,ES,,0,,0,,09/06/1984,POR ACUERDO DEL CONSEJO EJECUTIVO DEL BANCO DE ESPAÑA,0000,06/03/2008,23/12/1981,,28,,N,,,,,,,,,12,,"CENTRAL DE CAJAS RURALES, S.C.C.L.",CENTRAL C.R.
OCC,3026,903024,CAJA DE CREDITO INDUSTRIAL COOPERATIVO,"CAJA DE CREDITO INDUSTRIAL COOPERATIVO, SOCIEDAD COOPERATIVA DE CREDITO LIMITADA",,F28150696,CL,CEA BERMUDEZ,56,,28003,MADRID,,ES,,0,,0,,28/11/1984,"POR ACUERDO C.E.B.E. 27.11.1984 DISOLUCION, CESION ACTIVOS PASIVOS",2038,06/03/2008,04/04/1968,,28,,N,,,,,,,,,12,CAJA DE AHORROS Y MONTE DE PIEDAD DE MADRID,CAJA DE CREDITO INDUSTRIAL COOP.,INDUSTMADRID
OCC,3027,903024,"CAJA DE CREDITO DE MADRID, SOCIEDAD COOPERATIVA","CAJA DE CREDITO DE MADRID, SOCIEDAD COOPERATIVA",,F28294924,CL,O'DONNELL,24,,28009,MADRID,,ES,,0,,0,,25/06/1974,POR ACUERDO DEL CONSEJO EJECUTIVO DEL BANCO DE ESPAÑA DE 25.06.1974,0000,06/03/2008,19/09/1972,,28,,N,,,,,,,,,12,,CAJA DE CREDITO DE MADRID,CC.MADRID SC
OCC,3030,903024,CAJA DE CREDITO SOCIAL COOPERATIVO,CAJA DE CREDITO SOCIAL COOPERATIVO,,F28270163,PZ,SANTA ANA,4,,28012,MADRID,,ES,,0,,0,,21/06/1974,POR ACUERDO DEL CONSEJO EJECUTIVO DEL BANCO DE ESPAÑA DE 21.06.1974,0000,06/03/2008,24/07/1971,,28,,N,,,,,,,,,12,,CAJA DE CREDITO SOCIAL COOPERATIVO,CC.S.MADRID
OCC,3028,903024,"CAJA DE CREDITO MEDITERRANEA, COOPERATIVA CREDITO","CAJA DE CREDITO MEDITERRANEA, COOPERATIVA DE CREDITO",,F08211328,PZ,ESPAÑOLA,17,,8903,HOSPITALET DE LLOBREGAT,BARCELONA,ES,,0,,0,,03/09/1985,"POR ACUERDO C.E.B.E. 03.09.1985 DISOLUCION, CESION ACTIVOS PASIVOS",2038,06/03/2008,02/03/1967,,8,,N,,,,,,,,,9,CAJA DE AHORROS Y MONTE DE PIEDAD DE MADRID,CAJA DE CREDITO MEDITERRANEA,CC.MEDITERRA
OCC,3031,903024,"CAJA DE CREDITO DEL SUR, COOPERATIVA DE CREDITO","CAJA DE CREDITO DEL SUR, COOPERATIVA DE CREDITO",,F29011970,AV,MIRAFLORES DE LOS ANGELES,S/N,,29011,MALAGA,,ES,,0,,0,,20/12/1979,POR DECLARACION DE QUIEBRA VOLUNTARIA,0000,06/03/2008,30/03/1968,,29,,N,,,,,,,,,1,,"CAJA DE CREDITO DEL SUR, COOP. CTO.",CC.SUR COOP.
OCC,3032,903024,CAJA DE CREDITO PARA LA VIVIENDA,CAJA DE CREDITO PARA LA VIVIENDA,,F08175358,CL,GERONA,134,,8037,BARCELONA,,ES,,0,,0,,19/12/1975,POR FUSION POR ABSORCION POR,0117,06/03/2008,12/12/1964,,8,,N,,,,,,,,,9,"BANCO DE NAVARRA, S.A.",CAJA DE CREDITO PARA LA VIVIENDA,CC.VIVIENDA
OCC,3033,903024,"CAJA GENERAL DE CREDITO, SOCIEDAD COOPERATIVA","CAJA GENERAL DE CREDITO, SOCIEDAD COOPERATIVA",,,RB,CATALUÑA,27,,8007,BARCELONA,,ES,,0,,0,,18/03/1975,POR FUSION POR ABSORCION POR,3034,06/03/2008,08/07/1967,,8,,N,,,,,,,,,9,CAJA IBERICA DE CREDITO COOPERATIVO,"CAJA GENERAL DE CREDITO, S. COOP.",CAJA GENERAL
OCC,3034,903024,CAJA IBERICA DE CREDITO COOPERATIVO,CAJA IBERICA DE CREDITO COOPERATIVO,,F28158574,PS,CASTELLANA,92-96,,28046,MADRID,,ES,,0,,0,,15/03/1975,POR FUSION POR ABSORCION POR,0016,06/03/2008,30/09/1964,,28,,N,,,,,,,,,12,"BANCO CENTRAL, S.A.",CAJA IBERICA DE CREDITO COOPERATIVO,CAJA IBERICA
OCC,3036,903024,CAJA POPULAR DE CREDITO COOPERATIVO DE LEON,CAJA POPULAR DE CREDITO COOPERATIVO DE LEON,,F24005068,AV,PADRE ISLA,7,,24002,LEON,,ES,,0,,0,,24/02/1976,POR ACUERDO DEL CONSEJO EJECUTIVO DEL BANCO DE ESPAÑA DE 24.02.1976,0000,06/03/2008,30/09/1964,,24,,N,,,,,,,,,7,,CAJA POPULAR CTO. COOPERATIVO LEON,CP.CTO.COP.
OCC,3037,903024,CENTRAL DEL AHORRO POPULAR DE MADRID,CENTRAL DEL AHORRO POPULAR DE MADRID,,,CL,RAIMUNDO LULIO,1,,28010,MADRID,,ES,,0,,0,,01/07/1975,POR FUSION POR ABSORCION POR,0121,06/03/2008,18/02/1955,,28,,N,,,,,,,,,12,"BANCO OCCIDENTAL, S.A.",CENTRAL AHORRO POPULAR DE MADRID,C.A.P.MADRID
OCC,3038,903024,CENTRAL DEL AHORRO POPULAR DE SEVILLA,CENTRAL DEL AHORRO POPULAR DE SEVILLA,,F41017559,CL,CONDE DE IBARRA,25,,41004,SEVILLA,,ES,,0,,0,,22/10/1974,POR FUSION POR ABSORCION POR,3037,06/03/2008,28/12/1963,,41,,N,,,,,,,,,1,CENTRAL DEL AHORRO POPULAR DE MADRID,CENTRAL AHORRO POPULAR DE SEVILLA,C.A.POPULAR
OCC,3039,903024,CENTRAL DEL AHORRO POPULAR DE VALENCIA,"CENTRAL DEL AHORRO POPULAR DE VALENCIA, COOPERATIVA DE CREDITO",,F46027702,PZ,NEGRITO,3,,46001,VALENCIA,,ES,,0,,0,,19/08/1981,POR ACUERDO DEL CONSEJO EJECUTIVO DEL BANCO DE ESPAÑA DE 19.08.1981,0000,06/03/2008,28/12/1957,,46,,N,,,,,,,,,15,,CENTRAL DEL AHORRO POPULAR VALENCIA,C.A.VALENCIA
OCC,3040,903024,COOPERATIVA CAJA HISPANA DE CREDITO,COOPERATIVA CAJA HISPANA DE CREDITO,,F08210106,AV,ISLAS FILIPINAS,28,,28003,MADRID,,ES,,0,,0,,30/06/1981,POR ACUERDO DEL CONSEJO EJECUTIVO DEL BANCO DE ESPAÑA DE 30.06.1981,0000,06/03/2008,17/03/1961,,28,,N,,,,,,,,,12,,COOPERATIVA CAJA HISPANA DE CREDITO,COP.C.BARNA
OCC,3041,903024,COOPERATIVA DE CREDITO Y AHORRO DE BARCELONA,COOPERATIVA DE CREDITO Y AHORRO DE BARCELONA,,F08240954,CL,AUSIAS MARCH,18,,8010,BARCELONA,,ES,,0,,0,,19/12/1975,POR FUSION POR ABSORCION POR,0117,06/03/2008,28/05/1966,,8,,N,,,,,,,,,9,"BANCO DE NAVARRA, S.A.",COOPERATIVA CTO. Y AHORRO BARCELONA,CC.AHO.BARNA
OCC,3042,903024,"COOP. CTO. AHORRO S. ALBERTO MAGNO, EN LIQUIDACION","COOPERATIVA DE CREDITO Y AHORRO SAN ALBERTO MAGNO, EN LIQUIDACION",,F08198632,CL,MALLORCA,279,,8037,BARCELONA,,ES,,0,,0,,31/12/1985,POR DISOLUCION Y LIQUIDACION,0000,06/03/2008,23/12/1965,,8,,N,,,,,,,,,9,,COOP. CTO. AHORRO S. ALBERTO MAGNO,S.ALBERTO MA
OCC,3043,903024,"CREDITO Y AHORRO SANITARIO, SOCIEDAD COOPERATIVA","CREDITO Y AHORRO SANITARIO, SOCIEDAD COOPERATIVA",,F28226546,CL,ISAAC PERAL,4,,28015,MADRID,,ES,,0,,0,,09/09/1981,POR ACUERDO DEL CONSEJO EJECUTIVO DEL BANCO DE ESPAÑA DE 09.09.1981,0000,06/03/2008,07/05/1969,,28,,N,,,,,,,,,12,,CREDITO Y AHORRO SANITARIO,CA.SANITARIO
OCC,3044,903024,COOPERATIVA CREDITO Y AHORRO 2ª AGRUPACION MEDICA,COOPERATIVA DE CREDITO Y AHORRO DE LA 2ª AGRUPACION MEDICA,,F08174716,PS,BONANOVA,47,,8017,BARCELONA,,ES,,0,,0,,19/12/1978,POR FUSION POR ABSORCION POR,0101,06/03/2008,26/04/1962,,8,,N,,,,,,,,,9,"BANCO DE CREDITO CORPORATIVO, S.A.",COOP. CTO. AHORRO 2ª AGRUP. MEDICA,CCA.2 MEDICA
OCC,3046,903024,COOPERATIVA DE CREDITO Y FOMENTO INDUSTRIAL,COOPERATIVA DE CREDITO Y FOMENTO INDUSTRIAL,,F14016836,PZ,CHIRINOS,3,,14001,CORDOBA,,ES,,0,,0,,27/02/1976,POR ACUERDO DEL CONSEJO EJECUTIVO DEL BANCO DE ESPAÑA DE 27.02.1976,0000,06/03/2008,21/06/1966,,14,,N,,,,,,,,,1,,COOPERATIVA CTO. FOMENTO INDUSTRIAL,COP.CTO.Y FTO.
OCC,3047,903024,COOPERATIVA DE CREDITO DE JAVEA,COOPERATIVA DE CREDITO DE JAVEA,,F03013265,CL,MAYOR,15,,3730,JAVEA,ALICANTE,ES,,0,,0,,25/09/1984,POR ACUERDO DEL CONSEJO EJECUTIVO DEL BANCO DE ESPAÑA DE 25.09.1984,0000,06/03/2008,11/12/1954,,3,,N,,,,,,,,,15,,COOPERATIVA DE CREDITO DE JAVEA,CO.CTO.JAVEA
OCC,3048,903024,"CAJA DE CREDITO MUTUAL, COOPERATIVA DE CREDITO","CAJA DE CREDITO MUTUAL, COOPERATIVA DE CREDITO",,F08223018,CL,BRUCH,72,,8009,BARCELONA,,ES,,0,,0,,10/04/1984,POR ACUERDO DEL CONSEJO EJECUTIVO DEL BANCO DE ESPAÑA DE 10.04.1984,0000,06/03/2008,13/04/1967,,8,,N,,,,,,,,,9,,"CAJA DE CREDITO MUTUAL, COOP.CTO.",CAJACTO. MUTUAL
OCC,3049,903024,"CAJA CTO. GRANOLLERS, S.COOP. CATALANA, EN LIQ.","CAJA DE CREDITO DE GRANOLLERS, SOCIEDAD COOPERATIVA CATALANA DE CREDITO LIMITADA, EN LIQUIDACION",,F08241960,CL,SAN ESTEBAN,20,,8400,GRANOLLERS,BARCELONA,ES,,0,,0,,01/02/1989,POR CESION GLOBAL DE ACTIVOS Y PASIVOS A,2038,06/03/2008,06/10/1969,,8,,N,,,,,,,,,9,CAJA DE AHORROS Y MONTE DE PIEDAD DE MADRID,CAJA DE CREDITO DE GRANOLLERS,CO.GRANOLLER
OCC,3050,903024,"COOPERATIVA DE CREDITO Y AHORRO DE ENTREVIAS, S.C.","COOPERATIVA DE CREDITO Y AHORRO DE ENTREVIAS, S.COOP.",,F28169928,CL,ALCALA,32,,28014,MADRID,,ES,,0,,0,,06/02/1976,POR FUSION POR ABSORCION POR,0029,06/03/2008,07/10/1966,,28,,N,,,,,,,,,12,"BANCO COMERCIAL ESPAÑOL, S.A.",COOPERATIVA CTO. AHORRO ENTREVIAS,C.CRTO.  AHORRO
OCC,3051,903024,CREDITO COOPERATIVO (C.R.E.C.O.),CREDITO COOPERATIVO (C.R.E.C.O.),,F08175234,AV,JOSE ANTONIO PRIMO DE RIVERA,692,,8010,BARCELONA,,ES,,0,,0,,10/02/1976,POR FUSION POR ABSORCION POR,0062,06/03/2008,30/10/1963,,8,,N,,,,,,,,,9,"BANCA MAS SARDA, S.A.",CREDITO COOPERATIVO (C.R.E.C.O.),CTO.COOP.CRECO
OCC,3052,903024,"CAJA INTERPROVINCIAL DE CREDITO, SOCIEDAD COOP.","CAJA INTERPROVINCIAL DE CREDITO, SOCIEDAD COOPERATIVA",,,CL,COLON,41,,46004,VALENCIA,,ES,,0,,0,,19/08/1981,POR ACUERDO DEL CONSEJO EJECUTIVO DEL BANCO DE ESPAÑA DE 19.08.1981,0000,06/03/2008,13/09/1965,,46,,N,,,,,,,,,15,,CAJA INTERPROVINCIAL DE CREDITO,CAINTER
OCC,3053,903024,"CREDITO Y PREVISION, COOPERATIVA DE CREDITO","CREDITO Y PREVISION, COOPERATIVA DE CREDITO",,F08174328,CL,GOYA,102,,28009,MADRID,,ES,,0,,0,,21/10/1975,POR FUSION POR ABSORCION POR,0045,06/03/2008,08/07/1950,,28,,N,,,,,,,,,12,"BANCO DE GREDOS, S.A.",CREDITO Y PREVISION,CTO.PREV
OCC,3055,903024,"INSTITUTO ECONOMICO COOPERATIVO, SOC. COOPERATIVA","INSTITUTO ECONOMICO COOPERATIVO, SOCIEDAD COOPERATIVA",,F08172462,RB,CATALUÑA,27,,8007,BARCELONA,,ES,,0,,0,,13/08/1974,POR ACUERDO DEL CONSEJO EJECUTIVO DEL BANCO DE ESPAÑA DE 13.08.1974,0000,06/03/2008,23/10/1953,,8,,N,,,,,,,,,9,,INSTITUTO ECONOMICO COOPERATIVO,INST.ECONOMI
OCC,3145,903024,"CAJA INTERPROFESIONAL DE CREDITO, S.COOP.CTO.LTDA.","CAJA INTERPROFESIONAL DE CREDITO, SOCIEDAD COOPERATIVA DE CREDITO LIMITADA",,F28450898,CL,CASTELLO,66,,28001,MADRID,,ES,,0,,0,,01/02/1989,POR DISOLUCION,0000,06/03/2008,11/11/1976,,28,,N,,,,,,,,,12,,CAJA INTERPROFESIONAL DE CREDITO,INTERPROFESI
OCC,3149,903024,"CAJA DE INVERSION, SOCIEDAD COOP. CREDITO LIMITADA","CAJA DE INVERSION, SOCIEDAD COOPERATIVA DE CREDITO LIMITADA",,F46094876,CL,SORNI,8,,46004,VALENCIA,,ES,,0,,0,,03/09/1985,"POR ACUERDO C.E.B.E. 03.09.1985 DISOLUCION, CESION ACTIVOS PASIVOS",2038,06/03/2008,14/12/1976,,46,,N,,,,,,,,,15,CAJA DE AHORROS Y MONTE DE PIEDAD DE MADRID,"CAJA DE INVERSION, S.COOP. CTO. LTD",INVERSIOVALE
OCC,3151,903024,"CAJA PRIVADA DE CREDITO, SOCIEDAD COOPERATIVA LTDA","CAJA PRIVADA DE CREDITO, SOCIEDAD COOPERATIVA LIMITADA",,F28488906,PS,HABANA,14,,28036,MADRID,,ES,,0,,0,,04/05/1989,POR DISOLUCION,0187,06/03/2008,25/02/1977,,28,,N,,,,,,,,,12,"BANCO UNIVERSAL, S.A.","CAJA PRIVADA DE CREDITO, S.COOP.LTD",C.PRIV.CTO.C
OCC,3176,903024,CAJA LABORAL Y EMPRESARIAL DE SALAMANCA,"CAJA LABORAL Y EMPRESARIAL DE SALAMANCA, SOCIEDAD COOPERATIVA DE CREDITO LIMITADA",,F37016490,ZZ,GRAN VIA,64,,37000,SALAMANCA,,ES,,0,,0,,06/03/1984,POR ACUERDO DEL CONSEJO EJECUTIVO DEL BANCO DE ESPAÑA DE 06.03.1984,0000,06/03/2008,21/12/1977,,37,,N,,,,,,,,,7,,CAJA LABORAL EMPRESARIAL SALAMANCA,C.LAB.SALAMA
OCC,3178,903024,"CAJA PROMOCION COMERCIAL LA CORUÑA, S.C.C.L., LIQ.","CAJA DE PROMOCION COMERCIAL DE LA CORUÑA, SOCIEDAD COOPERATIVA DE CREDITO LIMITADA, EN LIQUIDACION",,F15017197,CL,FRANJA,20-22,,15001,LA CORUÑA,,ES,,0,,0,,01/02/1989,POR DISOLUCION,0000,06/03/2008,18/12/1971,,15,,N,,,,,,,,,11,,"CAJA PROMOCION COM. CORUÑA, LIQ.",PROCORCORUÑA
SMMD,4001,904000,"CREDIPAS, S.A., S.M.M.D.","CREDIPAS, S.A., S.M.M.D.",,A28683381,CL,GOYA,47,,28001,MADRID,,ES,,915779960,,915579618,,06/10/1989,POR TRANSFORMACION EN,0192,06/03/2008,25/02/1981,,28,,N,,,,,,,,,12,"BANCO CREDIPAS, S.A.","CREDIPAS, S.A., S.M.M.D.",CREDIPAS SMM
SMMD,4002,904000,SOCIEDAD DE INTERMEDIACION DE ACTIVOS FINANCIEROS,SOCIEDAD DE INTERMEDIACION DE ACTIVOS FINANCIEROS,,A28658649,CL,VELAZQUEZ,150,,28002,MADRID,,ES,,0,,0,,09/01/1990,POR CAMBIO DE OBJETO SOCIAL,0000,06/03/2008,29/09/1980,,28,,N,,,,,,,,,12,,"""SIAF""",S.I.A.F.
SMMD,4003,904000,"SOCIEDAD ANONIMA SAITORI, S.M.M.D.","SOCIEDAD ANONIMA SAITORI, S.M.M.D.",,A08655425,PS,GRACIA,2-4,,8007,BARCELONA,,ES,,0,,0,,27/11/1987,POR ACUERDO DEL CONSEJO EJECUTIVO BANCO DE ESPAÑA DE 27.11.1987,0000,06/03/2008,04/08/1981,,8,,N,,,,,,,,,9,,"SOCIEDAD ANONIMA SAITORI, S.M.M.D.",SAITORI
SMMD,4004,904000,"INTERMEDIACION DE ACTIVOS, S.A. (INTERACTIVOS)","INTERMEDIACION DE ACTIVOS, S.A. (INTERACTIVOS)",,A28718112,CL,VELAZQUEZ,64-66,,28001,MADRID,,ES,,0,,0,,05/01/1990,POR CAMBIO DE OBJETO SOCIAL,0000,06/03/2008,28/07/1981,,28,,N,,,,,,,,,12,,"INTERMEDIACION DE ACTIVOS, S.A.",INTERACTIVOS
SMMD,4005,904000,SOCIEDAD ANONIMA MEDIACION DINERO - SAMEDI,SOCIEDAD ANONIMA MEDIACION DINERO - - SAMEDI,,A28757649,CL,CONDE DE ARANDA,15,,28001,MADRID,,ES,,0,,0,,11/10/1989,POR CAMBIO DE OBJETO SOCIAL,0000,06/03/2008,01/04/1982,,28,,N,,,,,,,,,12,,SOCIEDAD ANONIMA MEDIACION DINERO,SAMEDI
SMMD,4006,904000,"IBERICA DE DESCUENTO, S.A. 'DESCONTIBER'","IBERICA DE DESCUENTO, S.A. 'DESCONTIBER'",,A28763043,PZ,COLON,2,,28046,MADRID,,ES,,913086261,,913086317,,24/10/1991,POR TRANSFORMACION EN,0211,18/10/2000,30/04/1982,,28,,N,,,,,,,,,12,"BANCAJA, S.A.",IBERICA DE DESCUENTO,DESCONTIBER
SMMD,4008,904000,"4B DE INTERMEDIACION, S.A., S.M.M.D.","4B DE INTERMEDIACION, S.A., S.M.M.D.",,A28717932,PZ,INDEPENDENCIA,10,,28001,MADRID,,ES,,914310911,,914357260,,22/07/1991,POR CESION GLOBAL DE ACTIVOS Y PASIVOS A,0188,06/03/2008,12/06/1981,,28,,N,,,,,,,,,12,"BANCO ALCALA, S.A.","4B DE INTERMEDIACION, S.A.",4B INTERM.
SMMD,4009,904000,"SERVICIOS MONETARIOS Y BURSATILES, S.A.","SERVICIOS MONETARIOS Y BURSATILES, S.A.",,A78037330,CL,ALCALA,95,PL. 6,28009,MADRID,,ES,,915754440,,0,,11/11/1993,POR DISOLUCION,0000,18/10/2000,18/04/1985,,28,,N,,,,,,,,,12,,SERVICIOS MONETARIOS Y BURSATILES,S. M. B.
SMMD,4010,904000,"MEBAN, S.A., S.M.M.D.","MEBAN S.A., SOCIEDAD MEDIADORA EN EL MERCADO DE DINERO",,A78040110,CL,JUAN BRAVO,3-C,,28006,MADRID,,ES,,0,,0,,14/11/1989,A PETICION PROPIA,0000,06/03/2008,27/05/1985,,28,,N,,,,,,,,,12,,"MEBAN, S.A., S.M.M.D.",MEBAN S.A.
SMMD,4011,904000,"FINESOR, S.A. DE FINANCIACION Y TESORERIA","FINESOR, SOCIEDAD ANONIMA DE FINANCIACION Y TESORERIA",,A78051208,CL,HERMOSILLA,13,,28001,MADRID,,ES,,914351286,,0,,09/01/1990,POR TRANSFORMACION EN,0193,06/03/2008,17/06/1985,,28,,N,,,,,,,,,12,"BANCA FINESOR, S.A.","FINESOR, S.A.",FINESOR SA
SMMD,4012,904000,"A.B. ASESORES BURSATILES DEUDA PUBLICA, S.A.","A.B. ASESORES BURSATILES DEUDA PUBLICA, S.A.",,A78763059,PZ,LEALTAD,3,,28014,MADRID,,ES,,915801100,,915312811,,28/06/1995,POR CAMBIO DE OBJETO SOCIAL,0000,18/10/2000,01/01/1900,,28,,N,,,,,,,,,12,,A.B. ASESORES BURSATILES DEUDA PUB.,A.B.ASRES.B.
SMMD,4013,904000,"DINVERSIT, S.M.M.D., S.A.","DINVERSIT, SOCIEDAD MEDIADORA MERCADO DINERO, S.A.",,A78624897,CL,VELAZQUEZ,12,,28001,MADRID,,ES,,0,,0,,28/12/1989,POR CAMBIO DE OBJETO SOCIAL,0000,06/03/2008,24/06/1987,,28,,N,,,,,,,,,12,,"DINVERSIT, S.M.M.D., S.A.",DINVERSIT
SAF,4701,904700,"HISPANO ORIX LEASING, S.A.","HISPANO ORIX LEASING, S.A.",,A28138030,CL,COSTA BRAVA,10-12,,28034,MADRID,,ES,,914312414,,915776732,,27/12/1994,POR CAMBIO DE OBJETO SOCIAL,0000,06/03/2008,25/03/1965,,28,,N,,,,,,,,,12,,"HISPANO ORIX LEASING, S.A.",H. ORIX
SAF,4702,904700,"URQUIJO LEASING, S.A., S.A.F.","URQUIJO LEASING, SOCIEDAD ANONIMA, SOCIEDAD DE ARRENDAMIENTO FINANCIERO",,A28463693,CL,SOL,S/N,,28760,TRES CANTOS,MADRID,ES,,918073000,,918073301,,25/09/1995,POR FUSION POR ABSORCION POR,0112,06/03/2008,11/03/1977,,28,,N,,,,,,,,,12,"BANCO URQUIJO, S.A.","URQUIJO LEASING, S.A., S.A.F.",URQUIJO LEASING
SAF,4703,904700,"LISBAN, S.A., CIA. DE LEASING","LISBAN, S.A., COMPAÑIA DE LEASING",,A28223287,PS,CASTELLANA,79,,28046,MADRID,,ES,,0,,0,,02/02/1990,POR FUSION POR ABSORCION POR,4707,06/03/2008,29/06/1969,,28,,N,,,,,,,,,12,"BBV LEASING, S.A.","LISBAN, S.A., CIA. DE LEASING",LISBAN
SAF,4705,904700,"COMPAÑIA ESPAÑOLA DE FINANCIACION Y LEASING, S.A.","COMPAÑIA ESPAÑOLA DE FINANCIACION Y LEASING, S.A.",,A08240376,ZZ,VIA AUGUSTA,18,,8006,BARCELONA,,ES,,932382641,,0,,14/11/1991,POR FUSION POR ABSORCION POR,4720,06/03/2008,27/05/1969,,8,,N,,,,,,,,,9,"UNINTER LEASING, S.A.",CIA.ESPAÑOLA FINANCIACION Y LEASING,COFILE
SAF,4707,904700,"BBV LEASING, S.A.","BBV LEASING, S.A.",,A28267904,PS,CASTELLANA,81,,28046,MADRID,,ES,,913744020,,915781726,,22/06/1994,POR FUSION POR ABSORCION POR,0182,06/03/2008,01/07/1971,,28,,N,,,,,,,,,12,"BANCO BILBAO VIZCAYA, S.A.","BBV LEASING, S.A.",BBV LEA. SA.
SAF,4710,904700,"IBERLEASING, S.A.","IBERLEASING, S.A.",,A28168292,CL,CEDACEROS,1,PL. 4,28014,MADRID,,ES,,915234620,,915231235,,04/03/1996,POR FUSION POR ABSORCION POR,0075,06/03/2008,27/04/1966,,28,,N,,,,,,,,,12,"BANCO POPULAR ESPAÑOL, S.A.","IBERLEASING, S.A.",IBERLEASING
SAF,4711,904700,"TECNILEASING, S.A.","TECNILEASING, S.A.",,A99014268,PS,PINTOR ROSALES,30,,28008,MADRID,,ES,,0,,0,,27/03/1984,NO CONSTA,0000,06/03/2008,22/05/1972,,28,,N,,,,,,,,,12,,"TECNILEASING, S.A.",TECNILEASING
SAF,4712,904700,"CITILEASE INTERNACIONAL, S.A., S.A.F. (CITILISA)","CITILEASE INTERNACIONAL, S.A., SOCIEDAD DE ARRENDAMIENTO FINANCIERO (CITILISA)",,A28302289,CL,JOSE ORTEGA Y GASSET,29,,28006,MADRID,,ES,,914354290,,0,,14/07/1995,POR FUSION POR ABSORCION POR,0122,06/03/2008,07/12/1972,,28,,N,,,,,,,,,12,"CITIBANK ESPAÑA, S.A.","CITILEASE INTERNACIONAL,S.A.,S.A.F.",CITILISA.
SAF,4714,904700,"SLIBAIL IBERICA, S.A.","SLIBAIL IBERICA, S.A.",,A28301208,PS,CASTELLANA,35,,28046,MADRID,,ES,,914199514,,0,,27/12/1996,POR FUSION POR ABSORCION POR,0208,06/03/2008,18/12/1972,,28,,N,,,,,,,,,12,"CREDIT LYONNAIS ESPAÑA, S.A.","SLIBAIL IBERICA, S.A.",SLIBAIL IBERICA
SAF,4715,904700,"LISFINA, SOCIEDAD ANONIMA","LISFINA, SOCIEDAD ANONIMA",,A99014276,AV,DIAGONAL,474,,8006,BARCELONA,,ES,,0,,0,,27/03/1984,A PETICION PROPIA,0000,06/03/2008,12/09/1973,,8,,N,,,,,,,,,9,,"LISFINA, SOCIEDAD ANONIMA",LISFINA
SAF,4716,904700,"LEASECAPITAL, S.A.","LEASECAPITAL, S.A.",,A28362762,PS,GENERAL MARTINEZ CAMPOS,42,,28010,MADRID,,ES,,0,,0,,07/06/1991,POR ACUERDO DEL CONSEJO DE MINISTROS FECHA 27.03.1991,0000,06/03/2008,05/07/1974,,28,,N,,,,,,,,,12,,"LEASECAPITAL, S.A.",LEASECAPITAL
SAF,4717,904700,"LEASING INTERNACIONAL, S.A.","LEASING INTERNACIONAL, S.A.",,A28327179,PS,RECOLETOS,41,,28004,MADRID,,ES,,0,,0,,07/06/1991,POR ACUERDO DEL CONSEJO DE MINISTROS DE FECHA 27.03.1991,0000,06/03/2008,19/07/1973,,28,,N,,,,,,,,,12,,"LEASING INTERNACIONAL, S.A.",L.INTERNACIO
SAF,4718,904700,"COMPAÑIA INTERNACIONAL DE FINANCIACION, S.A.","COMPAÑIA INTERNACIONAL DE FINANCIACION, S.A.",,A99014284,AV,DIAGONAL,477,,8036,BARCELONA,,ES,,0,,0,,19/07/1979,A PETICION PROPIA,0000,06/03/2008,21/09/1977,,8,,N,,,,,,,,,9,,CIA. INTERNACIONAL DE FINANCIACION,CINTERFISA
SAF,4720,904700,"HISPAMER LEASING S.A.F., S.A.","HISPAMER LEASING SOCIEDAD DE ARRENDAMIENTO FINANCIERO, S.A.",,A28509750,CL,COSTA BRAVA,10-12,,28034,MADRID,,ES,,913720500,,913730972,,03/10/1996,POR FUSION POR ABSORCION POR,8236,06/03/2008,07/03/1978,,28,,N,,,,,,,,,12,"HISPAMER HIPOTECARIO, SOCIEDAD DE CREDITO HIPOTECARIO, S.A.","HISPAMER LEASING S.A.F., S.A.",HISPAMERLEASING
SAF,4721,904700,"BANESTO LEASING, S.A.F., S.A.","BANESTO LEASING, SOCIEDAD DE ARRENDAMIENTO FINANCIERO, S.A.",,A28284172,CL,PRINCESA,25,PL.2 - EDIF.HEXAGONO,28008,MADRID,,ES,,915160100,,915160140,,07/10/1996,POR CESION GLOBAL DEL ACTIVO Y DEL PASIVO A,0030,06/03/2008,28/02/1972,,28,,N,,,,,,,,,12,"BANCO ESPAÑOL DE CREDITO, S.A.","BANESTO LEASING, S.A.F., S.A.",BANESTO LEASING
SAF,4722,904700,"COPEN LEASING, S.A.","COPEN LEASING, S.A.",,A99014292,CL,ROGER DE LAURIA,5,,8010,BARCELONA,,ES,,0,,0,,24/05/1985,NO CONSTA,0000,06/03/2008,17/11/1972,,8,,N,,,,,,,,,9,,"COPEN LEASING, S.A.",COPENLEASING
SAF,4723,904700,"BARCELONESA DE LEASING, S.A., S.A.F.","BARCELONESA DE LEASING, SOCIEDAD ANONIMA, S.A.F.",,A08285579,CL,BALMES,245,PL. 3 - 3,8006,BARCELONA,,ES,,934152070,,932382811,,22/05/1995,POR FUSION POR ABSORCION POR,8337,06/03/2008,28/03/1972,,8,,N,,,,,,,,,9,"BARCELONESA DE FINANCIACION, S.A., ENTIDAD DE FINANCIACION","BARCELONESA DE LEASING, S.A.",BARCELONESA
SAF,4724,904700,"RENTEQUIPO, S.A.","RENTEQUIPO, S.A.",,A08224040,CL,PROVENZA,388,PTA. 6,8025,BARCELONA,,ES,,934044200,,934044224,,09/02/1994,POR FUSION POR ABSORCION POR,0015,06/03/2008,12/08/1968,,8,,N,,,,,,,,,9,"BANCA CATALANA, S.A.","RENTEQUIPO, S.A.",RENTEQUIPO
SAF,4725,904700,"FORD LEASING, S.A.F., S.A.","FORD LEASING, SOCIEDAD DE ARRENDAMIENTO FINANCIERO, S.A.",,A28542967,PS,CASTELLANA,135,,28046,MADRID,,ES,,913369100,,912791423,,12/04/1994,POR CAMBIO DE OBJETO SOCIAL.,0000,06/03/2008,24/11/1978,,28,,N,,,,,,,,,12,,"FORD LEASING, S.A.F., S.A.",FORD LEASING
SAF,4727,904700,"EUROPA DE INVERSIONES Y LEASING, S.A.","EUROPA DE INVERSIONES Y LEASING, S.A.",,A08355422,CL,ROSELLON,231,PL. 1,8008,BARCELONA,,ES,,932184158,,932176819,,27/05/1996,POR DISOLUCION,0000,06/03/2008,03/09/1974,,8,,N,,,,,,,,,9,,"EUROPA INVERSIONES Y LEASING, S.A.",EDILSA
SAF,4728,904700,"BEX LEASING, S.A., S.A.F.","BEX LEASING, S.A., S.A.F.",,A28637163,CL,ZORRILLA,3,,28014,MADRID,,ES,,915377000,,915378251,,15/03/1993,POR FUSION POR ABSORCION POR,0104,06/03/2008,23/04/1980,,28,,N,,,,,,,,,12,"BANCO EXTERIOR DE ESPAÑA, S.A.","BEX LEASING, S.A., S.A.F.","BEXLEASING,"
SAF,4729,904700,"EQUIPAMIENTO PROFESIONAL, ENTIDAD DE LEASING, S.A.","EQUIPAMIENTO PROFESIONAL, ENTIDAD DE LEASING, S.A.",,A28653194,CL,JUAN BRAVO,3C,,28006,MADRID,,ES,,0,,0,,08/02/1990,POR FUSION POR ABSORCION POR,4720,06/03/2008,24/07/1980,,28,,N,,,,,,,,,12,"UNINTER LEASING, S.A.",EQUIPAMIENTO PROFESIONAL,EQUIPAMIENTO
SAF,4730,904700,"FINANCO LEASING, E.A.F., S.A.","FINANCO LEASING, ENTIDAD DE ARRENDAMIENTO FINANCIERO, S.A.",,A28688653,PS,DE LA HABANA,101,,28036,MADRID,,ES,,915639064,,915639084,,01/04/1996,POR CAMBIO DE OBJETO SOCIAL,0000,06/03/2008,24/10/1980,,28,,N,,,,,,,,,12,,"FINANCO LEASING, E.A.F., S.A.",FINANCO LEASING
SAF,4731,904700,"LEASING INMOBILIARIO, SOCIEDAD ANONIMA","LEASING INMOBILIARIO, SOCIEDAD ANONIMA",,A28410439,PS,CASTELLANA,81,,28046,MADRID,,ES,,913744020,,913746222,,13/02/1995,POR CESION GLOBAL DE SU ACTIVO Y PASIVO A,0182,06/03/2008,27/07/1981,,28,,N,,,,,,,,,12,"BANCO BILBAO VIZCAYA, S.A.","LEASING INMOBILIARIO, S.A.",L. INMOBILIA
SAF,4732,904700,"GESAF LEASING, S.A.","GESAF LEASING, S.A.",,A28471639,PZ,DE LAS CORTES,4,,28014,MADRID,,ES,,914293375,,914294050,,05/11/1996,POR CAMBIO DE OBJETO SOCIAL,0000,06/03/2008,01/12/1981,,28,,N,,,,,,,,,12,,"GESAF LEASING, S.A.",GESAF LEASING
SAF,4734,904700,"PROMOLEASING, S.A.","PROMOLEASING, S.A.",,A28750420,CL,GENOVA,27,PL. 2,28004,MADRID,,ES,,914103277,,914197588,,05/11/1993,POR CAMBIO DE OBJETO SOCIAL,0000,06/03/2008,15/12/1981,,28,,N,,,,,,,,,12,,"PROMOLEASING, S.A.",PROMOLEASING
SAF,4735,904700,"INTERNATIONALE NEDERLANDEN LEASE INMUEBLES,SAF, SA","INTERNATIONALE NEDERLANDEN LEASE INMUEBLES, SOCIEDAD DE ARRENDAMIENTO FINANCIERO, S.A.",,A08731200,CL,ARIBAU,192-198,PL. 7,8036,BARCELONA,,ES,,932017133,,932098365,,02/03/1994,POR FUSION POR ABSORCION POR,4709,06/03/2008,18/02/1982,,8,,N,,,,,,,,,9,"INTERNATIONALE NEDERLANDEN LEASINTER, S.A.F., S.A.",INTERNATIONALE NEDERLANDEN LEASE,INTERNEDERLAND
SAF,4736,904700,"ARRENDAMIENTOS FINANCIEROS INMOBILIARIOS, S.A.","ARRENDAMIENTOS FINANCIEROS INMOBILIARIOS, S.A.",,A28743045,CL,SERRANO,37,5. PTA.,28001,MADRID,,ES,,914314905,,915376057,,12/09/1994,POR FUSION POR ABSORCION POR,1302,06/03/2008,01/02/1982,,28,,N,,,,,,,,,12,"CAJA POSTAL, S.A.",ARRENDAMIENTOS FINANCIEROS INMOB.,ARFI SA
SAF,4737,904700,"MORGAN LEASING, S.A.","MORGAN LEASING, S.A.",,A28439768,CL,JOSE ORTEGA Y GASSET,29,,28006,MADRID,,ES,,914356041,,915575814,,02/07/1993,A PETICION PROPIA,0000,06/03/2008,12/01/1982,,28,,N,,,,,,,,,12,,"MORGAN LEASING, S.A.",MORGAN LEAS.
SAF,4738,904700,"LEASING CONSULT, S.A.","LEASING CONSULT, S.A.",,A28702660,PS,CASTELLANA,170,,28046,MADRID,,ES,,0,,0,,01/03/1988,A PETICION PROPIA,0000,06/03/2008,06/05/1981,,28,,N,,,,,,,,,12,,"LEASING CONSULT, S.A.",LISCONSULT
SAF,4739,904700,"ARAGONESA DE LEASING, S.A., S.A.F.","ARAGONESA DE LEASING, SOCIEDAD ANONIMA, S.A.F.",,A50071950,CL,CINCO DE MARZO,14,PL. 3 - F,50004,ZARAGOZA,,ES,,976215175,,976223095,,02/01/1997,"R.D. 692/1996, DE 26 DE ABRIL (DISPOSICION TRANSITORIA CUARTA)",0000,06/03/2008,15/04/1982,,50,,N,,,,,,,,,2,,"ARAGONESA DE LEASING, S.A., S.A.F.",ARAGON. LEASING
EF,8386,908300,"FIDECRE, S.A.","FIDECRE, S.A.",,A99014508,CL,ROGER DE LAURIA,5,PL. 2,8010,BARCELONA,,ES,,0,,0,,22/02/1984,.,0000,06/03/2008,10/10/1975,,8,,N,,,,,,,,,9,,"FIDECRE, S.A.",FIDECRESA
SAF,4741,904700,"MENHIR LEASING, S.A., S.A.F.","MENHIR LEASING, S.A., S.A.F.",,A28777001,CL,SOL,S/N,,28760,TRES CANTOS,MADRID,ES,,918073000,,918073301,,25/09/1995,POR FUSION POR ABSORCION POR,0112,06/03/2008,26/07/1982,,28,,N,,,,,,,,,12,"BANCO URQUIJO, S.A.","MENHIR LEASING, S.A., S.A.F.",MENHIR LEASING
SAF,4743,904700,"FOCRE - LEASING, S.A.","FOCRE - LEASING, S.A.",,A08758989,CL,CORCEGA,301,PL. 1,8008,BARCELONA,,ES,,932179900,,932375309,,11/03/1993,POR FUSION POR ABSORCION POR,4806,06/03/2008,29/06/1982,,8,,N,,,,,,,,,9,"SOFILEASING, S.A.","FOCRE - LEASING, S.A.",FOCRE-LEASIN
SAF,4744,904700,"EUROLEASE IBERICA, S.A.","EUROLEASE IBERICA, S.A.",,A28779122,CL,JOSE ORTEGA Y GASSET,29,,28006,MADRID,,ES,,914310689,,0,,21/07/1993,POR CAMBIO DE OBJETO SOCIAL,0000,06/03/2008,03/08/1982,,28,,N,,,,,,,,,12,,"EUROLEASE IBERICA, S.A.",EUROLEASE IB
SAF,4745,904700,"PASTOR SKANDIC LEASING, S.A.","PASTOR SKANDIC LEASING, S.A.",,A15049513,CL,CANTON PEQUEÑO,1,,15003,LA CORUÑA,,ES,,915938354,,915938197,,09/05/1994,POR CAMBIO DE OBJETO SOCIAL.,0000,06/03/2008,26/04/1982,,15,,N,,,,,,,,,11,,"PASTOR SKANDIC LEASING, S.A.",PASTOR SKAND
SAF,4746,904700,"CHEMICAL LEASING, S.A.E., S.A.F.","CHEMICAL LEASING, SOCIEDAD ANONIMA ESPAÑOLA, S.A.F.",,A28786259,PS,CASTELLANA,51,,28046,MADRID,,ES,,913195756,,913195756,,02/01/1997,POR FUSION POR ABSORCION POR,0222,06/03/2008,09/09/1982,,28,,N,,,,,,,,,12,"THE CHASE MANHATTAN BANK C.M.B., S.A.","CHEMICAL LEASING, S.A.E., S.A.F.",CHEMICAL
SAF,4747,904700,"GE CAPITAL LEASING S.A.F., S.A.","GE CAPITAL LEASING SOCIEDAD DE ARRENDAMIENTO FINANCIERO, S.A.",,A28775005,CL,CALERUEGA,102-104,,28033,MADRID,,ES,,913828200,,913828222,,12/07/1996,POR DISOLUCION,0000,06/03/2008,25/06/1982,,28,,N,,,,,,,,,12,,"GE CAPITAL LEASING S.A.F., S.A.",GE CAPITAL
SAF,4748,904700,"CONSORCIO NACIONAL DEL LEASING, S.A.","CONSORCIO NACIONAL DEL LEASING, S.A.",,A08780553,AV,DIAGONAL,525,,8029,BARCELONA,,ES,,934193085,,934306667,,20/09/1991,POR CAMBIO DE OBJETO SOCIAL,0000,06/03/2008,29/11/1982,,8,,N,,,,,,,,,9,,CONSORCIO NACIONAL DEL LEASING,CNL
SAF,4750,904700,"BARCLAYS LEASING, S.A.","BARCLAYS LEASING, S.A.",,A28202380,PZ,COLON,2,PL. 1,28046,MADRID,,ES,,913361000,,913361458,,09/02/1994,POR FUSION POR ABSORCION POR,0065,06/03/2008,17/02/1983,,28,,N,,,,,,,,,12,"BARCLAYS BANK, S.A.","BARCLAYS LEASING, S.A.",BARCLAYS LEA
SAF,4752,904700,"BANKINTER LEASING S.A.F., S.A.","BANKINTER LEASING SOCIEDAD DE ARRENDAMIENTO FINANCIERO, S.A.",,A28834430,CL,MARQUES DE RISCAL,11,DUPLICADO,28010,MADRID,,ES,,913397536,,913397540,,25/01/1993,POR FUSION POR ABSORCION POR,0128,06/03/2008,29/03/1983,,28,,N,,,,,,,,,12,"BANKINTER, S.A.","BANKINTER LEASING S.A.F., S.A.",BANKINTERLEA
SAF,4754,904700,"LEASHOTEL, S.A.","LEASHOTEL, S.A.",,A07123169,CL,LAUD <<RIU CENTRE>>,S/N,'LAS MARAVILLAS',7610,PALMA DE MALLORCA,BALEARES,ES,,971269111,,0,,12/01/1993,A PETICION PROPIA,0000,06/03/2008,16/11/1983,,7,,N,,,,,,,,,4,,"LEASHOTEL, S.A.",LEASHOTEL
SAF,4755,904700,"SECURITY PACIFIC LEASING, S.A. DE A.F.","SECURITY PACIFIC LEASING, SOCIEDAD ANONIMA DE ARRENDAMIENTO FINANCIERO",,A08871576,AV,DIAGONAL,514,,8006,BARCELONA,,ES,,932380766,,932372141,,17/01/1995,POR CAMBIO DE OBJETO SOCIAL,0000,06/03/2008,18/01/1984,,8,,N,,,,,,,,,9,,"SECURITY PACIFIC LEASING, S.A.A.F.",SECURITY
SAF,4756,904700,"N.M.B. LEASE ESPAÑA, S.A.F., S.A.","N.M.B. LEASE ESPAÑA, SOCIEDAD DE ARRENDAMIENTO FINANCIERO, S.A.",,A28911907,PS,CASTELLANA,53,,28046,MADRID,,ES,,914420348,,915565372,,23/04/1993,POR FUSION POR ABSORCION POR,4735,06/03/2008,09/03/1984,,28,,N,,,,,,,,,12,"INTERNATIONALE NEDERLANDEN LEASE INMUEBLES, SOCIEDAD DE ARRENDAMIENTO FINANCIERO, S.A.","N.M.B. LEASE ESPAÑA, S.A.F., S.A.",N.M.B.LEASE
SAF,4758,904700,"LEASEBANESTO, S.A.F., S.A.","LEASEBANESTO, SOCIEDAD DE ARRENDAMIENTO FINANCIERO, S.A.",,A28918860,CL,CARDENAL MARCELO SPINOLA,S/N,EDIF. F-4,28016,MADRID,,ES,,913830600,,914473222,,10/08/1993,POR FUSION POR ABSORCION POR,4721,06/03/2008,29/03/1984,,28,,N,,,,,,,,,12,"BANESTO LEASING, SOCIEDAD DE ARRENDAMIENTO FINANCIERO, S.A.","LEASEBANESTO, S.A.F., S.A.",LEASEBANESTO
SAF,4759,904700,"MASTER LEASING, S.A.","MASTER LEASING, S.A.",,A08884140,CL,COMTE D'URGELL,250,PLANTA 5,8036,BARCELONA,,ES,,0,,0,,14/02/1992,POR FUSION POR ABSORCION POR,4836,06/03/2008,21/02/1984,,8,,N,,,,,,,,,9,"COFIBER LEASING, SOCIEDAD DE ARRENDAMIENTO FINANCIERO, S.A.","MASTER LEASING, S.A.",MASTERLEASING
SAF,4760,904700,"CHASE LEASING, S.A.","CHASE LEASING, S.A.",,A28919801,CL,PEONIAS,2,LA PIOVERA,28042,MADRID,,ES,,913457276,,914572079,,23/06/1993,CAMBIO OBJETO SOCIAL,0000,06/03/2008,06/04/1984,,28,,N,,,,,,,,,12,,"CHASE LEASING, S.A.",CHASE LEASIN
SAF,4762,904700,"LLOYDS LEASING ESPAÑA, S.A.","LLOYDS LEASING ESPAÑA, S.A.",,A28940930,CL,SERRANO,90,,28006,MADRID,,ES,,915767000,,914314731,,12/08/1993,POR DISOLUCION,0000,06/03/2008,13/06/1984,,28,,N,,,,,,,,,12,,"LLOYDS LEASING ESPAÑA, S.A.",LLOYDS LEAS.
SAF,4763,904700,"CENTROBAN LEASING, S.A.","CENTROBAN LEASING, S.A.",,A28975373,PS,CASTELLANA,102,,28046,MADRID,,ES,,915633928,,915321684,,08/02/1994,POR FUSION POR ABSORCION POR,4720,06/03/2008,17/11/1984,,28,,N,,,,,,,,,12,"UNINTER LEASING, S.A.","CENTROBAN LEASING, S.A.",CENTROBAN
SAF,4764,904700,"MARLEASING, S.A.","MARLEASING, S.A.",,A28988244,CL,GOYA,15,,28001,MADRID,,ES,,914316389,,0,,07/10/1993,POR ACUERDO DEL CONSEJO DE MINISTROS DE FECHA 04.06.1993.,0000,06/03/2008,19/12/1984,,28,,N,,,,,,,,,12,,"MARLEASING, S.A.",MARLEASING
SAF,4766,904700,"LEASING TURISTICO, S.A.F, S.A.","LEASING TURISTICO, S.A.F., S.A.",,A07151327,CL,MIGUEL DE LOS SANTOS OLIVER,7,BAJO,7011,PALMA DE MALLORCA,BALEARES,ES,,971731376,,971733111,,02/01/1997,R.D. 692/1996 DE 26 DE ABRIL (D.T. 4A) Y CAMBIO DE OBJETO SOCIAL,0000,06/03/2008,15/02/1985,,7,,N,,,,,,,,,4,,"LEASING TURISTICO, S.A.F, S.A.",LISTUR
SAF,4768,904700,"LEASINGPENSIONS, S.A., S.A.F.","LEASINGPENSIONS, S.A., SOCIEDAD DE ARRENDAMIENTO FINANCIERO",,A08993115,AV,DIAGONAL,615,PL. 3,8028,BARCELONA,,ES,,934109944,,934196934,,24/03/1995,POR FUSION POR ABSORCION POR,4767,06/03/2008,17/04/1985,,8,,N,,,,,,,,,9,"CAIXALEASING, S.A., SOCIEDAD DE ARRENDAMIENTO FINANCIERO","LEASINGPENSIONS, S.A., S.A.F.",LEASINGPENSI
SAF,4769,904700,"LEASING BANZANO, S.A. (LISBANZANO)","LEASING BANZANO, S.A. (LISBANZANO)",,A50112895,PZ,PABLO RUIZ PICASSO,S/N,AZCA. EDIF.T.PICASSO,28020,MADRID,,ES,,915561111,,915972186,,11/03/1994,POR FUSION POR ABSORCION POR,0103,06/03/2008,02/05/1985,,28,,N,,,,,,,,,12,"BANCO ZARAGOZANO, S.A.","LEASING BANZANO, S.A.(LISBANZANO)",LISBANZANO
SAF,4771,904700,"NATWEST LEASING, S.A. S.A.F.","NATWEST LEASING, S.A. SOCIEDAD DE ARRENDAMIENTO FINANCIERO",,A78174539,CL,MIGUEL ANGEL,23,,28010,MADRID,,ES,,913217287,,913217211,,18/06/1993,POR FUSION POR ABSORCION POR,0013,06/03/2008,06/02/1986,,28,,N,,,,,,,,,12,"BANCO NATWEST ESPAÑA, S.A.","NATWEST LEASING, S.A. S.A.F.",NATWESTLEASING
SAF,4773,904700,"MULTILEASING, S.A.","MULTILEASING, S.A.",,A78230885,CL,JOSE ABASCAL,52,,28003,MADRID,,ES,,914414576,,913087133,,10/06/1994,POR DISOLUCION Y LIQUIDACION,0000,06/03/2008,04/02/1986,,28,,N,,,,,,,,,12,,"MULTILEASING, S.A.",MULTILEASING
SAF,4774,904700,"EFSA DE LEASING, S.A.","EFSA DE LEASING, S.A.",,A58102856,CL,CALVET,30-32,ENTRESUELO,8021,BARCELONA,,ES,,932001633,,0,,10/03/1994,POR CAMBIO DE OBJETO SOCIAL,0000,06/03/2008,19/12/1985,,8,,N,,,,,,,,,9,,"EFSA DE LEASING, S.A.",EFSA LEASING
SAF,4775,904700,"LEASING BANCOTRANS, S.A.F., S.A.","LEASING BANCOTRANS, SOCIEDAD DE ARRENDAMIENTO FINANCIERO, S.A.",,A58221243,AV,DIAGONAL,446,,8006,BARCELONA,,ES,,935818181,,935818115,,10/03/1994,POR FUSION POR ABSORCION POR,0019,06/03/2008,03/07/1986,,8,,N,,,,,,,,,9,"DEUTSCHE BANK, SOCIEDAD ANONIMA ESPAÑOLA","LEASING BANCOTRANS, S.A.F., S.A.",LEABANSOCARRFIN
SAF,4780,904700,"BANLEASING, S.A.","BANLEASING, S.A.",,A78347903,CL,FORTUNY,6,,28010,MADRID,,ES,,913191500,,913086878,,21/12/1993,POR CAMBIO DE OBJETO SOCIAL,0000,06/03/2008,09/10/1986,,28,,N,,,,,,,,,12,,"BANLEASING, S.A.",BANLEASING
EF,8561,908300,"PESA, ENTIDAD DE FINANCIACION, S.A.","PESA, ENTIDAD DE FINANCIACION, S.A.",,A08728958,CL,MESONES,2,"PL. 2, PT. B",29200,ANTEQUERA,MALAGA,ES,,0,,0,,11/04/1984,POR REVOCACION DE AUTORIZACION,0000,06/03/2008,08/01/1974,,29,,N,,,,,,,,,1,,"PESA, E.F., S.A.",PESASA
EF,8562,908300,"CENTRAL TOLEDANA DE CREDITO, E.F., S.A.","CENTRAL TOLEDANA DE CREDITO, ENTIDAD DE FINANCIACION, S.A.",,A45005642,CL,MEJICO,1,,45004,TOLEDO,,ES,,0,,0,,22/01/1985,.,0000,06/03/2008,06/09/1971,,45,,N,,,,,,,,,8,,"CENTRAL TOLEDANA DE CREDITO, E.F.",CETOCRESA
EF,8563,908300,"FINANCIERA DEL TORMES, S.A., E.F.","FINANCIERA DEL TORMES, S.A., ENTIDAD DE FINANCIACION",,A99014979,CL,ISCAR PEIRA,9,,37002,SALAMANCA,,ES,,0,,0,,20/01/1986,POR FUSION POR ABSORCION POR,8339,06/03/2008,03/05/1974,,37,,N,,,,,,,,,7,"FINANCIERA DEL OESTE, S.A., ENTIDAD DE FINANCIACION",FINANCIERA DEL TORMES,FINTORSA
EF,8564,908300,"FINANCIERA DOCKS, SOCIEDAD ANONIMA, E.F.","FINANCIERA DOCKS, SOCIEDAD ANONIMA, ENTIDAD DE FINANCIACION",,A08325599,RB,CATALUÑA,53-55,PL. 4,8007,BARCELONA,,ES,,933227384,,934108123,,03/02/1994,POR CAMBIO DE OBJETO SOCIAL,0000,31/08/2000,23/02/1967,,8,,N,,,,,,,,,9,,"FINANCIERA DOCKS, S.A., E.F.",FINANC DOCKS
EF,8565,908300,"CENTROBAN, ENTIDAD DE CREDITO Y FINANCIACION, S.A.","CENTROBAN, ENTIDAD DE CREDITO Y FINANCIACION, S.A.",,A28326650,PS,CASTELLANA,102,,28046,MADRID,,ES,,915633928,,915622595,,08/02/1994,POR FUSION POR ABSORCION POR,8395,06/03/2008,23/02/1967,,28,,N,,,,,,,,,12,"FINAMERSA, ENTIDAD DE FINANCIACION, S.A.","CENTROBAN, ENTIDAD CREDITO Y FINAN.",CENTROBAN
EF,8566,908300,"IBERINVERSIONES Y FINANCIACIONES, E.F., S.A.","IBERINVERSIONES Y FINANCIACIONES, ENTIDAD DE FINANCIACION, S.A.",,A28442648,CL,RAIMUNDO FERNANDEZ VILLAVERDE,61,,28003,MADRID,,ES,,915782368,,0,,03/02/1995,POR CAMBIO DE OBJETO SOCIAL,0000,06/03/2008,30/06/1976,,28,,N,,,,,,,,,12,,IBERINVERSIONES Y FINANCIACIONES,IBERINV Y FI
EF,8568,908300,"DIVISION FINANCIERA, SDAD. DE FINANCIACION, S.A.","DIVISION FINANCIERA, SOCIEDAD DE FINANCIACION, S.A.",,A15022973,CL,RUA NUEVA,3-5,,15003,LA CORUÑA,,ES,,0,,0,,07/06/1991,POR ACUERDO DEL CONSEJO DE MINISTROS DE FECHA 27.03.1991,0000,06/03/2008,15/07/1975,,15,,N,,,,,,,,,11,,"DIVISION FINANCIERA, S.F., S.A.",DIVISION FIN
EF,8569,908300,"CIA. DE FINANCIACION, FINANCIERA GRAL. DE BALEARES","COMPAÑIA DE FINANCIACION, FINANCIERA GENERAL DE BALEARES, S.A.",,A99014987,AV,ALEJANDRO ROSELLO,15,,7002,PALMA DE MALLORCA,BALEARES,ES,,0,,0,,21/04/1982,.,0000,06/03/2008,30/10/1975,,7,,N,,,,,,,,,4,,"CIA. FINAN., FINAN. GRAL. BALEARES",COFIGEBASA
EF,8570,908300,"HERCASA, ENTIDAD DE FINANCIACION, S.A.","HERCASA, ENTIDAD DE FINANCIACION, S.A.",,A08396442,RB,CATALUÑA,29,,8007,BARCELONA,,ES,,0,,0,,04/11/1988,POR REVOCACION DE AUTORIZACION,0000,06/03/2008,17/10/1975,,8,,N,,,,,,,,,9,,"HERCASA, E.F., S.A.",HERCASA
EF,8571,908300,SOCIEDAD FINANCIERA DE INDUSTRIAS Y TRANSPORTES,"SOCIEDAD FINANCIERA DE INDUSTRIAS Y TRANSPORTES, S.A., ENTIDAD DE FINANCIACION",,A08013021,ZZ,VIA LAYETANA,26,,8003,BARCELONA,,ES,,932683535,,932682940,,23/04/1993,POR CAMBIO DE OBJETO SOCIAL,0000,31/08/2000,17/07/1980,,8,,N,,,,,,,,,9,,SDAD.FINANCIERA INDUSTRIAS Y TRANS.,SOFIN
EF,8572,908300,"FINGALICIA, S.A., ENTIDAD DE FINANCIACION","FINGALICIA, S.A., ENTIDAD DE FINANCIACION",,A15017999,CL,DURAN LORIGA,1,,15003,LA CORUÑA,,ES,,0,,0,,05/03/1987,.,0000,06/03/2008,19/05/1972,,15,,N,,,,,,,,,11,,"FINGALICIA, S.A., E.F.",FINGALICIA
EF,8573,908300,"FINANCIERA DE INICIATIVAS INDUSTRIALES, S.A., E.F.","FINANCIERA DE INICIATIVAS INDUSTRIALES, S.A., ENTIDAD DE FINANCIACION",,A28418309,CL,VELAZQUEZ,24,,28001,MADRID,,ES,,0,,0,,20/03/1985,POR REVOCACION DE AUTORIZACION,0000,06/03/2008,10/12/1975,,28,,N,,,,,,,,,12,,FINANCIERA INICIATIVA INDUSTRIALES,FININDUSA
EF,8574,908300,"FINANCIERA DEL DURANGUESADO, E.F., S.A.","FINANCIERA DEL DURANGUESADO, ENTIDAD DE FINANCIACION, S.A.",,A99014995,CL,ZUMALACARREGUI,4,,48200,DURANGO,VIZCAYA,ES,,0,,0,,03/12/1984,POR FUSION POR ABSORCION POR,8505,06/03/2008,16/03/1976,,48,,N,,,,,,,,,16,"MAPFRE FINANZAS DEL NORTE, S.A.","FINANCIERA DEL DURANGUESADO, E.F.",FINDURANSA
EF,8575,908300,"FINANCIERA DE SERVICIOS, SOCIEDAD ANONIMA","FINANCIERA DE SERVICIOS, SOCIEDAD ANONIMA",,A30604300,CL,ANTONIO MAURA,18,,28014,MADRID,,ES,,915225135,,0,,11/03/1994,POR ACUERDO DEL CONSEJO DE MINISTROS DE FECHA 08.05.1992,0000,06/03/2008,23/08/1972,,28,,N,,,,,,,,,12,,"FINANCIERA DE SERVICIOS, S.A.",FISERSA
EF,8576,908300,"CENTRAL DE CREDITOS Y FINANCIACIONES, S.A.","CENTRAL DE CREDITOS Y FINANCIACIONES, S.A., ENTIDAD DE FINANCIACION",,A28323509,PZ,SANTA BARBARA,6,,28004,MADRID,,ES,,914195224,,0,,06/04/1992,A PETICION PROPIA,0000,06/03/2008,27/12/1968,,28,,N,,,,,,,,,12,,CENTRAL DE CTOS. Y FINANCIACIONES,CECREFISA
EF,8577,908300,"MACRO, SOCIEDAD ANONIMA DE FINANCIACION","MACRO, SOCIEDAD ANONIMA DE FINANCIACION",,A99015000,AV,ARGENTINA,25-27,,43882,SEGUR DE CALAFELL,TARRAGONA,ES,,0,,0,,11/04/1984,POR REVOCACION DE AUTORIZACION,0000,06/03/2008,07/06/1973,,43,,N,,,,,,,,,9,,"MACRO, S.A.F.",MACROSA
EF,8578,908300,"SOCIEDAD ANONIMA DE NEGOCIOS FINANCIEROS, E.F.","SOCIEDAD ANONIMA DE NEGOCIOS FINANCIEROS, ENTIDAD DE FINANCIACION",,A28461028,CL,PRINCIPE DE VERGARA,66,,28006,MADRID,,ES,,0,,0,,07/06/1991,POR ACUERDO DEL CONSEJO DE MINISTROS DE FECHA 27.03.1991,0000,06/03/2008,10/02/1977,,28,,N,,,,,,,,,12,,"S.A. DE NEGOCIOS FINANCIEROS, E.F.",SA NEGOC FIN
EF,8579,908300,"BILBAINA DE CREDITO, ENTIDAD DE FINANCIACION, S.A.","BILBAINA DE CREDITO, ENTIDAD DE FINANCIACION, S.A.",,A48038111,CL,GENERAL CONCHA,29,PL. 1,48012,BILBAO,VIZCAYA,ES,,0,,0,,09/05/1986,POR REVOCACION DE AUTORIZACION,0000,06/03/2008,18/04/1974,,48,,N,,,,,,,,,16,,"BILBAINA DE CREDITO, E.F., S.A.",BILCRESA
EF,8580,908300,"COMPLEMENTOS FINANCIEROS, S.A., E.F.","COMPLEMENTOS FINANCIEROS, SOCIEDAD ANONIMA, ENTIDAD DE FINANCIACION",,A08356768,CL,CONSEJO DE CIENTO,377,PRAL. 2,8009,BARCELONA,,ES,,933189577,,0,,08/03/1994,POR CAMBIO DE OBJETO SOCIAL,0000,06/03/2008,30/09/1974,,8,,N,,,,,,,,,9,,"COMPLEMENTOS FINANCIEROS, S.A.",COMPLEMEN FI
EF,8581,908300,"PROMOTORA ARAGONESA, ENTIDAD DE FINANCIACION, S.A.","PROMOTORA ARAGONESA, ENTIDAD DE FINANCIACION, SOCIEDAD ANONIMA",,A50018571,AV,INDEPENDENCIA,8,,50004,ZARAGOZA,,ES,,0,,0,,07/06/1991,POR ACUERDO DEL CONSEJO DE MINISTROS DE FECHA 27.03.1991,0000,06/03/2008,31/12/1968,,50,,N,,,,,,,,,2,,"PROMOTORA ARAGONESA, E.F., S.A.",PROM ARAGONE
EF,8582,908300,"SERVICIOS TECNICOS Y COMERCIALES, S.A., E.F.","SERVICIOS TECNICOS Y COMERCIALES, SOCIEDAD ANONIMA, ENTIDAD DE FINANCIACION",,A28227783,CL,ESQUILACHE,2,PL. 1 - A,28003,MADRID,,ES,,915347606,,0,,03/07/1995,POR CAMBIO DE OBJETO SOCIAL,0000,06/03/2008,24/09/1969,,28,,N,,,,,,,,,12,,SERVICIOS TECNICOS Y COMERCIALES,SERVICO
EF,8584,908300,"S.A.F.F.E., S.A. FIAT FINANCIERA ESPAÑOLA, E.F.","S.A.F.F.E., SOCIEDAD ANONIMA FIAT FINANCIERA ESPAÑOLA, ENTIDAD DE FINANCIACION",,A28016798,PS,HABANA,74,,28036,MADRID,,ES,,913720500,,913720690,,14/01/1993,POR CAMBIO DE OBJETO SOCIAL,8918,06/03/2008,21/12/1949,,28,,N,,,,,,,,,12,"TELEFONICA FIAT FACTORING, SOCIEDAD ANONIMA, ENTIDAD DE FINANCIACION","S.A.F.F.E., S.A. FIAT FIN. ESPAÑOLA",SAFFE
EF,8452,908300,"COFACTOR, SOCIEDAD ANONIMA DE FINANCIACION","COFACTOR, SOCIEDAD ANONIMA DE FINANCIACION",,A08605396,CL,AMIGO,15,,8021,BARCELONA,,ES,,932020000,,932099765,,05/07/1993,POR CAMBIO DE OBJETO SOCIAL,0000,31/08/2000,01/12/1979,,8,,N,,,,,,,,,9,,"COFACTOR, S.A.F.",COFACTOR FIN
EF,8585,908300,"ESFINGE, ESPAÑOLA DE FINANC. GRALES., S.A., E.F.","ESFINGE, ESPAÑOLA DE FINANCIACIONES GENERALES, S.A., ENTIDAD DE FINANCIACION",,A28257459,AV,MENENDEZ Y PELAYO,67,"TORRES RETIRO, OF. 8",28009,MADRID,,ES,,915735103,,915730455,,11/01/1994,POR TRANSFORMACION EN,0220,20/10/2000,09/01/1971,,28,,N,,,,,,,,,12,"BANCO FINANTIA SOFINLOC, S.A.","ESFINGE, ESPAÑOLA FINAN. GENERALES",ESFINGE FINA
EF,8586,908300,"INVERSIONES DUERO, S.A., COMPAÑIA DE FINANCIACION","INVERSIONES DUERO, S.A., COMPAÑIA DE FINANCIACION",,A28272888,CL,GENERAL ORAA,70,,28006,MADRID,,ES,,915426082,,0,,13/11/1992,POR CAMBIO DE OBJETO SOCIAL,0000,06/03/2008,03/02/1971,,28,,N,,,,,,,,,12,,"INVERSIONES DUERO, S.A., CIA. FIN.",INDUESA
EF,8587,908300,"FIGAZ, S.A., ENTIDAD DE FINANCIACION","FIGAZ, S.A., ENTIDAD DE FINANCIACION",,A28469161,CL,DOCTOR ESQUERDO,118,,28007,MADRID,,ES,,0,,0,,03/07/1986,.,0000,06/03/2008,25/03/1977,,28,,N,,,,,,,,,12,,"FIGAZ, S.A., E.F.",FIGAZSA
EF,8588,908300,"LORCA DE CREDITO Y FINANCIACION, S.A.","LORCA DE CREDITO Y FINANCIACION, S.A.",,A30014310,AV,JUAN CARLOS I,30,,30800,LORCA,MURCIA,ES,,0,,0,,07/06/1991,POR ACUERDO DEL CONSEJO DE MINISTROS DE FECHA 27.03.1991,0000,06/03/2008,19/07/1971,,30,,N,,,,,,,,,13,,LORCA DE CREDITO Y FINANCIACION,LORCA CDTO F
EF,8589,908300,"MERCAPITAL, S.A.","MERCAPITAL, S.A.",,A28130938,CL,FERNANDO EL SANTO,24,PL. 1,28010,MADRID,,ES,,0,,0,,30/06/1987,.,0000,06/03/2008,13/05/1964,,28,,N,,,,,,,,,12,,"MERCAPITAL, S.A.",MERCAPITAL
EF,8590,908300,"FINANCOR, S.A.","FINANCOR, S.A.",,A28388361,CL,ATOCHA,70,,28012,MADRID,,ES,,912275991,,0,,01/03/1991,POR CAMBIO DE OBJETO SOCIAL,0000,06/03/2008,01/04/1975,,28,,N,,,,,,,,,12,,"FINANCOR, S.A.",FINANCOR SA
EF,8591,908300,"FABRA, COMPAÑIA DE FINANCIACION, S.A.","FABRA, COMPAÑIA DE FINANCIACION, S.A.",,A99015018,CL,UNION,2,,8221,TARRASA,BARCELONA,ES,,0,,0,,04/11/1988,POR REVOCACION DE AUTORIZACION,0000,06/03/2008,02/02/1977,,8,,N,,,,,,,,,9,,"FABRA, COMPAÑIA DE FINANCIACION",FABRA CIA FI
EF,8592,908300,"LAUDE, COMPAÑIA DE FINANCIACION, S.A.","LAUDE, COMPAÑIA DE FINANCIACION, S.A.",,A08477952,AV,DIAGONAL,415,PL. 1,8008,BARCELONA,,ES,,932373044,,0,,02/07/1993,POR CAMBIO DE OBJETO SOCIAL,0000,31/08/2000,22/10/1973,,8,,N,,,,,,,,,9,,"LAUDE, COMPAÑIA DE FINANCIACION",LAUDE CIA FI
EF,8593,908300,FINANCIACION DE OPERACIONES MERCANTILES E INDUSTR.,"FINANCIACION DE OPERACIONES MERCANTILES E INDUSTRIALES, SOCIEDAD ANONIMA",,A08428799,UR,PINA BEACH,S/N,,8850,GAVA,BARCELONA,ES,,0,,0,,09/05/1986,POR REVOCACION DE AUTORIZACION,0000,06/03/2008,04/11/1976,,8,,N,,,,,,,,,9,,FINANCIACION OPERACIONES MERC. IND.,FINOMERINSA
EF,8594,908300,"BURGALESA DE INVERSIONES, S.A., E.F.","BURGALESA DE INVERSIONES, S.A., ENTIDAD DE FINANCIACION",,A28353175,CL,GENERAL ORAA,70,,28006,MADRID,,ES,,915426082,,0,,12/11/1992,POR CAMBIO DE OBJETO SOCIAL,0000,06/03/2008,04/04/1974,,28,,N,,,,,,,,,12,,"BURGALESA DE INVERSIONES, S.A.",BURGUINSA
EF,8595,908300,"FINANCIERA VASCA, S.A., ENTIDAD DE FINANCIACION","FINANCIERA VASCA, S.A., ENTIDAD DE FINANCIACION",,A48081582,CL,GRAN VIA,38,,48009,BILBAO,VIZCAYA,ES,,944239200,,0,,07/06/1991,POR ACUERDO DEL CONSEJO DE MINISTROS DE FECHA 27.03.1991,0000,06/03/2008,20/02/1977,,48,,N,,,,,,,,,16,,"FINANCIERA VASCA, S.A., E.F.",FINANC VASCA
EF,8597,908300,"FILAUTO, ENTIDAD DE FINANCIACION, S.A.","FILAUTO, ENTIDAD DE FINANCIACION, S.A.",,A28301968,CL,HERMOSILLA,101,,28006,MADRID,,ES,,0,,0,,21/07/1987,.,0000,06/03/2008,27/10/1972,,28,,N,,,,,,,,,12,,"FILAUTO, E.F., S.A.",FILAUTOSA
EF,8598,908300,"FINANCIAL SERVICE, SDAD. ANONIMA DE FINANCIACION","FINANCIAL SERVICE, SOCIEDAD ANONIMA DE FINANCIACION",,A08259178,CL,LES VALLS,2-10,PL. 10,8201,SABADELL,BARCELONA,ES,,0,,0,,23/01/1984,A PETICION PROPIA,0000,06/03/2008,29/12/1970,,8,,N,,,,,,,,,9,,"FINANCIAL SERVICE, S.A.F.",FINANSERSA
EF,8600,908300,"SOCIEDAD ANONIMA LA PAZ, ENTIDAD DE FINANCIACION","SOCIEDAD ANONIMA LA PAZ, ENTIDAD DE FINANCIACION",,A18001693,CL,REYES CATOLICOS,51,,18001,GRANADA,,ES,,958221479,,0,,18/12/1980,POR CAMBIO DE OBJETO SOCIAL,0000,06/03/2008,15/01/1911,,18,,N,,,,,,,,,1,,"SOCIEDAD ANONIMA LA PAZ, E.F.",LA PAZ
EF,8601,908300,"FINACO, S.A., ENTIDAD DE FINANCIACION","FINACO, S.A., ENTIDAD DE FINANCIACION",,A14021455,CL,CRUZ Y CONDE,10,,14001,CORDOBA,,ES,,0,,0,,02/04/1986,.,0000,06/03/2008,06/11/1976,,14,,N,,,,,,,,,1,,"FINACO, S.A., E.F.",FINACOSA
EF,8602,908300,"FINANCIERA MERCANTIL DEL NORTE, S.A.F.","FINANCIERA MERCANTIL DEL NORTE, SOCIEDAD ANONIMA DE FINANCIACION",,A48072003,PZ,FEDERICO MOYUA,8,,48009,BILBAO,VIZCAYA,ES,,0,,0,,04/11/1988,POR REVOCACION DE AUTORIZACION,0000,06/03/2008,12/06/1974,,48,,N,,,,,,,,,16,,FINANCIERA MERCANTIL DEL NORTE,FINMERNOSA
EF,8603,908300,"PROMOCIONES MERCANTILES, S.A.F.","PROMOCIONES MERCANTILES, SOCIEDAD ANONIMA DE FINANCIACION",,A08206716,CL,LES VALLS,2-10,"PL. 4, PT. B",8201,SABADELL,BARCELONA,ES,,0,,0,,01/02/1984,A PETICION PROPIA,0000,06/03/2008,10/02/1967,,8,,N,,,,,,,,,9,,"PROMOCIONES MERCANTILES, S.A.F.",PROMERSA
EF,8604,908300,"ORGANIZACION MERCANTIL LOS ANGELES, S.A.","ORGANIZACION MERCANTIL LOS ANGELES, S.A.",,A28318988,PZ,CAIDOS,8,,28921,ALCORCON,MADRID,ES,,916196242,,0,,07/06/1991,POR ACUERDO DEL CONSEJO DE MINISTROS DE FECHA 27.03.1991,0000,06/03/2008,22/05/1973,,28,,N,,,,,,,,,12,,ORGANIZACION MERCANTIL LOS ANGELES,ORGA ANGELES
EF,8605,908300,"CENTRAL DE SERVICIOS FINANCIEROS, S.A., E.F.","CENTRAL DE SERVICIOS FINANCIEROS, S.A., ENTIDAD DE FINANCIACION",,A28410249,CL,CERVANTES,2,,28932,MOSTOLES,MADRID,ES,,0,,0,,09/05/1986,POR REVOCACION DE AUTORIZACION,0000,06/03/2008,28/09/1975,,28,,N,,,,,,,,,12,,CENTRAL DE SERVICIOS FINANCIEROS,CESERFISA
EF,8606,908300,"FINANCIERA ARRIETA, S.A., ENTIDAD DE FINANCIACION","FINANCIERA ARRIETA, SOCIEDAD ANONIMA, ENTIDAD DE FINANCIACION",,A31031933,CR,CADIZ,89,PL.2-D. ED.S.JOAQUIN,29004,MALAGA,,ES,,952345662,,0,,19/10/1993,POR CAMBIO DE OBJETO SOCIAL,0000,31/08/2000,03/06/1970,,29,,N,,,,,,,,,1,,"FINANCIERA ARRIETA, S.A., E.F.",FINA ARRIETA
EF,8607,908300,"FINANCIERA RUTH, S.A.","FINANCIERA RUTH, S.A.",,A28407112,CL,MARQUES DE SANTILLANA,4,,28002,MADRID,,ES,,0,,0,,04/11/1988,POR REVOCACION DE AUTORIZACION,0000,06/03/2008,10/11/1975,,28,,N,,,,,,,,,12,,"FINANCIERA RUTH, S.A.",FINANCI RUTH
EF,8608,908300,"FINANCIERA ENOL, S.A., ENTIDAD DE FINANCIACION","FINANCIERA ENOL, S.A., ENTIDAD DE FINANCIACION",,A33611005,CL,SAN BERNARDO,41,PL. ENTL. C,33201,GIJON,ASTURIAS,ES,,985347965,,0,,14/05/1993,A PETICION PROPIA,0000,06/03/2008,10/01/1977,,33,,N,,,,,,,,,3,,"FINANCIERA ENOL, S.A., E.F.",FIENSA
EF,8609,908300,"FINCOLOR, S.A., ENTIDAD DE FINANCIACION","FINCOLOR, SOCIEDAD ANONIMA, ENTIDAD DE FINANCIACION",,A08366403,AV,DIAGONAL,472-476,PL. 2-4,8006,BARCELONA,,ES,,932182054,,0,,09/03/1994,POR CAMBIO DE OBJETO SOCIAL,0000,06/03/2008,23/01/1975,,8,,N,,,,,,,,,9,,"FINCOLOR, S.A., E.F.",FINCOLOR S A
EP,6802,906802,"COMERCIA GLOBAL PAYMENTS, ENTIDAD DE PAGO, S.L.","COMERCIA GLOBAL PAYMENTS, ENTIDAD DE PAGO, S.L.",,B65466997,CL,PROVENÇALS,39,TORRE PUJADES,8019,BARCELONA,,ES,,639928027,,934111464,,,,0000,18/10/2011,20/12/2010,,8,,N,,,,,,,,,9,,"COMERCIA GLOBAL PAYMENTS, EP, S.L.",COMERCIA GLOBAL
EP,6806,906802,"MUNDIAL MONEY TRANSFER, S.A.","MUNDIAL MONEY TRANSFER, S.A.",,A78697281,CL,SANTA ENGRACIA,141,PL. 1 - 1,28003,MADRID,,ES,,915360694,,915360967,,,,0000,16/03/2011,16/03/2011,,28,,N,,,,,,,,,12,,"MUNDIAL MONEY TRANSFER, S.A.",MUNDIAL MONEY
EP,6810,906802,"HERBON ENVIOS, E.P., S.A.","HERBON ENVIOS, E.P., S.A.",,A85355865,CL,ARBOLEDA,14,,28031,MADRID,,ES,,913328268,,913321176,,,,0000,12/04/2011,12/04/2011,,28,,N,,,,,,,,,12,,"HERBON ENVIOS, E.P., S.A.",HERBON ENVIOS
EP,6812,906802,"MONEY EXCHANGE, S.A.","MONEY EXCHANGE, S.A.",,A81105132,PS,SANTA MARIA DE LA CABEZA,10,,28045,MADRID,,ES,,915399808,,915308808,WWW.MONEYSPAIN.COM,,,0000,20/05/2011,20/05/2011,,28,,N,,,,,,,,,12,,"MONEY EXCHANGE, S.A.","MONEY EXCHANGE,"
EP,6814,906802,"MONTY GLOBAL PAYMENTS, S.A.","MONTY GLOBAL PAYMENTS, S.A.",,A83949222,CT,DE SAN VICENTE,4,,28008,MADRID,,ES,,917011280,,915210656,WWW.MONTYGLOBAL.COM,,,0000,13/06/2011,24/05/2011,,28,,N,,,,,,,,,12,,"MONTY GLOBAL PAYMENTS, S.A.",MONTY GLOBAL
EP,6815,906802,"MONEYONE EXPRESS FINANCIAL, S.A.","MONEYONE EXPRESS FINANCIAL, S.A.",,A85403830,PS,DE LA CASTELLANA,21,SEMISOTANO DCHA.,28046,MADRID,,ES,,915778258,,915781250,,,,0000,25/05/2011,25/05/2011,,28,,N,,,,,,,,,12,,"MONEYONE EXPRESS FINANCIAL, S.A.",MONEYONE EXPRES
EP,6816,906802,"CAMBITUR INTERNATIONAL, S.A.","CAMBITUR INTERNATIONAL, S.A.",,A29613957,CL,OBISPO SALVADOR DE LOS REYES,5-7,OFICINA 1,29013,MALAGA,,ES,,951089907,,952657842,,,,0000,14/06/2011,26/05/2011,,29,,N,,,,,,,,,1,,"CAMBITUR INTERNATIONAL, S.A.",CAMBITUR INTER.
EP,6817,906802,"AMERICAN EXPRESS FOREIGN EXCHANGE, S.A.","AMERICAN EXPRESS FOREIGN EXCHANGE, S.A.",,A82461989,CL,JUAN IGNACIO LUCA DE TENA,17,,28027,MADRID,,ES,,915720303,,915701997,,,,0000,27/05/2011,27/05/2011,,28,,N,,,,,,,,,12,,AMERICAN EXPRESS FOREIGN EXCHANGE,AMERICAN EXPRES
EP,6818,906802,"SANTANDER ENVIOS, S.A.","SANTANDER ENVIOS, S.A.",,A80997877,AV,DE CANTABRIA,S/N,"EDIFICIO PINAR, PL.1",28660,BOADILLA DEL MONTE,MADRID,ES,,912574999,,912570438,WWW.SANTANDERENVIOS.COM,,,0000,30/05/2011,30/05/2011,,28,,N,,,,,,,,,12,,"SANTANDER ENVIOS, S.A.",SANTANDERENVIOS
EP,6819,906802,"LEFER TRANSFER, S.A.","LEFER TRANSFER, S.A.",,A64048192,CL,SICILIA,175-177,,8013,BARCELONA,,ES,,902183018,,932654601,,,,0000,31/05/2011,31/05/2011,,8,,N,,,,,,,,,9,,"LEFER TRANSFER, S.A.",LEFER TRANSFER
EP,6820,906802,"CHOICE MONEY TRANSFER ESPAÑA, S.A.","CHOICE MONEY TRANSFER ESPAÑA, S.A.",,A85642130,PS,DE LA CASTELLANA,171,"PL. 3, PTA. IZDA.",28046,MADRID,,ES,,914251540,B,917710817,WWW.CHOICEMONEYTRANSFER.ES,,,0000,01/06/2011,01/06/2011,,28,,N,,,,,,,,,12,,"CHOICE MONEY TRANSFER ESPAÑA, S.A.",CHOICE MONEY
EP,6821,906802,"DINERS CLUB SPAIN, S.A.","DINERS CLUB SPAIN, S.A.",,A28007813,AV,DE EUROPA,19,"EDF. 3, PL. 1",28224,POZUELO DE ALARCON,MADRID,ES,,912114311,,912113955,WWW.DINERSCLUB.ES,,,0000,17/06/2011,08/06/2011,,28,,N,,,,,,,,,12,,"DINERS CLUB SPAIN, S.A.",DINERS CLUB
EP,6822,906802,"BBVA DINERO EXPRESS, S.A.","BBVA DINERO EXPRESS, S.A.",,A83439893,PZ,SANTA BARBARA,1,,28004,MADRID,,ES,,913744686,,914536396,WWW.BBVADINEROEXPRESS.COM,,,0000,09/06/2011,09/06/2011,,28,,N,,,,,,,,,12,,"BBVA DINERO EXPRESS, S.A.",BBVA DINERO
EP,6823,906802,"TELEGIROS, S.A.","TELEGIROS, S.A.",,A61752549,RD,GENERAL MITRE,42,LOCAL,8017,BARCELONA,,ES,,935442374,,936740253,,,,0000,09/06/2011,09/06/2011,,8,,N,,,,,,,,,9,,"TELEGIROS, S.A.","TELEGIROS, S.A."
EP,6824,906802,"SMALL WORLD FINANCIAL SERVICES SPAIN, S.A.","SMALL WORLD FINANCIAL SERVICES SPAIN, S.A.",,A82414046,PS,DEL CLUB DEPORTIVO,1,"EDF. 13, PL. BAJA",28223,POZUELO DE ALARCON,MADRID,ES,,917581770,,914560440,,,,0000,10/06/2011,10/06/2011,,28,,N,,,,,,,,,12,,"SMALL WORLD FINAN. SERV. SPAIN, S.A",SMALL WORLD
EP,6825,906802,"UNITED EUROPHIL EP, S.A.","UNITED EUROPHIL EP, S.A.",,A79219358,CL,GRAN VIA,62,"PL. 4, PTA. DCHA",28013,MADRID,,ES,,914200253,,914201626,,,,0000,14/06/2011,14/06/2011,,28,,N,,,,,,,,,12,,"UNITED EUROPHIL EP, S.A.",UNITED EUROPHIL
EP,6826,906802,"AUSTROGIROS ENTIDAD DE PAGO, S.A.","AUSTROGIROS ENTIDAD DE PAGO, S.A.",,A85508455,CL,VIRGEN DE NIEVA,1,LOCAL,28003,MADRID,,ES,,918298279,,915719273,,,,0000,02/04/2012,15/06/2011,,28,,N,,,,,,,,,12,,"AUSTROGIROS ENTIDAD DE PAGO, S.A.",AUSTROGIROS
EP,6828,906802,"I TRANSFER MONEY MOVERS EP, S.A.","I TRANSFER MONEY MOVERS EP, S.A.",,A41681545,CL,NIEREMBERG,29,PL. BAJA,28002,MADRID,,ES,,915025800,,915025810,,,,0000,20/06/2011,20/06/2011,,28,,N,,,,,,,,,12,,"I TRANSFER MONEY MOVERS EP, S.A.",I TRANSFER
EP,6831,906802,"MACCORP EXACT CHANGE, S.A.","MACCORP EXACT CHANGE, S.A.",,A79182788,CL,ORENSE,6,,28020,MADRID,,ES,,915562045,,915971957,EXACT-TRANSFER.COM,,,0000,28/06/2011,28/06/2011,,28,,N,,,,,,,,,12,,"MACCORP EXACT CHANGE, S.A.",MACCORP
EP,6835,906802,"TRANSFERENCIAS AMERICA, S.A.","TRANSFERENCIAS AMERICA, S.A.",,A85565265,CL,OCA,56,,28025,MADRID,,ES,,914627362,,917924338,,,,0000,12/01/2012,30/06/2011,,28,,N,,,,,,,,,12,,"TRANSFERENCIAS AMERICA, S.A.",TRANSFAMERICA
EP,6840,906802,"MONEYTRANS WORLD ENTIDAD DE PAGO, S.A.","MONEYTRANS WORLD ENTIDAD DE PAGO, S.A.",,A92667732,CL,LA UNION,16,,29006,MALAGA,,ES,,952055806,,902512828,WWW.MONEYTRANS.ES,,,0000,26/07/2011,26/07/2011,,29,,N,,,,,,,,,1,,"MONEYTRANS WORLD E.P., S.A.",MONEYTRANS
EP,6843,906802,"SIGUE GLOBAL SERVICES SPAIN, S.A.","SIGUE GLOBAL SERVICES SPAIN, S.A.",,A84285071,CL,BRAVO MURILLO,125,"PL. 1, PTA. A",28020,MADRID,,ES,,915359851,,913102352,,,,0000,26/09/2011,26/09/2011,,28,,N,,,,,,,,,12,,"SIGUE GLOBAL SERVICES SPAIN, S.A.",SIGUE GLOBAL
EP,6845,906802,"TITANES TELECOMUNICACIONES, S.A.","TITANES TELECOMUNICACIONES, SOCIEDAD ANONIMA",,A50968460,CL,RAMON Y CAJAL,11-13,,50003,ZARAGOZA,,ES,,976210654,,976238876,WWW.GRUPOTITANES.COM,,,0000,13/01/2012,13/01/2012,,50,,N,,,,,,,,,2,,"TITANES TELECOMUNICACIONES, S.A.",TITANES
EP,6849,906802,"EASY REMITTANCE, S.A.","EASY REMITTANCE, S.A.",,A85785905,CL,GARCIA DE PAREDES,84,BAJO,28010,MADRID,,ES,,915189166,,0,,,,0000,16/04/2012,16/04/2012,,28,,N,,,,,,,,,12,,"EASY REMITTANCE, S.A.",EASY REMITTANCE
SEPC,6804,906804,"AMERICAN EXPRESS PAYMENT SERVICES LIMITED, S.E.","AMERICAN EXPRESS PAYMENT SERVICES LIMITED, SUCURSAL EN ESPAÑA",,W8261677B,CL,JUAN IGNACIO LUCA DE TENA,17,,28027,MADRID,,GB,,917437434,,0,,,,0000,26/01/2011,26/01/2011,,28,,N,,AMERICAN EXPRESS PAYMENT SERVICES  LIMITED,"BELGRAVE HOUSE, 76                                               BUCKINGHAM PALACE ROAD","LONDRES SW1W 9TQ, INGLATERRA",,,,,12,,AMERICAN EXPRESS PAYMENT SERVICES L,AMERICAN EXPRES
SCH,8201,908201,"CENTRAL HISPANO HIPOTECARIO, S.A., S.C.H.","CENTRAL HISPANO HIPOTECARIO, S.A., S.C.H.",,A28770642,CL,MARQUES DE VILLAMAGNA,1,,28001,MADRID,,ES,,915770699,,915766753,,07/07/1995,POR FUSION POR ABSORCION POR,0053,31/08/2000,14/05/1982,,28,,N,,,,,,,,,12,"BANCO CENTRAL HISPANO HIPOTECARIO, S.A.","CENTRAL HISPANO HIPOTECARIO, S.A.",CENTRAL HISPANO
SCH,8226,908201,"CORPORACION HIPOTECARIA CENTRAL, S.C.H., S.A.","CORPORACION HIPOTECARIA CENTRAL, SOCIEDAD DE CREDITO HIPOTECARIO, SOCIEDAD ANONIMA",,A78930732,CL,SERRANO,89,PL. 2,28006,MADRID,,ES,,915641624,,915641635,,31/12/1996,POR FUSION POR ABSORCION POR,8209,06/03/2008,07/11/1988,,28,,N,,,,,,,,,12,"HIPOTECAIXA, ESTABLECIMIENTO FINANCIERO DE CREDITO, S.A.",CORPORACION HIPOTECARIA CENTRAL,CHC
EP,6807,906802,"SAFE INTERENVIOS, S.A.","SAFE INTERENVIOS, S.A.",,A82443433,CL,JERONIMA LLORENTE,4 BIS,,28039,MADRID,,ES,,913353050,,913353055,WWW. SAFEINTERENVIOS.COM,,,0000,25/03/2011,25/03/2011,,28,,N,,,,,,,,,12,,"SAFE INTERENVIOS, S.A.",SAFE INTERENVIO
EP,6808,906802,"FENIXTRANSFERS ENTIDAD DE PAGO, S.A.","FENIXTRANSFERS ENTIDAD DE PAGO, S.A.",,A36515864,CL,URZAIZ,53,BAJO,36201,VIGO,PONTEVEDRA,ES,,986436199,,986436229,WWW.FENIXTRANSFERS.COM,,,0000,30/03/2011,30/03/2011,,36,,N,,,,,,,,,11,,"FENIXTRANSFERS ENTIDAD DE PAGO, S.A",FENIXTRANSFERS
EP,6809,906802,"NEC MONEY TRANSFER ENTIDAD DE PAGO, S.A.","NEC MONEY TRANSFER ENTIDAD DE PAGO, SOCIEDAD ANONIMA",,A86017258,CL,AMPARO,83,LOCAL,28012,MADRID,,ES,,914680237,,911331543,,,,0000,27/07/2011,07/04/2011,,28,,N,,,,,,,,,12,,"NEC MONEY TRANSFER ENTIDAD PAGO,SA",NEC MONEY TRANS
EP,6813,906802,"TRANS FAST FINANCIAL SERVICES, S.A.","TRANS FAST FINANCIAL SERVICES, S.A.",,A83085217,CL,BATALLA DEL SALADO,24,BAJO,28045,MADRID,,ES,,915278558,,915280470,WWW.TRANS-FAST.EU,,,0000,23/05/2011,23/05/2011,,28,,N,,,,,,,,,12,,"TRANS FAST FINANCIAL SERVICES, S.A.",TRANS FAST
EP,6827,906802,"MONEY EXPRESS TRANSFER, S.A.","MONEY EXPRESS TRANSFER, S.A.",,A60538832,PS,DE LAS ACACIAS,3,"PL. 1, PTA. A",28005,MADRID,,ES,,915179711,,900100111,WWW.METMONEY.ES,,,0000,16/06/2011,16/06/2011,,28,,N,,,,,,,,,12,,"MONEY EXPRESS TRANSFER, S.A.",MONEY EXP.TRANS
EP,6829,906802,"FACIL ENVIOS ENTIDAD DE PAGO, S.A.","FACIL ENVIOS ENTIDAD DE PAGO, S.A.",,A85290344,CL,PUERTO DE LOS LEONES,2,"PL. 1, PTA. 1",28220,MAJADAHONDA,MADRID,ES,,916362517,,916399936,,,,0000,21/06/2011,21/06/2011,,28,,N,,,,,,,,,12,,"FACIL ENVIOS ENTIDAD DE PAGO, S.A.",FACIL ENVIOS EP
EP,6830,906802,"BANSAMEX, S.A.","BANSAMEX, S.A.",,A80394075,CL,JUAN IGNACIO LUCA DE TENA,17,,28027,MADRID,,ES,,917437189,,917437171,,,,0000,27/06/2011,27/06/2011,,28,,N,,,,,,,,,12,,"BANSAMEX, S.A.","BANSAMEX, S.A."
EP,6832,906802,"BPI EXPRESS REMITTANCE SPAIN, S.A.","BPI EXPRESS REMITTANCE SPAIN, S.A.",,A60912508,CL,JOAQUIN COSTA,50,BAJOS,8001,BARCELONA,,ES,,933011537,,933173280,,,,0000,28/06/2011,28/06/2011,,8,,N,,,,,,,,,9,,"BPI EXPRESS REMITTANCE SPAIN, S.A.",BPI EXPRESS
EP,6833,906802,"METRO-REMITTANCE (SPAIN), S.A.","METRO-REMITTANCE (SPAIN), S.A.",,A83456905,CL,TIZIANO,6,LOCAL,28020,MADRID,,ES,,915708749,,915708817,,,,0000,13/02/2012,29/06/2011,,28,,N,,,,,,,,,12,,"METRO-REMITTANCE (SPAIN), S.A.",METRO-REMITTANC
EP,6834,906802,"LATIN TRAVEL MONEY TRANSFER, S.A.","LATIN TRAVEL MONEY TRANSFER, S.A.",,A83643866,CL,JUAN PANTOJA,19,,28039,MADRID,,ES,,915343120,,915532131,,,,0000,29/06/2011,29/06/2011,,28,,N,,,,,,,,,12,,"LATIN TRAVEL MONEY TRANSFER, S.A.",LATIN TRAVEL
EP,6836,906802,"JET PERU MONEY TRANSFER, S.A.","JET PERU MONEY TRANSFER, S.A.",,A82371279,CL,REINA VICTORIA,18,,28003,MADRID,,ES,,914451272,,914459456,,,,0000,30/06/2011,30/06/2011,,28,,N,,,,,,,,,12,,"JET PERU MONEY TRANSFER, S.A.",JET PERU
EP,6837,906802,"AMERICAN EXPRESS CARD ESPAÑA, S.A.","AMERICAN EXPRESS CARD ESPAÑA, S.A.",,A82628041,CL,JUAN IGNACIO LUCA DE TENA,17,,28027,MADRID,,ES,,917437189,,917437171,,,,0000,08/07/2011,08/07/2011,,28,,N,,,,,,,,,12,,"AMERICAN EXPRESS CARD ESPAÑA, S.A.",AMERICAN EXPRES
EP,6839,906802,"SAFETYPAY EUROPE ENTIDAD DE PAGO, S.A.","SAFETYPAY EUROPE ENTIDAD DE PAGO, S.A.",,A86250552,CL,GENOVA,10,PL. 4,28004,MADRID,,ES,,902006908,,914136990,WWW.SAFETYPAY.COM,,,0000,06/03/2012,20/07/2011,,28,,N,,,,,,,,,12,,"SAFETYPAY EUROPE ENTIDAD DE PAGO,SA",SAFETYPAY
EP,6841,906802,"MONEYGRAM PAYMENT SYSTEMS SPAIN, S.A.","MONEYGRAM PAYMENT SYSTEMS SPAIN, S.A.",,A83064253,PZ,CARLOS TRIAS BERTRAN,4,PL. 1,28020,MADRID,,ES,,914188900,,914188999,,,,0000,14/09/2011,14/09/2011,,28,,N,,,,,,,,,12,,"MONEYGRAM PAYMENT SYSTEMS SPAIN,S.A",MONEYGRAM PAYM
EP,6842,906802,"RIA PAYMENT INSTITUTION, EP, S.A.","RIA PAYMENT INSTITUTION, EP, S.A.",,A80696792,CL,"CANTABRIA, EDF. AMURA",2,"PL. 2, PTA. 1-A",28108,ALCOBENDAS,,ES,,917613760,,913601943,,,,0000,23/09/2011,23/09/2011,,28,,N,,,,,,,,,12,,"RIA PAYMENT INSTITUTION, EP, S.A.",RIA PAYMENT
EP,6844,906802,"CERRO CATEDRAL ENTIDAD DE PAGO, S.A.","CERRO CATEDRAL ENTIDAD DE PAGO, S.A.",,A64320070,CL,GIRONA,164,"BAJOS, LOCAL 3",8037,BARCELONA,,ES,,934577287,,934576335,WWW.CERROCAT.COM,,,0000,11/10/2011,11/10/2011,,8,,N,,,,,,,,,9,,"CERRO CATEDRAL ENTIDAD DE PAGO, S.A",CERRO CATEDRAL
EP,6846,906802,"CLIK TRANSFER, S.A.","CLICK TRANSFER, S.A.",,A85809291,CL,HERMOSILLA,22,SUITE 2E,28001,MADRID,,ES,,913197979,,913193717,,,,0000,16/02/2012,16/02/2012,,28,,N,,,,,,,,,12,,"CLICK TRANSFER, S.A.",CLICK TRANSFER
SEPC,6848,906804,"TEMPUS UK LTD., SUCURSAL EN ESPAÑA","TEMPUS UK LTD., SUCURSAL EN ESPAÑA",,W8262532H,CL,"CELESTINO JUNQUERA, 2",OFICINA 34,EDF. SAN MIGUEL,33202,GIJON,,GB,,984491452,,984491635,TEMPUS-UK.COM/ES/ABOUTUS.HTML,,,0000,15/03/2012,15/03/2012,,33,,N,,TEMPUS UK LTD,"BARCLAYS HOUSE, 242-254 BANBURY ROAD,","OXFORD, OXFORDSHIRE OX2 7BY",,(0)1865512672,,,3,,"TEMPUS UK LTD., S.E.",TEMPUS UK LTD.
SCH,8205,908201,"HERRERO, S.C.H., S.A.","HERRERO, SOCIEDAD DE CREDITO HIPOTECARIO, S.A.",,A33044363,CL,FRUELA,11,,33007,OVIEDO,ASTURIAS,ES,,985215291,,985215306,,07/11/1996,POR CESION GLOBAL DE ACTIVOS Y PASIVOS A,0043,31/08/2000,19/01/1983,,33,,N,,,,,,,,,3,"BANCO HERRERO, S.A.","HERRERO, S.C.H., S.A.",HERRERO
SCH,8214,908201,"MARCH HIPOTECARIO, S.A., S.C.H.","MARCH HIPOTECARIO, S.A., S.C.H.",,A07203433,AV,ALEJANDRO ROSSELLO,8,,7002,PALMA DE MALLORCA,BALEARES,ES,,971779166,,971469929,,13/10/1994,POR FUSION POR ABSORCION POR,0061,31/08/2000,30/05/1986,,7,,N,,,,,,,,,4,"BANCA MARCH, S.A.","MARCH HIPOTECARIO, S.A., S.C.H.",MARCH HIPOTE
SCH,8215,908201,"ARABE ESPAÑOLA DE CREDITO HIPOTECARIO, S.A.","ARABE ESPAÑOLA DE CREDITO HIPOTECARIO, S.A. (ARESHIPOTECARIA)",,A78289097,PS,CASTELLANA,257,,28046,MADRID,,ES,,915621620,,915617054,,01/12/1995,POR DISOLUCION SIN LIQUIDACION Y CESION GLOBAL DE ACTIVO Y PASIVO A,0136,06/03/2008,09/06/1986,,28,,N,,,,,,,,,12,"BANCO ARABE ESPAÑOL, S.A.",ARABE ESPAÑOLA CREDITO HIPOTECARIO,ARESHIPOTECARIA
SCH,8216,908201,"AHORRO Y CREDITO HIPOTECARIO, S.A., S.C.H.","AHORRO Y CREDITO HIPOTECARIO, S.A., S.C.H.",,A78347366,PS,GENERAL MARTINEZ CAMPOS,42,,28010,MADRID,,ES,,914107047,,913086828,,22/06/1995,POR CAMBIO DE OBJETO SOCIAL,0000,31/08/2000,06/10/1986,,28,,N,,,,,,,,,12,,"AHORRO Y CREDITO HIPOTECARIO, S.A.",AHO.CTO.HIP.
SCH,8217,908201,"CAJA EURO-HIPOTECARIA, S.A., S.C.H.","CAJA EURO-HIPOTECARIA, S.A., SOCIEDAD DE CREDITO HIPOTECARIO",,A58203647,ZZ,GRAN VIA CORTES CATALANAS,606,,8007,BARCELONA,,ES,,934876464,,934876125,,02/10/1989,POR CAMBIO DE OBJETO SOCIAL Y TRANSFORMACION EN,0191,06/03/2008,21/05/1986,,8,,N,,,,,,,,,9,"BANCA EURO-HIPOTECARIA, S.A.","CAJA EURO-HIPOTECARIA, S.A., S.C.H.",CAJA EUROHIP
SCH,8218,908201,"MAPFRE HIPOTECARIA, S.C.H., S.A.","MAPFRE HIPOTECARIA, S.C.H., S.A.",,A78520145,CL,GOBELAS,41-43,URB. LA FLORIDA,28023,MADRID,,ES,,915811974,,915811979,,23/07/1996,POR CAMBIO DE OBJETO SOCIAL,0000,31/08/2000,02/06/1987,,28,,N,,,,,,,,,12,,"MAPFRE HIPOTECARIA, S.C.H., S.A.",MAPFRE HIPOTEC.
SCH,8220,908201,"BANKINTER, SOCIEDAD DE CREDITO HIPOTECARIO, S.A.","BANKINTER, SOCIEDAD DE CREDITO HIPOTECARIO, S.A.",,A78386455,PS,CASTELLANA,29,,28046,MADRID,,ES,,914199500,,0,,02/12/1994,POR FUSION POR ABSORCION POR,0128,06/03/2008,12/12/1986,,28,,N,,,,,,,,,12,"BANKINTER, S.A.","BANKINTER , S.C.H., S.A.",BANKIBTER HI
EF,8389,908300,"FICE, S.A.","FICE, S.A.",,A15023120,CL,MENENDEZ Y PELAYO,4-6,,15005,LA CORUÑA,,ES,,0,,0,,22/02/1984,.,0000,06/03/2008,05/08/1975,,15,,N,,,,,,,,,11,,"FICE, S.A.",FICESA
EP,6805,906802,"UNIVERSAL TRANSFER MONEY ON, S.A.","UNIVERSAL TRANSFER MONEY ON, S.A.",,A85149813,CL,BRAVO MURILLO,221,BAJO DERECHA,28020,MADRID,,ES,,915707126,,0,,,,0000,15/03/2011,15/03/2011,,28,,N,,,,,,,,,12,,"UNIVERSAL TRANSFER MONEY ON, S.A.",UNITRANSMONEY
EP,6838,906802,"CHANGE CENTER ENTIDAD DE PAGO, S.A.","CHANGE CENTER ENTIDAD DE PAGO, S.A.",,A29484409,PZ,COSTA DEL SOL- ED. ENTREPLAZAS,10,ENTREPL. OF. 2 - 144,29620,TORREMOLINOS,,ES,,952389600,,952058739,WWW.CHANGE-CENTER.COM,,,0000,14/07/2011,14/07/2011,,29,,N,,,,,,,,,1,,"CHANGE CENTER ENTIDAD DE PAGO, S.A.",CHANGE CENTER E
SEPC,6811,906804,"JCB INTERNATIONAL (EUROPE) LIMITED, S.E.","JCB INTERNATIONAL (EUROPE) LIMITED, SUCURSAL EN ESPAÑA",,W0069180H,CL,CALENDULA,93,"EDF. E, MINIPARK III",28109,SOTO MORALEJA - ALCOBENDAS,MADRID,GB,,917912972,,917912973,,,,0000,06/05/2011,06/05/2011,,28,,N,,JCB INTERNATIONAL (EUORPE) LIMITED,"10 01 EXCHANGE TOWER, 1                                          HARBOUR EXCHANGE SQUARE","LONDRES, E14 9GE INGLATERRA",,,,,12,,"JCB INTERNATIONAL (EUROPE) LIMITED,",NCB INTERNATION
SEPC,6847,906804,"MONDIAL BONY SERVICE, S.R.L., SUCURSAL EN ESPAÑA","MONDIAL BONY SERVICE, S.R.L., SUCURSAL EN ESPAÑA",,W8262355D,CL,ARTISTAS,19,"PL. LC, PTA. 4",28020,MADRID,,IT,,915985813,,0,WWW.MONDIALBONYSERVICE.IT,,,0000,09/03/2012,09/03/2012,,28,,N,,"MONDIAL BONY SERVICE, S.R.L.","CENTRO DIREZIONALE, IS. F 10,",CP 80143 NAPOLES,,,,,12,,"MONDIAL BONY SERVICE, S.R.L., S.E.",MONDIAL BONY
SCH,8202,908201,"CORPORACION HIPOTECARIA BANCOBAO, S.A., S.C.H.","CORPORACION HIPOTECARIA BANCOBAO, S.A., SOCIEDAD DE CREDITO HIPOTECARIO",,A28779478,PS,CASTELLANA,81,,28046,MADRID,,ES,,915550743,,913747826,,03/02/1994,POR DISOLUCION,0000,31/08/2000,05/07/1982,,28,,N,,,,,,,,,12,,CORPORACION HIPOTECARIA BANCOBAO,COR BANCOBAO
SCH,8203,908201,"COMERCIO FINANCIACION HIPOTECARIA, S.A., S.C.H.","COMERCIO FINANCIACION HIPOTECARIA, S.A., S.C.H.",,A28793610,PS,CASTELLANA,108,,28046,MADRID,,ES,,913744088,,912616431,,25/07/1996,POR CESION GLOBAL DE SU ACTIVO Y PASIVO A,0050,31/08/2000,05/11/1982,,28,,N,,,,,,,,,12,"BANCO DEL COMERCIO, S.A.",COMERCIO FINANCIACION HIPOTECARIA,COMERCIO
SCH,8204,908201,"BANESTO HIPOTECARIO, S.A., S.C.H.","BANESTO HIPOTECARIO, S.A., S.C.H.",,A28799542,CL,JOSE ABASCAL,9,,28003,MADRID,,ES,,915940405,,912333061,,18/12/1996,POR CAMBIO DE OBJETO SOCIAL,0000,31/08/2000,30/11/1982,,28,,N,,,,,,,,,12,,"BANESTO HIPOTECARIO, S.A., S.C.H.",BANESTO HIPOTEC
SCH,8210,908201,"BANZANO HIPOTECARIO, S.A., S.C.H.","BANZANO HIPOTECARIO, S.A., S.C.H.",,A78000593,PS,CASTELLANA,89,,28046,MADRID,,ES,,915558008,,915569932,,02/01/1996,POR FUSION POR ABSORCION POR,0103,31/08/2000,24/01/1985,,28,,N,,,,,,,,,12,"BANCO ZARAGOZANO, S.A.","BANZANO HIPOTECARIO, S.A., S.C.H.",BANZANO HIPOTEC
SCH,8222,908201,"IGS DE MERCADO HIPOTECARIO, S.C.H., S.A., EN LIQ.","IGS DE MERCADO HIPOTECARIO, S.C.H., S.A, EN LIQUIDACION",,A78524428,PZ,MANUEL GOMEZ MORENO,2,PL. 3,28020,MADRID,,ES,,913949100,,915971314,,18/03/1994,POR ACUERDO DEL CONSEJO DE MINISTROS DE FECHA 22.12.1993,0000,06/03/2008,20/07/1987,,28,,N,,,,,,,,,12,,"IGS MERCADO HIPOTECARIO, S.C.H.",IGS MDO.HIPO
SCH,8223,908201,"CREDIT LYONNAIS, SOCIEDAD ANONIMA, S.C.H.","CREDIT LYONNAIS, SOCIEDAD ANONIMA, S.C.H.",,A78553781,PS,CASTELLANA,35,,28046,MADRID,,ES,,913492000,,913082091,,27/12/1996,POR FUSION POR ABSORCION POR,0208,22/09/2004,21/09/1987,,28,,N,,,,,,,,,12,"CREDIT LYONNAIS ESPAÑA, S.A.","CREDIT LYONNAIS, S.A., S.C.H.",CREDIT LYONNAIS
SCH,8224,908201,"ABBEYCOR NACIONAL HIPOTECARIO, S.A., S.C.H.","ABBEYCOR NACIONAL HIPOTECARIO, S.A., S.C.H.",,A78639739,CL,MARQUES DE VILLAMAGNA,4,,28001,MADRID,,ES,,914356562,,914319979,,19/06/1991,POR CAMBIO DE OBJETO SOCIAL Y TRANSFORMACION EN,0209,31/08/2000,20/01/1988,,28,,N,,,,,,,,,12,"ABBEYCOR NACIONAL BANCO PRIVADO HIPOTECARIO, S.A.","ABBEYCOR NACIONAL HIPOTECARIO, S.A.",ABBEYCOR SCH
SCH,8227,908201,"CREDICAT, S.A., S.C.H.","CREDICAT, S.A., S.C.H.",,A58764788,CL,FONTANELLA,5-7,,8010,BARCELONA,,ES,,933197700,,933194482,,14/11/1994,POR DISOLUCION,0000,06/03/2008,15/09/1988,,8,,N,,,,,,,,,9,,"CREDICAT, S.A., S.C.H.",CREDICAT SCH
SCH,8228,908201,"AMERICO HISPANA, S.A., S.C.H.","AMERICO HISPANA, S.A., S.C.H.",,A18099697,CL,VELAZQUEZ,113,,28006,MADRID,,ES,,915640702,,0,,17/12/1992,POR CAMBIO DE OBJETO SOCIAL,0000,06/03/2008,07/07/1988,,28,,N,,,,,,,,,12,,"AMERICO HISPANA, S.A., S.C.H.",AMER HISPANA
SCH,8229,908201,"KAIROS HIPOTECARIO, S.C.H., S.A.","KAIROS HIPOTECARIO, S.C.H., S.A.",,A79042370,PS,DE LA CASTELLANA,53,PL. 4,28046,MADRID,,ES,,914426733,,914416099,,22/11/1996,POR CAMBIO DE OBJETO SOCIAL,0000,31/08/2000,13/07/1988,,28,,N,,,,,,,,,12,,"KAIROS HIPOTECARIO, S.C.H., S.A.",KAIROS
SCH,8230,908201,"FINANCO HIPOTECARIO, S.C.H., S.A.","FINANCO HIPOTECARIO, SOCIEDAD DE CREDITO HIPOTECARIO, S.A.",,A78918661,PS,HABANA,101,,28036,MADRID,,ES,,915638728,,915640021,,01/04/1996,POR CAMBIO DE OBJETO SOCIAL,0000,06/03/2008,14/10/1988,,28,,N,,,,,,,,,12,,"FINANCO HIPOTECARIO, S.C.H., S.A.",FINANCO
SCH,8231,908201,"SOCIEDAD IBERICA DE CREDITO INMOBILIARIO, S.A.","SOCIEDAD IBERICA DE CREDITO INMOBILIARIO, S.A., S.C.H.",,A78933991,PZ,SANTA BARBARA,2,,28004,MADRID,,ES,,914477537,,914477536,,02/01/1997,"R.D. 692/1996, DE 26 DE ABRIL (DISPOSICION TRANSITORIA CUARTA)",0000,06/03/2008,04/11/1988,,28,,N,,,,,,,,,12,,SDAD. IBERICA DE CTO. INMOBILIARIO,IBERICA
SCH,8232,908201,"EUROPEA POPULAR HIPOTECARIA, S.A., S.C.H.","EUROPEA POPULAR HIPOTECARIA, S.A., S.C.H.",,A79223707,CL,NUÑEZ DE BALBOA,56,,28001,MADRID,,ES,,912756152,,914313838,,19/07/1993,TRANSFORMACION EN BANCO,0216,06/03/2008,04/08/1989,,28,,N,,,,,,,,,12,"BANCO POPULAR HIPOTECARIO, S.A.","EUROPEA POPULAR HIPOTECARIA, S.A.",EURO.POP.HIP
SCH,8237,908201,"SOCIEDAD DE CREDITO HIPOTECARIO MUTUAL, S.A.","SOCIEDAD DE CREDITO HIPOTECARIO MUTUAL, S.A.",,A79346912,CL,SANTO TOME,4,,28004,MADRID,,ES,,913198254,,914105280,,02/01/1997,R.D. 692/1996 DE 26 DE ABRIL (D.T. 4ª),0000,06/03/2008,19/01/1990,,28,,N,,,,,,,,,12,,SDAD. DE CREDITO HIPOTECARIO MUTUAL,SCH MUTUAL
SCH,8238,908201,"UNION DE CREDITOS INMOBILIARIOS HIPOTECARIA, S.A.","UNION DE CREDITOS INMOBILIARIOS HIPOTECARIA, S.A., S.C.H.",,A79336335,CL,RETAMA,3,,28045,MADRID,,ES,,913373737,,913373738,,31/12/1996,POR FUSION POR ABSORCION POR,8512,06/03/2008,19/12/1989,,28,,N,,,,,,,,,12,"UNION DE CREDITOS INMOBILIARIOS, S.A., ENTIDAD DE FINANCIACION",UNION CTOS. INMOB. HIPOTECARIA,UNION CREDITOS
EF,8300,908300,"LATINOAMERICANA DE FINANCIACIONES, S.A.","LATINOAMERICANA DE FINANCIACIONES, S.A.",,,PS,PINTOR ROSALES,30,,28008,MADRID,,ES,,0,,0,,04/11/1988,POR REVOCACION DE AUTORIZACION,0000,06/03/2008,18/11/1975,,28,,N,,,,,,,,,12,,LATINOAMERICANA DE FINANCIACIONES,"LATFIN,EF"
EF,8302,908300,"FIDENTER, S.A.","FIDENTER, S.A.",,A99014169,CL,ROGER DE LAURIA,3,"PL.3, PT. A",8010,BARCELONA,,ES,,0,,0,,22/02/1984,A PETICION PROPIA,0000,06/03/2008,27/06/1974,,8,,N,,,,,,,,,9,,"FIDENTER, S.A.",FIDENTERSA
EF,8303,908300,"FINANCIACION Y DISTRIBUCION DE AUTOMOVILES, S.A.","FINANCIACION Y DISTRIBUCION DE AUTOMOVILES, S.A. (FIDIAUTO)",,A99014151,AV,BRASIL,23,,28020,MADRID,,ES,,0,,0,,13/11/1987,POR REVOCACION DE AUTORIZACION,0000,06/03/2008,06/07/1976,,28,,N,,,,,,,,,12,,"FIDIAUTO, S.A.",FIDIAUTOSA
EF,8304,908300,"SOCIEDAD DE GESTION Y COOPERACION FINANCIERA, S.A.","SOCIEDAD DE GESTION Y COOPERACION FINANCIERA, S.A. (SOGECOFI), 'EN LIQUIDACION'",,A28344182,PS,HABANA,34,,28036,MADRID,,ES,,0,,0,,02/04/1992,A PETICION PROPIA,0000,06/03/2008,05/02/1974,,28,,N,,,,,,,,,12,,"SOGECOFI, S.A., ""EN LIQUIDACION""",SOGECOFI
SCH,8208,908201,"MENHIR HIPOTECARIO, S.A., S.C.H.","MENHIR HIPOTECARIO, S.A., S.C.H.",,A28826006,CL,CASTELLO,77,PL. 5,28006,MADRID,,ES,,913626100,,915756737,,02/01/1997,"POR R.D. 692/1996, DE 26 DE ABRIL (DISPOSICION TRANSITORIA CUARTA)",0000,06/03/2008,23/03/1983,,28,,N,,,,,,,,,12,,"MENHIR HIPOTECARIO, S.A., S.C.H.",MENHIR HIPOTEC.
SCH,8212,908201,"BEX HIPOTECARIO, S.A., S.C.H.","BEX HIPOTECARIO, S.A., S.C.H.",,A78266848,CL,ZORRILLA,3,,28014,MADRID,,ES,,915378227,,915378207,,26/03/1993,POR FUSION POR ABSORCION POR,0104,31/08/2000,29/04/1986,,28,,N,,,,,,,,,12,"BANCO EXTERIOR DE ESPAÑA, S.A.","BEX HIPOTECARIO, S.A., S.C.H.",BEXHIPOTECA
EF,8305,908300,"FINANCIERA FERRAZ, S.A.","FINANCIERA FERRAZ, S.A.",,A28496719,PS,CASTELLANA,83-85,,28046,MADRID,,ES,,0,,0,,08/11/1989,A PETICION PROPIA,0000,06/03/2008,25/11/1977,,28,,N,,,,,,,,,12,,"FINANCIERA FERRAZ, S.A.",FINFERRAZ
EF,8306,908300,"FINANCAISA, S.A.","FINANCAISA, S.A.",,A33023227,CL,PEÑASANTA DE ENOL,1,,33012,OVIEDO,ASTURIAS,ES,,985240454,,0,,12/03/1992,POR CAMBIO DE OBJETO SOCIAL,0000,06/03/2008,20/01/1978,,33,,N,,,,,,,,,3,,"FINANCAISA, S.A.",FINANCAISA
EF,8311,908300,"FINANCIERA DE EXPANSION Y VENTAS, S.A.","FINANCIERA DE EXPANSION Y VENTAS, S.A. (FIVENTAS)",,A28148476,CL,GENOVA,20,,28004,MADRID,,ES,,915216611,,915231235,,17/11/1994,POR FUSION POR ABSORCION POR,0075,06/03/2008,14/10/1965,,28,,N,,,,,,,,,12,"BANCO POPULAR ESPAÑOL, S.A.",FINANCIERA DE EXPANSION Y VENTAS,FIVENTAS
EF,8312,908300,"FINANCIERA RIOJANA, S.A.","FINANCIERA RIOJANA, S.A.",,A26015537,AV,GENERAL FRANCO,83,BAJO,26004,LOGROÑO,LA RIOJA,ES,,0,,0,,06/04/1989,POR CAMBIO DE OBJETO SOCIAL,0000,06/03/2008,10/03/1978,,26,,N,,,,,,,,,17,,"FINANCIERA RIOJANA, S.A.",FINC RIOJANA
EF,8313,908300,"FINANCIERA DEL GALLEGO, S.A.","FINANCIERA DEL GALLEGO, S.A.",,A50042274,CL,SIXTO CELORRIO,11,"PL. 1, PT. D",50015,ZARAGOZA,,ES,,976523092,,0,,29/01/1991,A PETICION PROPIA,0000,06/03/2008,24/11/1977,,50,,N,,,,,,,,,2,,"FINANCIERA DEL GALLEGO, S.A.",F DEL GALLEG
EF,8315,908300,"FIMECA, S.A., ENTIDAD DE FINANCIACION","FIMECA, S.A., ENTIDAD DE FINANCIACION",,A99014342,CL,ALVAREZ DE BAENA,4,,28006,MADRID,,ES,,0,,0,,14/04/1987,.,0000,06/03/2008,18/01/1978,,28,,N,,,,,,,,,12,,"FIMECA, S.A., E.F.",FIMECASA
EF,8316,908300,SOCIEDAD DE FINANCIACION DE VENTAS A CREDITO,"SOCIEDAD DE FINANCIACION DE VENTAS A CREDITO, S.A. (SOFIVAC)",,A28156958,PS,CASTELLANA,106,,28046,MADRID,,ES,,912622190,,0,,04/11/1991,POR CAMBIO DE OBJETO SOCIAL,0000,06/03/2008,30/12/1965,,28,,N,,,,,,,,,12,,SOC. FINANCIACION VENTAS A CREDITO,SOFIVAC FINA
EF,8317,908300,"UNION ESPAÑOLA DE FINANCIACION, S.A.","UNION ESPAÑOLA DE FINANCIACION, S.A. (UNIFIBAN)",,A99014144,CL,PRIM,12,,28004,MADRID,,ES,,0,,0,,06/03/1986,.,0000,06/03/2008,29/03/1974,,28,,N,,,,,,,,,12,,UNION ESPAÑOLA DE FINANCIACION,UNIFIBAN
EF,8318,908300,"FINANCIACION INDUSTRIAL MAPFRE, S.A., E.F.","FINANCIACION INDUSTRIAL MAPFRE, S.A., ENTIDAD DE FINANCIACION",,A99015422,CL,FRANCISCO DE ROJAS,12,,28010,MADRID,,ES,,0,,0,,19/05/1988,.,0000,06/03/2008,20/10/1964,,28,,N,,,,,,,,,12,,FINANCIACION INDUSTRIAL MAPFRE,FINMAPSA MAP
EF,8319,908300,"CREDITSA, MADRID, ENTIDAD DE FINANCIACION, S.A.","CREDITSA, MADRID, ENTIDAD DE FINANCIACION, S.A.",,A99014359,CL,FERROCARRIL,37,,28045,MADRID,,ES,,0,,0,,18/02/1985,.,0000,06/03/2008,31/01/1966,,28,,N,,,,,,,,,12,,"CREDITSA, MADRID, E.F., S.A.",CREDITSA
EF,8320,908300,"FINANCIERA FINAVAL, S.A.","FINANCIERA FINAVAL, S.A.",,A28259935,CL,CARDENAL MARCELO SPINOLA,S/N,BLQ. F-4,28016,MADRID,,ES,,913383854,,913839987,,03/06/1996,POR CAMBIO DE OBJETO SOCIAL,0000,06/03/2008,18/01/1971,,28,,N,,,,,,,,,12,,"FINANCIERA FINAVAL, S.A.",FINAVAL
EF,8322,908300,"FIGUI, S.A., ENTIDAD DE FINANCIACION","FIGUI S.A., ENTIDAD DE FINANCIACION",,A20057139,CL,PABLO GOROSABEL,46,,20400,TOLOSA,GUIPUZCOA,ES,,943651102,,0,,05/03/1992,POR REVOCACION DE AUTORIZACION,0000,06/03/2008,23/05/1978,,20,,N,,,,,,,,,16,,"FIGUI, S.A., E.F.",FIGUI EF
EF,8324,908300,"FINANCIERA RIVA Y GARCIA, S.A. DE FINANCIACION","FINANCIERA RIVA Y GARCIA, SOCIEDAD ANONIMA DE FINANCIACION",,A08346793,PS,GRACIA,25,,8007,BARCELONA,,ES,,914316495,,0,,06/11/1992,POR ACUERDO DEL CONSEJO DE MINISTROS DE FECHA 27.03.1991,0000,06/03/2008,14/12/1973,,8,,N,,,,,,,,,9,,FINANCIERA RIVA Y GARCIA,FRIVA GARCIA
EF,8325,908300,"FINANCIERA ALGAMAR, S.A. DE FINANCIACION","FINANCIERA ALGAMAR, SOCIEDAD ANONIMA DE FINANCIACION",,A28260230,CL,CLAUDIO COELLO,32,,28001,MADRID,,ES,,0,,0,,20/12/1980,POR REVOCACION DE AUTORIZACION,0000,06/03/2008,29/03/1971,,28,,N,,,,,,,,,12,,FINANCIERA ALGAMAR,FINALSA
EF,8326,908300,"COMPAÑIA FINANCIERA BANCAYA, S.A., E.F.","COMPAÑIA FINANCIERA BANCAYA, S.A., ENTIDAD DE FINANCIACION",,A99014367,PS,CASTELLANA,114,,28046,MADRID,,ES,,0,,0,,06/05/1986,.,0000,06/03/2008,23/04/1971,,28,,N,,,,,,,,,12,,COMPAÑIA FINANCIERA BANCAYA,COMFIBANSA
EF,8327,908300,"FINANCIERA SIERRA NEVADA, S.A.","FINANCIERA SIERRA NEVADA, S.A.",,A99014375,CL,RECOGIDAS,36,,18002,GRANADA,,ES,,0,,0,,22/02/1984,.,0000,06/03/2008,09/06/1975,,18,,N,,,,,,,,,1,,"FINANCIERA SIERRA NEVADA, S.A.",FINSINESA
EF,8328,908300,"FINANCIERA BIDASOA, S.A.","FINANCIERA BIDASOA, S.A.",,A31063159,CL,AMAYA,2,,31002,PAMPLONA,NAVARRA,ES,,0,,0,,22/02/1984,.,0000,06/03/2008,09/06/1975,,31,,N,,,,,,,,,14,,"FINANCIERA BIDASOA, S.A.",FINBIDSA
EF,8329,908300,"CAJA DE FINANCIACIONES REUNIDAS, S.A., E.F.","CAJA DE FINANCIACIONES REUNIDAS, SOCIEDAD ANONIMA, ENTIDAD DE FINANCIACION",,A28218238,PZ,LEALTAD,4,,28014,MADRID,,ES,,0,,0,,20/02/1980,.,0000,06/03/2008,14/03/1969,,28,,N,,,,,,,,,12,,CAJA DE FINANCIACIONES REUNIDAS,CAFIRESA
EF,8330,908300,"CREDITOS Y FINANCIACIONES, S.A., E.F.","CREDITOS Y FINANCIACIONES, S.A., ENTIDAD DE FINANCIACION",,A28061224,CL,MARIA DE MOLINA,37 BIS,,28006,MADRID,,ES,,0,,0,,18/04/1980,.,0000,06/03/2008,16/12/1953,,28,,N,,,,,,,,,12,,CREDITOS Y FINANCIACIONES,CREYFISA
EF,8331,908300,"BANESTO CONSUMO, S.A., E.F.","BANESTO CONSUMO, SOCIEDAD ANONIMA, ENTIDAD DE FINANCIACION",,A28253946,CL,JOSE ABASCAL,9,PL. 2,28003,MADRID,,ES,,915940405,,914488664,,02/01/1997,R.D. 692/1996 DE 26 DE ABRIL (D.T. 4) Y CAMBIO OBJETO SOCIAL,0000,31/08/2000,14/11/1970,,28,,N,,,,,,,,,12,,"BANESTO CONSUMO, S.A., E.F.",BANESTO CONSUMO
EF,8332,908300,"EUROPEA DE FINANCIACION, INVERSION Y PROMOCION","EUROPEA DE FINANCIACION, INVERSION Y PROMOCION, S.A., ENTIDAD DE FINANCIACION",,A28314920,CL,SERRANO,67,,28006,MADRID,,ES,,915777956,,0,,17/11/1992,POR CAMBIO DE OBJETO SOCIAL,0000,31/08/2000,09/04/1973,,28,,N,,,,,,,,,12,,EUROPEA FINANC. INVERSION PROMOCION,EUROFIP SA
EF,8333,908300,"CRECOM, ENTIDAD DE FINANCIACION, S.A.","CRECOM, ENTIDAD DE FINANCIACION, S.A.",,A28063378,CL,NUÑEZ DE BALBOA,120,,28006,MADRID,,ES,,0,,0,,13/11/1987,POR REVOCACION DE AUTORIZACION,0000,06/03/2008,28/07/1954,,28,,N,,,,,,,,,12,,"CRECOM, E.F., S.A.",CRECOMSA
EF,8334,908300,"MAPFRE FINANZAS DE NAVARRA, ARAGON Y RIOJA, E.F.","MAPFRE FINANZAS DE NAVARRA, ARAGON Y RIOJA, ENTIDAD DE FINANCIACION, S.A.",,A31016009,CL,HERMANOS IMAZ,1,ENTREPLANTA,31002,PAMPLONA,NAVARRA,ES,,948226204,,0,,17/05/1993,POR FUSION POR ABSORCION POR,8427,31/08/2000,11/11/1966,,31,,N,,,,,,,,,14,"MAPFRE FINANZAS, ENTIDAD DE FINANCIACION, S.A.","MAPFRE FINAN. NAVARRA, ARAGON RIOJA","MAPFRE N,A,R"
EFC,8908,74704,"BBVA FACTORING, E.F.C., S.A.","BBVA FACTORING, E.F.C., S.A.",,A48055180,PS,DE GRACIA,25,,8007,BARCELONA,,ES,,934043362,,934043707,,17/06/2009,POR FUSION POR ABSORCION CON TRANS. EN BLOQUE DE ACTIVOS Y PASIVOS A,0182,17/06/2009,23/10/1996,,8,,N,,,,,,,,,9,"BANCO BILBAO VIZCAYA ARGENTARIA, S.A.","BBVA FACTORING, E.F.C., S.A.",BBVA FACTORING
SECC,1484,90105,"MBNA EUROPE BANK LIMITED, S.E.","MBNA EUROPE BANK LIMITED, SUCURSAL EN ESPAÑA",,W0066659D,CL,JOSE ECHEGARAY,6,,28230,LAS ROZAS,MADRID,GB,,912714000,,912715984,,,,0000,03/06/2011,11/07/2002,,28,,N,,MBNA EUROPE BANK LIMITED,CHESTER BUSINESS PARK,CHESTER CH4 9QQ,,,,,12,,"MBNA EUROPE BANK LIMITED, S.E.",MBNA
OR,1188,121100,WESTDEUTSCHE LANDESBANK,WESTDEUTSCHE LANDESBANK,,A0041401A,PZ,PABLO RUIZ PICASSO,S/N,,28020,MADRID,,ES,,914318440,,0,,02/01/1991,POR CIERRE,0000,06/03/2008,07/06/1989,,28,,N,,,,,,,,,12,,WESTDEUTSCHE LANDESBANK,WESTDEUTSCHE
OR,1259,121100,WESTDEUTSCHE IMMOBILIENBANK AG,WESTDEUTSCHE IMMOBILIENBANK AG,,N0301680E,CL,SERRANO,37,PL. 5,28001,MADRID,,DE,,914328032,,914328051,,,,0000,06/03/2008,18/12/2001,,28,,N,,WESTDEUTSCHE INMOBILIENBANK AG,"GROSSE BLEICHE, 46",55116 MAINZ,,,,,12,,WESTDEUTSCHE IMMOBILIENBANKAG,WESIMM
OR,1261,121100,LGT BANK (SCHWEIZ) AG,LGT BANK (SCHWEIZ) AG,,N0391292J,CL,CLAUDIO COELLO,88,PL 1,28006,MADRID,,CH,,917816299,,0,,,,0000,28/09/2010,17/04/2002,,28,,N,,LGT BANK (SCHWEIZ) AG,LANGE GASSE 15,4002 BASILEA,,,,,12,,LGT BANK (SCHWEIZ) AG,LGT BANK
OR,1311,121100,AS PRIVATBANK,AS PRIVATBANK,,N0541013I,CL,BELMONTE DE TAJO,61,PLANTA BAJA,28019,MADRID,,LV,,912252452,,912593076,WWW.PRIVATBANK.LV,,,0000,14/12/2010,14/12/2010,,28,PRIVATBANK,S,,AS PRIVATBANK,TERBATAS IELA 4,RIGA LV-1134,,37167041300,37167282981,WWW.PRIVATBANK.LV,12,,AS PRIVATBANK,PRIVATBANK
SGR,9821,139800,"CREDIAVAL, S.G.R.","CREDIAVAL, SOCIEDAD DE GARANTIA RECIPROCA",,G14038012,CL,CONDE DE ROBLEDO,4,PL. 3 - IZDA.,14008,CORDOBA,,ES,,957474836,,957472943,WWW.CREDIAVAL.ES,02/01/2009,POR FUSION POR ABSORCION CON DISOLUCION SIN LIQUIDACION POR,9839,02/01/2009,24/03/1982,,14,CREDIAVAL,S,,,,,,,,,1,"SOCIEDAD DE GARANTIA RECIPROCA DE ANDALUCIA (SURAVAL, S.G.R.)","CREDIAVAL, S.G.R.",CREDIAVAL
EF,8335,908300,PROMOCION EUROPEA DE INVERSIONES Y NEGOCIOS LIBRA,"PROMOCION EUROPEA DE INVERSIONES Y NEGOCIOS LIBRA, ENTIDAD DE FINANCIACION, S.A.",,A99014391,CL,ESTEBANEZ CALDERON,5,"PL. 3, PT. E",28020,MADRID,,ES,,0,,0,,13/11/1987,POR REVOCACION DE AUTORIZACION,0000,06/03/2008,01/07/1971,,28,,N,,,,,,,,,12,,PROMOC. EUROPEA INV. NEGOCIOS LIBRA,LIBRASA
EF,8336,908300,"EMECESA, ENTIDAD DE FINANCIACION, S.A.","EMECESA, ENTIDAD DE FINANCIACION, S.A.",,A28129120,CL,LLANOS DE JEREZ,9-11,,28820,COSLADA,MADRID,ES,,914494500,,0,,21/10/1991,POR CAMBIO DE OBJETO SOCIAL,0000,06/03/2008,23/03/1964,,28,,N,,,,,,,,,12,,"EMECESA, E.F., S.A.",EMECESA FINA
EF,8337,908300,"BARCELONESA DE FINANCIACION, S.A., E.F.","BARCELONESA DE FINANCIACION, S.A., ENTIDAD DE FINANCIACION",,A08149007,CL,BALMES,243,PL. 7 - 4,8006,BARCELONA,,ES,,934152070,,932382538,,22/05/1995,POR CAMBIO DE OBJETO SOCIAL Y TRANSFORMACION EN,0223,06/03/2008,13/07/1963,,8,BANCA BAFISA,S,,,,,,,,,9,"BANCA BARCELONESA DE FINANCIACION, S.A.","BARCELONESA DE FINANCIACION, S.A.",BANCA BAFISA
EF,8338,908300,"ASISTENCIA TECNICO FINANCIERA, E.F., S.A.","ASISTENCIA TECNICO FINANCIERA, ENTIDAD DE FINANCIACION, S.A.",,A28088979,PS,MARQUES DE MONISTROL,7,,28011,MADRID,,ES,,0,,0,,14/04/1987,.,0000,06/03/2008,19/01/1960,,28,,N,,,,,,,,,12,,ASISTENCIA TECNICO FINANCIERA,ASTECFISA
EF,8339,908300,"FINANCIERA DEL OESTE, S.A., E.F.","FINANCIERA DEL OESTE, S.A., ENTIDAD DE FINANCIACION",,A10004794,AV,SANTA MARINA,3,,6005,BADAJOZ,,ES,,0,,0,,20/01/1986,.,0000,06/03/2008,16/10/1969,,6,,N,,,,,,,,,10,,"FINANCIERA DEL OESTE, S.A., E.F.",FINOESSA
EF,8340,908300,"NACIONAL, ENTIDAD DE FINANCIACION, S.A.","NACIONAL, ENTIDAD DE FINANCIACION, S.A.",,A99014409,AV,PRINCIPE DE ASTURIAS,63-65,,8012,BARCELONA,,ES,,0,,0,,13/11/1987,POR REVOCACION DE AUTORIZACION,0000,06/03/2008,10/10/1975,,8,,N,,,,,,,,,9,,"NACIONAL, E.F., S.A.",NACIONAL
EF,8341,908300,"FINANCIERA EL GRECO, S.A., E.F.","FINANCIERA EL GRECO, S.A., ENTIDAD DE FINANCIACION",,A31027410,CL,FERRAZ,100,"PL. 1, DCHA.",28008,MADRID,,ES,,0,,0,,08/05/1986,.,0000,06/03/2008,14/12/1969,,28,,N,,,,,,,,,12,,"FINANCIERA EL GRECO, S.A., E.F.",FINELGRESA
EF,8343,908300,"FINANCIERA BANIF, S.A., ENTIDAD DE FINANCIACION","FINANCIERA BANIF, S.A., ENTIDAD DE FINANCIACION",,A05003835,CL,PRIM,12,,28004,MADRID,,ES,,0,,0,,22/10/1987,POR FUSION POR ABSORCION POR,8395,06/03/2008,06/07/1973,,28,,N,,,,,,,,,12,"FINAMERSA, ENTIDAD DE FINANCIACION, S.A.","FINANCIERA BANIF, S.A., E.F.",FIBANIF
EF,8344,908300,"FILADELFIA, S.A., COMPAÑIA DE FINANCIACION","FILADELFIA, S.A., COMPAÑIA DE FINANCIACION",,A08239113,AV,JOSE ANTONIO,627,PL. PRAL.,8028,BARCELONA,,ES,,0,,0,,01/05/1984,.,0000,06/03/2008,27/05/1968,,8,,N,,,,,,,,,9,,"FILADELFIA, S.A.",FILADELFIASA
EF,8346,908300,"COFIC COMPAÑIA DE FINANCIACION, S.A.","COFIC COMPAÑIA DE FINANCIACION, S.A.",,A28156172,CL,BEATRIZ DE BOBADILLA,14,C.EMP. J.M. CHURRUCA,28040,MADRID,,ES,,913472640,,0,,15/09/1995,POR FUSION POR ABSORCION POR,8376,06/03/2008,01/02/1966,,28,,N,,,,,,,,,12,"P.S.A. CREDIT ESPAÑA, S.A., ENTIDAD DE FINANCIACION",COFIC COMPAÑIA DE FINANCIACION,COFIC
EF,8347,908300,"CREDITOS L'UNION, SOCIEDAD ANONIMA, E.F.","CREDITOS L'UNION, SOCIEDAD ANONIMA, ENTIDAD DE FINANCIACION",,A28405512,CL,NIERENBERG,27-29,,28002,MADRID,,ES,,0,,0,,04/11/1988,POR REVOCACION DE AUTORIZACION,0000,06/03/2008,16/12/1975,,28,,N,,,,,,,,,12,,"CREDITOS L'UNION, S.A., E.F.",CREDI'UNIONS
EF,8348,908300,"FINANCIERA VIZCAINA, S.A., E.F.","FINANCIERA VIZCAINA, S.A., ENTIDAD DE FINANCIACION",,A28264091,CL,MARIA DE MOLINA,37,,28006,MADRID,,ES,,0,,0,,10/01/1989,A PETICION PROPIA,0000,06/03/2008,09/06/1971,,28,,N,,,,,,,,,12,,"FINANCIERA VIZCAINA, S.A., E.F.",FIN VIZCAINA
EF,8349,908300,"FINANCIERA COMERCIAL E INDUSTRIAL, S.A., E.F.","FINANCIERA COMERCIAL E INDUSTRIAL, S.A., ENTIDAD DE FINANCIACION",,A28056125,CL,ALCALA,32,,28014,MADRID,,ES,,0,,0,,13/12/1982,A PETICION PROPIA,0000,06/03/2008,02/10/1956,,28,,N,,,,,,,,,12,,FINANCIERA COMERCIAL E INDUSTRIAL,FICOINSA
EF,8350,908300,"BEX FINANZAS CATALUÑA, S.A., CIA. FINANCIACION","BEX FINANZAS CATALUÑA, S.A., COMPAÑIA DE FINANCIACION",,A08375065,CL,CORCEGA,289-291,1-C,8008,BARCELONA,,ES,,933017000,,0,,19/06/1992,POR FUSION POR ABSORCION POR,8433,18/10/2000,23/05/1975,,8,,N,,,,,,,,,9,"BEX FINANZAS, S.A., ENTIDAD DE FINANCIACION","BEX FINANZAS CATALUÑA, S.A.",BEX FIN.CATA
EF,8351,908300,"ASESORAMIENTO E INVERSIONES BURSATILES, S.A., E.F.","ASESORAMIENTO E INVERSIONES BURSATILES, S.A., ENTIDAD DE FINANCIACION",,A33608084,CL,MARQUES DE TEVERGA,3,PL. 1,33005,OVIEDO,ASTURIAS,ES,,0,,0,,13/11/1987,POR REVOCACION DE AUTORIZACION,0000,06/03/2008,26/02/1976,,33,,N,,,,,,,,,3,,ASESORAMIENTO INVERS. BURSATILES,ASINBURSA
EF,8352,908300,"ESPAÑOLA DE FINANZAS, S.A., E.F.","ESPAÑOLA DE FINANZAS, S.A., ENTIDAD DE FINANCIACION",,A08215915,CL,CALVET,30-32,ENTLO.,8021,BARCELONA,,ES,,932001633,,932023315,,17/11/1992,POR CAMBIO DE OBJETO SOCIAL,0000,31/08/2000,27/10/1967,,8,,N,,,,,,,,,9,,"ESPAÑOLA DE FINANZAS, S.A., E.F.",ESPAÑOLA FZA
EF,8353,908300,"FINANCIERA REUS, S.A., ENTIDAD DE FINANCIACION","FINANCIERA REUS, S.A., ENTIDAD DE FINANCIACION",,A43010529,ZZ,ARRABAL DE SANTA ANA,40,,43201,REUS,TARRAGONA,ES,,0,,0,,08/03/1986,.,0000,06/03/2008,15/01/1968,,43,,N,,,,,,,,,9,,"FINANCIERA REUS, S.A., E.F.",FINREUSA
EF,8354,908300,"FINANCIERA DOS, S.A., ENTIDAD DE FINANCIACION","FINANCIERA DOS, S.A., ENTIDAD DE FINANCIACION",,A08327967,CL,BALMES,200,PRINCIPAL,8006,BARCELONA,,ES,,0,,0,,13/11/1987,POR REVOCACION DE AUTORIZACION,0000,06/03/2008,30/07/1973,,8,,N,,,,,,,,,9,,"FINANCIERA DOS, S.A., E.F.",FINANDOSSA
EF,8355,908300,"FINANCIERA DE SERVICIOS GENERALES, S.A.F.","FINANCIERA DE SERVICIOS GENERALES, SOCIEDAD ANONIMA DE FINANCIACION",,A28523397,CR,DE LA CORUÑA,"KM. 17,900",,28230,LAS ROZAS,MADRID,ES,,916375413,,916377886,,24/05/1993,A PETICION PROPIA,0000,06/03/2008,05/06/1978,,28,,N,,,,,,,,,12,,FINANCIERA DE SERVICIOS GENERALES,FISEG FINA
EF,8356,908300,"MONTFRAGüE, ENTIDAD DE FINANCIACION, S.A.","MONTFRAGÜE, ENTIDAD DE FINANCIACION, S.A.",,A29275377,AV,CACERES,S/N,,10600,PLASENCIA,CACERES,ES,,0,,0,,21/07/1987,.,0000,06/03/2008,26/05/1975,,10,,N,,,,,,,,,10,,"MONTFRAGüE, E.F., S.A.",MONTFRAGUE
EF,8357,908300,"ASTER, S.A., ENTIDAD DE FINANCIACION","ASTER, S.A., ENTIDAD DE FINANCIACION",,A29045747,PZ,CONSTITUCION,1,,29004,MALAGA,,ES,,0,,0,,04/11/1988,POR REVOCACION DE AUTORIZACION,0000,06/03/2008,05/05/1978,,29,,N,,,,,,,,,1,,"ASTER, S.A., E.F.",ASTERSA
EF,8358,908300,"FINANCIERA DE CALIFORNIA, S.A.","FINANCIERA DE CALIFORNIA, S.A.",,A99014425,PZ,COLON,2,,28046,MADRID,,ES,,0,,0,,09/05/1985,.,0000,06/03/2008,07/01/1969,,28,,N,,,,,,,,,12,,"FINANCIERA DE CALIFORNIA, S.A.",FINCALSA
EF,8359,908300,"FIDEMER, ENTIDAD DE FINANCIACION, S.A.","FIDEMER, ENTIDAD DE FINANCIACION, S.A.",,A28128445,CL,JOSE ORTEGA Y GASSET,20,,28006,MADRID,,ES,,0,,0,,29/10/1983,.,0000,06/03/2008,16/03/1964,,28,,N,,,,,,,,,12,,"FIDEMER, E.F., S.A.",FIDEMERSA
EF,8360,908300,"EUROMOCION, S.A., ENTIDAD DE FINANCIACION","EUROMOCION, S.A., ENTIDAD DE FINANCIACION",,A08427049,CL,TRAVESERA DE GRACIA,18,,8021,BARCELONA,,ES,,0,,0,,22/12/1983,A PETICION PROPIA,0000,06/03/2008,06/10/1976,,8,,N,,,,,,,,,9,,"EUROMOCION, S.A., E.F.",EUROMOCION
EF,8361,908300,"FORD CREDIT, SOCIEDAD ANONIMA DE FINANCIACION","FORD CREDIT, SOCIEDAD ANONIMA DE FINANCIACION",,A28437408,PS,CASTELLANA,135,,28046,MADRID,,ES,,915040420,,915712199,,12/04/1994,POR CAMBIO DE OBJETO SOCIAL,0000,06/03/2008,08/04/1976,,28,,N,,,,,,,,,12,,"FORD CREDIT, S.A.F.",FORD CREDIT
EF,8362,908300,"FIGARSA, COMPAÑIA DE FINANCIACION, S.A.","FIGARSA, COMPAÑIA DE FINANCIACION, S.A.",,A99014433,CL,VELAZQUEZ,138,,28006,MADRID,,ES,,0,,0,,02/02/1982,A PETICION PROPIA,0000,06/03/2008,25/05/1970,,28,,N,,,,,,,,,12,,"FIGARSA, COMPAÑIA DE FINANCIACION",FIGARSA
EF,8363,908300,"CENTRO FINANCIERO E INMOBILIARIO, S.A., E.F.","CENTRO FINANCIERO E INMOBILIARIO, S.A., ENTIDAD DE FINANCIACION",,A28163707,CL,GOYA,15,,28001,MADRID,,ES,,0,,0,,13/11/1987,POR REVOCACION DE AUTORIZACION,0000,06/03/2008,24/09/1965,,28,,N,,,,,,,,,12,,CENTRO FINANCIERO E INMOBILIARIO,CEFIINSA
EF,8364,908300,"HISPANA DE FINANZAS, S.A., COMPAÑIA FINANCIACION","HISPANA DE FINANZAS, S.A., COMPAÑIA DE FINANCIACION",,A28247153,CL,PRINCESA,31,,28008,MADRID,,ES,,0,,0,,06/12/1983,.,0000,06/03/2008,04/02/1970,,28,,N,,,,,,,,,12,,"HISPANA DE FINANZAS, S.A.",HISPANASA
EF,8365,908300,"BONANOVA DE INVERSIONES, S.A.","BONANOVA DE INVERSIONES, S.A., COMPAÑIA DE FINANCIACION",,A08287864,AV,JOSE ANTONIO,64,,8850,GAVA,BARCELONA,ES,,0,,0,,22/07/1985,.,0000,06/03/2008,16/09/1971,,8,,N,,,,,,,,,9,,"BONANOVA DE INVERSIONES, S.A.",BONANOVASA
EF,8366,908300,"UNION INDUSTRIAL DE FINANZAS E INVERSIONES, S.A.","UNION INDUSTRIAL DE FINANZAS E INVERSIONES, S.A., COMPAÑIA DE FINANCIACION",,A08294209,ZZ,VIA AUGUSTA,15,,8006,BARCELONA,,ES,,0,,0,,11/04/1984,POR REVOCACION DE AUTORIZACION,0000,06/03/2008,27/07/1972,,8,,N,,,,,,,,,9,,UNION INDUS. FINANZAS E INVERSIONES,UNIFIINSA
EF,8367,908300,"FINANCIERA DE EMPRESARIOS, S.A.","FINANCIERA DE EMPRESARIOS, S.A.",,A28288652,CL,SAN BERNARDO,17,,28015,MADRID,,ES,,0,,0,,21/10/1986,.,0000,06/03/2008,12/06/1972,,28,,N,,,,,,,,,12,,"FINANCIERA DE EMPRESARIOS, S.A.",FINA. EMPRE.
EF,8368,908300,"FOMENTO DE INVERSIONES Y FINANZAS, S.A., CIA.F.","FOMENTO DE INVERSIONES Y FINANZAS, S.A., COMPAÑIA DE FINANCIACION",,A28375657,CL,GOYA,15,,28001,MADRID,,ES,,0,,0,,13/11/1987,POR REVOCACION DE AUTORIZACION,0000,06/03/2008,10/12/1974,,28,,N,,,,,,,,,12,,FOMENTO DE INVERSIONES Y FINANZAS,FOINFISA
EF,8369,908300,"CREDIVIAJE, S.A., ENTIDAD DE FINANCIACION","CREDIVIAJE, S.A., ENTIDAD DE FINANCIACION",,A99014441,CL,CABALLEROS,22,,46001,VALENCIA,,ES,,0,,0,,12/04/1984,.,0000,06/03/2008,12/04/1963,,46,,N,,,,,,,,,15,,"CREDIVIAJE, S.A., E.F.",CREDIVIAJESA
EF,8371,908300,"FINANCIERA CORTES DE ARAGON, S.A.","FINANCIERA CORTES DE ARAGON, S.A.",,A50039841,CL,COSO,98-100,"PL. 7, PT. 1",50001,ZARAGOZA,,ES,,0,,0,,13/11/1987,POR REVOCACION DE AUTORIZACION,0000,06/03/2008,10/08/1978,,50,,N,,,,,,,,,2,,"FINANCIERA CORTES DE ARAGON, S.A.",FICORASA
EF,8372,908300,"ENTIDAD DE FINANCIACION CORTES DE NAVARRA, S.A.","ENTIDAD DE FINANCIACION CORTES DE NAVARRA, S.A. ( FICONASA )",,A31018732,PS,SARASATE,38,PL. 2,31001,PAMPLONA,NAVARRA,ES,,0,,0,,04/11/1988,POR REVOCACION DE AUTORIZACION,0000,06/03/2008,01/12/1967,,31,,N,,,,,,,,,14,,"E.F. CORTES DE NAVARRA, S.A.",CORNAVSA
EF,8373,908300,"FAISA, ENTIDAD DE FINANCIACION, S.A.","FAISA, ENTIDAD DE FINANCIACION, S.A.",,A26008466,CL,MURO DE LA MATA,5,,26001,LOGROÑO,LA RIOJA,ES,,0,,0,,19/08/1991,POR ACUERDO DEL CONSEJO DE MINISTROS DE FECHA 27.03.1991,0000,06/03/2008,22/02/1969,,26,,N,,,,,,,,,17,,"FAISA, E.F., S.A.",FAISA SA
EF,8374,908300,"SEFISA FINANCIACIONES, S.A.","SEFISA FINANCIACIONES, S.A.",,A28124709,CL,ORENSE,68,,28020,MADRID,,ES,,0,,0,,31/05/1985,.,0000,06/03/2008,02/11/1963,,28,,N,,,,,,,,,12,,"SEFISA FINANCIACIONES, S.A.",SEFISA
EF,8375,908300,"FINANCIERA CATALANO BALEAR, E.F., S.A.","FINANCIERA CATALANO BALEAR, ENTIDAD DE FINANCIACION, S.A.",,A08417297,CL,VALENCIA,231,PL. 7,8007,BARCELONA,,ES,,0,,0,,29/11/1988,.,0000,06/03/2008,26/07/1976,,8,,N,,,,,,,,,9,,"FINANCIERA CATALANO BALEAR, E.F.",FICABASA
EF,8377,908300,"AUTOFIN, ENTIDAD DE FINANCIACION, S.A.","AUTOFIN, ENTIDAD DE FINANCIACION, S.A.",,A99014466,CL,PIO XII,102,,46015,VALENCIA,,ES,,0,,0,,13/11/1987,POR REVOCACION DE AUTORIZACION,0000,06/03/2008,25/04/1978,,46,,N,,,,,,,,,15,,"AUTOFIN, E.F., S.A.",AUTOFINSA
EF,8378,908300,"CONSULCREDIT, S.A., ENTIDAD DE FINANCIACION","CONSULCREDIT, S.A., ENTIDAD DE FINANCIACION",,A48090492,PZ,ARAGON,2,PL. 1,50004,ZARAGOZA,,ES,,976229867,,976222074,,08/06/1993,A PETICION PROPIA,0000,06/03/2008,28/07/1978,,50,,N,,,,,,,,,2,,"CONSULCREDIT, S.A., E.F.",CONSULCREDIT
EF,8379,908300,"VILAFRANQUESA DE FINANCIACIONES, S.A.","VILAFRANQUESA DE FINANCIACIONES, S.A.",,A99014474,CL,AMALIA SOLER,18,BAJO,8720,VILAFRANCA DEL PENEDES,BARCELONA,ES,,0,,0,,13/11/1987,POR REVOCACION DE AUTORIZACION,0000,06/03/2008,10/03/1978,,8,,N,,,,,,,,,9,,VILAFRANQUESA DE FINANCIACIONES,VILAFRANQUES
EF,8383,908300,"UBEDA Y CIA., S.A., ENTIDAD DE FINANCIACION","UBEDA Y CIA., S.A., ENTIDAD DE FINANCIACION",,A99014482,CL,PRINCESA,38,,28008,MADRID,,ES,,0,,0,,15/11/1983,.,0000,06/03/2008,28/11/1969,,28,,N,,,,,,,,,12,,"UBEDA Y CIA., S.A., E.F.",UBEDASA
EF,8380,908300,"E. DE F. PROMOTORA FINANCIERA DE CORDOBA, S.A.","ENTIDAD DE FINANCIACION PROMOTORA FINANCIERA DE CORDOBA, S.A.",,A14024798,CL,ANTONIO BAENA,40,BAJO,14500,PUENTE GENIL,CORDOBA,ES,,957600412,,957600412,,02/01/1997,R.D. 692/1996 DE 26 DE ABRIL (D.T. 4A) Y CAMBIO DE OBJETO SOCIAL,0000,31/08/2000,06/04/1978,,14,,N,,,,,,,,,1,,E. DE F. PROMOTORA F. DE CORDOBA,EFPROFINCOR
EF,8381,908300,"FINANCIERA GUIPUZCOANA, S.A., E.F.","FINANCIERA GUIPUZCOANA, S.A., ENTIDAD DE FINANCIACION",,A28296705,CL,MARIA DE MOLINA,37,,28006,MADRID,,ES,,0,,0,,10/01/1989,A PETICION PROPIA,0000,06/03/2008,20/10/1972,,28,,N,,,,,,,,,12,,FINANCIERA GUIPUZCOANA,F GUIPUZCOAN
EF,8382,908300,"E.F., FINANCIERA PRINCIPE DE VIANA, S.A.","ENTIDAD DE FINANACIACION, FINANCIERA PRINCIPE DE VIANA, S.A.",,A31068299,AV,SAN IGNACIO,5,PL. 4-B,31002,PAMPLONA,NAVARRA,ES,,948223000,,0,,25/02/1993,POR CAMBIO DE OBJETO SOCIAL,0000,06/03/2008,14/09/1976,,31,,N,,,,,,,,,14,,"E.F., FINANCIERA PRINCIPE DE VIANA",FIPRINSA
EF,8384,908300,"INVERMI, S.A., ENTIDAD DE FINANCIACION","INVERMI, S.A., ENTIDAD DE FINANCIACION",,A08281420,PS,GRACIA,26,,8007,BARCELONA,,ES,,933185162,,933015247,,29/10/1996,POR CAMBIO DE OBJETO SOCIAL,0000,31/08/2000,28/02/1972,,8,,N,,,,,,,,,9,,"INVERMI, S.A., E.F.",INVERMI
EF,8388,908300,"FIAN, S.A.","FIAN, S.A.",,A41045469,CL,SANTA MARIA DE GRACIA,1,,41002,SEVILLA,,ES,,0,,0,,22/02/1984,.,0000,06/03/2008,05/08/1975,,41,,N,,,,,,,,,1,,"FIAN, S.A.",FIANSA
EF,8390,908300,"GECRESA BARCELONA, S.A., E.F.","GECRESA BARCELONA, S.A., ENTIDAD DE FINANCIACION",,A08339079,CL,MALLORCA,214,,8008,BARCELONA,,ES,,934300404,,0,,08/06/1992,POR CAMBIO DE OBJETO SOCIAL,0000,31/08/2000,21/11/1973,,8,,N,,,,,,,,,9,,"GECRESA BARCELONA, S.A., E.F.",GECRESA BARC
EF,8391,908300,"FINANCIERA MONTHISA, S.A., E.F. (FIMONSA)","FINANCIERA MONTHISA, S.A., ENTIDAD DE FINANCIACION",,A30013262,CL,ANTONIO MAURA,18,PL. 2 - D,28014,MADRID,,ES,,915225135,,915218957,,02/01/1997,RD 692/1996 DE 26 DE ABRIL (DT 4ª) Y REVOC. ACUER. C.M. DE 08-05-1992,0000,31/08/2000,12/01/1970,,28,,N,,,,,,,,,12,,"FINANCIERA MONTHISA, S.A., E.F.",FIMONSA
EF,8392,908300,"B.G.N. INVERSIONES, E.F., S.A.","B.G.N. INVERSIONES, E.F., S.A.",,A08358194,AV,DIAGONAL,484,,8006,BARCELONA,,ES,,0,,0,,01/11/1986,.,0000,06/03/2008,12/07/1978,,8,,N,,,,,,,,,9,,"B.G.N. INVERSIONES, E.F., S.A.",BGN INVERS.
EF,8393,908300,"ENTIDAD DE FINANCIACION BERTENDONA, S.A.","ENTIDAD DE FINANCIACION BERTENDONA, S.A.",,A48089585,CL,BERTENDONA,2,,48002,BILBAO,VIZCAYA,ES,,0,,0,,04/11/1988,POR REVOCACION DE AUTORIZACION,0000,06/03/2008,13/06/1978,,48,,N,,,,,,,,,16,,ENTIDAD DE FINANCIACION BERTENDONA,BERTENDONA
EF,8394,908300,"EFISA, ENTIDAD DE FINANCIACION, S.A.","EFISA, ENTIDAD DE FINANCIACION, S.A.",,A28119832,CL,MAGALLANES,3,PL. 7,28015,MADRID,,ES,,0,,0,,29/07/1986,.,0000,06/03/2008,21/05/1963,,28,,N,,,,,,,,,12,,"EFISA, ENTIDAD FINANCIACION, S.A.",EFISA
EF,8395,908300,"HISPAMER FINANCIACION, E.F., S.A.","HISPAMER FINANCIACION, ENTIDAD DE FINANCIACION, S.A.",,A28534675,CL,COSTA BRAVA,10-12,,28034,MADRID,,ES,,915665500,,915665555,,03/10/1996,POR FUSION POR ABSORCION POR,8236,31/08/2000,15/09/1978,,28,,N,,,,,,,,,12,"HISPAMER HIPOTECARIO, SOCIEDAD DE CREDITO HIPOTECARIO, S.A.","HISPAMER FINANCIACION, E.F., S.A.",HISPAMER
EF,8396,908300,"INVERSIONES DEL OESTE, E.F.","INVERSIONES DEL OESTE, ENTIDAD DE FINANCIACION",,A99014524,CL,PADILLA,30,,28006,MADRID,,ES,,0,,0,,28/06/1979,.,0000,06/03/2008,07/11/1973,,28,,N,,,,,,,,,12,,"INVERSIONES DEL OESTE, E.F.",INVEROESTSA
EF,8397,908300,"CARTERA Y FINANZAS, S.A., ENTIDAD DE FINANCIACION","CARTERA Y FINANZAS, S.A., ENTIDAD DE FINANCIACION",,A28456515,CL,JUAN DE MENA,19,PL. 1,28014,MADRID,,ES,,0,,0,,09/01/1984,.,0000,06/03/2008,10/01/1977,,28,,N,,,,,,,,,12,,"CARTERA Y FINANZAS, S.A., E.F.",CARFISA
EF,8398,908300,"BARCLAYS, ENTIDAD DE FINANCIACION, S.A.","BARCLAYS, ENTIDAD DE FINANCIACION, S.A.",,A08202517,PZ,COLON,2,,28046,MADRID,,ES,,913361000,,913191079,,02/01/1997,"R.D. 692/1996, DE 26 DE ABRIL (D.T. 4ª) Y CAMBIO DE OBJETO SOCIAL",0000,31/08/2000,06/06/1966,,28,,N,,,,,,,,,12,,"BARCLAYS, E.F., S.A.",BARCLAYS
EF,8399,908300,"FINCAS DEL BAJO EBRO, S.A., E.F.","FINCAS DEL BAJO EBRO, S.A., ENTIDAD DE FINANCIACION",,A08240756,CL,LA FORJA,16-18,,8840,VILADECANS,BARCELONA,ES,,0,,0,,19/08/1991,POR ACUERDO DEL CONSEJO DE MINISTROS DE FECHA 27.03.1991,0000,06/03/2008,22/06/1969,,8,,N,,,,,,,,,9,,"FINCAS DEL BAJO EBRO, S.A., E.F.",FINCAS BAJO
EF,8400,908300,"ENTIDAD CATALANA DE FINANCIACION, S.A.","ENTIDAD CATALANA DE FINANCIACION, S.A.",,A08527897,PS,GRACIA,51,PL. PRAL.,8007,BARCELONA,,ES,,0,,0,,13/11/1987,POR REVOCACION DE AUTORIZACION,0000,06/03/2008,07/09/1978,,8,,N,,,,,,,,,9,,ENTIDAD CATALANA DE FINANCIACION,ECAFISA
EF,8401,908300,"COMPAÑIA DE FINANCIACION CASE, S.A.","COMPAÑIA DE FINANCIACION CASE, S.A.",,A28306371,AV,JOSE GARATE,11,,28820,COSLADA,MADRID,ES,,916713800,,916736363,,26/06/1992,POR CAMBIO DE OBJETO SOCIAL,0000,31/08/2000,30/06/1978,,28,,N,,,,,,,,,12,,"COMPAÑIA DE FINANCIACION CASE, S.A.",CIA.FIN.CASE
EF,8402,908300,"FINANCIERA DE AUTOMOCION, S.A., E.F.","FINANCIERA DE AUTOMOCION, S.A., ENTIDAD DE FINANCIACION",,A25018359,ZZ,GRAN PASEO DE RONDA,55,"PL. 4, PT. 1",25006,LERIDA,,ES,,0,,0,,13/11/1987,POR REVOCACION DE AUTORIZACION,0000,06/03/2008,29/09/1978,,25,,N,,,,,,,,,9,,"FINANCIERA DE AUTOMOCION, S.A.",FINAUTOSA
EF,8403,908300,"COMPAÑIA DE FINANCIACION BROKIBANK, S.A.","COMPAÑIA DE FINANCIACION BROKIBANK, S.A.",,A28418200,CL,NUÑEZ DE BALBOA,114,,28006,MADRID,,ES,,0,,0,,04/11/1988,POR REVOCACION DE AUTORIZACION,0000,06/03/2008,16/02/1976,,28,,N,,,,,,,,,12,,COMPAÑIA DE FINANCIACION BROKIBANK,FI BROKIBANK
EF,8404,908300,"REGULO, S.A., ENTIDAD DE FINANCIACION","REGULO, S.A., ENTIDAD DE FINANCIACION",,A46070165,CL,COMEDIAS,7,,46003,VALENCIA,,ES,,0,,0,,15/04/1982,.,0000,06/03/2008,17/01/1974,,46,,N,,,,,,,,,15,,"REGULO, S.A., E.F.",REGULOSA
EF,8405,908300,"SOCIEDAD DE FINANCIACION DE VENTAS A PLAZO, S.A.","SOCIEDAD DE FINANCIACION DE VENTAS A PLAZO, S.A.",,A99014532,CL,ORENSE,11,,28020,MADRID,,ES,,0,,0,,31/07/1987,POR FUSION POR ABSORCION POR,8908,06/03/2008,27/03/1969,,28,,N,,,,,,,,,12,"B.B. FACTORING, S.A.",SDAD. FINANCIACION VENTAS A PLAZO,SOFIVENSA
EF,8406,908300,"TRANSFACTOR, S.A., CIA DE FACTORING Y FINANCIACION","TRANSFACTOR, S.A., COMPAÑIA DE FACTORING Y FINANCIACION",,A28262160,CL,SERRANO,17,PL. 2,28001,MADRID,,ES,,0,,0,,13/11/1987,A PETICION PROPIA,0000,06/03/2008,26/02/1971,,28,,N,,,,,,,,,12,,"TRANSFACTOR, S.A.",TRANSFACTORS
EF,8407,908300,"CENTRO FINANCIERO AITANA, S.A., E.F.","CENTRO FINANCIERO AITANA, S.A., ENTIDAD DE FINANCIACION",,A03050267,CL,GERONA,19,PL. 5,3001,ALICANTE,,ES,,0,,0,,08/07/1985,.,0000,06/03/2008,16/07/1976,,3,,N,,,,,,,,,15,,"CENTRO FINANCIERO AITANA, S.A.",CEFAISA
EF,8408,908300,"CLUB CATALA DE FINANCES, EMPRESA DE FINANCIACION","CLUB CATALA DE FINANCES, EMPRESA DE FINANCIACION, S.A.",,A08533960,CL,RIERA BLANCA,6-8,"PL. ENTRES., PT. 2",8201,HOSPITALET DE LLOBREGAT,BARCELONA,ES,,0,,0,,13/11/1987,POR REVOCACION DE AUTORIZACION,0000,06/03/2008,20/10/1978,,8,,N,,,,,,,,,9,,CLUB CATALA DE FINANCES,CLUCAFISA
EF,8409,908300,"SALMANTINA DE FINANCIACION, S.A.","SALMANTINA DE FINANCIACION, SOCIEDAD ANONIMA",,A32004848,ZZ,GRAN VIA DE ESPAÑA,65,ENTREPLANTA,37001,SALAMANCA,,ES,,923261126,,923271127,,02/01/1997,"R.D. 692/1996, DE 26 DE ABRIL (D.T. 4ª) Y CAMBIO DE OBJETO SOCIAL",0000,31/08/2000,25/10/1976,,37,,N,,,,,,,,,7,,"SALMANTINA DE FINANCIACION, S.A.",SALMANTINA
EF,8411,908300,"FINUNION MADRID, S.A., E.F.","FINUNION MADRID, S.A., ENTIDAD DE FINANCIACION",,A99014540,PS,CASTELLANA,46,,28046,MADRID,,ES,,0,,0,,08/07/1985,.,0000,06/03/2008,15/12/1978,,28,,N,,,,,,,,,12,,"FINUNION MADRID, S.A., E.F.",FINUNIONSA
EF,8412,908300,"REGISA, EMPRESA DE FINANCIACION, S.A.","REGISA, EMPRESA DE FINANCIACION, S.A.",,A99014557,CL,POETA CAMPOS VASALLOS,41,,3004,ALICANTE,,ES,,0,,0,,15/02/1984,.,0000,06/03/2008,05/01/1977,,3,,N,,,,,,,,,15,,"REGISA, EMPRESA DE FINANCIACION",REGISA
EF,8413,908300,"FIBERICA, ENTIDAD DE FINANCIACION, S.A.","FIBERICA, ENTIDAD DE FINANCIACION, S.A.",,A99015190,PS,PINTOR ROSALES,30,,28008,MADRID,,ES,,0,,0,,02/04/1984,.,0000,06/03/2008,22/02/1968,,28,,N,,,,,,,,,12,,"FIBERICA, E.F., S.A.",FIBERICASA
EF,8414,908300,"FICEN, S.A. (FINANCIERA CENTRO, S.A.) E.F.","FICEN, S.A. (FINANCIERA CENTRO, S.A.) ENTIDAD DE FINANCIACION",,A28304194,CL,RAIMUNDO FERNANDEZ VILLAVERDE,26,"ESC. 3, PL. 2, PT. 1",28003,MADRID,,ES,,915352284,,915332267,,02/01/1997,"R.D. 692/1996, DE 26 DE ABRIL (DISPOSICION TRANSITORIA CUARTA)",0000,06/03/2008,10/01/1973,,28,,N,,,,,,,,,12,,"FICEN, S.A. E.F.",FICEN
EF,8415,908300,"FINANDALUS, ENTIDAD DE FINANCIACION, S.A.","FINANDALUS, ENTIDAD DE FINANCIACION, S.A.",,A41062183,CL,TETUAN,3,,41001,SEVILLA,,ES,,0,,0,,19/08/1991,POR ACUERDO DEL CONSEJO DE MINISTROS DE FECHA 27.03.1991,0000,06/03/2008,30/12/1978,,41,,N,,,,,,,,,1,,"FINANDALUS, E.F., S.A.",FINANDALUS
EF,8416,908300,"CREDITOS E INVERSIONES BENJA, E.F., S.A.","CREDITOS E INVERSIONES BENJA, ENTIDAD DE FINANCIACION, S.A.",,A14026785,PS,HABANA,42,BAJO,28036,MADRID,,ES,,914116914,,915625360,,05/11/1993,POR CAMBIO DE OBJETO SOCIAL,0000,31/08/2000,09/03/1979,,28,,N,,,,,,,,,12,,CREDITOS E INVERSIONES BENJA,BENJA EF
EF,8417,908300,"FOMENTO DE EXPANSION, COMPAÑIA DE FINANCIACION","FOMENTO DE EXPANSION, COMPAÑIA DE FINANCIACION, S.A.",,A08297897,CL,CALL,60,,8500,CAPELLADAS,BARCELONA,ES,,0,,0,,01/08/1980,.,0000,06/03/2008,10/11/1972,,8,,N,,,,,,,,,9,,FOMENTO DE EXPANSION,FOEXCOMFISA
EF,8418,908300,"UNION CATALANA D'INVERSIONES, S.A., E.F.","UNION CATALANA D'INVERSIONES, S.A., ENTIDAD DE FINANCIACION",,A43101062,AV,DIAGONAL,525,,8029,BARCELONA,,ES,,0,,0,,20/01/1986,.,0000,06/03/2008,28/02/1979,,8,,N,,,,,,,,,9,,"UNION CATALANA D'INVERSIONES, S.A.",UNICADINSA
EF,8419,908300,"SERVICIOS DE PRESTAMOS Y CREDITOS DELTA, S.A., E.F","SERVICIOS DE PRESTAMOS Y CREDITOS DELTA, S.A., E.F.",,A28364370,PS,DE LA CASTELLANA,249,"PL. 3, IZQ.",28046,MADRID,,ES,,913231971,,913457513,,06/05/1993,POR CAMBIO DE OBJETO SOCIAL,0000,06/03/2008,17/06/1974,,28,,N,,,,,,,,,12,,SERVICIOS DE PRESTAMOS CTOS. DELTA,SERVIPRESTAM
EF,8420,908300,"PROMOCIONES Y FINANCIACIONES AIDA, S.A., E.F.","PROMOCIONES Y FINANCIACIONES AIDA, S.A., ENTIDAD DE FINANCIACION",,A50036441,CL,MADRE RAFOLS,2,,50004,ZARAGOZA,,ES,,976443311,,976442489,,22/09/1995,POR CAMBIO DE OBJETO SOCIAL,0000,31/08/2000,05/04/1976,,50,,N,,,,,,,,,2,,PROMOCIONES FINANCIACIONES AIDA,AIDA
EF,8421,908300,"CONSORCIO FINANCIERO IBERICO, S.A., E.F.","CONSORCIO FINANCIERO IBERICO, S.A., ENTIDAD DE FINANCIACION",,A28346203,CL,LAGASCA,88,,28001,MADRID,,ES,,0,,0,,13/03/1986,.,0000,06/03/2008,10/03/1973,,28,,N,,,,,,,,,12,,CONSORCIO FINANCIERO IBERICO,COFIBERSA
EF,8422,908300,"ENTIDAD DE FINANCIACION DE GUARNIZO, S.A.","ENTIDAD DE FINANCIACION DE GUARNIZO, S.A.",,A39019740,CL,BERNARDO LAVIN,24,,39205,ASTILLERO,CANTABRIA,ES,,0,,0,,11/04/1984,POR REVOCACION DE AUTORIZACION,0000,06/03/2008,07/10/1978,,39,,N,,,,,,,,,6,,ENTIDAD DE FINANCIACION DE GUARNIZO,FIGUARNIZO
EF,8423,908300,"SECURITY PACIFIC CREDIT, S.A. DE FINANCIACION","SECURITY PACIFIC CREDIT, S.A. DE FINANCIACION",,A08364127,AV,DIAGONAL,514,,8006,BARCELONA,,ES,,932380766,,0,,08/11/1991,POR CAMBIO DE OBJETO SOCIAL,0000,06/03/2008,17/12/1974,,8,,N,,,,,,,,,9,,"SECURITY PACIFIC CREDIT, S.A. FIN.",SECURITY PAC
EF,8424,908300,"CORPORACION FINANCIERA SUR, E.F., S.A.","CORPORACION FINANCIERA SUR, ENTIDAD DE FINANCIACION, S.A.",,A29050911,CL,AFRICA,2,,29600,MARBELLA,MALAGA,ES,,0,,0,,19/08/1991,POR ACUERDO DE CONSEJO DE MINISTROS DE FECHA 27.03.1991,0000,06/03/2008,13/02/1979,,29,,N,,,,,,,,,1,,CORPORACION FINANCIERA SUR,CORP.FIN SUR
EF,8425,908300,"CENTRAL FINANCIERA DEL HENARES, E.F., S.A.","CENTRAL FINANCIERA DEL HENARES, ENTIDAD DE FINANCIACION, S.A.",,A99014565,CL,SAN ISIDRO,1,,28300,ALCALA DE HENARES,MADRID,ES,,0,,0,,20/02/1985,POR FUSION POR ABSORCION POR,8427,06/03/2008,12/07/1972,,28,,N,,,,,,,,,12,"MAPFRE FINANZAS, ENTIDAD DE FINANCIACION, S.A.",CENTRAL FINANCIERA DEL HENARES,CEFIHESA
EF,8426,908300,"MAPFRE FINANZAS DE CASTILLA, S.A.","MAPFRE FINANZAS DE CASTILLA, S.A.",,A99014573,CL,GENERAL RUIZ,2,,47004,VALLADOLID,,ES,,0,,0,,27/01/1986,.,0000,06/03/2008,06/06/1968,,47,,N,,,,,,,,,7,,"MAPFRE FINANZAS DE CASTILLA, S.A.",MAPFICASA
EF,8427,908300,"MAPFRE FINANZAS, ENTIDAD DE FINANCIACION, S.A.","MAPFRE FINANZAS, ENTIDAD DE FINANCIACION, S.A.",,A28170496,CL,GOBELAS,41-43,URB. LA FLORIDA,28023,MADRID,,ES,,915811950,,915811955,,23/07/1996,POR CAMBIO DE OBJETO SOCIAL,0000,31/08/2000,25/12/1966,,28,,N,,,,,,,,,12,,"MAPFRE FINANZAS, E.F., S.A.",MAPFRE FINANZAS
EF,8428,908300,"CENTRAL CORDOBESA DE CREDITO, E.F, S.A.","CENTRAL CORDOBESA DE CREDITO, ENTIDAD DE FINANCIACION, S.A.",,A14014237,CL,GENERALISIMO,125,,14500,CORDOBA,,ES,,0,,0,,17/06/1985,.,0000,06/03/2008,18/03/1968,,14,,N,,,,,,,,,1,,CENTRAL CORDOBESA DE CREDITO,CECORCRESA
EF,8429,908300,"CENTRAL RIOJANA DE CREDITO, E.F., S.A.","CENTRAL RIOJANA DE CREDITO, ENTIDAD DE CREDITO, S.A.",,A28238707,CL,MARQUES DE MURRIETA,22,,26005,LOGROÑO,LA RIOJA,ES,,0,,0,,18/04/1983,POR CAMBIO DE OBJETO SOCIAL,0000,06/03/2008,23/03/1970,,26,,N,,,,,,,,,17,,CENTRAL RIOJANA DE CREDITO,CERICRESA
EF,8430,908300,"MAPFRE FINANZAS DEL ATLANTICO, E.F., S.A.","MAPFRE FINANZAS DEL ATLANTICO, ENTIDAD DE FINANCIACION, S.A.",,A38004321,UR,ANAGA,,PL. BAJA,38001,SANTA CRUZ DE TENERIFE,,ES,,922285800,,0,,17/05/1993,POR FUSION POR ABSORCION POR,8427,27/09/2000,04/04/1968,,38,,N,,,,,,,,,5,"MAPFRE FINANZAS, ENTIDAD DE FINANCIACION, S.A.",MAPFRE FINANZAS DEL ATLANTICO,MAPFRE ATLAN
EF,8431,908300,"CENTRAL MURCIANA DE CREDITO, E.F., S.A.","CENTRAL MURCIANA DE CREDITO, ENTIDAD DE FINANCIACION, S.A.",,A99014581,AV,GRAN VIA DE JOSE ANTONIO,21-27,,30005,MURCIA,,ES,,0,,0,,21/05/1984,.,0000,06/03/2008,27/04/1968,,30,,N,,,,,,,,,13,,"CENTRAL MURCIANA DE CREDITO, E.F.",CEMURCRESA
EF,8432,908300,COMPAÑIA DE FINANCIACION DE EQUIPAMIENTOS,"COMPAÑIA DE FINANCIACION DE EQUIPAMIENTOS, S.A.",,A08542110,CL,SAN BRUNO,170,,8911,BADALONA,BARCELONA,ES,,0,,0,,07/06/1991,ACUERDO DEL CONSEJO DE MINISTROS DE FECHA 27.03.1991,0000,06/03/2008,20/12/1978,,8,,N,,,,,,,,,9,,COMPAÑIA FINANCIACION EQUIPAMIENTOS,COFIDESA CIA
EF,8433,908300,"BEX FINANZAS, S.A., E.F.","BEX FINANZAS, S.A., ENTIDAD DE FINANCIACION",,A28165769,CL,ZORRILLA,3,,28014,MADRID,,ES,,915377976,,915378211,,18/03/1993,POR FUSION POR ABSORCION POR,0104,18/10/2000,04/02/1966,,28,,N,,,,,,,,,12,"BANCO EXTERIOR DE ESPAÑA, S.A.","BEX FINANZAS, S.A., E.F.",BEXFINANZAS
EF,8434,908300,"FIAC IBERICA, S.A., E.F.","FIAC IBERICA, S.A., ENTIDAD DE FINANCIACION",,A28452548,CL,ARTURO SORIA,310,PL. 3,28033,MADRID,,ES,,0,,0,,07/06/1991,POR ACUERDO DEL CONSEJO DE MINISTROS DE FECHA 27.03.1991,0000,06/03/2008,10/12/1976,,28,,N,,,,,,,,,12,,"FIAC IBERICA, S.A., E.F.",FIAC IBERICA
EF,8435,908300,"SOGEFIN CREDITO S.A., ENTIDAD DE FINANCIACION","SOGEFIN CREDITO, S.A., ENTIDAD DE FINANCIACION",,A28241479,PZ,CATALUÑA,20,,8002,BARCELONA,,ES,,933027878,,933022095,,13/05/1996,POR CAMBIO DE OBJETO SOCIAL,0000,06/03/2008,13/04/1970,,8,,N,,,,,,,,,9,,"SOGEFIN CREDITO S.A., E.F.",SOGEFIN CREDITO
EF,8436,908300,ENTIDAD DE FINANCIACION E INVERSIONES ARAGONESAS,"ENTIDAD DE FINANCIACION E INVERSIONES ARAGONESAS, S.A.",,A99014599,CL,BILBAO,11,,50004,ZARAGOZA,,ES,,0,,0,,08/10/1987,.,0000,06/03/2008,29/09/1976,,50,,N,,,,,,,,,2,,"E.F. INVERSIONES ARAGONESAS, S.A.",FINAN.INV.AR
EF,8437,908300,"CENTRAL ALAVESA DE CREDITO, E.F., S.A.","CENTRAL ALAVESA DE CREDITO, ENTIDAD DE FINANCIACION, S.A.",,A99014607,CL,HONDURAS,14,,1009,VITORIA,ALAVA,ES,,0,,0,,03/12/1984,POR FUSION POR ABSORCION POR,8505,06/03/2008,01/06/1968,,1,,N,,,,,,,,,16,"MAPFRE FINANZAS DEL NORTE, S.A.","CENTRAL ALAVESA DE CREDITO, E.F.",CENTRALCRESA
EF,8438,908300,"CENTRAL JIENENSE DE CREDITO, E.F., S.A.","CENTRAL JIENENSE DE CREDITO, ENTIDAD DE FINANCIACION, S.A.",,A99014615,AV,GENERALISIMO,17,,23001,JAEN,,ES,,0,,0,,04/03/1985,.,0000,06/03/2008,05/10/1968,,23,,N,,,,,,,,,1,,"CENTRAL JIENENSE DE CREDITO, E.F.",CEJICRESA
EF,8439,908300,"CENTRAL GERUNDENSE DE CREDITO, E.F., S.A.","CENTRAL GERUNDENSE DE CREDITO, ENTIDAD DE FINANCIACION, S.A.",,A99014623,CL,FRANCISCO CIURANA,24-26,PL. PRAL.,17002,GERONA,,ES,,0,,0,,24/05/1984,.,0000,06/03/2008,21/04/1971,,17,,N,,,,,,,,,9,,"CENTRAL GERUNDENSE DE CREDITO, E.F.",CEGERCRESA
EF,8440,908300,"CENTRAL MONTAÑESA DE CREDITO, E.F., S.A.","CENTRAL MONTAÑESA DE CREDITO, ENTIDAD DE FINANCIACION, S.A.",,A99014631,CL,MARQUES DE LA HERMIDA,14,,39009,SANTANDER,CANTABRIA,ES,,0,,0,,20/02/1985,POR FUSION POR ABSORCION POR,8427,06/03/2008,17/03/1967,,39,,N,,,,,,,,,6,"MAPFRE FINANZAS, ENTIDAD DE FINANCIACION, S.A.","CENTRAL MONTAÑESA DE CREDITO, E.F.",CEMONCRESA
EF,8441,908300,"CENTRAL ASTURIANA DE CREDITO, E.F., S.A.","CENTRAL ASTURIANA DE CREDITO, ENTIDAD DE FINANCIACION, S.A.",,A99014649,CL,MARQUES DE PIDAL,10,,33004,OVIEDO,ASTURIAS,ES,,0,,0,,27/01/1986,.,0000,06/03/2008,17/03/1967,,33,,N,,,,,,,,,3,,"CENTRAL ASTURIANA DE CREDITO, E.F.",CENASCRESA
EF,8442,908300,"CENTRAL VIGUESA DE CREDITO, S.A.","CENTRAL VIGUESA DE CREDITO, S.A.",,A99014656,CL,SIMON BOLIVAR,6,,36203,VIGO,PONTEVEDRA,ES,,0,,0,,21/05/1984,.,0000,06/03/2008,25/11/1969,,36,,N,,,,,,,,,11,,"CENTRAL VIGUESA DE CREDITO, S.A.",CEVICRESA
EF,8443,908300,"INVERSIONES CACEREÑAS, S.A., E.F.","INVERSIONES CACEREÑAS, S.A., ENTIDAD DE FINANCIACION",,A10005692,AV,VIRGEN DE GUADALUPE,9,,10001,CACERES,,ES,,927225900,,0,,07/06/1991,POR ACUERDO DEL CONSEJO DE MINISTROS DE FECHA 27.03.1991,0000,06/03/2008,21/06/1972,,10,,N,,,,,,,,,10,,"INVERSIONES CACEREÑAS, S.A., E.F.",IN CACEREÑAS
EF,8444,908300,"CREFISA, ENTIDAD DE FINANCIACION, S.A.","CREFISA, ENTIDAD DE FINANCIACION, S.A.",,A31038102,CL,AMAYA,3,,31002,PAMPLONA,NAVARRA,ES,,948246362,,0,,07/06/1991,POR ACUERDO DEL CONSEJO DE MINISTROS DE FECHA 27.03.1991,0000,06/03/2008,08/07/1972,,31,,N,,,,,,,,,14,,"CREFISA, E.F., S.A.",CREFISA FINA
EF,8445,908300,"CENTRAL CATALANA DE INVERSIONES, S.A., E.F.","CENTRAL CATALANA DE INVERSIONES, S.A., ENTIDAD DE FINANCIACION",,A99014664,CL,CASANOVA,2-4,,8011,BARCELONA,,ES,,0,,0,,07/02/1985,POR FUSION POR ABSORCION POR,8479,06/03/2008,03/06/1968,,8,,N,,,,,,,,,9,"MAPFRE FINANZAS DE LEVANTE, ENTIDAD DE FINANCIACION, S.A.",CENTRAL CATALANA DE INVERSIONES,CECAINSA
EF,8446,908300,"CENTRAL EXTREMEÑA DE CREDITO, S.A., E.F.","CENTRAL EXTREMEÑA DE CREDITO, S.A., ENTIDAD DE FINANCIACION",,A99014672,AV,JOSE ANTONIO,37,,6002,BADAJOZ,,ES,,0,,0,,20/02/1985,POR FUSION POR ABSORCION POR,8427,06/03/2008,01/02/1969,,6,,N,,,,,,,,,10,"MAPFRE FINANZAS, ENTIDAD DE FINANCIACION, S.A.","CENTRAL EXTREMEÑA DE CREDITO, S.A.",CEXCRESA
EF,8447,908300,"CREDITO HISPANO ARGENTINO, E.F., S.A.","CREDITO HISPANO ARGENTINO, ENTIDAD DE FINANCIACION, S.A.",,A08267296,AV,SARRIA,148,ATICO,8017,BARCELONA,,ES,,0,,0,,20/01/1986,.,0000,06/03/2008,08/06/1971,,8,,N,,,,,,,,,9,,"CREDITO HISPANO ARGENTINO, E.F.",CREHIARSA
EF,8448,908300,"COMPAÑIA DE FINANCIACION DE CARTERA, S.A.","COMPAÑIA DE FINANCIACION DE CARTERA, S.A.",,,PZ,ESPAÑA,4,,48001,BILBAO,VIZCAYA,ES,,0,,0,,08/07/1985,.,0000,06/03/2008,20/02/1979,,48,,N,,,,,,,,,16,,COMPAÑIA DE FINANCIACION DE CARTERA,COFICARSA
EF,8450,908300,"FINANCIERA INMOBILIARIA HERCA, S.A., E.F.","FINANCIERA INMOBILIARIA HERCA, S.A., ENTIDAD DE FINANCIACION",,A28328300,CL,CARRETAS,14,"PL. 6, PT. A",28012,MADRID,,ES,,0,,0,,04/02/1985,.,0000,06/03/2008,30/07/1973,,28,,N,,,,,,,,,12,,FINANCIERA INMOBILIARIA HERCA,FINHERCASA
EF,8451,908300,"CREDITOS CANARIOS, S.A., EMPRESA DE FINANCIACION","CREDITOS CANARIOS, S.A., EMPRESA DE FINANCIACION",,A35019074,CL,LEON Y CASTILLO,59,,35003,LAS PALMAS DE GRAN CANARIA,LAS PALMAS,ES,,0,,0,,04/11/1988,POR REVOCACION DE AUTORIZACION,0000,06/03/2008,07/05/1971,,35,,N,,,,,,,,,5,,"CREDITOS CANARIOS, S.A., E.F.",CDT CANARIOS
EF,8453,908300,"DOSFIN, S.A., ENTIDAD DE FINANCIACION","DOSFIN, S.A., ENTIDAD DE FINANCIACION",,A08569022,CL,BALMES,200,ATICO,8006,BARCELONA,,ES,,0,,0,,13/11/1987,POR REVOCACION DE AUTORIZACION,0000,06/03/2008,16/05/1979,,8,,N,,,,,,,,,9,,"DOSFIN, S.A., E.F.",DOSFINSA
EF,8454,908300,"CLUB CATALA DE CREDITS, E.F., S.A.","CLUB CATALA DE CREDITS, EMPRESA DE FINANCIACIO, SOCIETAT ANONIMA",,A08593394,CL,RIERA BLANCA,6-8,,8903,HOSPITALET DE LLOBREGAT,BARCELONA,ES,,0,,0,,13/11/1987,POR REVOCACION DE AUTORIZACION,0000,06/03/2008,13/09/1979,,8,,N,,,,,,,,,9,,CLUB CATALA DE CREDITS,CLUCACRESA
EF,8455,908300,"NUEVA ENTIDAD DE FINANCIACION, S.A. (NEDEFISA)","NUEVA ENTIDAD DE FINANCIACION, S.A. (NEDEFISA)",,A10010221,CL,SAN PEDRO DE ALCANTARA,6,"PL. 3,EDIF.GESFISCAL",10001,CACERES,,ES,,927248400,,927212195,,07/02/1995,POR CAMBIO DE OBJETO SOCIAL,0000,31/08/2000,19/01/1980,,10,,N,,,,,,,,,10,,"NUEVA ENTIDAD DE FINANCIACION, S.A.",NUEVA E.F.
EF,8456,908300,"CENTRAL LUCENSE DE CREDITO, E.F., S.A.","CENTRAL LUCENSE DE CREDITO, ENTIDAD DE FINANCIACION, S.A.",,A99014698,AV,RAMON FERREIRO,21,,27002,LUGO,,ES,,0,,0,,21/05/1984,.,0000,06/03/2008,10/06/1973,,27,,N,,,,,,,,,11,,"CENTRAL LUCENSE DE CREDITO, E.F.",CELUCRESA
EF,8457,908300,"CENTRAL MANCHEGA DE CREDITO, E.F., S.A.","CENTRAL MANCHEGA DE CREDITO, ENTIDAD DE FINANCIACION, S.A.",,A28240653,AV,MARTIRES,3,,13002,CIUDAD REAL,,ES,,0,,0,,25/05/1983,.,0000,06/03/2008,18/04/1970,,13,,N,,,,,,,,,8,,CENTRAL MANCHEGA DE CREDITO,CEMANCRESA
EF,8520,908300,"FIAR, S.A.","FIAR, S.A.",,A99014854,CL,COLON,7,,46004,VALENCIA,,ES,,0,,0,,22/02/1984,.,0000,06/03/2008,05/08/1975,,46,,N,,,,,,,,,15,,"FIAR, S.A.",FIARSA
EF,8458,908300,"MAPFRE FINANZAS DE GUIPUZCOA, E.F., S.A.","MAPFRE FINANZAS DE GUIPUZCOA, ENTIDAD DE FINANCIACION, S.A.",,A99014706,CL,VERGARA,20,,20005,SAN SEBASTIAN,GUIPUZCOA,ES,,0,,0,,27/02/1987,.,0000,06/03/2008,10/11/1967,,20,,N,,,,,,,,,16,,"MAPFRE FINANZAS DE GUIPUZCOA, E.F.",MAPFRE GUIPU
EF,8459,908300,"CENTRAL GRANADINA DE CREDITO, E.F., S.A.","CENTRAL GRANADINA DE CREDITO, ENTIDAD DE FINANCIACION, S.A.",,A99014714,CL,CALVO SOTELO,42,,18000,GRANADA,,ES,,0,,0,,21/05/1984,.,0000,06/03/2008,10/11/1969,,18,,N,,,,,,,,,1,,"CENTRAL GRANADINA DE CREDITO, E.F.",CEGRACRESA
EF,8460,908300,"MAPFRE FINANZAS DE ANDALUCIA, E.F., S.A.","MAPFRE FINANZAS DE ANDALUCIA, ENTIDAD DE FINANCIACION, S.A.",,A41023813,AV,REPUBLICA ARGENTINA,43,,41011,SEVILLA,,ES,,954452021,,954451624,,17/05/1993,POR FUSION POR ABSORCION POR,8427,31/08/2000,29/03/1968,,41,,N,,,,,,,,,1,"MAPFRE FINANZAS, ENTIDAD DE FINANCIACION, S.A.",MAPFRE FINANZAS DE ANDALUCIA,MAPFRE ANDAL
EF,8461,908300,"CENTRAL CORUÑESA DE CREDITO, E.F., S.A.","CENTRAL CORUÑESA DE CREDITO, ENTIDAD DE FINANCIACION, S.A.",,A15015472,CL,MAGISTRADO MANUEL ARTIME,18,,15004,LA CORUÑA,,ES,,0,,0,,08/06/1984,.,0000,06/03/2008,17/05/1968,,15,,N,,,,,,,,,11,,"CENTRAL CORUÑESA DE CREDITO, E.F.",CENCOCRESA
EF,8462,908300,"CENTRAL ALICANTINA DE CREDITO, E.F., S.A.","CENTRAL ALICANTINA DE CREDITO, ENTIDAD DE FINANCIACION, S.A.",,A99014722,AV,DOCTOR GADEA,4,,3001,ALICANTE,,ES,,0,,0,,27/01/1986,.,0000,06/03/2008,22/10/1968,,3,,N,,,,,,,,,15,,"CENTRAL ALICANTINA DE CREDITO, E.F.",CENTRALCRESA
EF,8463,908300,"CENTRAL FINANCIERA DE ARAGON, E.F.","CENTRAL FINANCIERA DE ARAGON, ENTIDAD DE FINANCIACION",,A99014730,CL,FRANCISCO VITORIA,8-12,,50008,ZARAGOZA,,ES,,0,,0,,21/05/1984,.,0000,06/03/2008,22/06/1968,,50,,N,,,,,,,,,2,,"CENTRAL FINANCIERA DE ARAGON, E.F.",CEFIARSA
EF,8464,908300,"CENTRAL ZARAGOZANA DE CREDITO, E.F., S.A.","CENTRAL ZARAGOZANA DE CREDITO, ENTIDAD DE FINANCIACION, S.A.",,A99014748,CL,PATRICIO FRONTIÑAN,S/N,,50004,ZARAGOZA,,ES,,0,,0,,06/10/1983,POR FUSION POR ABSORCION POR,8334,06/03/2008,13/05/1968,,50,,N,,,,,,,,,2,"MAPFRE FINANZAS DE NAVARRA, ARAGON Y RIOJA, ENTIDAD DE FINANCIACION, S.A.","CENTRAL ZARAGOZANA DE CREDITO, E.F.",CEZACRESA
EF,8465,908300,"COMPAÑIA VASCONGADA DE FINANCIACION, S.A.","COMPAÑIA VASCONGADA DE FINANCIACION, S.A.",,A20026910,CL,VERGARA,4,,20005,SAN SEBASTIAN,GUIPUZCOA,ES,,0,,0,,20/01/1986,.,0000,06/03/2008,19/02/1965,,20,,N,,,,,,,,,16,,COMPAÑIA VASCONGADA DE FINANCIACION,COVAFINSA
EF,8466,908300,"POLINVEST, SOCIEDAD ANONIMA DE FINANCIACION","POLINVEST, SOCIEDAD ANONIMA DE FINANCIACION",,A08363491,AV,DIAGONAL,477,PL. 12,8036,BARCELONA,,ES,,934051447,,934052634,,04/02/1993,POR CAMBIO DE OBJETO SOCIAL,0000,31/08/2000,19/12/1974,,8,,N,,,,,,,,,9,,"POLINVEST, S.A.F.",POLINVEST FI
EF,8467,908300,"TRADEFIN, SOCIEDAD ANONIMA, E.F.","TRADEFIN, SOCIEDAD ANONIMA, ENTIDAD DE FINANCIACION",,A08231656,CL,MOYA,1,,8006,BARCELONA,,ES,,0,,0,,27/03/1984,.,0000,06/03/2008,25/02/1969,,8,,N,,,,,,,,,9,,"TRADEFIN, S.A., E.F.",TRADEFINSA
EF,8468,908300,"ORGANIZACION IBERICA DE FINANZAS, S.A.","ORGANIZACION IBERICA DE FINANZAS, S.A., COMPAÑIA DE FINANCIACION",,A28629475,CL,LOPEZ DE HOYOS,42,PL. 3,28006,MADRID,,ES,,912625411,,915637361,,24/05/1993,POR CAMBIO DE OBJETO SOCIAL,0000,31/08/2000,16/01/1980,,28,,N,,,,,,,,,12,,ORGANIZACION IBERICA DE FINANZAS,ORG IBER FIN
EF,8469,908300,"ENTIDAD DE FINANCIACION TALAVERANA, S.A.","ENTIDAD DE FINANCIACION TALAVERANA, S.A.",,A45014461,AV,TOLEDO,1,,45600,TALAVERA DE LA REINA,TOLEDO,ES,,0,,0,,10/12/1985,.,0000,06/03/2008,24/01/1980,,45,,N,,,,,,,,,8,,ENTIDAD DE FINANCIACION TALAVERANA,ENFITASA
EF,8470,908300,"FINANCIERA LEVANTINA DE AUTOMOVILES, E.F., S.A.","FINANCIERA LEVANTINA DE AUTOMOVILES, ENTIDAD DE FINANCIACION, S.A.",,A46050563,CL,CIRILO AMOROS,27,PL. 5 - B,46004,VALENCIA,,ES,,963521210,,0,,08/11/1993,POR DISOLUCION,0000,06/03/2008,26/01/1971,,46,,N,,,,,,,,,15,,FINANCIERA LEVANTINA DE AUTOMOVILES,FILESA
EF,8471,908300,"CORPORACION FINANCIERA HISPANO SUIZA, S.A., E.F.","CORPORACION FINANCIERA HISPANO SUIZA, SOCIEDAD ANONIMA, ENTIDAD DE FINANCIACION",,A28352862,CL,CLAUDIO COELLO,16,,28001,MADRID,,ES,,914311540,,915770934,,02/01/1997,"R.D. 692/1996, DE 26 DE ABRIL (D.T. 4ª)",0000,31/08/2000,28/05/1974,,28,,N,,,,,,,,,12,,CORP. FINANCIERA HISPANO SUIZA,HISPANO SUIZA
EF,8472,908300,"FINANCIERA RURAL Y DE INVERSIONES, S.A., E. F.","FINANCIERA RURAL Y DE INVERSIONES, S.A., ENTIDAD DE FINANCIACION",,A45008422,AV,CARLOS V,20,,41004,SEVILLA,,ES,,954659912,,954651800,,04/03/1994,POR CAMBIO DE OBJETO SOCIAL,0000,06/03/2008,03/02/1976,,41,,N,,,,,,,,,1,,FINANCIERA RURAL Y DE INVERSIONES,FINANCIERARURAL
EF,8473,908300,"ASURBAN, S.A., ENTIDAD DE FINANCIACION","ASURBAN, S.A., ENTIDAD DE FINANCIACION",,A28341162,PS,HABANA,14,,28036,MADRID,,ES,,0,,0,,09/05/1988,A PETICION PROPIA,0000,06/03/2008,05/04/1974,,28,,N,,,,,,,,,12,,"ASURBAN, S.A., E.F.",ASURBAN FINA
EF,8474,908300,"FOMENTO DE CREDITO Y COMERCIO, S.A., E.F.","FOMENTO DE CREDITO Y COMERCIO, S.A., ENTIDAD DE FINANCIACION",,A08097115,CL,CORCEGA,301-303,303 - PL. 1,8008,BARCELONA,,ES,,932179900,,932375309,,08/03/1994,POR CAMBIO DE OBJETO SOCIAL,0000,31/08/2000,21/05/1962,,8,,N,,,,,,,,,9,,FOMENTO DE CREDITO Y COMERCIO,FOCRECOM S A
EF,8475,908300,"CREDITOS SALMANTINOS, S.A.","CREDITOS SALMANTINOS, S.A.",,A37001484,CL,PRADO,13,,37008,SALAMANCA,,ES,,0,,0,,19/08/1991,POR ACUERDO DEL CONSEJO DE MINISTROS DE FECHA 27.03.1991,0000,06/03/2008,11/11/1947,,37,,N,,,,,,,,,7,,"CREDITOS SALMANTINOS, S.A.",CDTOS SALMAN
EF,8476,908300,"GIRONA FACTORS, SOCIEDAD ANONIMA DE FINANCIACION","GIRONA FACTORS, SOCIEDAD ANONIMA DE FINANCIACION",,A17029927,CL,JAIME I,41,,17003,GERONA,,ES,,0,,0,,04/11/1988,POR REVOCACION DE AUTORIZACION,0000,06/03/2008,14/09/1976,,17,,N,,,,,,,,,9,,"GIRONA FACTORS, S.A.F.",GIRONA FACTO
EF,8477,908300,"TOFISA, ENTIDAD DE FINANCIACION, S.A.","TOFISA, ENTIDAD DE FINANCIACION, S.A.",,A23053671,CL,GENERALISIMO FRANCO,5,,20400,TOLOSA,GUIPUZCOA,ES,,0,,0,,03/12/1984,POR FUSION POR ABSORCION POR,8458,06/03/2008,25/04/1973,,20,,N,,,,,,,,,16,"MAPFRE FINANZAS DE GUIPUZCOA, ENTIDAD DE FINANCIACION, S.A.","TOFISA, E.F., S.A.",TOFISA
EF,8478,908300,"CENTRAL TARRACONENSE DE CREDITO, E.F., S.A.","CENTRAL TARRACONENSE DE CREDITO, ENTIDAD DE FINANCIACION, S.A.",,A43015916,CL,HIGINIO ANGLES,1,,43001,TARRAGONA,,ES,,0,,0,,21/05/1984,.,0000,06/03/2008,24/05/1971,,43,,N,,,,,,,,,9,,CENTRAL TARRACONENSE DE CREDITO,CETACRESA
EF,8479,908300,"MAPFRE FINANZAS DE CATALUÑA Y BALEARES, E.F.","MAPFRE FINANZAS DE CATALUÑA Y BALEARES, ENTIDAD DE FINANCIACION, S.A.",,A46035671,AV,DIAGONAL,579-585,,8014,BARCELONA,,ES,,963621022,,0,,17/05/1993,POR FUSION POR ABSORCION POR,8427,27/09/2000,23/03/1982,,8,,N,,,,,,,,,9,"MAPFRE FINANZAS, ENTIDAD DE FINANCIACION, S.A.",MAPFRE FINANZAS CATALUÑA Y BALEARES,MAPFRE CATAL
EF,8480,908300,"CENTRAL ALMERIENSE DE CREDITO, E.F., S.A.","CENTRAL ALMERIENSE DE CREDITO, ENTIDAD DE FINANCIACION, S.A.",,A99014755,CL,GENERAL TAMAYO,13,,4001,ALMERIA,,ES,,0,,0,,04/03/1985,.,0000,06/03/2008,01/04/1970,,4,,N,,,,,,,,,1,,"CENTRAL ALMERIENSE DE CREDITO, E.F.",CENALCRESA
EF,8481,908300,"FICOVAL, ENTIDAD DE FINANCIACION, S.A.","FICOVAL, ENTIDAD DE FINANCIACION, S.A.",,A46057022,CL,DOCTOR GIL Y MORTE,16,PL. 2 A,46007,VALENCIA,,ES,,963420333,,0,,09/03/1994,POR CAMBIO DE OBJETO SOCIAL,0000,06/03/2008,09/10/1972,,46,,N,,,,,,,,,15,,"FICOVAL, E.F., S.A.",FICOVAL FINA
EF,8482,908300,"FINDER, S.A., ENTIDAD DE FINANCIACION","FINDER, SOCIEDAD ANONIMA, ENTIDAD DE FINANCIACION",,A08391302,CL,TRAVESERA DE LAS CORTS,356,,8029,BARCELONA,,ES,,930000000,,0,,07/06/1991,POR ACUERDO DEL CONSEJO DE MINISTROS DE FECHA 27.03.1991,0000,06/03/2008,06/10/1965,,8,,N,,,,,,,,,9,,"FINDER, S.A., E.F.",FINDER FINAN
EF,8483,908300,"INVERSION, CREDITO Y DESARROLLO, S.A., E.F.","INVERSION, CREDITO Y DESARROLLO, SOCIEDAD ANONIMA, ENTIDAD DE FINANCIACION",,A08398992,CL,PAU CLARIS,158,PL. 5,8009,BARCELONA,,ES,,0,,0,,24/04/1989,A PETICION PROPIA,0000,06/03/2008,17/02/1976,,8,,N,,,,,,,,,9,,"INVERSION, CREDITO Y DESARROLLO",INVERCREDESA
EF,8484,908300,"NORTES FINANCIEROS, ENTIDAD DE FINANCIACION, S.A.","NORTES FINANCIEROS, ENTIDAD DE FINANCIACION, S.A.",,A48080139,CL,COLON DE LARREATEGUI,26,PL. 2,48009,BILBAO,VIZCAYA,ES,,0,,0,,23/02/1987,.,0000,06/03/2008,09/11/1976,,48,,N,,,,,,,,,16,,"NORTES FINANCIEROS, E.F., S.A.",NORFISA
EF,8485,908300,"ATLANTIS VALENCIA, S.A., E.F.","ATLANTIS VALENCIA, S.A., ENTIDAD DE FINANCIACION",,A08266538,CL,MORATIN,11,"PL. 2, PT. 9",46002,VALENCIA,,ES,,0,,0,,22/11/1983,.,0000,06/03/2008,07/03/1971,,46,,N,,,,,,,,,15,,"ATLANTIS VALENCIA, S.A., E.F.",ATLANTTIS V
EF,8486,908300,"SOMER, S.A., ENTIDAD DE FINANCIACION","SOMER, S.A., ENTIDAD DE FINANCIACION",,A99014763,CL,TRAVESERA DE GRACIA,18-20,,8021,BARCELONA,,ES,,0,,0,,22/11/1983,.,0000,06/03/2008,02/05/1974,,8,,N,,,,,,,,,9,,"SOMER, S.A., E.F.",SOMERSA
EF,8487,908300,"PROMOCIONES E INVERSIONES DE MADRID, S.A., E.F.","PROMOCIONES E INVERSIONES DE MADRID, SOCIEDAD ANONIMA, ENTIDAD DE FINANCIACION",,A28425163,CL,ORFILA,5,PL. 2,28010,MADRID,,ES,,0,,0,,22/11/1983,.,0000,06/03/2008,02/04/1976,,28,,N,,,,,,,,,12,,PROMOCIONES E INVERSIONES DE MADRID,PROINMASA
EF,8488,908300,"ESTUDIOS Y FINANCIACION, S.A., CIA. FINANCIACION","ESTUDIOS Y FINANCIACION, S.A., COMPAÑIA DE FINANCIACION",,A31013329,CL,CORTES DE NAVARRA,S/N,EDIFICIO CARLOS III,31002,PAMPLONA,NAVARRA,ES,,0,,0,,08/05/1984,.,0000,06/03/2008,13/07/1965,,31,,N,,,,,,,,,14,,"ESTUDIOS Y FINANCIACION, S.A.",ESFINANSA
EF,8489,908300,"FINANCIADORA CORUÑESA, S.A., E.F.","FINANCIADORA CORUÑESA, S.A., ENTIDAD DE FINANCIACION",,A15012230,CL,CANTON GRANDE,16,,15003,LA CORUÑA,,ES,,0,,0,,13/11/1987,POR REVOCACION DE AUTORIZACION,0000,06/03/2008,11/09/1965,,15,,N,,,,,,,,,11,,"FINANCIADORA CORUÑESA, S.A., E.F.",FINCORSA
EF,8492,908300,"CENTRAL CACEREÑA DE CREDITO, E.F., S.A.","CENTRAL CACEREÑA DE CREDITO, ENTIDAD DE FINANCIACION, S.A.",,A99014771,CL,GIL CORDERO,4,,10001,CACERES,,ES,,0,,0,,20/02/1985,POR FUSION POR ABSORCION POR,8427,06/03/2008,06/11/1971,,10,,N,,,,,,,,,10,"MAPFRE FINANZAS, ENTIDAD DE FINANCIACION, S.A.",CENTRAL CACEREÑA DE CREDITO,CECACRESA
EF,8493,908300,"CENTRAL GADITANA DE CREDITO, E.F., S.A.","CENTRAL GADITANA DE CREDITO, ENTIDAD DE FINANCIACION, S.A.",,A11605698,CL,DIEGO FERNANDEZ HERRERA,9,,11401,JEREZ DE LA FRONTERA,CADIZ,ES,,0,,0,,17/06/1985,.,0000,06/03/2008,16/11/1971,,11,,N,,,,,,,,,1,,"CENTRAL GADITANA DE CREDITO, E.F.",CEGACRESA
EF,8494,908300,"CENTRAL BURGALESA DE CREDITO, E.F., S.A.","CENTRAL BURGALESA DE CREDITO, ENTIDAD DE FINANCIACION, S.A.",,A99014789,AV,CID CAMPEADOR,3,,9003,BURGOS,,ES,,0,,0,,21/05/1984,.,0000,06/03/2008,23/05/1970,,9,,N,,,,,,,,,7,,"CENTRAL BURGALESA DE CREDITO, E.F.",CENBURCRESA
EF,8495,908300,"CONSTANT, ENTIDAD DE FINANCIACION, S.A.","CONSTANT, ENTIDAD DE FINANCIACION, S.A.",,A08319253,AV,ALCALDE J. RAMIREZ BETHENCOURT,13,,35004,LAS PALMAS DE GRAN CANARIA,LAS PALMAS,ES,,932090266,,932023796,,02/01/1997,R.D. 692/1996 DE 26 DE ABRIL (D.P. 4)Y CAMBIO OBJETO SOCIAL,0000,06/03/2008,31/01/1969,,35,,N,,,,,,,,,5,,"CONSTANT, E.F., S.A.",CONSTANT
EF,8496,908300,"INVERFINANZ, COMPAÑIA DE FINANCIACION, S.A.","INVERFINANZ, COMPAÑIA DE FINANCIACION, S.A.",,A41262692,PS,HABANA,87,,28036,MADRID,,ES,,0,,0,,13/11/1987,.,0000,06/03/2008,12/02/1976,,28,,N,,,,,,,,,12,,"INVERFINANZ, CIA. DE FINANCIACION",INVERFINANZ
EF,8497,908300,"CREDITOS LAR, S.A., ENTIDAD DE FINANCIACION","CREDITOS LAR, S.A., ENTIDAD DE FINANCIACION",,A08256349,CL,ANGEL GUIMERA,52,PL. 2,8240,MANRESA,BARCELONA,ES,,938726944,,0,,03/03/1994,POR CAMBIO DE OBJETO SOCIAL,0000,31/08/2000,23/12/1969,,8,,N,,,,,,,,,9,,"CREDITOS LAR, S.A., E.F.",CREDITOS LAR
EF,8499,908300,"GENERAL FINANCIERA EUROPEA, S.A., E.F.","GENERAL FINANCIERA EUROPEA, SOCIEDAD ANONIMA, ENTIDAD DE FINANCIACION",,A07023757,CL,FOIX,26,,43881,CUNIT,TARRAGONA,ES,,977672753,,977672753,,02/01/1997,"POR R.D. 692/1996, DE 26 DE ABRIL (D.T.4) Y CAMBIO DE OBJETO SOCIAL",0000,06/03/2008,16/12/1970,,43,,N,,,,,,,,,9,,"GENERAL FINANCIERA EUROPEA, S.A.",FINEUROPEA
EF,8500,908300,"FINANCIERA SIMEON, S.A., ENTIDAD DE FINANCIACION","FINANCIERA SIMEON, S.A., ENTIDAD DE FINANCIACION",,A99014797,CL,DOCTOR CADAVAL,2,,36202,VIGO,PONTEVEDRA,ES,,0,,0,,04/11/1988,POR REVOCACION DE AUTORIZACION,0000,06/03/2008,11/08/1963,,36,,N,,,,,,,,,11,,"FINANCIERA SIMEON, S.A., E.F.",SIMEON FINA
EF,8501,908300,"CAPITAL Y SERVICIOS, S.A., ENTIDAD DE FINANCIACION","CAPITAL Y SERVICIOS, S.A., ENTIDAD DE FINANCIACION",,A28428068,PS,HABANA,48,,28036,MADRID,,ES,,0,,0,,08/03/1984,.,0000,06/03/2008,26/04/1976,,28,,N,,,,,,,,,12,,"CAPITAL Y SERVICIOS, S.A., E.F.",CASERSA
EF,8502,908300,"GALAICA DE FINANCIACION, SOCIEDAD ANONIMA","GALAICA DE FINANCIACION, SOCIEDAD ANONIMA",,A36611739,CL,POLICARPO SANZ,12,PL. 2,36202,VIGO,PONTEVEDRA,ES,,986227656,,0,,01/12/1993,POR DISOLUCION,0000,06/03/2008,16/12/1974,,36,,N,,,,,,,,,11,,"GALAICA DE FINANCIACION, S.A.",GALFISA
EF,8503,908300,"SERVICIOS Y FINANZAS DE CATALUÑA, E.F., S.A.","SERVICIOS Y FINANZAS DE CATALUÑA, ENTIDAD DE FINANCIACION, S.A.",,A43018076,CL,CALVO SOTELO,41 BIS,,43201,REUS,TARRAGONA,ES,,0,,0,,20/02/1984,.,0000,06/03/2008,27/07/1973,,43,,N,,,,,,,,,9,,SERVICIOS Y FINANZAS DE CATALUÑA,SERFICASA
EF,8504,908300,"FINANZA, CIA. DE FINANCIACION, CREDITO Y FIDUCIA","FINANZA, COMPAÑIA DE FINANCIACION, CREDITO Y FIDUCIA, S.A.",,A99014805,RD,SAN PEDRO,8,,8010,BARCELONA,,ES,,0,,0,,29/10/1984,.,0000,06/03/2008,31/12/1957,,8,,N,,,,,,,,,9,,"FINANZA, CIA. FINAN. CTO. Y FIDUCIA",FINANZA
EF,8505,908300,"MAPFRE FINANZAS DEL NORTE, S.A.","MAPFRE FINANZAS DEL NORTE, S.A.",,A99014813,AV,SABINO ARANA,4,,48013,BILBAO,VIZCAYA,ES,,0,,0,,27/02/1987,.,0000,06/03/2008,28/06/1968,,48,,N,,,,,,,,,16,,"MAPFRE FINANZAS DEL NORTE, S.A.",MAPFRE F.NOR
EF,8506,908300,"ACCION FINANCIERA, SOCIEDAD ANONIMA","ACCION FINANCIERA, SOCIEDAD ANONIMA",,A08230609,AV,DIAGONAL,612,,8021,BARCELONA,,ES,,0,,0,,13/11/1987,POR REVOCACION DE AUTORIZACION,0000,06/03/2008,28/11/1967,,8,,N,,,,,,,,,9,,"ACCION FINANCIERA, SOCIEDAD ANONIMA",ACCFINANCIER
EF,8507,908300,"GETAFE FINANCIACIONES, S.A.","GETAFE FINANCIACIONES, S.A.",,A28412310,AV,ESPAÑA,4,PL. 2,28903,GETAFE,MADRID,ES,,0,,0,,07/04/1985,.,0000,06/03/2008,23/12/1975,,28,,N,,,,,,,,,12,,"GETAFE FINANCIACIONES, S.A.",GETAFESA
EF,8508,908300,"FINANCIERA GASMA, ENTIDAD DE FINANCIACION, S.A.","FINANCIERA GASMA, ENTIDAD DE FINANCIACION, S.A.",,A99014250,CL,BLANCAS,2,"PL. 4, PL D",50001,ZARAGOZA,,ES,,0,,0,,30/10/1982,A PETICION PROPIA,0000,06/03/2008,28/05/1975,,50,,N,,,,,,,,,2,,"FINANCIERA GASMA, E.F., S.A.","GASMA, S.A."
EF,8509,908300,"INMOBILIARIA FINANCIERA CATALANA, S.A.","INMOBILIARIA FINANCIERA CATALANA, S.A.",,A08453680,CL,RIERA SAN MIGUEL,5 BIS,,8006,BARCELONA,,ES,,0,,0,,19/07/1988,.,0000,06/03/2008,25/04/1977,,8,,N,,,,,,,,,9,,INMOBILIARIA FINANCIERA CATALANA,INM FIN CATA
EF,8510,908300,"SOLFISA, SOCIEDAD ANONIMA","SOLFISA, SOCIEDAD ANONIMA",,A08343212,AV,GRAN VIA,80-82,,8902,HOSPITALET DE LLOBREGAT,BARCELONA,ES,,933367717,,0,,03/06/1993,CAMBIO OBJETO SOCIAL,0000,06/03/2008,22/04/1974,,8,,N,,,,,,,,,9,,"SOLFISA, SOCIEDAD ANONIMA",SOLFISA
EF,8511,908300,"GESTION BARCELONESA, SDAD. ANONIMA DE FINANCIACION","GESTION BARCELONESA, SOCIEDAD ANONIMA DE FINANCIACION",,A08227183,CL,BALMES,205,BAJOS,8006,BARCELONA,,ES,,930000000,,0,,24/11/1993,POR ACUERDO DEL CONSEJO DE MINISTROS DE FECHA 31.07.1992,0000,31/08/2000,03/12/1968,,8,,N,,,,,,,,,9,,"GESTION BARCELONESA, S.A.F.",GEBASA SAF
EF,8513,908300,"FINANCIERA DEL CANTABRICO, S.A.F.","FINANCIERA DEL CANTABRICO, SOCIEDAD ANONIMA DE FINANCIACION",,A24010563,AV,MADRID,116,,24005,LEON,,ES,,987209112,,0,,16/10/1992,POR CAMBIO DE OBJETO SOCIAL,0000,06/03/2008,12/04/1975,,24,,N,,,,,,,,,7,,"FINANCIERA DEL CANTABRICO, S.A.F.",F CANTABRICO
EF,8514,908300,SOCIEDAD ANONIMA NAVARRA DE FINANCIACION,SOCIEDAD ANONIMA NAVARRA DE FINANCIACION,,A31065162,CL,HERMANOS IMAZ,2,BAJO,31002,PAMPLONA,NAVARRA,ES,,948224606,,0,,10/11/1992,POR CAMBIO DE OBJETO SOCIAL,0000,31/08/2000,14/03/1976,,31,,N,,,,,,,,,14,,SDAD. ANONIMA NAVARRA FINANCIACION,SANA
EF,8515,908300,"FINANCIERA DEL GENIL, S.A., E.F.","FINANCIERA DEL GENIL, S.A., ENTIDAD DE FINANCIACION",,A14022586,CL,PAREJO Y CAÑERO,25,BAJO,14500,PUENTE GENIL,CORDOBA,ES,,957600780,,957600780,,05/01/1996,POR CAMBIO DE OBJETO SOCIAL,0000,06/03/2008,16/07/1973,,14,,N,,,,,,,,,1,,"FINANCIERA DEL GENIL, S.A., E.F.",GENIL
EF,8516,908300,"FINDA, SOCIEDAD ANONIMA, ENTIDAD DE FINANCIACION","FINDA, SOCIEDAD ANONIMA, ENTIDAD DE FINANCIACION",,A99014821,CL,SAN MIGUEL,51,,50001,ZARAGOZA,,ES,,0,,0,,09/05/1986,POR REVOCACION DE AUTORIZACION,0000,06/03/2008,07/11/1972,,50,,N,,,,,,,,,2,,"FINDA, SOCIEDAD ANONIMA, E.F.",FINDASA
EF,8517,908300,"F.H. CREDIT ENTIDAD DE FINANCIACION, S.A.","F.H. CREDIT ENTIDAD DE FINANCIACION, S.A.",,A08455230,ZZ,VIA AUGUSTA,108,,8006,BARCELONA,,ES,,934150441,,934154191,,01/02/1996,POR ACUERDO DEL CONSEJO DE MINISTROS DE FECHA 10-11-1995,0000,31/08/2000,16/05/1977,,8,,N,,,,,,,,,9,,"F.H. CREDIT E.F., S.A.",F.H. CREDIT
EF,8518,908300,"LATINA DE CREDITO, S.A., COMPAÑIA DE FINANCIACION","LATINA DE CREDITO, S.A., COMPAÑIA DE FINANCIACION",,A99014839,AV,GRAN CAPITAN,24,,14001,CORDOBA,,ES,,0,,0,,04/11/1988,POR REVOCACION DE AUTORIZACION,0000,06/03/2008,15/03/1981,,14,,N,,,,,,,,,1,,"LATINA DE CREDITO, S.A.",LATICRESA
EF,8519,908300,"INVERSORA TORELLO, S.A.","INVERSORA TORELLO, S.A.",,A99014847,PZ,MOSEN JACINTO VERDAGUER,1,,8570,TORELLO,BARCELONA,ES,,0,,0,,09/05/1986,POR REVOCACION DE AUTORIZACION,0000,06/03/2008,28/12/1971,,8,,N,,,,,,,,,9,,"INVERSORA TORELLO, S.A.",INVERTORESA
EF,8521,908300,"CREDERE STAR, S.A., ENTIDAD DE FINANCIACION","CREDERE STAR, S.A., ENTIDAD DE FINANCIACION",,A28077667,AV,CONSTITUCION,39,PL. 2 - C,28931,MOSTOLES,MADRID,ES,,910000000,,0,,02/01/1997,R.D. 692/1996 DE 26 DE ABRIL (D.T. CUARTA),0000,06/03/2008,30/05/1956,,28,,N,,,,,,,,,12,,"CREDERE STAR, S.A., E.F.",CREDERE STAR
EF,8522,908300,"UFB FIN FACTOR, S.A., E.FINANCIACION-FACTORING","UFB FIN FACTOR, S.A., ENTIDAD DE FINANCIACION - FACTORING",,A18013706,CL,SERRANO,21,,28001,MADRID,,ES,,914315258,,0,,12/07/1990,POR CAMBIO DE OBJETO SOCIAL,8914,06/03/2008,17/05/1975,,28,,N,,,,,,,,,12,"UFB FIN FACTOR, S.A., ENTIDAD DE FINANCIACION - FACTORING","UFB FIN FACTOR, S.A.",UFB FIN FACT
EF,8523,908300,"FACIN, SOCIEDAD ANONIMA DE FINANCIACION","FACIN, SOCIEDAD ANONIMA DE FINANCIACION",,A08431223,CL,RECTOR UBACH,48,1-2,8021,BARCELONA,,ES,,934141820,,934140474,,13/10/1994,POR ACUERDO DEL CONSEJO DE MINISTROS DE 1.7.94.,0000,06/03/2008,23/11/1976,,8,,N,,,,,,,,,9,,"FACIN, S.A.F.",FACINSA
EF,8525,908300,"VALENCIANA DE CREDITO, S.A., E.F.","VALENCIANA DE CREDITO, S.A., ENTIDAD DE FINANCIACION",,A46088373,CL,LUIS OLIAG,75,,46006,VALENCIA,,ES,,0,,0,,22/07/1986,.,0000,06/03/2008,26/04/1975,,46,,N,,,,,,,,,15,,"VALENCIANA DE CREDITO, S.A., E.F.",VALENCIANA
EF,8526,908300,"FINANCIERA AUSETANA, S.A., ENTIDAD DE FINANCIACION","FINANCIERA AUSETANA, SOCIEDAD ANONIMA, ENTIDAD DE FINANCIACION",,A08229049,ZZ,HABITAT CATALUÑA,C-3,,8701,VILABELLA VICH,BARCELONA,ES,,0,,0,,09/05/1986,POR REVOCACION DE AUTORIZACION,0000,06/03/2008,23/12/1965,,8,,N,,,,,,,,,9,,"FINANCIERA AUSETANA, S.A., E.F.",FINAUSESA
EF,8527,908300,"BARCELONESA DE PROMOCIONES, S.A., E.F.","BARCELONESA DE PROMOCIONES, SOCIEDAD ANONIMA, ENTIDAD DE FINANCIACION",,A99014862,CL,MORATIN,11,,46002,VALENCIA,,ES,,0,,0,,07/01/1982,.,0000,06/03/2008,18/05/1977,,46,,N,,,,,,,,,15,,"BARCELONESA DE PROMOCIONES, S.A.",BARPROMOSA
EF,8528,908300,"CONTINENTAL DE CREDITO, S.A.","CONTINENTAL DE CREDITO, S.A.",,A35032556,AV,RAFAEL CABRERA,4,,35002,LAS PALMAS,LAS PALMAS DE GRAN CANARIA,ES,,0,,0,,04/11/1988,POR REVOCACION DE AUTORIZACION,0000,06/03/2008,02/11/1976,,35,,N,,,,,,,,,5,,"CONTINENTAL DE CREDITO, S.A.",CONTINE CDTO
EF,8529,908300,"FILO MADRID, SOCIEDAD ANONIMA, E.F.","FILO MADRID, SOCIEDAD ANONIMA, ENTIDAD DE FINANCIACION",,A28454122,CL,INFANTAS,27,,28004,MADRID,,ES,,0,,0,,24/07/1987,.,0000,06/03/2008,14/12/1976,,28,,N,,,,,,,,,12,,"FILO MADRID, S.A., E.F.",FILOMADRID
EF,8530,908300,"FILO BARCELONA, SOCIEDAD ANONIMA, E.F.","FILO BARCELONA, SOCIEDAD ANONIMA, ENTIDAD DE FINANCIACION",,A08433583,CL,BALMES,243,"PL. 4, PT. 2",8006,BARCELONA,,ES,,0,,0,,19/08/1991,POR ACUERDO DEL CONSEJO DE MINISTROS DE FECHA 27.03.1991,0000,06/03/2008,13/12/1976,,8,,N,,,,,,,,,9,,"FILO BARCELONA, S.A., E.F.",FILO BARCELO
EF,8531,908300,"FILO VALENCIA, SOCIEDAD ANONIMA, E.F.","FILO VALENCIA, SOCIEDAD ANONIMA, ENTIDAD DE FINANCIACION",,A46086260,CL,PINTOR SOROLLA,3,DESPACHO 4,46002,VALENCIA,,ES,,0,,0,,13/11/1987,POR REVOCACION DE AUTORIZACION,0000,06/03/2008,10/12/1975,,46,,N,,,,,,,,,15,,"FILO VALENCIA, S.A., E.F.",FILOVALENCIA
EF,8532,908300,"FILO REUS, SOCIEDAD ANONIMA, E.F.","FILO REUS, SOCIEDAD ANONIMA, ENTIDAD DE FINANCIACION",,A43020775,PZ,GENERAL PRIM,4,"PL. 4, PT. 1",43201,REUS,TARRAGONA,ES,,0,,0,,05/11/1984,.,0000,06/03/2008,20/03/1975,,43,,N,,,,,,,,,9,,"FILO REUS, S.A., E.F.",FILOREUSA
EF,8533,908300,"FILO GRANOLLERS, SOCIEDAD ANONIMA, E.F.","FILO GRANOLLERS, SOCIEDAD ANONIMA, ENTIDAD DE FINANCIACION",,A22006050,CL,BALMES,243,PL. 4,8006,BARCELONA,,ES,,0,,0,,19/08/1991,POR ACUERDO DEL CONSEJO DE MINISTROS DE FECHA 27.03.1991,0000,06/03/2008,22/12/1975,,8,,N,,,,,,,,,9,,"FILO GRANOLLERS, S.A., E.F.",FILO GRANOLL
EF,8534,908300,"FILO GERONA, SOCIEDAD ANONIMA, E.F.","FILO GERONA, SOCIEDAD ANONIMA, ENTIDAD DE FINANCIACION",,A17022922,PS,MARQUES DE CAMPS,17,"PL. 5, PT. 1-A",17006,GERONA,,ES,,0,,0,,07/11/1984,.,0000,06/03/2008,22/01/1974,,17,,N,,,,,,,,,9,,"FILO GERONA, S.A., E.F.",FILOGERONA
EF,8535,908300,"FILO MATARO, SOCIEDAD ANONIMA, E.F.","FILO MATARO, SOCIEDAD ANONIMA, ENTIDAD DE FINANCIACION",,A08357261,CL,SANT SEBASTIA,3-5,BAJOS,8911,BADALONA,BARCELONA,ES,,0,,0,,19/08/1991,POR ACUERDO DEL CONSEJO DE MINISTROS DE FECHA 27.03.1991,0000,06/03/2008,17/10/1974,,8,,N,,,,,,,,,9,,"FILO MATARO, S.A., E.F.",FILO MATARO
EF,8536,908300,"FILO SEVILLA, SOCIEDAD ANONIMA, E.F.","FILO SEVILLA, SOCIEDAD ANONIMA, ENTIDAD DE FINANCIACION",,A41049362,CL,CORONEL SEGUI,2,PL. 4,46001,SEVILLA,,ES,,0,,0,,22/05/1987,.,0000,06/03/2008,02/12/1976,,46,,N,,,,,,,,,15,,"FILO SEVILLA, S.A., E.F.",FILOSEVILLA
EF,8537,908300,"FINANZARAGOZA, S.A., E.F.","FINANZARAGOZA, S.A., ENTIDAD DE FINANCIACION (FINANZASA)",,A50028927,AV,INDEPENDENCIA,22,PL. 3,50004,ZARAGOZA,,ES,,0,,0,,10/07/1988,.,0000,06/03/2008,20/11/1973,,50,,N,,,,,,,,,2,,"FINANZARAGOZA, S.A., E.F.",FINANZARAGOZ
EF,8538,908300,"FILO BALEARES, S.A., E.F.","FILO BALEARES, SOCIEDAD ANONIMA, ENTIDAD DE FINANCIACION",,A99014870,AV,ALEJANDRO ROSELLO,15,PL. 6,7002,PALMA DE MALLORCA,BALEARES,ES,,0,,0,,07/11/1984,.,0000,06/03/2008,14/10/1976,,7,,N,,,,,,,,,4,,"FILO BALEARES, S.A., E.F.",FILOBALEARES
EF,8539,908300,"FILO CASTELLON, SOCIEDAD ANONIMA, E.F.","FILO CASTELLON, SOCIEDAD ANONIMA, ENTIDAD DE FINANCIACION",,A12021473,AV,CASALDUCH,29,,12005,CASTELLON DE LA PLANA,CASTELLON,ES,,964208011,,0,,24/10/1991,POR CAMBIO DE OBJETO SOCIAL,0000,31/08/2000,16/12/1976,,12,,N,,,,,,,,,15,,"FILO CASTELLON, S.A., E.F.",FILO CASTELL
EF,8540,908300,"FILO RIOJA, SOCIEDAD ANONIMA, E.F.","FILO RIOJA, SOCIEDAD ANONIMA, ENTIDAD DE FINANCIACION",,A99014888,CL,HERMANOS MOROY,1,"PL. 2, PT. IZDA",26001,LOGROÑO,LA RIOJA,ES,,0,,0,,22/05/1987,.,0000,06/03/2008,23/11/1976,,26,,N,,,,,,,,,17,,"FILO RIOJA, S.A., E.F.",FILORIOJA
EF,8541,908300,"FILO HOSPITALET, SOCIEDAD ANONIMA DE FINANCIACION","FILO HOSPITALET, SOCIEDAD ANONIMA DE FINANCIACION",,A99014896,CL,PRAT DE LA RIVA,201-203,,8901,HOSPITALET DE LLOBREGAT,BARCELONA,ES,,0,,0,,22/05/1987,.,0000,06/03/2008,05/12/1971,,8,,N,,,,,,,,,9,,"FILO HOSPITALET, S.A.F.",FILOHOSPITAL
EF,8542,908300,"ENTIDAD DE FINANCIACION TERRASSA, S.A.","ENTIDAD DE FINANCIACION TERRASSA, SOCIEDAD ANONIMA",,A08639197,CL,VOLTA,24,,8224,TARRASA,BARCELONA,ES,,937808317,,0,,02/01/1997,"R.D. 692/1996, DE 26 DE ABRIL (DISPOSICION TRANSITORIA CUARTA)",0000,06/03/2008,26/03/1980,,8,,N,,,,,,,,,9,,ENTIDAD DE FINANCIACION TERRASSA,EFITSA
EF,8543,908300,"SOCIEDAD ANONIMA CARTISAM, E.F.","SOCIEDAD ANONIMA CARTISAM, ENTIDAD DE FINANCIACION",,A08415804,AV,DIAGONAL,523,PL. 14 - DESPACHO A,8029,BARCELONA,,ES,,934105217,,934050787,,09/02/1996,POR CAMBIO DE OBJETO SOCIAL,0000,06/03/2008,22/06/1966,,8,,N,,,,,,,,,9,,"SOCIEDAD ANONIMA CARTISAM, E.F.",CARTISAM
EF,8544,908300,"FINANCIERA HELMANTICA, SOCIEDAD ANONIMA, E.F.","FINANCIERA HELMANTICA, SOCIEDAD ANONIMA, ENTIDAD DE FINANCIACION",,A37015138,PZ,POETA IGLESIAS,12,PL. 4,37001,SALAMANCA,,ES,,0,,0,,08/01/1985,.,0000,06/03/2008,29/04/1967,,37,,N,,,,,,,,,7,,"FINANCIERA HELMANTICA, S.A., E.F.",FINHELMSA
EF,8545,908300,"EGIBI, ENTIDAD DE FINANCIACION, S.A.","EGIBI, ENTIDAD DE FINANCIACION, S.A.",,A08289050,CL,TRAVESERA DE GRACIA,43,PL. 5,8021,BARCELONA,,ES,,0,,0,,24/04/1984,.,0000,06/03/2008,15/06/1972,,8,,N,,,,,,,,,9,,"EGIBI, E.F., S.A.",EGIBISA
EF,8546,908300,"CREDITOS DE TENERIFE, S.A., E.F.","CREDITOS DE TENERIFE, S.A., ENTIDAD DE FINANCIACION",,A99014904,CL,BETHENCOURT ALFONSO,23,,38002,SANTA CRUZ DE TENERIFE,,ES,,0,,0,,22/07/1986,.,0000,06/03/2008,10/05/1977,,38,,N,,,,,,,,,5,,"CREDITOS DE TENERIFE, S.A., E.F.",CRETENSA
EF,8547,908300,"GRUPO INVERSOR FINANCO, S.A., E.F.","GRUPO INVERSOR FINANCO, S.A., ENTIDAD DE FINANCIACION",,A08411662,CR,AREYNS DE MUNT,S/N,VILLA CARMEN,8350,AREYNS DE MAR,BARCELONA,ES,,932306480,,0,,22/04/1993,POR CAMBIO DE OBJETO SOCIAL,0000,06/03/2008,07/05/1976,,8,,N,,,,,,,,,9,,"GRUPO INVERSOR FINANCO, S.A., E.F.",GRUP FINANCO
EF,8548,908300,"FINGRUP, S.A., ENTIDAD DE FINANCIACION","FINGRUP, S.A., ENTIDAD DE FINANCIACION",,A08423568,CL,TRAVESERA DE GRACIA,58,ATICO 2,8006,BARCELONA,,ES,,932093177,,932021559,,01/02/1996,POR CAMBIO DE OBJETO SOCIAL,0000,06/03/2008,22/09/1976,,8,,N,,,,,,,,,9,,"FINGRUP, S.A., E.F.",FINGRUP
EF,8550,908300,"AMECSA, COMPAÑIA DE FINANCIACION, S.A.","AMECSA, COMPAÑIA DE FINANCIACION, S.A.",,A08439572,CL,PADRE LOJENDIO,5,,48008,BILBAO,VIZCAYA,ES,,0,,0,,22/04/1988,.,0000,06/03/2008,09/01/1961,,48,,N,,,,,,,,,16,,"AMECSA, COMPAÑIA DE FINANCIACION",AMECSA FINAN
EF,8551,908300,"CRECO SUR, S.A.","CRECO SUR, S.A.",,A99014912,PZ,NUEVA,13,,41001,SEVILLA,,ES,,0,,0,,04/05/1984,.,0000,06/03/2008,26/03/1977,,41,,N,,,,,,,,,1,,"CRECO SUR, S.A.",CRECOSUR
EF,8552,908300,"GRECO VALENCIA, SOCIEDAD ANONIMA, E.F.","GRECO VALENCIA, SOCIEDAD ANONIMA, ENTIDAD DE FINANCIACION",,A46091146,CL,GASCONS,2,,46002,VALENCIA,,ES,,0,,0,,19/05/1986,POR REVOCACION DE AUTORIZACION,0000,06/03/2008,23/06/1976,,46,,N,,,,,,,,,15,,"GRECO VALENCIA, S.A., E.F.",GRECOVALSA
EF,8553,908300,"FINANCIACIONES GENERALES DEL TAJO, S.A., E.F.","FINANCIACIONES GENERALES DEL TAJO, S.A., ENTIDAD DE FINANCIACION",,A99014920,PZ,GENERAL PALACIOS,14,,28901,GETAFE,MADRID,ES,,0,,0,,29/07/1985,POR FUSION POR ABSORCION POR,8585,06/03/2008,10/06/1976,,28,,N,,,,,,,,,12,"ESFINGE, ESPAÑOLA DE FINANCIACIONES GENERALES, S.A., ENTIDAD DE FINANCIACION",FINANCIACIONES GENERALES DEL TAJO,FINANGETASA
EF,8554,908300,"FINANCIACIONES GENERALES DEL CANTABRICO, S.A.","FINANCIACIONES GENERALES DEL CANTABRICO, S.A., ENTIDAD DE FINANCIACION",,A99014938,CL,DONATO ARGüELLES,19,PL. 1,33203,GIJON,ASTURIAS,ES,,0,,0,,29/07/1985,POR FUSION POR ABSORCION POR,8585,06/03/2008,28/10/1982,,33,,N,,,,,,,,,3,"ESFINGE, ESPAÑOLA DE FINANCIACIONES GENERALES, S.A., ENTIDAD DE FINANCIACION",FINANCIACIONES GRLES. CANTABRICO,FINGECANSA
EF,8555,908300,"ANAITASUNA DE FINANCIACIONES, E.F., S.A.","ANAITASUNA DE FINANCIACIONES, ENTIDAD DE FINANCIACION, S.A.",,A20036521,CL,SAN JUAN,1,,20600,EIBAR,GUIPUZCOA,ES,,0,,0,,03/05/1984,POR FUSION POR ABSORCION POR,8458,06/03/2008,07/10/1971,,20,,N,,,,,,,,,16,"CENTRAL GUIPUZCOANA DE CREDITO, ENTIDAD DE FINANCIACION, S.A.","ANAITASUNA DE FINANCIACIONES, E.F.",ANAIFISA
EF,8556,908300,"CENTRAL FINANCIERA DE LEVANTE, E.F., S.A.","CENTRAL FINANCIERA DE LEVANTE, ENTIDAD DE FINANCIACION, S.A.",,A99014946,CL,RAMON Y CAJAL,2,,16004,CUENCA,,ES,,0,,0,,21/05/1984,.,0000,06/03/2008,18/12/1973,,16,,N,,,,,,,,,8,,"CENTRAL FINANCIERA DE LEVANTE, E.F.",CEFILESA
EF,8557,908300,"CENTRAL CASTELLONENSE DE CREDITO, E.F., S.A.","CENTRAL CASTELLONENSE DE CREDITO, ENTIDAD DE FINANCIACION, S.A.",,A12014684,PZ,GENERAL SANJURJO,25,,12004,CASTELLON,,ES,,0,,0,,22/01/1985,.,0000,06/03/2008,06/09/1971,,12,,N,,,,,,,,,15,,CENTRAL CASTELLONENSE DE CREDITO,CECASCRESA
EF,8558,908300,"GENERAL DE FINANCIACION, E.F., S.A.","GENERAL DE FINANCIACION, ENTIDAD DE FINANCIACION, S.A.",,A08126310,CL,SAN ISIDRO,1,,28807,ALCALA DE HENARES,MADRID,ES,,0,,0,,29/07/1982,.,0000,06/03/2008,12/07/1966,,28,,N,,,,,,,,,12,,"GENERAL DE FINANCIACION, E.F., S.A.",GEFINSA
EF,8559,908300,"SALMANTINA DE CREDITO, E.F., S.A.","SALMANTINA DE CREDITO, ENTIDAD DE FINANCIACION, S.A.",,A99014953,CL,TORO,78,,37002,SALAMANCA,,ES,,0,,0,,07/01/1988,.,0000,06/03/2008,23/03/1970,,37,,N,,,,,,,,,7,,"SALMANTINA DE CREDITO, E.F.",SALCRESA
EF,8560,908300,"FINANCIERA DE ALGECIRAS, E.F., S.A.","FINANCIERA DE ALGECIRAS, ENTIDAD DE FINANCIACION, S.A.",,A99014961,CL,FUERZAS ARMADAS,9,,11201,ALGECIRAS,CADIZ,ES,,0,,0,,17/06/1985,.,0000,06/03/2008,16/04/1961,,11,,N,,,,,,,,,1,,"FINANCIERA DE ALGECIRAS, E.F., S.A.",FINALGSA
BP,0009,30001,"FINANZIA, BANCO DE CREDITO, S.A.","FINANZIA, BANCO DE CREDITO, S.A.",,A37001815,CL,JULIAN CAMARILLO,4,,28037,MADRID,,ES,,913743916,,913743076,WWW.FINANZIA.COM,21/07/2011,POR FUSION POR ABSORC. DISOLUCION SIN LIQUID. Y TRANSM. PATRIMONIO A,0182,21/07/2011,24/08/1931,,28,BBVA FINANZIA,S,FICDESM1XXX,,,,,,,,12,"BANCO BILBAO VIZCAYA ARGENTARIA, S.A.","FINANZIA, BANCO DE CREDITO, S.A.",BBVA FINANZIA
BP,0010,30001,"BANCO DE BILBAO, S.A.","BANCO DE BILBAO, S.A.",,A48001283,ZZ,GRAN VIA D.DIEGO LOPEZ DE HARO,12,,48001,BILBAO,VIZCAYA,ES,,0,,0,,01/10/1988,POR FUSION Y CREACION DE NUEVA ENTIDAD,0182,06/03/2008,29/04/1857,,48,,N,,,,,,,,,16,"BANCO BILBAO VIZCAYA, S.A.","BANCO DE BILBAO, S.A.",B. BILBAO
BP,0029,30001,"BANCO COMERCIAL ESPAÑOL, S.A.","BANCO COMERCIAL ESPAÑOL, S.A.",,A42000067,CL,EL COLLADO,15-17,,42002,SORIA,,ES,,915211100,,0,,07/02/1992,POR ASIGNACION NUEVO CODIGO B.E.,0208,26/10/2001,01/01/1896,,42,,N,,,,,,,,,7,"CREDIT LYONNAIS ESPAÑA, S.A.","BANCO COMERCIAL ESPAÑOL, S.A.",COMERC.ESPAÑ
BP,0030,30001,"BANCO ESPAÑOL DE CREDITO, S.A.","BANCO ESPAÑOL DE CREDITO, S.A.",,A28000032,AV,GRAN VIA DE HORTALEZA,3,,28033,MADRID,,ES,,913381000,,913382526,WWW.BANESTO.ES  WWW.IBANESTO.COM,,,0000,14/03/2011,01/05/1902,,28,BANESTO,S,ESPCESMMXXX,,,,,,,,12,,"BANCO ESPAÑOL DE CREDITO, S.A.",BANESTO
BP,0031,30001,"BANCO ETCHEVERRIA, S.A.","BANCO ETCHEVERRIA, S.A.",,A15011885,,CANTON CLAUDINO PITA,2,,15300,BETANZOS,A CORUÑA,ES,,981220042,,981220128,WWW.BANCOETCHEVERRIA.ES,,,0000,16/04/2012,07/07/1948,,15,,N,ETCHES2GXXX,,,,,,,,11,,"BANCO ETCHEVERRIA, S.A.",ETCHEVERRIA
BP,0035,30001,"BBVA PRIVANZA BANCO, S.A.","BBVA PRIVANZA BANCO, S.A.",,A23000599,CL,PADILLA,17,,28006,MADRID,,ES,,913748700,,915768394,WWW.BBVAPRIVANZA.ES,21/05/2003,POR DISOLUCION CON CESION GLOBAL DE ACTIVOS Y PASIVOS A,0182,06/03/2008,11/11/1947,,28,,N,,,,,,,,,12,"BANCO BILBAO VIZCAYA ARGENTARIA, S.A.","BBVA PRIVANZA BANCO, S.A.",BBVA PRIVANZA
BP,0036,30001,"SANTANDER INVESTMENT, S.A.","SANTANDER INVESTMENT, S.A.",,A08161507,AV,DE CANTABRIA,S/N,CIUDAD GR. SANTANDER,28660,BOADILLA DEL MONTE,MADRID,ES,,912893400,,912571817,,,,0000,04/09/2008,17/03/1947,,28,,N,SABNESMMXXX,,,,,,,,12,,"SANTANDER INVESTMENT, S.A.",SANTANDER INV.
BP,0038,30001,"BANESTO BANCO DE EMISIONES, S.A.","BANESTO BANCO DE EMISIONES, S.A.",,A28027274,AV,GRAN VIA DE HORTALEZA,3,,28043,MADRID,,ES,,913383743,,913381788,,,,0000,27/09/2002,29/05/1935,,28,,N,,,,,,,,,12,,"BANESTO BANCO DE EMISIONES, S.A.",BANESTO EMISION
BP,0125,30001,"BANCOFAR, S.A.","BANCOFAR, S.A.",,A45002599,CL,FORTUNY,51,,28010,MADRID,,ES,,917023190,,917023194,WWW.BANCOFAR.ES,,,0000,06/01/2010,10/04/1965,,28,,N,BAOFESM1XXX,,,,,,,,12,,"BANCOFAR, S.A.",BANCOFAR
BP,0127,30001,"BANCO DE ALICANTE, S.A.","BANCO DE ALICANTE, S.A.",,A03017290,AV,ALFONSO X EL SABIO,11,,3002,ALICANTE,,ES,,965148290,,965148226,,28/06/2000,POR FUSION POR ABSORCION POR,0182,06/03/2008,06/06/1965,,3,,N,BBVAESMMXXX,,,,,,,,15,"BANCO BILBAO VIZCAYA ARGENTARIA, S.A.","BANCO DE ALICANTE, S.A.",BANCO ALICANTE
BP,0130,30001,"BANCO CAIXA GERAL, S.A.","BANCO CAIXA GERAL, S.A.",,A28226157,CL,POLICARPO SANZ,5,,36202,VIGO,PONTEVEDRA,ES,,986810700,,986810710,WWW.BANCOCAIXAGERAL.ES,,,0000,30/01/2012,30/07/1969,,36,,N,CGDIESMMXXX,,,,,,,,11,,"BANCO CAIXA GERAL, S.A.",B. CAIXA GERAL
BP,0133,30001,"NUEVO MICRO BANK, S.A.","NUEVO MICRO BANK, S.A.",,A65619421,CL,JUAN GRIS - TORRE CENTRO,10-18,COMPLE. TORRES CERDA,8014,BARCELONA,,ES,,932813750,,932813751,WWW.MICROBANKLACAIXA.COM,,,0000,18/10/2011,12/08/2011,,8,,N,MIKBESB1XXX,,,,,,,,9,,"NUEVO MICRO BANK, S.A.",MICRO BANK
BP,0135,30001,"BANK OF CREDIT AND COMMERCE, S.A.E.","BANK OF CREDIT AND COMMERCE, S.A.E. EN LIQUIDACION",,A28321644,CL,SERRANO,11,,28001,MADRID,,ES,,915766529,,0,,29/12/1997,POR ACUERDO DEL CONSEJO DE MINISTROS DE FECHA 05.07.1991,0000,06/03/2008,11/05/1973,,28,,N,,,,,,,,,12,,"BANK OF CREDIT AND COMMERCE, S.A.E.",CREDIT & COM.
BP,0136,30001,"ARESBANK, S.A.","ARESBANK, S.A.",,A28386191,PS,DE LA CASTELLANA,257,,28046,MADRID,,ES,,913149595,,913149768,WWW.ARESBANK.ES,,,0000,10/11/2009,02/04/1975,,28,ARESBANK,S,AREBESMMXXX,,,,,,,,12,,"ARESBANK, S.A.",ARESBANK
BP,0137,30001,"BANCO DIRECTO, S.A.","BANCO DIRECTO, S.A.",,A08372377,,VIA DE LOS POBLADOS,S/N,,28033,MADRID,,ES,,915377159,,915376417,,15/09/1999,POR FUSION POR ABSORCION POR,0202,26/10/2001,18/04/1975,,28,,N,BADIESMMXXX,,,,,,,,12,"BANCO DE NEGOCIOS ARGENTARIA, S.A.","BANCO DIRECTO, S.A.",BANCO DIRECTO
BP,0138,30001,"BANKOA, S.A.","BANKOA, S.A.",,A20043717,AV,DE LA LIBERTAD,5,,20004,SAN SEBASTIAN,GIPUZKOA,ES,,943410100,,943429414,WWW.BANKOA.ES,,,0000,26/10/2011,20/04/1975,,20,,N,BKOAES22XXX,,,,,,,,16,,"BANKOA, S.A.",BANKOA
BP,0141,30001,"BANQUE INDOSUEZ ESPAÑA, S.A.","BANQUE INDOSUEZ ESPAÑA, S.A.",,A45008208,PS,DE LA CASTELLANA,1,,28046,MADRID,,ES,,914327200,,914327500,,05/01/2000,POR CESION DE ACTIVOS Y PASIVOS A,0154,01/06/2007,08/01/1976,,28,,N,,,,,,,,,12,"CREDIT AGRICOLE INDOSUEZ, SUCURSAL EN ESPAÑA","BANQUE INDOSUEZ ESPAÑA, S.A.",BANQUE INDOSUEZ
BP,0142,30001,"BANCO DE LA PEQUEÑA Y MEDIANA EMPRESA, S.A.","BANCO DE LA PEQUEÑA Y MEDIANA EMPRESA, S.A.",,A08515157,CL,PEDRO I PONS,6-8,,8034,BARCELONA,,ES,,933163333,B,933163165,WWW.BANKPYMENET.COM,,,0000,07/03/2012,22/05/1978,,8,BANKPIME,S,BPMEESBBXXX,,,,,,,,9,,BCO.PEQUEÑA Y MED.EMPRESA,BANKPIME
BP,0188,30001,"BANCO ALCALA, S.A.","BANCO ALCALA, S.A.",,A79074274,CL,GOYA,23,,28001,MADRID,,ES,,914310976,,914357260,WWW.BANCOALCALA.ES,,,0000,24/06/2008,06/03/1989,,28,,N,ALCLESMMXXX,,,,,,,,12,,"BANCO ALCALA, S.A.",BANCO ALCALA
BP,0191,30001,"EUROBANK DEL MEDITERRANEO, S.A. EN LIQUIDACION","EUROBANK DEL MEDITERRANEO, S.A. EN LIQUIDACION",,A58203647,CL,SAGASTA,16,,28004,MADRID,,ES,,915919892,,915938622,,25/11/2004,POR ACUERDO DEL CONSEJO DE MINISTROS DE FECHA 30-04-2004,0000,25/11/2004,21/09/1989,,28,,N,,,,,,,,,12,,"EUROBANK, S.A. EN LIQUIDACION",EUROBAN LIQUID.
BP,0192,30001,"BANCO CREDIPAS, S.A.","BANCO CREDIPAS, S.A.",,A28683381,CL,JOAQUIN COSTA,26,,28002,MADRID,,ES,,915630128,,915641572,,07/08/1996,POR ACUERDO DEL CONSEJO DE MINISTROS DE FECHA 19.07.1996,0000,18/10/2000,27/09/1989,,28,,N,,,,,,,,,12,,"BANCO CREDIPAS, S.A.",BANCO CREDIPAS
BP,0193,30001,"BANCA FINESOR, S.A.","BANCA FINESOR, S.A.",,A78051208,PS,RECOLETOS,13,,28004,MADRID,,ES,,913081850,,915231015,,02/08/1994,POR DISOLUCION,0000,18/10/2000,24/11/1989,,28,,N,,,,,,,,,12,,"BANCA FINESOR, S.A.",B. FINESOR
BP,0198,30001,"BANCO COOPERATIVO ESPAÑOL, S.A.","BANCO COOPERATIVO ESPAÑOL, S.A.",,A79496055,CL,VIRGEN DE LOS PELIGROS,4,,28013,MADRID,,ES,,915956700,,915956800,WWW.RURALVIA.COM/BANCOCOOPERATIVO/,,,0000,11/10/2011,31/07/1990,,28,,N,BCOEESMMXXX,,,,,,,,12,,"BANCO COOPERATIVO ESPAÑOL, S.A.",COOPERATIVO
BP,0200,30001,"PRIVAT BANK DEGROOF, S.A.","PRIVAT BANK DEGROOF, S.A.",,A58891672,AV,DIAGONAL,464,,8006,BARCELONA,,ES,,934458500,,934458501,WWW.PRIVATBANK.ES,,,0000,13/05/2009,30/07/1990,,8,,N,PRVBESB1XXX,,,,,,,,9,,"PRIVAT BANK DEGROOF, S.A.",PRIVAT BANK
BP,0202,30001,"BANCO DE NEGOCIOS ARGENTARIA, S.A.","BANCO DE NEGOCIOS ARGENTARIA, S.A.",,A28052702,PS,DE RECOLETOS,10,,28001,MADRID,,ES,,915377070,,915374628,,18/09/2000,POR FUSION POR ABSORCION POR,0182,06/03/2008,30/10/1990,,28,,N,BNARESMMXXX,,,,,,,,12,"BANCO BILBAO VIZCAYA ARGENTARIA, S.A.","BANCO DE NEGOCIOS ARGENTARIA, S.A.",BANCO NEGOCIOS
BP,0205,30001,"DEUTSCHE BANK CREDIT, S.A.","DEUTSCHE BANK CREDIT, S.A.",,A79859096,CL,SOMERA,7-9,LA FLORIDA,28023,MADRID,,ES,,915893540,,915893546,WWW.DB-CREDIT.ES,24/11/2009,POR FUSION POR ABSORCION CON TRANS. EN BLOQUE DE ACTIVOS Y PASIVOS A,0019,24/11/2009,22/01/1991,,28,,N,DECRESM1XXX,,,,,,,,12,"DEUTSCHE BANK, SOCIEDAD ANONIMA ESPAÑOLA","DEUTSCHE BANK CREDIT, S.A.",DB-CREDIT
BP,0208,30001,"CREDIT LYONNAIS ESPAÑA, S.A.","CREDIT LYONNAIS ESPAÑA, S.A.",,A42000067,PS,DE LA CASTELLANA,35,,28046,MADRID,,ES,,913492000,,913102911,,07/07/2000,POR CESION DE ACTIVOS Y PASIVOS A,2104,26/10/2001,01/01/1896,,28,,N,CRLEESMMXXX,,,,,,,,12,CAJA DE AHORROS DE SALAMANCA Y SORIA,"CREDIT LYONNAIS ESPAÑA, S.A.",CREDIT LYONNAIS
BP,0209,30001,"ABBEY NATIONAL BANK, S.A.E.","ABBEY NATIONAL BANK, S.A.E.",,A78639739,PS,DE LA CASTELLANA,41,PL. 1,28046,MADRID,,ES,N,915579100,,915579109,,21/12/1998,POR ESCISION PARCIAL CON CESION A,2090,26/10/2001,18/06/1991,,28,,N,ABBKESM1XXX,,,,,,,,12,CAJA DE AHORROS DEL MEDITERRANEO,"ABBEY NATIONAL BANK, S.A.E.",ABBEY NATIONAL
BP,0210,30001,"BANCO GALLEGO, S.A.","BANCO GALLEGO, S.A.",,A80042112,PZ,CERVANTES,15,,15704,SANTIAGO DE COMPOSTELA,A CORUÑA,ES,,981581000,,981584944,,08/01/1999,POR ASIGNACION NUEVO CODIGO B.E. 0046,0000,01/02/2007,13/05/1991,,15,,N,MDBOESM1XXX,,,,,,,,11,,"BANCO GALLEGO, S.A.",BANCO GALLEGO
BP,0211,30001,"EBN BANCO DE NEGOCIOS, S.A.","EBN BANCO DE NEGOCIOS, S.A.",,A28763043,PS,DE RECOLETOS,29,,28004,MADRID,,ES,,917009800,,917009895,WWW.EBNBANCO.COM,,,0000,15/06/2011,10/09/1991,,28,,N,PROAESMMXXX,,,,,,,,12,,"EBN BANCO DE NEGOCIOS, S.A.",EBN BANCO
BP,0215,30001,"DEXIA BANCO LOCAL, S.A.","DEXIA BANCO LOCAL, S.A.",,A80573793,CL,FORTUNY,6,,28010,MADRID,,ES,,913083588,,913199538,,22/06/1999,POR FUSION POR ABSORCION POR,1004,20/09/2002,07/04/1993,,28,,N,DBOLESM1XXX,,,,,,,,12,"BANCO DE CREDITO LOCAL DE ESPAÑA, S.A.","DEXIA BANCO LOCAL, S.A.",DEXIA
BP,0216,30001,"TARGOBANK, S.A.","TARGOBANK, S.A.",,A79223707,CL,JOSE ORTEGA Y GASSET,29,PL. 3ª,28006,MADRID,,ES,,915902500,,915759510,WWW.TARGOBANK.ES,,,0000,29/11/2011,19/07/1993,,28,,N,POHIESMMXXX,,,,,,,,12,,"TARGOBANK, S.A.","TARGOBANK, S.A."
BP,0217,30001,"LLOYDS BANK INTERNATIONAL, S.A.","LLOYDS BANK INTERNATIONAL, S.A.",,A80481765,CL,ANABEL SEGURA,16,PL. 4,28108,ALCOBENDAS,MADRID,ES,,917820300,,917820314,WWW.HALIFAX.ES,01/10/2010,POR ASIGNACION DE NUEVO CODIGO B.E.,0236,14/04/2011,02/08/1993,,28,,N,HLFXESMMXXX,,,,,,,,12,"LLOYDS BANK INTERNATIONAL, S.A.","LLOYDS BANK INTERNATIONAL, S.A.",LLOYDS BANK INT
BP,0219,30001,"BANQUE MAROCAINE COMMERCE EXTERIEUR INTERNAT.,S.A.","BANQUE MAROCAINE DU COMMERCE EXTERIEUR INTERNATIONAL, S.A.",,A80754781,CL,SERRANO,59,,28006,MADRID,,ES,,915756800,,914316310,,,,0000,19/10/2009,05/01/1994,,28,,N,BMCEESMMXXX,,,,,,,,12,,BANQUE MAROCAINE COM.EXT.INTERNAT.,MAROCAINE CO EX
BP,0220,30001,"BANCO FINANTIA SOFINLOC, S.A.","BANCO FINANTIA SOFINLOC, S.A.",,A80762941,AV,MENENDEZ PELAYO,67,,28009,MADRID,,ES,,915572300,,915572301,WWW.BFS.ES.,,,0000,17/05/2011,11/01/1994,,28,,N,ESFIESM1XXX,,,,,,,,12,,"BANCO FINANTIA SOFINLOC, S.A.",FINANTIA
BP,0221,30001,"RABOBANK ESPAÑA, S.A.","RABOBANK ESPAÑA, S.A.",,A80723653,CL,PADILLA,30,,28006,MADRID,,ES,,914364010,,914364020,,12/05/1998,POR CESION GLOBAL DEL ACTIVO Y PASIVO A,1459,18/10/2000,10/03/1994,,28,,N,PRABESMMXXX,,,,,,,,12,"COOPERATIEVE CENTRALE RAIFFEISEN- BOERENLEENBANK B.A. (RABOBANK NEDERLAND), SUCURSAL EN ESPAÑA","RABOBANK ESPAÑA, S.A.",RABOBANK
BP,0222,30001,"J.P. MORGAN BANK, S.A.","J.P. MORGAN BANK, S.A.",,A48726350,CL,GRAN VIA,17,,48001,BILBAO,VIZCAYA,ES,,944616688,,944168781,WWW.CHASE.ES,10/01/2006,POR DISOLUCION SIN LIQUIDACION CON CESION GLOBAL DE SU ACTIVO Y PASIVO,0000,06/03/2008,06/03/1995,,48,J.P. MORGAN,S,,,,,,,,,16,,"J.P. MORGAN BANK, S.A.",J.P. MORGAN
BP,0223,30001,"GENERAL ELECTRIC CAPITAL BANK, S.A.","GENERAL ELECTRIC CAPITAL BANK, S.A.",,A08149007,CL,LLULL,95-97,PL. 4,8005,BARCELONA,,ES,,934005900,,934166813,WWW.GEMONEYBANK.ES,,,0000,15/07/2008,15/03/1995,,8,GE MONEY BANK,S,GEECESB1XXX,,,,,,,,9,,"GENERAL ELECTRIC CAPITAL BANK, S.A.",GE MONEY BANK
BP,0224,30001,"SANTANDER CONSUMER FINANCE, S.A.","SANTANDER CONSUMER FINANCE, S.A.",,A28122570,AV,DE CANTABRIA,S/N,CIUDAD GR. SANTANDER,28660,BOADILLA DEL MONTE,MADRID,ES,,912574930,,912571288,WWW.SANTANDERCONSUMERFINANCE.ES,,,0000,30/03/2009,31/08/1963,,28,,N,SCFBESMMXXX,,,,,,,,12,,"SANTANDER CONSUMER FINANCE, S.A.",SANTANDER CONSU
BP,0225,30001,"BANCO CETELEM, S.A.","BANCO CETELEM, S.A.",,A78650348,CL,RETAMA,3,PL. 3-2,28045,MADRID,,ES,,913370700,,915287780,WWW.BANCOCETELEM.ES,,,0000,04/05/2005,02/01/1996,,28,,N,FIEIESM1XXX,,,,,,,,12,,"BANCO CETELEM, S.A.",BANCO CETELEM
BP,0226,30001,"UBS BANK, S.A","UBS BANK, S.A.",,A82356049,CL,MARIA DE MOLINA,4,,28006,MADRID,,ES,,917457000,,915633666,WWW.UBS.ES,,,0000,22/04/2010,07/07/1999,,28,,N,UBSWESMMXXX,,,,,,,,12,,UBS BANK S.A.,UBS BANK
BP,0489,30001,"BANCO CAM, S.A.","BANCO CAM, S.A.",,A86101375,CL,OSCAR ESPLA,37,,3007,ALICANTE,,ES,,965905000,,965905444,,28/07/2011,POR ASIGNACION DE NUEVO CODIGO B.E.,2090,06/09/2011,29/12/2010,,3,,N,EMACESMMXXX,,,,,,,,15,"BANCO CAM, S.A.","BANCO CAM, S.A.","BANCO CAM, S.A."
BP,1004,30001,"BANCO DE CREDITO LOCAL DE ESPAÑA, S.A.","BANCO DE CREDITO LOCAL DE ESPAÑA, S.A.",,A28000719,PZ,SANTA BARBARA,2,,28004,MADRID,,ES,,915376500,,915376525,WWW.BCL.ES,17/06/2009,POR FUSION POR ABSORCION CON TRANS. EN BLOQUE DE ACTIVOS Y PASIVOS A,0182,03/07/2009,23/07/1925,,28,BCL,S,BCLEESMMXXX,,,,,,,,12,"BANCO BILBAO VIZCAYA ARGENTARIA, S.A.",BANCO DE CREDITO LOCAL DE ESPAÑA,BCL
CA,2036,42000,CAJA DE AHORROS Y MONTE DE PIEDAD DE LERIDA,CAJA DE AHORROS Y MONTE DE PIEDAD DE LERIDA,,G25000696,CL,MAYOR,39,,25007,LERIDA,,ES,,0,,0,,21/06/1979,POR FUSION POR ABSORCION POR,2012,06/03/2008,01/01/1880,,25,,N,,,,,,,,,9,CAJA DE PENSIONES PARA LA VEJEZ Y DE AHORROS DE CATALUÑA Y BALEARES,CAJA DE AHORROS Y M.P. DE LERIDA,LERIDA
CA,2037,42000,CAJA DE AHORROS DE LA RIOJA,CAJA DE AHORROS DE LA RIOJA,,G26003038,CL,MIGUEL VILLANUEVA,9,,26001,LOGROÑO,LA RIOJA,ES,,941293131,,941293145,WWW.CAJARIOJA.ES,30/05/2011,POR ASIGNACION DE NUEVO CODIGO B.E.,2406,22/03/2012,22/09/1949,,26,CAJARIOJA,S,CECAESMM037,,,,,,,,17,CAJA DE AHORROS DE LA RIOJA,CAJA DE AHORROS DE LA RIOJA,CAJARIOJA
CA,2039,42000,CAJA DE AHORROS PROVINCIAL DE MALAGA,CAJA DE AHORROS PROVINCIAL DE MALAGA,,G29000452,AV,ANDALUCIA,10-12,,29007,MALAGA,,ES,,952275400,,0,,07/05/1991,POR FUSION Y CREACION DE NUEVA ENTIDAD,2103,26/10/2001,24/09/1948,,29,,N,,,,,,,,,1,"MONTES DE PIEDAD Y CAJA DE AHORROS DE RONDA, CADIZ, ALMERIA, MALAGA Y ANTEQUERA (UNICAJA)",CAJA AHORROS PROVINCIAL DE MALAGA,C.MALAGA
CA,2040,42000,CAIXA D'ESTALVIS COMARCAL DE MANLLEU,CAIXA D'ESTALVIS COMARCAL DE MANLLEU,,G08169849,PZ,FRA BERNARDI,24-25,,8560,MANLLEU,BARCELONA,ES,,938510800,,938506343,WWW.CAIXAMANLLEU.ES,07/07/2010,POR FUSION Y CREACION DE NUEVA ENTIDAD,2107,27/05/2011,19/07/1896,,8,CAIXA MANLLEU,S,CECAESMM040,,,,,,,,9,"CAIXA D'ESTALVIS UNIO DE CAIXES DE MANLLEU, SABADELL I TERRASSA",CAIXA D'ESTALVIS COMARCAL MANLLEU,CAIXA MANLLEU
CA,2041,42000,CAIXA D'ESTALVIS DE MANRESA,CAIXA D'ESTALVIS DE MANRESA,,G08169831,PS,PEDRO III,24,,8242,MANRESA,BARCELONA,ES,,938782700,,938727787,WWW.CAIXAMANRESA.ES,09/07/2010,POR FUSION Y CREACION DE NUEVA ENTIDAD,2013,25/04/2011,08/01/1865,,8,CAIXA MANRESA,S,CECAESMM041,,,,,,,,9,CAIXA D'ESTALVIS DE CATALUNYA,CAIXA D'ESTALVIS DE MANRESA,CAIXA MANRESA
CA,2044,42000,CAJA DE AHORROS DE NOVELDA,CAJA DE AHORROS DE NOVELDA,,,PZ,SANTOS MEDICOS,12,,3660,NOVELDA,ALICANTE,ES,,0,,0,,17/02/1976,POR FUSION Y CREACION DE NUEVA ENTIDAD,2090,06/03/2008,01/01/1927,,3,,N,,,,,,,,,15,CAJA DE AHORROS DE ALICANTE Y MURCIA,CAJA DE AHORROS DE NOVELDA,C.A.NOVELDA
CA,2057,42000,CAJA DE AHORROS PROVINCIAL DE PONTEVEDRA,CAJA DE AHORROS PROVINCIAL DE PONTEVEDRA,,G36000271,CL,AUGUSTO GONZALEZ BESADA,2-4,,36001,PONTEVEDRA,,ES,,986804500,,986804600,,28/08/2000,POR FUSION POR ABSORCION POR,2080,26/10/2001,19/01/1930,,36,,N,,,,,,,,,11,"CAIXA DE AFORROS DE VIGO, OURENSE E PONTEVEDRA",CAJA AHORROS PROVINCIAL PONTEVEDRA,CAJA PONTEVEDRA
CA,2421,42000,CAJA GENERAL DE AHORROS DE GRANADA,CAJA GENERAL DE AHORROS DE GRANADA,,G18000802,AV,FERNANDO DE LOS RIOS,6,,18006,GRANADA,,ES,,958244500,,958274400,WWW.CAJAGRANADA.ES,,,0000,30/09/2011,30/09/2011,,18,LA GENERAL,S,,,,,,,,,1,,CAJA GENERAL DE AHORROS DE GRANADA,LA GENERAL
CA,2419,42000,"CAIXA E. UNIO CAIXES MANLLEU, SABADELL I TERRASSA","CAIXA D'ESTALVIS UNIO DE CAIXES DE MANLLEU, SABADELL I TERRASSA",,G65345886,PZ,CATALUÑA,9,PL. 6-7,8002,BARCELONA,,ES,,937397000,,937397777,WWW.UNNIM.ES,,,0000,06/10/2011,06/10/2011,,8,UNNIM,S,,,,,,,,,9,,"C.E.U.C.MANLLEU,SABADELL I TERRASSA",UNNIM
CA,2420,42000,"CAJA DE AHORROS Y M.P. DE ZARAGOZA, ARAGON Y RIOJA","CAJA DE AHORROS Y MONTE DE PIEDAD DE ZARAGOZA, ARAGON Y RIOJA (IBERCAJA)",,G50000652,PZ,BASILIO PARAISO,2,,50008,ZARAGOZA,,ES,,976767676,,976216637,WWW.IBERCAJA.ES,,,0000,30/09/2011,30/09/2011,,50,IBERCAJA,S,,,,,,,,,2,,IBERCAJA,IBERCAJA
CA,2426,42000,"MPCA RONDA,CADIZ,ALMERIA,MALAGA,ANTEQUERA Y JAEN","MONTE DE PIEDAD Y CAJA DE AHORROS DE RONDA, CADIZ, ALMERIA, MALAGA, ANTEQUERA Y JAEN (UNICAJA)",,G93040566,AV,DE ANDALUCIA,10-12,,29007,MALAGA,,ES,,952138000,,952287698,WWW.UNICAJA.ES,,,0000,05/12/2011,05/12/2011,,29,UNICAJA,S,,,,,,,,,1,,UNICAJA,UNICAJA
CC,3005,53001,"CAJA R. CENTRAL, S.C.C.","CAJA RURAL CENTRAL, SOCIEDAD COOPERATIVA DE CREDITO",,F03014677,CL,JOSE MARIA SARGET,29,,3300,ORIHUELA,ALICANTE,ES,,966740001,,965300975,WWW.RURALCENTRAL.ES,,,0000,06/03/2008,24/02/1945,,3,,N,BCOEESMM005,,,,,,,,15,,"CAJA R. CENTRAL, S.C.C.",C.R. CENTRAL
CC,3007,53001,"CAJA R. DE GIJON, C.C","CAJA RURAL DE GIJON, COOPERATIVA DE CREDITO",,F33604455,PS,INFANCIA,10,,33207,GIJON,ASTURIAS,ES,,985180401,,985180402,WWW.RURALVIA.COM/GIJON,,,0000,18/02/2008,24/07/1964,,33,,N,BCOEESMM007,,,,,,,,3,,"CAJA R. DE GIJON, C.C.",C.R. DE GIJON
CC,3008,53001,"CAJA R. DE NAVARRA, S.C.C.","CAJA RURAL DE NAVARRA, S. COOP. DE CREDITO",,F31021611,PZ,DE LOS FUEROS,1,,31003,PAMPLONA,NAVARRA,ES,,948168100,,948244557,WWW.RURALVIA.COM/NAVARRA,,,0000,06/03/2008,23/01/1946,,31,,N,BCOEESMM008,,,,,,,,14,,"CAJA R. DE NAVARRA, S.C.C.",C.R. DE NAVARRA
CC,3017,53001,"CAJA R. DE SORIA, S.C.C.","CAJA RURAL DE SORIA, SOCIEDAD COOPERATIVA DE CREDITO",,F42001255,CL,DIPUTACION,1,,42002,SORIA,,ES,,975212840,,975228937,WWW.RURALVIA.COM/SORIA,,,0000,18/02/2008,16/10/1965,,42,CAJA SORIA,S,BCOEESMM017,,,,,,,,7,,"CAJA R. DE SORIA, S.C.C.",CAJA SORIA
CC,3018,53001,"CAJA R.R.S.AGUSTIN DE FUENTE ALAMO M., S.C.C.","CAJA RURAL REGIONAL SAN AGUSTIN FUENTE ALAMO MURCIA, SOCIEDAD COOPERATIVA DE CREDITO",,F30603476,,GRAN VIA,1,,30320,FUENTE ALAMO,MURCIA,ES,,968597211,,968597700,WWW.RURALREGIONAL.ES,,,0000,18/02/2008,30/12/1965,,30,,N,BCOEESMM018,,,,,,,,13,,"C.R.R.S.AGUSTIN FUENTE ALAMO M.,SCC",C.R.R.S.AGUSTIN
CC,3019,53001,"SDAD. COOP. ANDALUZA CTO., CAJA RURAL SAN JOSE","SDAD. COOP. ANDALUZA CTO., CAJA RURAL 'SAN JOSE'",,F23005739,CL,CRISTOBAL COLON,86,,23650,TORREDONJIMENO,JAEN,ES,,0,,0,,13/06/1990,POR FUSION POR ABSORCION,0000,06/03/2008,09/07/1958,,23,,N,,,,,,,,,1,,"S.COOP.AND.CTO., CAJA RURAL S. JOSE",CR. SAN JOSE
CC,3021,53001,"CAJA R. DE ARAGON, S.C.C.","CAJA RURAL DE ARAGON, SOCIEDAD COOPERATIVA DE CREDITO",,F50020213,CL,COSO,29,,50003,ZARAGOZA,,ES,,976763300,,976763305,WWW.CAJALON.ES,27/12/2011,POR FUSION POR ABSORCION POR,3191,27/12/2011,28/11/1966,,50,CAJALON,S,BCOEESMM021,,,,,,,,2,"NUEVA CAJA RURAL DE ARAGON, SOCIEDAD COOPERATIVA DE CREDITO","CAJA R. DE ARAGON, S.C.C.",CAJALON
CC,3022,53001,"CAJA R. DE FUENTEPELAYO, S.C.C.","CAJA RURAL DE FUENTEPELAYO, SOCIEDAD COOPERATIVA DE CREDITO",,F40052029,PZ,FUENTE,12,,40260,FUENTEPELAYO,SEGOVIA,ES,,921574053,,921574053,WWW.CAJARURAL.COM/RURALES/3022,,,0000,18/02/2008,10/01/1969,,40,CAJA CEGA,S,BCOEESMM022,,,,,,,,7,,"CAJA R. DE FUENTEPELAYO, S.C.C.",CAJA CEGA
CC,3025,53001,"CAIXA DE C. DELS ENGINYERS-C.C. INGENIEROS, S.C.C","CAIXA DE CREDIT DELS ENGINYERS- CAJA DE CREDITO DE LOS INGENIEROS, S. COOP. DE CREDITO",,F08216863,,VIA LAYETANA,39,,8003,BARCELONA,,ES,,933106000,,933100060,WWW.CAJA-INGENIEROS.ES,,,0000,09/11/2011,29/09/1967,,8,,N,CDENESBBXXX,,,,,,,,9,,"CAIXA C. DELS ENGINYERS, S.C.C.",C. D'ENGINYERS
CC,3061,53001,"CAJA R. CREDICOOP, S.C.C.","CAJA RURAL CREDICOOP, S. COOP. DE CREDITO",,F12011102,CL,ENMEDIO,3,,12001,CASTELLON DE LA PLANA,,ES,,964344500,,964212946,,28/05/2002,POR FUSION POR ABSORCION POR,3082,02/10/2002,01/06/1923,,12,,N,CRCPES2CXXX,,,,,,,,15,"CAJA RURAL VALENCIA, S. COOP. DE CREDITO","CAJA R. CREDICOOP, S.C.C.",CREDICOOP
CC,3062,53001,"CAJA R. DE CIUDAD REAL, S.C.C.","CAJA RURAL DE CIUDAD REAL, SOCIEDAD COOPERATIVA DE CREDITO",,F13002829,CL,ALARCOS,23,,13001,CIUDAD REAL,,ES,,926296100,,926296164,WWW.RURALVIA.COM/CIUDADREAL,08/11/2011,POR FUSION Y CREACION DE NUEVA ENTIDAD,3190,08/11/2011,27/11/1963,,13,,N,BCOEESMM062,,,,,,,,8,"CAJA RURAL DE ALBACETE, CIUDAD REAL Y CUENCA, SOCIEDAD COOPERATIVA DE CREDITO","CAJA R. DE CIUDAD REAL, S.C.C.",C.R.CIUDAD REAL
CC,3063,53001,"CAJA R. DE CORDOBA, S.C.C.","CAJA RURAL DE CORDOBA, SOCIEDAD COOPERATIVA DE CREDITO",,F14012892,RD,LOS TEJARES,36,,14008,CORDOBA,,ES,N,957211800,,957477873,WWW.RURALVIA.COM/CORDOBA,,,0000,15/03/2010,25/09/1964,,14,,N,BCOEESMM063,,,,,,,,1,,"CAJA R. DE CORDOBA, S.C.C.",C.R. DE CORDOBA
CC,3066,53001,"CAJA R. DE HUESCA, S.C.C.","CAJA RURAL DE HUESCA, S. COOP. DE CREDITO",,F22003859,CL,BERENGUER,2,,22002,HUESCA,,ES,,974290002,,974290067,,04/01/2002,POR FUSION Y CREACION DE NUEVA ENTIDAD,3189,11/11/2004,08/08/1964,,22,,N,BCOEESMM066,,,,,,,,2,"CAJA RURAL ARAGONESA Y DE LOS PIRINEOS, S. COOP. DE CREDITO","CAJA R. DE HUESCA, S.C.C.",C.R. DE HUESCA
CC,3067,53001,"CAJA R. DE JAEN, BARCELONA Y MADRID, S.C.C.","CAJA RURAL DE JAEN, BARCELONA Y MADRID, SOCIEDAD COOPERATIVA DE CREDITO",,F23009145,CL,"EL CONDADO, MANZANA 23",,PQ. C. TECNO. GEOLIT,23620,MENGIBAR,JAEN,ES,,953210100,,953265120,WWW.RURALVIA.COM/JAEN,,,0000,09/04/2012,10/10/1957,,23,,N,BCOEESMM067,,,,,,,,1,,"C.R. DE JAEN, BARNA Y MADRID, SCC",C.R. JAEN
CC,3068,53001,"CAJA RURAL DE LEON, SDAD. COOP. CTO. LTDA.","CAJA RURAL DE LEON, SDAD. COOP. CTO. LTDA.",,F24006587,PZ,CORTES LEONESAS,3,,24003,LEON,,ES,,987207412,,987206560,,06/08/1992,POR FUSION POR ABSORCION POR,2091,26/10/2001,14/02/1947,,24,,N,,,,,,,,,7,CAJA DE AHORROS DE GALICIA,"CAJA RURAL DE LEON, S.C.C.L.",CR. DE LEON
CC,3069,53001,"CAIXA RURAL DE CATALUNYA, S.C.CATALANA CTO.LTDA.","CAIXA RURAL DE CATALUNYA, SDAD. COOP. CATALANA CTO. LTDA.",,F25010075,RB,FERRAN,38,,25007,LERIDA,,ES,,973249700,,973230603,,25/05/1992,POR FUSION POR ABSORCION POR,2085,26/10/2001,01/01/1962,,25,,N,,,,,,,,,9,"CAJA DE AHORROS Y MONTE DE PIEDAD DE ZARAGOZA, ARAGON Y RIOJA ( IBERCAJA )",CAIXA RURAL DE CATALUNYA,CR.CATALUNYA
CC,3072,53001,"CAJA R. DE MALAGA, S.C.C.","CAJA RURAL DE MALAGA, SOCIEDAD COOPERATIVA DE CREDITO",,F29009024,CL,TOMAS HEREDIA,14,,29001,MALAGA,,ES,,952217761,,952224231,,24/11/2000,POR FUSION POR ABSORCION POR,3058,14/03/2003,15/05/1961,,29,,N,,,,,,,,,1,"CAJA RURAL DE ALMERIA Y MALAGA, SOCIEDAD COOPERATIVA DE CREDITO","CAJA R. DE MALAGA, S.C.C.",C.R. DE MALAGA
CC,3080,53001,"CAJA R. DE TERUEL, S.C.C.","CAJA RURAL DE TERUEL, SOCIEDAD COOPERATIVA DE CREDITO",,F44002756,PZ,CARLOS CASTEL,14,,44001,TERUEL,,ES,,978617100,,978603278,WWW.CAJARURAL.COM/TERUEL/       HOME.HTML,,,0000,18/02/2008,01/01/1946,,44,,N,BCOEESMM080,,,,,,,,2,,"CAJA R. DE TERUEL, S.C.C.",C.R. DE TERUEL
CC,3081,53001,"CAJA R. DE CASTILLA-LA MANCHA, S.C.C.","CAJA RURAL DE CASTILLA-LA MANCHA, SOCIEDAD COOPERATIVA DE CREDITO",,F45003993,CL,MEJICO,2,,45004,TOLEDO,,ES,,925269600,,925212951,WWW.CAJARURALCASTILLALAMANCHA.ES,,,0000,29/06/2011,01/05/1963,,45,,N,BCOEESMM081,,,,,,,,8,,"CAJA R. DE CASTILLA-LA MANCHA, SCC",CAJA R.CASTILLA
CC,3084,53001,"IPAR KUTXA RURAL, S.C.C.","IPAR KUTXA RURAL, S. COOP. DE CREDITO",,F48046742,CL,ARENAL,4,,48005,BILBAO,BIZKAIA,ES,,944065200,,944065265,WWW.IPARKUTXA.ES,,,0000,26/10/2011,02/10/1965,,48,IPAR KUTXA,S,CVRVES2BXXX,,,,,,,,16,,"IPAR KUTXA RURAL, S.C.C.",IPAR KUTXA
CC,3089,53001,CAJA R. BAENA NTRA. SRA. GUADALUPE S.C.C.A.,CAJA RURAL DE BAENA NTRA. SRA. DE GUADALUPE SOCIEDAD COOPERATIVA DE CREDITO ANDALUZA,,F14016166,CL,RAFAEL ONIEVA ARIZA,32,,14850,BAENA,CORDOBA,ES,,957670772,,957670749,WWW.RURALVIA.COM/BAENA/,,,0000,18/02/2008,23/09/1970,,14,,N,BCOEESMM089,,,,,,,,1,,"CAJA R. BAENA NTRA, SRA, GUADALUPE",C.R.BAENA
CC,3090,53001,"C.R.C. DE CARRION DE LOS CONDES, EN LIQUIDACION","CAJA RURAL COMARCAL DE CARRION DE LOS CONDES, SDAD. COOP. CTO. LTDA., EN LIQUIDACION",,F34002303,PZ,SAN JULIAN,9,,34120,CARRION DE LOS CONDES,PALENCIA,ES,,987292500,,987880961,,09/04/1992,POR DISOLUCION CON LIQUIDACION,0000,01/09/2000,13/11/1952,,34,,N,,,,,,,,,7,,C.R.C. DE CARRION DE LOS CONDES,CRCCARRION
CC,3092,53001,"CAJA R. DE ZARAGOZA, S.C.C.","CAJA RURAL DE ZARAGOZA, S. COOP. DE CREDITO",,F50011501,CL,SAN VOTO,8,,50003,ZARAGOZA,,ES,,976394408,,976397945,,04/01/2002,POR FUSION Y CREACION DE NUEVA ENTIDAD,3189,06/03/2008,10/07/1947,,50,,N,BCOEESMM092,,,,,,,,2,"CAJA RURAL ARAGONESA Y DE LOS PIRINEOS, S. COOP. DE CREDITO","CAJA R. DE ZARAGOZA, S.C.C.",C.R. ZARAGOZA
CC,3093,53001,"CAJA R. DEL CAMPO DE CARIÑENA, S.C.C.L.","CAJA RURAL DEL CAMPO DE CARIÑENA, SDAD. COOP. CTO. LTDA.",,F50019090,CL,MAYOR,70,,50400,CARIÑENA,ZARAGOZA,ES,,976620098,,976620878,,13/11/2002,POR FUSION POR ABSORCION POR,0000,11/11/2004,29/09/1966,,50,,N,BCOEESM1093,,,,,,,,2,,"CAJA R. DEL CAMPO DE CARIÑENA, SCCL",C.R. CARIÑENA
CC,3094,53001,"CAJA CAMPO, CAJA RURAL, S.C.C.","CAJA CAMPO, CAJA RURAL, S. COOP. DE CREDITO",,F46026993,AV,ARRABAL,18,,46340,REQUENA,VALENCIA,ES,,962300997,,962300904,WWW.CAJACAMPO.ES,13/10/2011,POR FUSION POR ABSORCION POR,3058,13/10/2011,21/12/1963,,46,CAJACAMPO,S,CCRIES2A094,,,,,,,,15,"CAJAMAR CAJA RURAL, SOCIEDAD COOPERATIVA DE CREDITO","CAJA CAMPO, CAJA RURAL, S.C.C.",CAJACAMPO
CC,3095,53001,CAJA R. S. ROQUE DE ALMENARA S.C.C.V.,CAJA RURAL SAN ROQUE DE ALMENARA S.COOP. DE CREDITO V.,,F12013306,CL,DOCTOR BERENGUER,4,,12590,ALMENARA,CASTELLON,ES,,962610054,,962611103,WWW.RURALVIA.COM/ALMENARA,,,0000,18/02/2008,14/10/1969,,12,,N,BCOEESMM095,,,,,,,,15,,CAJA R. S. ROQUE DE ALMENARA SCCV,C.R. S.ROQUE
CC,3096,53001,"CAIXA R. DE L'ALCUDIA, S.C.V.C.","CAIXA RURAL DE L'ALCUDIA, SOCIEDAD COOPERATIVA VALENCIANA DE CREDITO",,F46043790,AV,VERGE DE L'ORETO,2,,46250,L'ALCUDIA,VALENCIA,ES,,962540166,,962540427,,,,0000,18/02/2008,10/03/1969,,46,,N,BCOEESMM096,,,,,,,,15,,"CAIXA R. DE L'ALCUDIA, SCVC",C.R. L'ALCUDIA
CC,3104,53001,"CAJA R. DE CAÑETE TORRES NTRA.SRA.DEL CAMPO,S.C.A.",CAJA RURAL DE CAÑETE DE LAS TORRES NTRA.SRA.DEL CAMPO SOCIEDAD COOPERATIVA ANDALUZA DE CREDITO,,F14011407,CL,MOLINO,2,,14660,CAÑETE DE LAS TORRES,CORDOBA,ES,,957183031,,957183031,,,,0000,18/02/2008,27/12/1961,,14,C.R.CAÑETE,S,BCOEESMM104,,,,,,,,1,,"C.R.CAÑETE TORRES N.SRA.CAMPO,SCA",C.R.CAÑETE
CC,3105,53001,"CAIXA R. DE CALLOSA D'EN SARRIA, C.C.V.","CAIXA RURAL DE CALLOSA D'EN SARRIA, COOPERATIVA DE CREDITO VALENCIANA",,F03042595,AV,JAIME I,1,,3510,CALLOSA D'EN SARRIA,ALICANTE,ES,,965880058,,965880001,WWW.RURALVIA.COM/CALLOSA,,,0000,18/02/2008,07/05/1969,,3,CAIXACALLOSA,S,BCOEESMM105,,,,,,,,15,,"CAIXA R. DE CALLOSA D'EN SARRIA,CCV",CAIXACALLOSA
CC,3108,53001,"CAJA R. S. ANTONIO DE BENICASIM, S.C.C.V.","CAJA RURAL SAN ANTONIO DE BENICASIM, S. COOP. DE CREDITO V.",,F12013330,CL,SANTO TOMAS,78,,12560,BENICASIM,CASTELLON,ES,,964300249,,964300249,,24/07/2001,POR CESION DE ACTIVOS Y PASIVOS DE LA ACTIVIDAD FINANCIERA A,3061,27/06/2002,14/10/1969,,12,,N,,,,,,,,,15,"CAJA RURAL CREDICOOP, S. COOP. DE CREDITO",CAJA R. S. ANTONIO DE BENICASIM,C.R. BENICASIM
CC,3113,53001,CAJA R. S. JOSE DE ALCORA S.C.C.V.,CAJA RURAL SAN JOSE DE ALCORA S. COOP. DE CREDITO V.,,F12013272,CL,SAN FRANCISCO,14,,12110,ALCORA,CASTELLON,ES,,964360976,,964360976,WWW.RURALVIA.COM/ALCORA,,,0000,18/02/2008,14/10/1969,,12,,N,BCOEESMM113,,,,,,,,15,,CAJA R. S. JOSE DE ALCORA S.C.C.V.,SAN JOSE ALCORA
CC,3114,53001,"CAJA R. CASTELLON S. ISIDRO, S.C.C.V.","CAJA RURAL CASTELLON - S. ISIDRO, S. COOP. DE CREDITO V.",,F12013355,CL,GASSET,1,,12001,CASTELLON DE LA PLANA,,ES,N,964723200,,964224542,WWW.CRCS.ES,,,0000,18/02/2008,14/10/1969,,12,,N,BCOEESMM114,,,,,,,,15,,"CAJA R. CASTELLON S. ISIDRO, SCCV",C.R. CASTELLON
CC,3115,53001,"CAJA R. 'NUESTRA MADRE DEL SOL', S.C.A.C.","CAJA RURAL 'NUESTRA MADRE DEL SOL', S. COOP. ANDALUZA DE CREDITO",,F14011399,CL,ALTO GUADALQUIVIR,4,,14430,ADAMUZ,CORDOBA,ES,,957166028,,957166313,,,,0000,18/02/2008,18/05/1959,,14,,N,BCOEESMM115,,,,,,,,1,,"CAJA R.""NUESTRA MADRE DEL SOL"",SCAC",CR N. MADRE SOL
CC,3117,53001,"CAIXA R. D'ALGEMESI, S.C.V.C.","CAIXA RURAL D'ALGEMESI, S. COOP. V. DE CREDIT",,F46043782,CL,SAN JOSE DE CALASANZ,6,,46680,ALGEMESI,VALENCIA,ES,,962488030,,962484511,WWW.CAJARURAL.COM/RURALES/3117,,,0000,18/02/2008,02/11/1944,,46,,N,BCOEESMM117,,,,,,,,15,,"CAIXA R. D'ALGEMESI, S.C.V.C.",C.R.D'ALGEMESI
CC,3119,53001,CAJA R. S. JAIME ALQUERIAS NIÑO PERDIDO S.C.C.V.,CAJA RURAL SAN JAIME DE ALQUERIAS NIÑO PERDIDO S. COOP. DE CREDITO V.,,F12013298,CL,JAIME CHICHARRO,24,,12539,ALQUERIAS NIÑO PERDIDO,CASTELLON,ES,,964591717,,964516001,,,,0000,24/05/2011,14/10/1969,,12,,N,BCOEESMM119,,,,,,,,15,,CAJA R. S. JAIME ALQUERIAS SCCV,C.R. S. JAIME
EF,8610,908300,"IBERICA DE NEGOCIOS, S.A., ENTIDAD DE FINANCIACION","IBERICA DE NEGOCIOS, S.A., ENTIDAD DE FINANCIACION",,A17025552,CL,SANTA EUGENIA,18,PL. 6-2,17005,GERONA,,ES,,9720000000,,0,,12/11/1993,POR ACUERDO DEL CONSEJO DE MINISTROS DE FECHA 15.01.93,0000,06/03/2008,11/06/1974,,17,,N,,,,,,,,,9,,"IBERICA DE NEGOCIOS, S.A., E.F.",IBERICA NEGO
EF,8611,908300,"PROMOTORA COMERCIAL E INDUSTRIAL, S.A.","PROMOTORA COMERCIAL E INDUSTRIAL, SOCIEDAD ANONIMA",,A08506412,AV,SAN ESTEBAN,S/N,ESQ. C/ INDUSTRIA,8600,GRANOLLERS,BARCELONA,ES,,0,,0,,04/11/1988,POR REVOCACION DE AUTORIZACION,0000,06/03/2008,04/10/1967,,8,,N,,,,,,,,,9,,PROMOTORA COMERCIAL E INDUSTRIAL,PROCOINSA
EF,8613,908300,"SOCIEDAD ANONIMA FEGAM, ENTIDAD DE FINANCIACION","SOCIEDAD ANONIMA FEGAM, ENTIDAD DE FINANCIACION",,A25012014,PS,SAN ANTONIO MARIA CLARET,8,,25280,SOLSONA,LERIDA,ES,,0,,0,,04/11/1991,ACUERDO DEL CONSEJO DE MINISTROS DE FECHA 27.03.1991,0000,06/03/2008,03/05/1974,,25,,N,,,,,,,,,9,,"SOCIEDAD ANONIMA FEGAM, E.F.",SA FEGAM FIN
EF,8614,908300,"FINANCIERA AUTOMOVILES MAQUINARIA INDUSTRIAL, S.A.","FINANCIERA AUTOMOVILES MAQUINARIA INDUSTRIAL, S.A.",,A28152874,PZ,CONDE DEL VALLE DE SUCHIL,19,,28015,MADRID,,ES,,0,,0,,19/08/1991,POR ACUERDO DEL CONSEJO DE MINISTROS DE FECHA 27.03.1991,0000,06/03/2008,08/06/1965,,28,,N,,,,,,,,,12,,FINAN. AUTOMOVILES MAQUINARIA IND.,FINANAUTOMIN
EF,8615,908300,"CAJA CREDITOS CONDAL, S.A.","CAJA CREDITOS CONDAL, S.A.",,A08426520,CL,TRAVESERA DE GRACIA,96,PL. 1,8006,BARCELONA,,ES,,0,,0,,11/04/1984,POR REVOCACION DE AUTORIZACION,0000,06/03/2008,09/12/1975,,8,,N,,,,,,,,,9,,"CAJA CREDITOS CONDAL, S.A.",CACRECONSA
EF,8616,908300,"FIECO, SOCIEDAD ANONIMA, ENTIDAD DE FINANCIACION","FIECO, SOCIEDAD ANONIMA, ENTIDAD DE FINANCIACION",,A08243768,CL,CORCEGA,301,,8008,BARCELONA,,ES,,932180268,,0,,09/04/1991,POR FUSION POR ABSORCION POR,8474,31/08/2000,11/07/1969,,8,,N,,,,,,,,,9,"FOMENTO DE CREDITO Y COMERCIO, S.A., ENTIDAD DE FINANCIACION","FIECO, S.A., E.F.",FIECO SA
EF,8619,908300,"LISIN BROKERS, ENTIDAD DE FINANCIACION, S.A.","LISIN BROKERS, ENTIDAD DE FINANCIACION, S.A.",,A08212391,CL,RICOMA,5,,8400,GRANOLLERS,BARCELONA,ES,,0,,0,,22/03/1983,.,0000,06/03/2008,09/02/1967,,8,,N,,,,,,,,,9,,"LISIN BROKERS, E.F., S.A.",LISBROKSA
EF,8617,908300,"CORPORACION FINANCIERA MADRILEÑA, E.F., S.A.","CORPORACION FINANCIERA MADRILEÑA, ENTIDAD DE FINANCIACION, SOCIEDAD ANONIMA",,A28468742,PZ,SANTA Mª SOLEDAD TORRES ACOSTA,BLOQUE 5,BLOQUE 5 - 2 C,28004,MADRID,,ES,,914311899,,915777509,,18/09/1991,POR CAMBIO DE OBJETO SOCIAL,8916,06/03/2008,25/05/1977,,28,,N,,,,,,,,,12,"AUSYCO FACTORING, E.F., S.A.",CORPORACION FINANCIERA MADRILEÑA,COFIMASA EF
EF,8621,908300,"FINANCIERA MERCANTIL E INDUSTRIAL, S.A.F.","FINANCIERA MERCANTIL E INDUSTRIAL, SOCIEDAD ANONIMA DE FINANCIACION",,A28433613,CL,ORENSE,20,,28020,MADRID,,ES,,0,,0,,19/08/1991,POR ACUERDO DEL CONSEJO DE MINISTROS DE FECHA 27.03.1991,0000,06/03/2008,14/05/1976,,28,,N,,,,,,,,,12,,FINANCIERA MERCANTIL E INDUSTRIAL,FIMERIND EF
EF,8622,908300,"FINANCIERA DEL ESTE, S.A., ENTIDAD DE FINANCIACION","FINANCIERA DEL ESTE, S.A., ENTIDAD DE FINANCIACION",,A12017240,CL,MOYANO,15,,12002,CASTELLON,,ES,,0,,0,,30/07/1985,POR CAMBIO DE OBJETO SOCIAL,0000,06/03/2008,18/02/1974,,12,,N,,,,,,,,,15,,"FINANCIERA DEL ESTE, S.A., E.F.",FINESSA
EF,8623,908300,"SERVICIOS ECONOMICOS, S.A., E.F.","SERVICIOS ECONOMICOS, S.A., ENTIDAD DE FINANCIACION",,A08394702,CL,CASANOVA,25,ENTLO. 1 A,8011,BARCELONA,,ES,,932545392,,0,,05/02/1993,POR CAMBIO DE OBJETO SOCIAL,0000,06/03/2008,16/10/1975,,8,,N,,,,,,,,,9,,"SERVICIOS ECONOMICOS, S.A., E.F.",SERECOSA EF
EF,8624,908300,"G.D.S. - CUSA, ENTIDAD DE FINANCIACION, S.A.","G.D.S. - CUSA, ENTIDAD DE FINANCIACION, S.A.",,A08059610,AV,DIAGONAL,615,,8036,BARCELONA,,ES,,934141599,,934140465,,02/01/1997,R.D. 692/1996 DE 26 DE ABRIL (D.T. 4ª) Y CAMBIO DE OBJETO SOCIAL,0000,31/08/2000,31/12/1954,,8,,N,,,,,,,,,9,,"G.D.S. - CUSA, E.F., S.A.",G.D.S.-CUSA
EF,8625,908300,"FINANCIERA AUGUSTA, S.A., ENTIDAD DE FINANCIACION","FINANCIERA AUGUSTA, S.A., ENTIDAD DE FINANCIACION",,A25013400,CL,SAN ERMENGOL,54,,25700,SEO DE URGELL,LERIDA,ES,,0,,0,,03/07/1986,.,0000,06/03/2008,11/03/1975,,25,,N,,,,,,,,,9,,"FINANCIERA AUGUSTA, S.A., E.F.",FINAUGUSA
EF,8626,908300,"FIBUSA, ENTIDAD DE FINANCIACION, S.A.","FIBUSA, ENTIDAD DE FINANCIACION, S.A.",,A07214463,CL,SAN JUAN,6,PL. 2,9003,BURGOS,,ES,,0,,0,,01/08/1984,.,0000,06/03/2008,14/07/1972,,9,,N,,,,,,,,,7,,"FIBUSA, E.F., S.A.",FIBUSAEF
EF,8627,908300,"CEDAT, SOCIEDAD ANONIMA, ENTIDAD DE FINANCIACION","CEDAT, SOCIEDAD ANONIMA, ENTIDAD DE FINANCIACION",,A08220519,CL,ARIBAU,280,PL. 1 - 1,8006,BARCELONA,,ES,,932001712,,934146309,,02/01/1997,R.D. 692/1996 DE 26 DE ABRIL (D.T. 4) Y CAMBIO DE OBJETO SOCIAL,0000,06/03/2008,09/04/1968,,8,,N,,,,,,,,,9,,"CEDAT, S.A., E.F.",CEDAT
EF,8628,908300,FINANCIERA DE CREDITOS INDUSTRIALES Y COMERCIALES,"FINANCIERA DE CREDITOS INDUSTRIALES Y COMERCIALES, S.A.",,A28061539,CL,VILLANUEVA,16,,28001,MADRID,,ES,,914316802,,0,,07/06/1991,POR ACUERDO DEL CONSEJO DE MINISTROS DE FECHA 27.03.1991,0000,06/03/2008,04/02/1974,,28,,N,,,,,,,,,12,,FINANCIERA CTOS. INDUS. COMERCIALES,FICRINCO EF
EF,8629,908300,"CONTRATACION Y FINANCIACION BALEAR, S.A., E.F.","CONTRATACION Y FINANCIACION BALEAR, S.A., ENTIDAD DE FINANCIACION",,A07020266,CL,SAN MIGUEL,30,,7002,PALMA DE MALLORCA,BALEARES,ES,,9710000000,,0,,02/01/1997,R.D. 692/1996 DE 26 DE ABRIL (D.T. 4ª).,0000,31/08/2000,06/09/1976,,7,,N,,,,,,,,,4,,CONTRATACION Y FINANCIACION BALEAR,COFIBSA
EF,8630,908300,"INVERSIONES FINANCIERAS TARRACO, E.F., S.A.","INVERSIONES FINANCIERAS TARRACO, ENTIDAD DE FINANCIACION, S.A.",,A43020981,ZZ,RAMBLA NOVA,78,,43004,TARRAGONA,,ES,,977203443,,0,,03/03/1994,POR DISOLUCION,0000,06/03/2008,06/11/1968,,43,,N,,,,,,,,,9,,INVERSIONES FINANCIERAS TARRACO,INFITASA
EF,8631,908300,"FINANCIERA ORFILA, S.A., ENTIDAD DE FINANCIACION","FINANCIERA ORFILA, S.A., ENTIDAD DE FINANCIACION",,A41016676,CL,ORFILA,11,,41003,SEVILLA,,ES,,0,,0,,20/01/1987,.,0000,06/03/2008,29/04/1966,,41,,N,,,,,,,,,1,,"FINANCIERA ORFILA, S.A., E.F.",FINA. ORFILA
EF,8632,908300,"SISARGA, S.A., ENTIDAD DE FINANCIACION","SISARGA, S.A., ENTIDAD DE FINANCIACION",,A28186476,CR,MADRID - TOLEDO,KM.258,,28991,TORREJON DE LA CALZADA,MADRID,ES,,0,,0,,04/01/1983,A PETICION PROPIA,0000,06/03/2008,05/07/1967,,28,,N,,,,,,,,,12,,"SISARGA, S.A., E.F.",SISARGASA
EF,8633,908300,"FINANCIERA DE GRANADA, S.A.","FINANCIERA DE GRANADA, S.A.",,A18012039,CL,REYES CATOLICOS,20,PL. 1,18001,GRANADA,,ES,,958225542,,0,,02/01/1997,R.D. 692/1996 DE 26 DE ABRIL (D.T. 4ª) Y CAMBIO DE OBJETO SOCIAL,0000,06/03/2008,18/06/1973,,18,,N,,,,,,,,,1,,"FINANCIERA DE GRANADA, S.A.",GRANADA
EF,8634,908300,"FINANCIERA ARRIACENSE, S.A., E.F.","FINANCIERA ARRIACENSE, S.A., ENTIDAD DE FINANCIACION",,A19005271,CR,MADRID,KM. 401,,6008,BADAJOZ,,ES,,924250411,,0,,06/09/1993,POR CAMBIO DE OBJETO SOCIAL,0000,31/08/2000,02/03/1976,,6,,N,,,,,,,,,10,,"FINANCIERA ARRIACENSE, S.A., E.F.",F ARRIACENSE
EF,8635,908300,"CREDITO FINANCIERO VALENCIANO, S.A., E.F.","CREDITO FINANCIERO VALENCIANO, SOCIEDAD ANONIMA, ENTIDAD DE FINANCIACION",,A46068607,CL,LUIS OLIAG,75,,46005,VALENCIA,,ES,,963730643,,0,,08/04/1994,POR CAMBIO DE OBJETO SOCIAL,0000,31/08/2000,15/05/1973,,46,,N,,,,,,,,,15,,"CREDITO FINANCIERO VALENCIANO, S.A.",CREFIVASA
EF,8636,908300,"GRUPO FINANCIERO CENTRO, S.A., E.F.","GRUPO FINANCIERO CENTRO, S.A., ENTIDAD DE FINANCIACION",,A28372951,CL,EMPECINADO,4,"PL. 2, PT. DCHA.",28100,ALCOBENDAS,MADRID,ES,,0,,0,,16/12/1985,.,0000,06/03/2008,16/11/1974,,28,,N,,,,,,,,,12,,"GRUPO FINANCIERO CENTRO, S.A., E.F.",GRUFICENSA
EF,8637,908300,"COMPAÑIA DE FINANCIACION FINANGREF, S.A.","COMPAÑIA DE FINANCIACION FINANGREF, SOCIEDAD ANONIMA",,A99015026,CL,SAN JUAN DE LA SALLE,2,,8022,BARCELONA,,ES,,0,,0,,26/10/1982,.,0000,06/03/2008,13/07/1973,,8,,N,,,,,,,,,9,,COMPAÑIA DE FINANCIACION FINANGREF,COFINSA
EF,8638,908300,"CREDITOS ORENSE, S.A., ENTIDAD DE FINANCIACION","CREDITOS ORENSE, S.A., ENTIDAD DE FINANCIACION",,A32002909,CL,JUAN XXIII,1,,32003,ORENSE,,ES,,0,,0,,07/06/1991,POR ACUERDO DEL CONSEJO DE MINISTROS DE FECHA 27.03.1991,0000,06/03/2008,22/03/1971,,32,,N,,,,,,,,,11,,"CREDITOS ORENSE, S.A., E.F.",CDTOS ORENSE
EF,8639,908300,"FINANCIERA URBASA, ENTIDAD DE FINANCIACION, S.A.","FINANCIERA URBASA, ENTIDAD DE FINANCIACION, S.A.",,,CL,MONASTERIO DE IRACHE,16,,31011,PAMPLONA,NAVARRA,ES,,0,,0,,22/05/1981,A PETICION PROPIA,0000,06/03/2008,07/09/1976,,31,,N,,,,,,,,,14,,"FINANCIERA URBASA, E.F., S.A.",FINURBSA
EF,8641,908300,"FINANCIERA PELAYO, S.A., ENTIDAD DE FINANCIACION","FINANCIERA PELAYO, S.A., ENTIDAD DE FINANCIACION",,A33610189,CL,SANTA ELENA,10,,33201,GIJON,ASTURIAS,ES,,980000000,,0,,19/11/1993,POR ACUERDO DEL CONSEJO DE MINISTROS DE FECHA 20.11.1992,0000,06/03/2008,26/01/1976,,33,,N,,,,,,,,,3,,"FINANCIERA PELAYO, S.A., E.F.",FIPESA
EF,8642,908300,"CAMBIAL FINANCIERA, ENTIDAD DE FINANCIACION, S.A.","CAMBIAL FINANCIERA, ENTIDAD DE FINANCIACION, S.A.",,A08182370,CL,TRAVESERA DE GRACIA,18-20,,8021,BARCELONA,,ES,,0,,0,,04/11/1988,POR REVOCACION DE AUTORIZACION,0000,06/03/2008,06/02/1964,,8,,N,,,,,,,,,9,,"CAMBIAL FINANCIERA, E.F., S.A.",CAMBIAL FINA
EF,8644,908300,"AUTOFINANZAS, S.A.","AUTOFINANZAS, S.A.",,A28174597,PZ,ALONSO MARTINEZ,3,BAJO - DCHA.,28004,MADRID,,ES,,914487850,,914487854,,20/06/1995,POR DISOLUCION,0000,31/08/2000,31/01/1967,,28,,N,,,,,,,,,12,,"AUTOFINANZAS, S.A.",AUTOFINANZAS
EF,8643,908300,"FINANCIERA CERVANTES, S.A., CIA. DE FINANCIACION","FINANCIERA CERVANTES, SOCIEDAD ANONIMA, COMPAÑIA DE FINANCIACION",,A28469187,CL,PRINCIPE DE VERGARA,13,PL. 3,28001,MADRID,,ES,,0,,0,,13/11/1987,POR REVOCACION DE AUTORIZACION,0000,06/03/2008,25/03/1977,,28,,N,,,,,,,,,12,,"FINANCIERA CERVANTES, S.A., C.F.",FINCERSA
EF,8645,908300,"INFISA, SOCIEDAD ANONIMA, ENTIDAD DE FINANCION","INFISA, SOCIEDAD ANONIMA, ENTIDAD DE FINANCIACION",,A30019749,AV,GRAN VIA,17,PL. 3,30004,MURCIA,,ES,,968217797,,968212342,,14/11/1994,POR REVOCACION DE AUTORIZACION,0000,06/03/2008,20/10/1975,,30,,N,,,,,,,,,13,,"INFISA, S.A., E.F.",INFISA EF
EF,8646,908300,"EUROHISPANA DE FINANZAS, S.A.","EUROHISPANA DE FINANZAS, S.A.",,A28347383,CL,JOSE ORTEGA Y GASSET,22-24,,28006,MADRID,,ES,,914317366,,0,,25/02/1993,POR CAMBIO DE OBJETO SOCIAL,0000,06/03/2008,21/02/1974,,28,,N,,,,,,,,,12,,"EUROHISPANA DE FINANZAS, S.A.",EUROHIS FINA
EF,8647,908300,"AGRO INDUSTRIAL DE FINANCIACION, S.A. (SAIFI)","AGRO INDUSTRIAL DE FINANCIACION, S.A. ( SAIFI )",,A31030299,CL,OLITE,16,"PL. 1, PT. IZDA",31390,OLITE,NAVARRA,ES,,0,,0,,19/08/1991,POR ACUERDO DEL CONSEJO DE MINISTROS DE FECHA 27.03.1991,0000,06/03/2008,03/12/1970,,31,,N,,,,,,,,,14,,AGRO INDUSTRIAL DE FINANCIACION,SAIFI
EF,8648,908300,"SVENSKA FINANS COMPAÑIA DE FINANCIACION, S.A.","SVENSKA FINANS COMPAÑIA DE FINANCIACION, S.A.",,A08443087,PS,CASTELLANA,53,,28046,MADRID,,ES,,913990411,,914420348,,01/08/1996,POR DISOLUCION,0000,31/08/2000,02/02/1977,,28,,N,,,,,,,,,12,,SVENSKA FINANS CIA. DE FINANCIACION,SVENSKA FINANS
EF,8649,908300,"FINANCIERA PARDALILLA, S.A., E.F.","FINANCIERA PARDALILLA, S.A., ENTIDAD DE FINANCIACION",,A10007938,CL,VIDRIERAS,13,PL. 3,10600,PLASENCIA,CACERES,ES,,0,,0,,11/04/1984,POR REVOCACION DE AUTORIZACION,0000,06/03/2008,04/04/1977,,10,,N,,,,,,,,,10,,"FINANCIERA PARDALILLA, S.A., E.F.",FINPARSA
EF,8650,908300,"INVERSIONES ERESMA, S.A., ENTIDAD DE FINANCIACION","INVERSIONES ERESMA, S.A., ENTIDAD DE FINANCIACION",,A28469153,CL,CLAUDIO COELLO,20,,28001,MADRID,,ES,,0,,0,,04/11/1988,POR REVOCACION DE AUTORIZACION,0000,06/03/2008,25/03/1977,,28,,N,,,,,,,,,12,,"INVERSIONES ERESMA, S.A., E.F.",INVERESMASA
EF,8651,908300,"PROMOCIONES Y FINANCIACIONES HERRERO, S.A., E.F.","PROMOCIONES Y FINANCIACIONES HERRRERO, S.A., ENTIDAD DE FINANCIACION",,A33015371,CL,SUAREZ DE LA RIVA,8,PL. 5,33009,OVIEDO,ASTURIAS,ES,,0,,0,,10/08/1987,.,0000,06/03/2008,16/03/1972,,33,,N,,,,,,,,,3,,PROMOCIONES FINANCIACIONES HERRERO,PROFIHERSA
EF,8652,908300,"FINANCIERA VILLEN, ENTIDAD DE FINANCIACION, S.A.","FINANCIERA VILLEN, ENTIDAD DE FINANCIACION, S.A.",,A14018592,CL,FRANCISCO SALTO,15,,14960,RUTE,CORDOBA,ES,,0,,0,,01/08/1984,.,0000,06/03/2008,27/07/1973,,14,,N,,,,,,,,,1,,"FINANCIERA VILLEN, E.F., S.A.",FINVILLSA
EF,8653,908300,"DRIGSA DE FINANCIACION, S.A., E.F.","DRIGSA DE FINANCIACION, S.A., ENTIDAD DE FINANCIACION",,A19004852,CL,VIRGEN DEL AMPARO,16-18,,19003,GUADALAJARA,,ES,,0,,0,,29/06/1984,.,0000,06/03/2008,18/03/1975,,19,,N,,,,,,,,,8,,"DRIGSA DE FINANCIACION, S.A., E.F.",DRIGSA
EF,8654,908300,"CANTABRICA DE CREDITO Y FINANCIACION, S.A.F.","CANTABRICA DE CREDITO Y FINANCIACION, SOCIEDAD ANONIMA DE FINANCIACION",,A20031720,CL,OQUENDO,15,,20004,SAN SEBASTIAN,GUIPUZCOA,ES,,0,,0,,05/10/1984,.,0000,06/03/2008,06/11/1968,,20,,N,,,,,,,,,16,,CANTABRICA DE CTO. Y FINANCIACION,CANTABRICAFI
EF,8655,908300,"FINANCIERA ESPUÑA, S.A.","FINANCIERA ESPUÑA, S.A.",,A99015034,CL,MANRESA,S/N,"EDIFIC. ELYOS, PL.5",30004,MURCIA,,ES,,0,,0,,02/07/1986,.,0000,06/03/2008,28/10/1974,,30,,N,,,,,,,,,13,,"FINANCIERA ESPUÑA, S.A.",FINESPSA
EF,8656,908300,"FINANCIERA DEL NORTE DE ESPAÑA, E.F., S.A.","FINANCIERA DEL NORTE DE ESPAÑA, ENTIDAD DE FINANCIACION, S.A.",,A39003314,CL,JUAN DE HERRERA,21,,39001,SANTANDER,CANTABRIA,ES,,942225694,,0,,06/11/1992,POR ACUERDO DEL CONSEJO DE MINISTROS DE FECHA 27.03.1991,0000,06/03/2008,23/08/1962,,39,,N,,,,,,,,,6,,FINANCIERA DEL NORTE DE ESPAÑA,FI NORTE ESP
EF,8657,908300,"FINANCIERA GENERAL DE CREDITOS E INVERSIONES, S.A.","FINANCIERA GENERAL DE CREDITOS E INVERSIONES, S.A.",,A25008319,CL,ANSELMO CLAVE,2,PL. 2,25007,LERIDA,,ES,,0,,0,,26/02/1986,.,0000,06/03/2008,17/03/1969,,25,,N,,,,,,,,,9,,FINANCIERA GRAL. CTOS. INVERSIONES,FIGECREINSA
EF,8658,908300,"FINANCIERA FRAGATINA, S.A., E.F.","FINANCIERA FRAGATINA, S.A., ENTIDAD DE FINANCIACION",,A22004634,AV,ARAGON,1,,22520,FRAGA,HUESCA,ES,,0,,0,,06/11/1992,POR ACUERDO DEL CONSEJO DE MINISTROS DE FECHA 27.03.1991,0000,06/03/2008,06/03/1971,,22,,N,,,,,,,,,2,,"FINANCIERA FRAGATINA, S.A., E.F.",FI FRAGATINA
EF,8659,908300,UNION FINANCIERA DE COLABORADORES EMPRESARIALES,"UNION FINANCIERA DE COLABORADORES EMPRESARIALES, S.A.",,A28442283,PS,CASTELLANA,198,PL. 3,28046,MADRID,,ES,,912594407,,912502911,,17/05/1993,POR CAMBIO OBJETO SOCIAL,0000,06/03/2008,31/05/1976,,28,,N,,,,,,,,,12,,U.FINAN.COLABORADORES EMPRESARIALES,UFICO S.A.
EF,8660,908300,"ORGANIZACION FINANCIERA CASTELLANA, S.A.","ORGANIZACION FINANCIERA CASTELLANA, S.A.",,A47004817,CL,PASION,13,PL. 2,47001,VALLADOLID,,ES,,0,,0,,04/11/1988,POR REVOCACION DE AUTORIZACION,0000,06/03/2008,09/02/1966,,47,,N,,,,,,,,,7,,ORGANIZACION FINANCIERA CASTELLANA,ORFICASA
EF,8661,908300,"CREDITO COMERCIAL ESPAÑOL, S.A.","CREDITO COMERCIAL ESPAÑOL, S.A.",,A28094654,CL,MUNTANER,252,,8036,BARCELONA,,ES,,0,,0,,19/08/1991,POR ACUERDO DEL CONSEJO DE MINISTROS DE FECHA 27.03.1991,0000,06/03/2008,02/11/1960,,8,,N,,,,,,,,,9,,"CREDITO COMERCIAL ESPAÑOL, S.A.",CDTO COM ESP
EF,8662,908300,"FINANCIERA GIRONA, S.A., ENTIDAD DE FINANCIACION","FINANCIERA GIRONA, S.A., ENTIDAD DE FINANCIACION",,A17047200,PZ,MARQUES DE CAMPS,17,"PL. 4, PT. 1-B",17001,GERONA,,ES,,0,,0,,22/03/1984,.,0000,06/03/2008,23/07/1980,,17,,N,,,,,,,,,9,,"FINANCIERA GIRONA, S.A., E.F.",FINGIROSA
EF,8663,908300,"COMPAÑIA DE FINANCIACION DUNA, S.A.","COMPAÑIA DE FINANCIACION DUNA, S.A.",,A28651388,CL,GENERAL DIAZ PORLIER,93,,28006,MADRID,,ES,,915212956,,0,,16/06/1993,POR CAMBIO DE OBJETO SOCIAL,0000,31/08/2000,13/08/1980,,28,,N,,,,,,,,,12,,"COMPAÑIA DE FINANCIACION DUNA, S.A.",CIA FIN DUNA
EF,8664,908300,"COMPAÑIA DE FINANCIACION BLAJOMA, S.A.","COMPAÑIA DE FINANCIACION BLAJOMA, S.A.",,A28651362,CL,GENERAL DIAZ PORLIER,93,,28006,MADRID,,ES,,915212956,,0,,13/07/1992,POR CAMBIO DE OBJETO SOCIAL,0000,31/08/2000,13/08/1980,,28,,N,,,,,,,,,12,,COMPAÑIA DE FINANCIACION BLAJOMA,FINA BLAJOMA
EF,8665,908300,"CORPORACION ESPAÑOLA DE FINANCIACION, S.A.","CORPORACION ESPAÑOLA DE FINANCIACION, S.A.",,A28111755,CL,DON RAMON DE LA CRUZ,1,PL. 2,28001,MADRID,,ES,,914355413,,0,,23/09/1993,A PETICION PROPIA,0000,06/03/2008,13/07/1962,,28,,N,,,,,,,,,12,,CORP. ESPAÑOLA DE FINANCIACION,CORP ESPA FI
EF,8666,908300,"CREDITO ATLANTICO, COMPAÑIA DE FINANCIACION, S.A.","CREDITO ATLANTICO, COMPAÑIA DE FINANCIACION, S.A.",,A08352049,AV,DIAGONAL,415,PL. 1,8008,BARCELONA,,ES,,932373480,,0,,11/11/1993,POR CAMBIO DE OBJETO SOCIAL,0000,06/03/2008,13/02/1973,,8,,N,,,,,,,,,9,,"CREDITO ATLANTICO, C.F., S.A.",CDTO ATLCO F
EFC,4770,74704,"GMAC ESPAÑA S.A. OPEL LEASING, E.F.C.","GMAC ESPAÑA SOCIEDAD ANONIMA OPEL LEASING, E.F.C.",,A78082666,AV,GENERAL PERON,38,,28020,MADRID,,ES,,915560606,,915568341,,01/10/1997,POR FUSION POR ABSORCION POR,8714,06/03/2008,13/12/1996,,28,,N,,,,,,,,,12,"G.M.A.C. ESPAÑA, SOCIEDAD ANONIMA DE FINANCIACION",GMAC ESPAÑA S.A. OPEL LEASING,GMACESPAÑA
EF,8498,908300,"MAPFRE FINANZAS DEL SUR, E.F., S.A.","MAPFRE FINANZAS DEL SUR, ENTIDAD DE FINANCIACION, S.A.",,A29012903,AV,DE LA AURORA,34-36,,29006,MALAGA,,ES,,952134420,,952134401,,17/05/1993,POR FUSION POR ABSORCION POR,8427,31/08/2000,04/05/1968,,29,,N,,,,,,,,,1,"MAPFRE FINANZAS, ENTIDAD DE FINANCIACION, S.A.","MAPFRE FINANZAS DEL SUR, E.F., S.A.",MAPFRE SUR
EF,8668,908300,"FINANCIERA COMTRANS, S.A.","FINANCIERA COMTRANS, S.A.",,A08375818,PS,GRACIA,111,,8008,BARCELONA,,ES,,932187100,,0,,10/11/1992,A PETICION PROPIA,0000,06/03/2008,09/05/1975,,8,,N,,,,,,,,,9,,"FINANCIERA COMTRANS, S.A.",FIN COMTRANS
EF,8669,908300,"INVERVIL, S.A., COMPAÑIA DE FINANCIACION","INVERVIL, S.A., COMPAÑIA DE FINANCIACION",,A33019464,CL,TENDERINA,199-201,BAJO,33010,OVIEDO,ASTURIAS,ES,,985281174,,0,,23/08/1993,POR CAMBIO DE OBJETO SOCIAL,0000,06/03/2008,29/10/1975,,33,,N,,,,,,,,,3,,"INVERVIL, S.A., C.F.",INVERVIL SA
EF,8670,908300,"CENTRAL CANARIA DE CREDITO, E.F., S.A.","CENTRAL CANARIA DE CREDITO, ENTIDAD DE FINANCIACION",,A35007277,CL,LUIS DORESTE SILVA,64,,35004,LAS PALMAS DE GRAN CANARIA,LAS PALMAS,ES,,0,,0,,04/02/1985,POR FUSION POR ABSORCION POR,8430,06/03/2008,06/07/1966,,35,,N,,,,,,,,,5,"CENTRAL TINERFEÑA DE CREDITO, ENTIDAD DE FINANCIACION, S.A.","CENTRAL CANARIA DE CREDITO, E.F.",CECACRESA
EF,8671,908300,"MADIN, S.A., ENTIDAD DE FINANCIACION","MADIN, S.A., ENTIDAD DE FINANCIACION",,A28512408,CL,PRINCIPE DE VERGARA,33,,28001,MADRID,,ES,,0,,0,,13/05/1985,.,0000,06/03/2008,02/02/1976,,28,,N,,,,,,,,,12,,"MADIN, S.A., E.F.",MADINSA
EF,8672,908300,"FINANCIERA DEL SEGURA, S.A., E.F.","FINANCIERA DEL SEGURA, S.A., ENTIDAD DE FINANCIACION",,A30020218,AV,LIBERTAD,4,ENTRESUELO,30009,MURCIA,,ES,,968220855,,968221376,,08/06/1995,POR ACUERDO DE CONSEJO DE MINISTROS DE FECHA 30.09.1994,0000,31/08/2000,11/12/1975,,30,,N,,,,,,,,,13,,"FINANCIERA DEL SEGURA, S.A., E.F.",FINSEGURA
EF,8673,908300,"FINDEMA, SOCIEDAD DE FINANCIACION, S.A.","FINDEMA, SOCIEDAD DE FINANCIACION, S.A.",,A08447203,CL,RAMON TURRO,36,,8380,MALGRAT DE MAR,BARCELONA,ES,,930000000,,0,,11/11/1994,POR ACUERDO DE CONSEJO DE MINISTROS DE 30.09.1994,0000,06/03/2008,07/07/1976,,8,,N,,,,,,,,,9,,"FINDEMA, SDAD. FINANCIACION, S.A.",FINDEMA SDAD
EF,8674,908300,"GESCONDAL, ENTIDAD DE FINANCIACION, S.A.","GESCONDAL, ENTIDAD DE FINANCIACION, S.A.",,A08332983,CL,DIPUTACION,303,"PL. 1, PT. 1",8009,BARCELONA,,ES,,0,,0,,28/03/1985,.,0000,06/03/2008,08/06/1973,,8,,N,,,,,,,,,9,,"GESCONDAL, E.F., S.A.",GESCONDAL
EF,8675,908300,"CORPORACION HIPOTECARIA, S.A., E.F.","CORPORACION HIPOTECARIA, SOCIEDAD ANONIMA, ENTIDAD DE FINANCIACION",,A08429581,CL,MALLORCA,214,,8008,BARCELONA,,ES,,0,,0,,07/02/1992,POR CAMBIO DE OBJETO SOCIAL,0000,31/08/2000,04/11/1976,,8,,N,,,,,,,,,9,,"CORPORACION HIPOTECARIA, S.A., E.F.",CORP HIPOTEC
EF,8676,908300,"TRADEMATIC, S.A.","TRADEMATIC, S.A.",,A08342156,AV,GRAN VIA DE CARLOS III,86,PL. 8,8028,BARCELONA,,ES,,0,,0,,13/05/1992,POR CAMBIO DE OBJETO SOCIAL,0000,31/08/2000,18/04/1974,,8,,N,,,,,,,,,9,,"TRADEMATIC, S.A.",TRADEMATIC
EF,8677,908300,"FINANCIERA CASTELLANA, E.F., S.A.","FINANCIERA CASTELLANA, ENTIDAD DE FINANCIACION, S.A.",,A28313054,CL,VITORIA,17,PL. 5,9004,BURGOS,,ES,,0,,0,,09/04/1986,.,0000,06/03/2008,05/12/1972,,9,,N,,,,,,,,,7,,"FINANCIERA CASTELLANA, E.F., S.A.",FINCASSA
EF,8678,908300,"COMPAÑIA ORENSANA DE CREDITO, S.A., E.F.","COMPAÑIA ORENSANA DE CREDITO, S.A., ENTIDAD DE FINANCIACION",,A32003865,CL,GENERAL FRANCO,98,PL. 1,32003,ORENSE,,ES,,0,,0,,09/04/1985,.,0000,06/03/2008,10/07/1973,,32,,N,,,,,,,,,11,,"COMPAÑIA ORENSANA DE CREDITO, S.A.",COORCRESA
EF,8679,908300,"INTERBAN, SOCIEDAD ANONIMA DE FINANCIACION","INTERBAN, SOCIEDAD ANONIMA DE FINANCIACION",,A28367555,CL,GENERAL YAGÜE,10,"PL. 2, PT. I",28020,MADRID,,ES,,0,,0,,12/07/1989,A PETICION PROPIA,0000,06/03/2008,03/05/1974,,28,,N,,,,,,,,,12,,"INTERBAN, S.A.F.",INTERBAN FIN
EF,8680,908300,"VALLINVEST, S.A.","VALLINVEST, S.A.",,A99015042,AV,CAUDILLO,113,,8220,TARRASA,BARCELONA,ES,,0,,0,,17/12/1987,.,0000,06/03/2008,31/12/1968,,8,,N,,,,,,,,,9,,"VALLINVEST, S.A.",VALLINVEST
EF,8681,908300,"LA AUXILIAR DEL COMPRADOR AHORRATIVO, S.A.","LA AUXILIAR DEL COMPRADOR AHORRATIVO, S.A.",,A99015059,CL,ANTONIO BORI,S/N,BAJO,8912,BADALONA,BARCELONA,ES,,0,,0,,07/08/1986,.,0000,06/03/2008,27/12/1946,,8,,N,,,,,,,,,9,,LA AUXILIAR COMPRADOR AHORRATIVO,AUXICIMASA
EF,8682,908300,"MIJARES FINANCIACIONES, S.A., E.F.","MIJARES FINANCIACIONES, S.A., ENTIDAD DE FINANCIACION",,A12016184,CL,VALENCIA,14,,12540,VILLAREAL DE LOS INFANTES,CASTELLON,ES,,0,,0,,04/07/1989,A PETICION PROPIA,0000,06/03/2008,06/03/1973,,12,,N,,,,,,,,,15,,"MIJARES FINANCIACIONES, S.A., E.F.",MIJARES FINA
EF,8683,908300,"COMPAÑIA SANTANDERINA DE FINANCIACION, S.A.","COMPAÑIA SANTANDERINA DE FINANCIACION, S.A.",,A39003090,CL,CALVO SOTELO,13,,39002,SANTANDER,CANTABRIA,ES,,0,,0,,24/01/1984,.,0000,06/03/2008,08/09/1961,,39,,N,,,,,,,,,6,,CIA. SANTANDERINA DE FINANCIACION,COSANFISA
EF,8684,908300,ENTIDAD DE FINANCIACION DE NEGOCIOS FINANCIEROS,"ENTIDAD DE FINANCIACION DE NEGOCIOS FINANCIEROS, S.A. (NEFISA)",,A28453314,CL,PRINCIPE DE VERGARA,130,"PL. 1, PT. 9",28002,MADRID,,ES,,0,,0,,28/02/1986,.,0000,06/03/2008,17/12/1976,,28,,N,,,,,,,,,12,,"E.F. DE NEGOCIOS FINANCIEROS, S.A.",NEFISA
EF,8685,908300,"SERVISA, ENTIDAD DE FINANCIACION, S.A.","SERVISA, ENTIDAD DE FINANCIACION, S.A.",,A99015067,PS,PINTOR ROSALES,30,,28008,MADRID,,ES,,0,,0,,02/04/1984,.,0000,06/03/2008,18/09/1973,,28,,N,,,,,,,,,12,,"SERVISA, E.F., S.A.",SERVISA
EF,8686,908300,"HUESCA PATRIMONIAL, S.A.","HUESCA PATRIMONIAL, S.A.",,A22005649,CL,COSO ALTO,53,,22003,HUESCA,,ES,,0,,0,,04/03/1983,A PETICION PROPIA,0000,06/03/2008,18/01/1975,,22,,N,,,,,,,,,2,,"HUESCA PATRIMONIAL, S.A.",HUESCAPASA
EF,8687,908300,"FIBARNA, S.A., ENTIDAD DE FINANCIACION","FIBARNA, S.A., ENTIDAD DE FINANCIACION",,A08265209,CL,BALMES,199,,8006,BARCELONA,,ES,,932189800,,0,,18/11/1991,POR CAMBIO DE OBJETO SOCIAL,0000,06/03/2008,05/02/1971,,8,,N,,,,,,,,,9,,"FIBARNA, S.A., E.F.",FIBARNA FINA
EF,8688,908300,"ARIFINSA, S.A., ENTIDAD DE FINANCIACION","ARIFINSA, S.A., ENTIDAD DE FINANCIACION",,A08296071,CL,ARIBAU,237-239,"PL ENTRES., PT. 3 B",8021,BARCELONA,,ES,,0,,0,,14/11/1986,.,0000,06/03/2008,23/10/1972,,8,,N,,,,,,,,,9,,"ARIFINSA, S.A., E.F.",ARIFINSA
EF,8689,908300,"FINANCIERA OCCIDENTAL, S.A., E.F.","FINANCIERA OCCIDENTAL, S.A., ENTIDAD DE FINANCIACION",,A01008507,PS,FLORIDA,1,BAJO,1005,VITORIA,ALAVA,ES,,0,,0,,11/04/1984,POR REVOCACION DE AUTORIZACION,0000,06/03/2008,09/05/1973,,1,,N,,,,,,,,,16,,"FINANCIERA OCCIDENTAL, S.A., E.F.",FINOCCSA
EF,8690,908300,"FINANCIACION Y CREDITO BALEAR, S.A.","FINANCIACION Y CREDITO BALEAR, S.A.",,A07047517,ZZ,PASSEIG D'ES BORN,15,,7006,PALMA DE MALLORCA,BALEARES,ES,,0,,0,,09/05/1986,POR REVOCACION DE AUTORIZACION,0000,06/03/2008,15/03/1976,,7,,N,,,,,,,,,4,,"FINANCIACION Y CREDITO BALEAR, S.A.",FINCREBASA
EF,8691,908300,"FINANCO FINANCIACIONES, E.F., S.A.","FINANCO FINANCIACIONES, ENTIDAD DE FINANCIACION, S.A.",,A28437226,PS,HABANA,101,,28036,MADRID,,ES,,915632839,,915634184,,01/04/1996,POR CAMBIO DE OBJETO SOCIAL,0000,06/03/2008,22/06/1976,,28,,N,,,,,,,,,12,,"FINANCO FINANCIACIONES, E.F., S.A.",FINANCO FINANC.
EF,8692,908300,"LA COMARCAL TRANSCONTINENTAL, E.F., S.A.","LA COMARCAL TRANSCONTINENTAL, ENTIDAD DE FINANCIACION, S.A.",,A99015075,PS,CALVO SOTELO,34,BAJOS,8110,MONCADA Y REIXAC,BARCELONA,ES,,0,,0,,04/11/1988,POR REVOCACION DE AUTORIZACION,0000,06/03/2008,30/09/1964,,8,,N,,,,,,,,,9,,"LA COMARCAL TRANSCONTINENTAL, E.F.",LACOTRANSSA
EF,8693,908300,"INVER ARAGON, S.A., ENTIDAD DE FINANCIACION","INVER ARAGON, S.A., ENTIDAD DE FINANCIACION",,A50039379,CL,SAN MIGUEL,5,PL. 3,50001,ZARAGOZA,,ES,,976217384,,0,,19/10/1993,POR REVOCACION DE AUTORIZACION,0000,06/03/2008,01/04/1977,,50,,N,,,,,,,,,2,,"INVER ARAGON, S.A., E.F.",INVER ARAGON
EF,8694,908300,"COMPAÑIA DE FINANCIACION INTERCOMEX, S.A.","COMPAÑIA DE FINANCIACION INTERCOMEX, S.A.",,A28667897,AV,ROMA,99-101,,8029,BARCELONA,,ES,,0,,0,,12/03/1992,POR CAMBIO DE OBJETO SOCIAL,0000,06/03/2008,21/10/1980,,8,,N,,,,,,,,,9,,COMPAÑIA DE FINANCIACION INTERCOMEX,COFISA
EF,8695,908300,"PROMOTORA Y FINANCIERA DEL SUR, S.A.","PROMOTORA Y FINANCIERA DEL SUR, S.A.",,A41078106,ZZ,AUTOPISTA DE SAN PABLO,S/N,EDIF. RENAULT,41007,SEVILLA,,ES,,954360100,,0,,02/01/1997,R.D. 692/1996 DE 26 DE ABRIL (D.T. 4) Y DISOLUCION,0000,06/03/2008,29/07/1980,,41,,N,,,,,,,,,1,,PROMOTORA Y FINANCIERA DEL SUR,SUR
EF,8696,908300,"FIGEST, S.A., ENTIDAD DE FINANCIACION","FIGEST, S.A., ENTIDAD DE FINANCIACION",,A08660631,CL,COMTE D'URGELL,240,PL. 5 B,8036,BARCELONA,,ES,,933219008,,0,,02/07/1993,POR CAMBIO DE OBJETO SOCIAL,0000,06/03/2008,12/12/1980,,8,,N,,,,,,,,,9,,"FIGEST, S.A., E.F.",FIGEST FINAN
EF,8697,908300,"INVERSIONES Y CREDITOS, E.F., S.A.","INVERSIONES Y CREDITOS, ENTIDAD DE FINANCIACION, S.A.",,A08660623,AV,PRINCIPE DE ASTURIAS,54,,8012,BARCELONA,,ES,,0,,0,,27/05/1986,POR LIQUIDACION,0000,06/03/2008,20/10/1980,,8,,N,,,,,,,,,9,,"INVERSIONES Y CREDITOS, E.F., S.A.",INVERCREDISA
EF,8698,908300,"SIDEFINSA, S.A., ENTIDAD DE FINANCIACION","SIDEFINSA, S.A., ENTIDAD DE FINANCIACION",,A99015083,PS,MARITIMO,116,,7015,PALMA DE MALLORCA,BALEARES,ES,,0,,0,,18/11/1984,POR LIQUIDACION,0000,06/03/2008,20/10/1980,,7,,N,,,,,,,,,4,,"SIDEFINSA, S.A., E.F.",SIDEFINSA
EF,8699,908300,"UNION COMERCIAL DE CREDITO, S.A.","UNION COMERCIAL DE CREDITO, S.A.",,A27001981,PZ,EL FERROL,3-4-5,PL. 1 - D,27001,LUGO,,ES,,982241652,,0,,05/05/1994,POR ACUERDO DEL CONSEJO DE MINISTROS DE FECHA 19.11.1993,0000,06/03/2008,06/07/1954,,27,,N,,,,,,,,,11,,"UNION COMERCIAL DE CREDITO, S.A.",UCCRESA
EF,8700,908300,"BARREIROS ARMCO, S.A.","BARREIROS ARMCO, S.A.",,A28336311,CL,ALCALA,30,,28014,MADRID,,ES,,0,,0,,13/12/1982,A PETICION PROPIA,0000,06/03/2008,27/11/1973,,28,,N,,,,,,,,,12,,"BARREIROS ARMCO, S.A.",BARREARSA
EF,8701,908300,"ACCION INMOBILIARIA FINANCIERA, E.F., S.A.","ACCION INMOBILIARIA FINANCIERA, ENTIDAD DE FINANCIACION, S.A.",,A08265910,ZZ,VIA AUGUSTA,128,,8006,BARCELONA,,ES,,0,,0,,01/08/1984,.,0000,06/03/2008,17/02/1971,,8,,N,,,,,,,,,9,,ACCION INMOBILIARIA FINANCIERA,ACIFINSA
EF,8702,908300,"E.F. AGRICOLA, MERCANTIL E INDUSTRIAL, S.A.","ENTIDAD DE FINANCIACION AGRICOLA, MERCANTIL E INDUSTRIAL, S.A.",,A14034094,AV,GRAN CAPITAN,11,PL. 2 - 13,14008,CORDOBA,,ES,,957475729,,0,,08/03/1994,POR DISOLUCION,0000,31/08/2000,03/07/1980,,14,,N,,,,,,,,,1,,"E.F. AGRICOLA, MERCANTIL E INDUS.",AGRI MER IND
EF,8703,908300,"OFICINA TECNICA, ENTIDAD DE FINANCIACION, S.A.","OFICINA TECNICA, ENTIDAD DE FINANCIACION, S.A.",,A08199473,CL,BALMES,89,PL. 7 - 3,8008,BARCELONA,,ES,,932545008,,0,,10/08/1993,POR CAMBIO DE OBJETO SOCIAL,0000,31/08/2000,16/05/1966,,8,,N,,,,,,,,,9,,"OFICINA TECNICA, E.F., S.A.",OFIC TECNICA
EF,8704,908300,"CONSORCIO NACIONAL HIPOTECARIO, S.A.F.","CONSORCIO NACIONAL HIPOTECARIO, SOCIEDAD ANONIMA DE FINANCIACION",,A08419525,CL,COMTE D'URGELL,240,"PL. 5, PT. D",8036,BARCELONA,,ES,,0,,0,,19/12/1985,.,0000,06/03/2008,23/03/1976,,8,,N,,,,,,,,,9,,CONSORCIO NACIONAL HIPOTECARIO,CONAHIPSA
EF,8706,908300,"CONSORCIO FINANCIERO DE CANARIAS, E.F., S.A.","CONSORCIO FINANCIERO DE CANARIAS, ENTIDAD DE FINANCIACION, S.A.",,A35022334,UR,"EL CEBADAL, VIAL I",S/N,EDF. ROCAR,35008,LAS PALMAS DE GRAN CANARIA,LAS PALMAS,ES,,9280000000,,0,,08/03/1994,POR CAMBIO DE OBJETO SOCIAL,0000,06/03/2008,07/04/1973,,35,,N,,,,,,,,,5,,CONSORCIO FINANCIERO DE CANARIAS,CONS CANARIA
EF,8707,908300,"CONSORCIO FINANCIERO DE MALAGA, E.F., S.A.","CONSORCIO FINANCIERO DE MALAGA, ENTIDAD DE FINANCIACION, S.A.",,A29027505,CL,PRESCA,2,PL. 3,29015,MALAGA,,ES,,0,,0,,09/05/1986,POR REVOCACION DE AUTORIZACION,0000,06/03/2008,01/09/1973,,29,,N,,,,,,,,,1,,CONSORCIO FINANCIERO DE MALAGA,COFIMASA
EF,8708,908300,"CREDITOS Y AHORROS MUNDIALES, E.F., S.A.","CREDITOS Y AHORROS MUNDIALES, ENTIDAD DE FINANCIACION, S.A.",,A36608461,CL,COLON,32,BAJO,36201,VIGO,PONTEVEDRA,ES,,986227104,,986228364,,04/05/1995,POR ACUERDO DE CONSEJO DE MINISTROS DE FECHA 10.03.1995,0000,31/08/2000,14/09/1972,,36,,N,,,,,,,,,11,,CREDITOS Y AHORROS MUNDIALES,CDTOS.AHORRO
EF,8709,908300,"CONSORCIO FINANCIERO DE TENERIFE, S.A.F.","CONSORCIO FINANCIERO DE TENERIFE, SOCIEDAD ANONIMA DE FINANCIACION",,A38011979,CL,SAN JOSE,22,,38003,SANTA CRUZ DE TENERIFE,,ES,,0,,0,,25/11/1986,.,0000,06/03/2008,21/03/1974,,38,,N,,,,,,,,,5,,CONSORCIO FINANCIERO DE TENERIFE,COFITESA
EF,8710,908300,"CONSORCIO FINANCIERO DE MADRID, S.A., E.F.","CONSORCIO FINANCIERO DE MADRID, S.A., ENTIDAD DE FINANCIACION",,A28326197,CL,LAGASCA,88,PL. 6,28001,MADRID,,ES,,914357407,,0,,02/01/1997,R.D. 692/1996 DE 26 DE ABRIL (D.T. 4ª),0000,06/03/2008,26/07/1973,,28,,N,,,,,,,,,12,,CONSORCIO FINANCIERO DE MADRID,CONSORCIO FINAN
EF,8711,908300,"CAJA ESPAÑOLA FINANCIERA, S.A., E.F.","CAJA ESPAÑOLA FINANCIERA, S.A., ENTIDAD DE FINANCIACION",,A15017403,CL,VELAZQUEZ,113,,28006,MADRID,,ES,,915640702,,915640753,,07/06/1993,POR CAMBIO DE OBJETO SOCIAL,0000,06/03/2008,06/11/1971,,28,,N,,,,,,,,,12,,"CAJA ESPAÑOLA FINANCIERA, S.A.",CAJA ESPAÑOL
EF,8712,908300,"CONSORCIO FINANCIERO DE SAN SEBASTIAN, S.A., E.F.","CONSORCIO FINANCIERO DE SAN SEBASTIAN, S.A., ENTIDAD DE FINANCIACION",,A20040432,CL,FUENTERRABIA,2,,20005,SAN SEBASTIAN,GUIPUZCOA,ES,,0,,0,,09/05/1986,POR REVOCACION DE AUTORIZACION,0000,06/03/2008,01/09/1973,,20,,N,,,,,,,,,16,,CONSORCIO FINANCIERO DE S.SEBASTIAN,COFISESA
EF,8713,908300,"ENTIDAD DE FINANCIACION INVERBAN, S.A.","ENTIDAD DE FINANCIACION INVERBAN, S.A.",,A28217966,CL,ORENSE,33,PL. 5 - D,28020,MADRID,,ES,,910000000,,0,,27/09/1995,POR CAMBIO DE OBJETO SOCIAL,0000,31/08/2000,28/03/1969,,28,,N,,,,,,,,,12,,ENTIDAD DE FINANCIACION INVERBAN,INVERBAN
EF,8715,908300,"COMPAÑIA ESPAÑOLA DE FINANCIACION, S.A. (CEFISA)","COMPAÑIA ESPAÑOLA DE FINANCIACION, S.A. ( CEFISA )",,A99015091,CL,TRAVESERA DE GRACIA,20,PL. 3,8021,BARCELONA,,ES,,0,,0,,12/04/1984,.,0000,06/03/2008,24/05/1962,,8,,N,,,,,,,,,9,,COMPAÑIA ESPAÑOLA DE FINANCIACION,COESFISA
EF,8716,908300,"SOCIEDAD ANONIMA ESPAÑOLA DE CREDITO, E.F. (SAEC)","SOCIEDAD ANONIMA ESPAÑOLA DE CREDITO, ENTIDAD DE FINANCIACION ( SAEC )",,A28377620,CL,SAGASTA,1,,28004,MADRID,,ES,,0,,0,,30/07/1987,.,0000,06/03/2008,15/06/1974,,28,,N,,,,,,,,,12,,SDAD. ANONIMA ESPAÑOLA DE CREDITO,SAEC
EF,8717,908300,"CORPORACION FINANCIERA, S.A., E.F.","CORPORACION FINANCIERA, S.A., ENTIDAD DE FINANCIACION",,A48059323,CL,RODRIGUEZ ARIAS,71,,48013,BILBAO,VIZCAYA,ES,,944412308,,0,,22/11/1993,POR ACUERDO DEL CONSEJO DE MINISTROS DE FECHA 25.06.1993,0000,06/03/2008,18/01/1971,,48,,N,,,,,,,,,16,,"CORPORACION FINANCIERA, S.A., E.F.",CORP FINANCI
EF,8718,908300,"FINANCIERA PEGASO, S.A., ENTIDAD DE FINANCIACION","FINANCIERA PEGASO, S.A., ENTIDAD DE FINANCIACION",,A28680924,AV,ARAGON,402,,28022,MADRID,,ES,,917502142,,917502117,,07/03/1994,POR CAMBIO DE OBJETO SOCIAL,0000,06/03/2008,30/01/1981,,28,,N,,,,,,,,,12,,"FINANCIERA PEGASO, S.A., E.F.",FINAN PEGASO
EF,8719,908300,"FINANCIERA DE CADIZ, S.A.F.","FINANCIERA DE CADIZ, SOCIEDAD ANONIMA DE FINANCIACION",,A11012952,PZ,TOPETE,1,,11001,CADIZ,,ES,,0,,0,,07/06/1991,POR ACUERDO DEL CONSEJO DE MINISTROS DE FECHA 27.03.1991,0000,06/03/2008,19/07/1976,,11,,N,,,,,,,,,1,,"FINANCIERA DE CADIZ, S.A.F.",FIN DE CADIZ
EF,8720,908300,"FINANCIERA DE DESCUENTO Y CREDITO, S.A.","FINANCIERA DE DESCUENTO Y CREDITO, S.A.",,A99015109,UR,NUEVA ALCALA,BLOQUE 28,"PL. 8, PT. A",28801,ALCALA DE HENARES,MADRID,ES,,0,,0,,04/11/1988,POR REVOCACION DE AUTORIZACION,0000,06/03/2008,17/10/1969,,28,,N,,,,,,,,,12,,FINANCIERA DE DESCUENTO Y CREDITO,FIN DTO CDTO
EF,8721,908300,"PORTQUEIBAN FINANCIERA, S.A.","PORTQUEIBAN FINANCIERA, S.A.",,A29038429,AV,CANOVAS DEL CASTILLO,2,,29016,MALAGA,,ES,,0,,0,,08/02/1984,.,0000,06/03/2008,13/11/1976,,29,,N,,,,,,,,,1,,"PORTQUEIBAN FINANCIERA, S.A.",PORTQUEIBANS
EF,8723,908300,"FINANCIERA DE VALLADOLID, E.F., S.A.","FINANCIERA DE VALLADOLID, EMPRESA DE FINANCIACION, S.A.",,A47007158,CL,INDEPENDENCIA,5,,47004,VALLADOLID,,ES,,0,,0,,04/11/1988,POR REVOCACION DE AUTORIZACION,0000,06/03/2008,12/02/1969,,47,,N,,,,,,,,,7,,"FINANCIERA DE VALLADOLID, E.F.",F VALLADOLID
EF,8724,908300,"EGARHOLD, ENTIDAD DE FINANCIACION, S.A.","EGARHOLD, ENTIDAD DE FINANCIACION, S.A.",,A08446510,CL,GUTEMBERG,5-13,,8202,TARRASA,BARCELONA,ES,,0,,0,,13/11/1987,POR REVOCACION DE AUTORIZACION,0000,06/03/2008,18/02/1977,,8,,N,,,,,,,,,9,,"EGARHOLD, E.F., S.A.",EGARHOLD
EF,8725,908300,"FINDESA, ENTIDAD DE FINANCIACION, S.A.","FINDESA, ENTIDAD DE FINANCIACION, S.A.",,A08150492,CL,TALLERS,61,,8001,BARCELONA,,ES,,0,,0,,08/01/1986,.,0000,06/03/2008,30/12/1963,,8,,N,,,,,,,,,9,,"FINDESA, E.F., S.A.",FINDESA
EF,8726,908300,"FINANCIACIONES AGRICOLAS E INDUSTRIALES, E.F.,S.A.","FINANCIACIONES AGRICOLAS E INDUSTRIALES, ENTIDAD DE FINANCIACION, S.A.",,A28680940,CL,TOLEDO,94,BAJO,28005,MADRID,,ES,,912654848,,0,,08/11/1993,POR DISOLUCION,0000,06/03/2008,25/02/1981,,28,,N,,,,,,,,,12,,FINANCIACIONES AGRICOLAS E INDUS.,FAISA
EF,8727,908300,"FINANCIERA DE DESARROLLO Y CREDITO, S.A.F.","FINANCIERA DE DESARROLLO Y CREDITO, SOCIEDAD ANONIMA DE FINANCIACION",,A08207086,ZZ,GRAN VIA GERMANIAS,18-20,,46006,VALENCIA,,ES,,0,,0,,19/08/1991,POR ACUERDO DEL CONSEJO DE MINISTROS DE FECHA 27.3.1991,0000,06/03/2008,17/01/1967,,46,,N,,,,,,,,,15,,FINANCIERA DE DESARROLLO Y CREDITO,F DESAR CDTO
EF,8728,908300,"PRESYDES, SOCIEDAD ANONIMA DE FINANCIACION","PRESYDES, SOCIEDAD ANONIMA DE FINANCIACION",,A08706632,CL,MAYOR,21-23,BAJOS,8930,SAN ADRIAN DEL BESOS,BARCELONA,ES,,933810516,,0,,02/02/1994,POR FUSION POR ABSORCION POR,8449,06/03/2008,21/07/1981,,8,,N,,,,,,,,,9,"DESCOM, ENTIDAD DE FINANCIACION, S.A.","PRESYDES, S.A.F.",PRESYDES
EF,8729,908300,"FINANCIERA TARKIS, S.A., ENTIDAD DE FINANCIACION","FINANCIERA TARKIS, S.A., ENTIDAD DE FINANCIACION",,A99015117,CL,FERNANDO MACIAS,1,,15004,LA CORUÑA,,ES,,0,,0,,04/02/1985,.,0000,06/03/2008,02/07/1981,,15,,N,,,,,,,,,11,,"FINANCIERA TARKIS, S.A., E.F.",FINTARSA
EF,8730,908300,"INSTITUTO HIPOTECARIO ESPAÑOL, S.A., E.F.","INSTITUTO HIPOTECARIO ESPAÑOL, S.A., ENTIDAD DE FINANCIACION",,A08323495,AV,DIAGONAL,472-476,PL. 3,8006,BARCELONA,,ES,,934161783,,934158773,,14/12/1995,POR DISOLUCION,0000,06/03/2008,13/08/1973,,8,,N,,,,,,,,,9,,"INSTITUTO HIPOTECARIO ESPAÑOL, S.A.",INS.HIP.ESPAÑOL
EF,8731,908300,"FIVA, ENTIDAD DE FINANCIACION, SOCIEDAD ANONIMA","FIVA, ENTIDAD DE FINANCIACION, SOCIEDAD ANONIMA",,A31101892,AV,GUIPUZCOA,KM. 4,,31195,BERRIOZAR,NAVARRA,ES,,0,,0,,18/09/1984,.,0000,06/03/2008,02/09/1981,,31,,N,,,,,,,,,14,,"FIVA, ENTIDAD DE FINANCIACION, S.A.",FIVASA
EF,8732,908300,"COMPAÑIA FINANCIERA COMARCAL, S.A.","COMPAÑIA FINANCIERA COMARCAL, S.A.",,A08423790,AV,GENERALITAT,,PASAJE UNION PAPIOL,8001,BARCELONA,,ES,,0,,0,,26/10/1982,.,0000,06/03/2008,18/09/1976,,8,,N,,,,,,,,,9,,COMPAÑIA FINANCIERA COMARCAL,COFICOMSA
EF,8733,908300,"SOCIEDAD ANONIMA LA PAZ, ENTIDAD DE FINANCIACION","SOCIEDAD ANONIMA LA PAZ, ENTIDAD DE FINANCIACION",,A18025577,CL,ALCAICERIA,6,PL. 1,18001,GRANADA,,ES,,9580000000,,0,,21/07/1994,POR ACUERDO DEL CONSEJO DE MINISTROS DE FECHA 19.11.1993,0000,06/03/2008,24/12/1980,,18,,N,,,,,,,,,1,,"SOCIEDAD ANONIMA LA PAZ, E.F.",SA LA PAZ FI
EF,8736,908300,"COORDINACION FINANCIERA, S.A. ( COFISA )","COORDINACION FINANCIERA, S.A. ( COFISA )",,A08348245,CL,BALMES,357,,8006,BARCELONA,,ES,,0,,0,,01/03/1984,.,0000,06/03/2008,11/03/1974,,8,,N,,,,,,,,,9,,"COORDINACION FINANCIERA, S.A.",COFISA
EF,8737,908300,"DESARROLLO PIRENAICO, S.A.","DESARROLLO PIRENAICO, S.A.",,A08412173,CL,BALMES,357,,8006,BARCELONA,,ES,,0,,0,,09/05/1986,POR REVOCACION DE AUTORIZACION,0000,06/03/2008,05/11/1975,,8,,N,,,,,,,,,9,,"DESARROLLO PIRENAICO, S.A.",DESPIRSA
EF,8738,908300,"INSTITUTO FINANCIERO DE CREDITO, E.F., S.A.","INSTITUTO FINANCIERO DE CREDITO, ENTIDAD DE FINANCIACION, S.A.",,A99015125,CL,SAN ANASTASIO,16,,8911,BADALONA,BARCELONA,ES,,0,,0,,11/04/1984,POR REVOCACION DE AUTORIZACION,0000,06/03/2008,14/01/1980,,8,,N,,,,,,,,,9,,INSTITUTO FINANCIERO DE CREDITO,INSFICRESA
EF,8740,908300,SOCIEDAD DE FINANCIACION E INVERSIONES FINANCIERAS,"SOCIEDAD DE FINANCIACION E INVERSIONES FINANCIERAS, S.A.",,A28832715,ZZ,FINCA EL RINCON,,URB. MONTE PRINCIPE,28620,ALDEA DEL FRESNO,MADRID,ES,,0,,0,,19/08/1991,POR ACUERDO DEL CONSEJO DE MINISTROS DE FECHA 27.03.1991,0000,06/03/2008,23/06/1981,,28,,N,,,,,,,,,12,,SDAD. FINAN. E INVER. FINANCIERAS,FIN INV FINA
EF,8741,908300,"COFINARSA, ENTIDAD DE FINANCIACION, S.A.","COFINARSA, ENTIDAD DE FINANCIACION, SOCIEDAD ANONIMA",,A50065077,CL,COSO,126,"PL. 3, PT. D",50001,ZARAGOZA,,ES,,0,,0,,09/05/1986,POR REVOCACION DE AUTORIZACION,0000,06/03/2008,23/07/1981,,50,,N,,,,,,,,,2,,"COFINARSA, E.F., S.A.",COFINARSA
EF,8742,908300,"CREDITO HISPANICO TERRITORIAL, S.A.","CREDITO HISPANICO TERRITORIAL, S.A.",,A99015133,CL,MANUEL SILVELA,9,,28010,MADRID,,ES,,0,,0,,01/08/1985,.,0000,06/03/2008,08/12/1947,,28,,N,,,,,,,,,12,,"CREDITO HISPANICO TERRITORIAL, S.A.",CREHISTESA
EF,8743,908300,"COMPAÑIA FINANCIERA NASHUA SPAIN, S.A.","COMPAÑIA FINANCIERA NASHUA SPAIN, S.A.",,A08715963,CL,ROCAFORT,66,,8015,BARCELONA,,ES,,933259508,,0,,05/08/1991,POR CAMBIO DE OBJETO SOCIAL,0000,06/03/2008,10/12/1981,,8,,N,,,,,,,,,9,,COMPAÑIA FINANCIERA NASHUA SPAIN,NASHUA SPAIN
EF,8744,908300,"ENTIDAD DE FINANCIACION INMOBILIARIA, S.A.","ENTIDAD DE FINANCIACION INMOBILIARIA, S.A.",,A28731115,AV,MENENDEZ PELAYO,7-9,,28009,MADRID,,ES,,0,,0,,09/10/1990,POR CAMBIO DE OBJETO SOCIAL,0000,06/03/2008,27/11/1981,,28,,N,,,,,,,,,12,,ENTIDAD FINANCIACION INMOBILIARIA,ENT FIN INMO
EF,8745,908300,"CENTRAL LERIDANA DE CREDITO S.A., E.F.","CENTRAL LERIDANA DE CREDITO, S.A., ENTIDAD DE FINANCIACION",,A25008194,CL,PARTIDA BOVAR,7,,25191,LERIDA,,ES,,973247250,,973230127,,06/05/1996,POR CAMBIO DE OBJETO SOCIAL,0000,31/08/2000,05/06/1968,,25,,N,,,,,,,,,9,,"CENTRAL LERIDANA DE CREDITO, S.A.",CLC
EF,8746,908300,"FINANCIERA BANZANO, ENTIDAD DE FINANCIACION, S.A.","FINANCIERA BANZANO, ENTIDAD DE FINANCIACION, S.A. ( FIBANZANO )",,A50066307,PS,CASTELLANA,89,,28046,MADRID,,ES,,915561111,,915972186,,02/01/1997,"RD 692/1996, 26 DE ABRIL (D.T.4ª) Y DISOLUCION CESION ACTIVOS Y PASIVO",0103,31/08/2000,17/09/1981,,28,,N,,,,,,,,,12,"BANCO ZARAGOZANO, S.A.","FINANCIERA BANZANO, E.F., S.A.",FIBANZANO
EF,8747,908300,"FINANCIERA DE CONCESIONARIOS, S.A., E.F.","FINANCIERA DE CONCESIONARIOS, SOCIEDAD ANONIMA, ENTIDAD DE FINANCIACION",,A28724896,PS,CASTELLANA,278,,28046,MADRID,,ES,,0,,0,,30/12/1987,POR FUSION POR ABSORCION POR,8307,06/03/2008,23/10/1981,,28,,N,,,,,,,,,12,"FINANCIERA SEAT, S.A.","FINANCIERA DE CONCESIONARIOS, S.A.",FICONSA
EF,8748,908300,"ENTIDAD RIOJANA DE FINANCIACION, S.A.","ENTIDAD RIOJANA DE FINANCIACION, S.A.",,A26019927,ZZ,GRAN VIA,40,ENTRESUELO,26002,LOGROÑO,LA RIOJA,ES,,0,,0,,17/05/1984,.,0000,06/03/2008,13/07/1980,,26,,N,,,,,,,,,17,,ENTIDAD RIOJANA DE FINANCIACION,FINRIOJA
EF,8750,908300,"COMPAÑIA ALICANTINA DE CREDITO E INVERSION, S.A.","COMPAÑIA ALICANTINA DE CREDITO E INVERSION, S.A., ENTIDAD DE FINANCIACION",,A03106630,AV,JUAN CARLOS I,83,,3440,IBI,ALICANTE,ES,,965552614,,0,,04/11/1991,ACUERDO DEL CONSEJO DE MINISTROS DE FECHA 27.03.1991,0000,06/03/2008,27/10/1981,,3,,N,,,,,,,,,15,,CIA. ALICANTINA DE CTO. E INVERSION,ALI CDTO INV
EF,8751,908300,"FILO LERIDA, SOCIEDAD ANONIMA DE FINANCIACION","FILO LERIDA, SOCIEDAD ANONIMA DE FINANCIACION",,A25025941,PZ,SAN JUAN,18,,25007,LERIDA,,ES,,0,,0,,22/05/1987,.,0000,06/03/2008,16/09/1981,,25,,N,,,,,,,,,9,,"FILO LERIDA, S.A.F.",FILOLERIDA
EF,8752,908300,"ENTIDAD DE FINANCIACION DE CREDITOS FRANCO, S.A.","ENTIDAD DE FINANCIACION DE CREDITOS FRANCO, S.A. (CREDIFRANSA)",,A29077492,PS,REDING,21,,29016,MALAGA,,ES,,952226994,,0,,22/12/1993,POR CAMBIO DE OBJETO SOCIAL,0000,06/03/2008,21/08/1981,,29,,N,,,,,,,,,1,,"E.F. DE CREDITOS FRANCO, S.A.",CREDIFRANSA
EF,8754,908300,ENTIDAD DE FINANCIACION FISEAT BIENES DE EQUIPO,ENTIDAD DE FINANCIACION FISEAT BIENES DE EQUIPO,,A99015158,CL,VELAZQUEZ,36,,28001,MADRID,,ES,,0,,0,,30/12/1987,POR FUSION POR ABSORCION POR,8307,06/03/2008,30/07/1982,,28,,N,,,,,,,,,12,"FINANCIERA SEAT, S.A.","E.F. FISEAT BIENES DE EQUIPO, S.A.",FISEATBEQUIP
EF,8755,908300,"ALBACETENSE DE CREDITO, E.F., S.A.","ALBACETENSE DE CREDITO, ENTIDAD DE FINANCIACION, S.A.",,A02015162,AV,ESPAÑA,39,,2002,ALBACETE,,ES,,0,,0,,21/05/1984,.,0000,06/03/2008,15/05/1982,,2,,N,,,,,,,,,8,,"ALBACETENSE DE CREDITO, E.F., S.A.",ALBACRESA
EF,8756,908300,"FIDARE, COMPAÑIA DE FINANCIACION, S.A.","FIDARE, COMPAÑIA DE FINANCIACION, S.A.",,A08750572,ZZ,VIA AUGUSTA,13-15,,8006,BARCELONA,,ES,,0,,0,,11/05/1992,POR CAMBIO DE OBJETO SOCIAL,0000,31/08/2000,19/05/1982,,8,,N,,,,,,,,,9,,"FIDARE, C.F., S.A.",FIDARE FINAN
EF,8757,908300,"CERVENT, S.A., ENTIDAD DE FINANCIACION","CERVENT, S.A., ENTIDAD DE FINANCIACION",,A28765568,CL,SERRANO,43,,28001,MADRID,,ES,,914350592,,0,,12/12/1991,POR CAMBIO DE OBJETO SOCIAL,0000,06/03/2008,20/04/1982,,28,,N,,,,,,,,,12,,"CERVENT, S.A., E.F.",CERVENT FINA
EF,8758,908300,"EMPRESA GENERAL DE FINANCIACION, S.A.","EMPRESA GENERAL DE FINANCIACION, S.A.",,A28751790,CL,PEDRO TEIXEIRA,10,,28020,MADRID,,ES,,914566920,,0,,07/06/1991,POR ACUERDO DEL CONSEJO DE MINISTROS DE FECHA 27.03.1991,0000,06/03/2008,05/03/1982,,28,,N,,,,,,,,,12,,EMPRESA GENERAL DE FINANCIACION,EMPRESA GRAL
EF,8759,908300,"CAPIRE, ENTIDAD DE FINANCIACION, S.A.","CAPIRE, ENTIDAD DE FINANCIACION, S.A.",,A28799179,CL,EMPECINADO,3,,28100,ALCOBENDAS,MADRID,ES,,916531557,,0,,01/02/1991,POR CAMBIO DE OBJETO SOCIAL,0000,31/08/2000,04/11/1982,,28,,N,,,,,,,,,12,,"CAPIRE, E.F., S.A.",CAPIRE FINAN
EF,8760,908300,SOCIEDAD ANONIMA DE FINANCIACION INVERSKAL,SOCIEDAD ANONIMA DE FINANCIACION INVERSKAL,,A38033817,CL,GENERAL MOLA,51,,38700,SANTA CRUZ DE LA PALMA,SANTA CRUZ DE TENERIFE,ES,,922563990,,0,,07/03/1994,A PETICION PROPIA,0000,06/03/2008,12/11/1982,,38,,N,,,,,,,,,5,,S.A.F. INVERSKAL,INVERSKAL FI
EF,8761,908300,"ENTIDAD DE FINANCIACION CREDITO SALAMANCA, S.A.","ENTIDAD DE FINANCIACION CREDITO SALAMANCA, S.A.",,A99015166,CL,INFANTAS,16,,28922,ALCORCON,MADRID,ES,,0,,0,,09/05/1985,.,0000,06/03/2008,18/11/1982,,28,,N,,,,,,,,,12,,E.F. CREDITO SALAMANCA,CREDSALSA
EF,8762,908300,"CORPORACION FINANCIERA ARIEL, E.F., S.A.","CORPORACION FINANCIERA ARIEL, ENTIDAD DE FINANCIACION, S.A.",,A08759631,CL,MUNTANER,260,EMTRESUELO-3,8021,BARCELONA,,ES,,0,,0,,06/12/1983,.,0000,06/03/2008,01/12/1981,,8,,N,,,,,,,,,9,,"CORPORACION FINANCIERA ARIEL, E.F.",COFIARSA
EF,8763,908300,"CANVER, COMPAÑIA DE FINANCIACION, S.A.","CANVER, COMPAÑIA DE FINANCIACION, S.A.",,A08886616,PZ,CATALUÑA,6,,8191,RUBI,BARCELONA,ES,,0,,0,,04/03/1994,POR DISOLUCION,0000,06/03/2008,11/04/1983,,8,,N,,,,,,,,,9,,"CANVER, CIA. FINANCIACION, S.A.",CANVER FINAN
EF,8764,908300,"PROGRESO DE FINANCIACIONES, S.A., SDAD. FIN.","PROGRESO DE FINANCIACIONES, S.A., SOCIEDAD DE FINANCIACION",,A28858694,CL,PRINCIPE DE VERGARA,131,,28002,MADRID,,ES,,910000000,,0,,03/03/1994,POR DISOLUCION Y ADJUDICACION DE SU ACTIVO A,0112,31/08/2000,29/07/1983,,28,,N,,,,,,,,,12,"BANCO URQUIJO, S.A.","PROGRESO DE FINANCIACIONES, S.A.",PROGRESO FIN
EF,8765,908300,"FINANCIERA MERCURIO, ENTIDAD DE FINANCIACION, S.A.","FINANCIERA MERCURIO, ENTIDAD DE FINANCIACION, S.A.",,A08311656,PS,MANRESA,29-37,,8201,SABADELL,BARCELONA,ES,,937104800,,0,,17/05/1993,POR CAMBIO DE OBJETO SOCIAL,0000,06/03/2008,06/11/1972,,8,,N,,,,,,,,,9,,"FINANCIERA MERCURIO, E.F., S.A.",MERCURIO FIN
EF,8766,908300,"FINANCIERA CUZCO, S.A., ENTIDAD DE FINANCIACION","FINANCIERA CUZCO, S.A., ENTIDAD DE FINANCIACION",,A99015174,PS,CASTELLANA,141,,28046,MADRID,,ES,,0,,0,,11/12/1986,.,0000,06/03/2008,17/11/1983,,28,,N,,,,,,,,,12,,"FINANCIERA CUZCO, S.A., E.F.",FINA. CUZCO
EF,8767,908300,"FINANCIERA MADRID, S.A., E.F.","FINANCIERA MADRID, S.A., ENTIDAD DE FINANCIACION",,A28367225,PS,CASTELLANA,198,,28046,MADRID,,ES,,912594407,,914579014,,17/05/1993,POR CAMBIO OBJETO SOCIAL,0000,06/03/2008,16/11/1983,,28,,N,,,,,,,,,12,,"FINANCIERA MADRID, S.A., E.F.",FINANMADRID
EF,8770,908300,"ENTIDAD DE FINANCIACION EFINEN, S.A.","ENTIDAD DE FINANCIACION EFINEN, S.A.",,A28931137,AV,BURGOS,25,,28036,MADRID,,ES,,913027098,,917666477,,12/01/1996,POR CAMBIO DE OBJETO SOCIAL,0000,31/08/2000,11/04/1984,,28,,N,,,,,,,,,12,,ENTIDAD DE FINANCIACION EFINEN,EFINEN
EF,8771,908300,"PROASER, ENTIDAD DE FINANCIACION, S.A.","PROASER, ENTIDAD DE FINANCIACION, S.A.",,A28933877,CL,FORTUNY,37,,28010,MADRID,,ES,,0,,0,,18/03/1987,.,0000,06/03/2008,21/05/1984,,28,,N,,,,,,,,,12,,"PROASER, E.F., S.A.",PROASERSA
EF,8772,908300,ENTIDAD DE FINANCIACION E INVERSIONES DE MADRID,"ENTIDAD DE FINANCIACION E INVERSIONES DE MADRID, S.A.",,A99015182,CL,ESPALTER,17,BAJO,28014,MADRID,,ES,,0,,0,,26/02/1987,.,0000,06/03/2008,24/04/1974,,28,,N,,,,,,,,,12,,"E.F. E INVERSIONES DE MADRID, S.A.",FINVMADRID
EF,8774,908300,"FUBEL, S.A., ENTIDAD DE FINANCIACION","FUBEL, S.A., ENTIDAD DE FINANCIACION",,A08972127,CL,MARQUES DE MONTROY,59,PL. 4- 1,8912,BADALONA,BARCELONA,ES,,932125300,,0,,03/03/1994,POR CAMBIO DE OBJETO SOCIAL,0000,06/03/2008,22/01/1985,,8,,N,,,,,,,,,9,,"FUBEL, S.A., E.F.",FUBEL SA FIN
EF,8775,908300,"URQUIJO FINANCIACION, SOCIEDAD ANONIMA, E.F.","URQUIJO FINANCIACION, SOCIEDAD ANONIMA, E.F.",,A08972804,CL,SOL,S/N,,28760,TRES CANTOS,MADRID,ES,,918073000,,918073301,,03/03/1994,POR DISOLUCION,0000,18/10/2000,04/02/1985,,28,,N,,,,,,,,,12,,"URQUIJO FINANCIACION, S.A., E.F.",URQUIJO FINANCI
EF,8777,908300,"DAF, COMPAÑIA DE FINANCIACION, S.A.","DAF, COMPAÑIA DE FINANCIACION, S.A.",,A78096690,AV,INGENIERO TORRES QUEVEDO,S/N,"CTRA.M-BARNA,KM.13,3",28022,MADRID,,ES,,917473999,,917478116,,26/05/1994,POR CAMBIO DE OBJETO SOCIAL,0000,06/03/2008,07/11/1985,,28,,N,,,,,,,,,12,,"DAF, COMPAÑIA DE FINANCIACION, S.A.",DAF CIA FINA
EF,8779,908300,"COMPAÑIA DE FINANCIACION MYRIAM, S.A.","COMPAÑIA DE FINANCIACION MYRIAM, S.A.",,A28670370,CL,HUERTO PEDRERO,36,,13610,CAMPO DE CRIPTANA,CIUDAD REAL,ES,,0,,0,,05/01/1990,A PETICION PROPIA,0000,06/03/2008,01/08/1986,,13,,N,,,,,,,,,8,,COMPAÑIA DE FINANCIACION MYRIAM,MYRIAM FINA
EF,8782,908300,"FINANCIACION Y CREDITOS VALENCIA, S.A., C.F.","FINANCIACION Y CREDITOS VALENCIA, S.A., COMPAÑIA DE FINANCIACION",,A46451852,CL,PADRE VIÑAS,18,,46019,VALENCIA,,ES,,963748211,,0,,06/05/1991,POR LIQUIDACION,0000,06/03/2008,09/03/1988,,46,,N,,,,,,,,,15,,FINANCIACION Y CREDITOS VALENCIA,VALENCIA FIN
EF,8783,908300,"CONAFIN, SOCIEDAD ANONIMA DE FINANCIACION","CONAFIN, SOCIEDAD ANONIMA DE FINANCIACION",,A58508631,CL,CONDE DE URGEL,257,ENTLO.,8036,BARCELONA,,ES,,934052233,,934309648,,10/02/1992,POR CAMBIO DE OBJETO SOCIAL,0000,31/08/2000,05/02/1988,,8,,N,,,,,,,,,9,,"CONAFIN, S.A.F.",CONAFINSA
EF,8784,908300,"FIMESTIC, S.A., ENTIDAD DE FINANCIACION","FIMESTIC, S.A., ENTIDAD DE FINANCIACION",,A78650348,CL,RETAMA,3,PL. 3 - 2,28045,MADRID,,ES,,913370700,,914483736,,02/01/1996,POR TRANSFORMACION EN,0225,06/03/2008,04/02/1988,,28,,N,,,,,,,,,12,"BANCO FIMESTIC, S.A.","FIMESTIC, S.A., E.F.",FIMESTIC
EF,8785,908300,"FINANCIERA SCANIA, ENTIDAD DE FINANCIACION, S.A.E.","FINANCIERA SCANIA, ENTIDAD DE FINANCIACION, S.A.E.",,A78803822,CL,MAR MEDITERRANEO,20,POLG. S. FERNANDO I,28850,SAN FERNANDO DE HENARES,MADRID,ES,,916764912,,0,,15/09/1993,A PETICION PROPIA,0000,06/03/2008,13/04/1988,,28,,N,,,,,,,,,12,,"FINANCIERA SCANIA, E.F., S.A.E.",SCANIA
EF,8786,908300,"COMPAÑIA DE FINANCIACION FICA, S.A.","COMPAÑIA DE FINANCIACION FICA, S.A.",,A78800885,CL,DOCTOR ESQUERDO,183,,28007,MADRID,,ES,,915017718,,915018211,,03/05/1994,POR REVOCACION DE AUTORIZACION,0000,06/03/2008,24/03/1988,,28,,N,,,,,,,,,12,,"COMPAÑIA DE FINANCIACION FICA, S.A.",FICA
EF,8787,908300,"IBERCREDITO, ENTIDAD DE FINANCIACION, S.A.","IBERCREDITO, ENTIDAD DE FINANCIACION, SOCIEDAD ANONIMA",,A58702895,CL,LAUREANO MIRO,146,,8950,ESPLUGUES DE LLOBREGAT,BARCELONA,ES,,933713050,,933717845,,04/04/1994,DISOLUCION Y CAMBIO DE OBJETO SOCIAL,0000,06/03/2008,02/06/1988,,8,,N,,,,,,,,,9,,"IBERCREDITO, E.F., S.A.",IBERCREDITO
EF,8790,908300,"MARCH FINANCIACIONES, S.A., SDAD. DE FINANCIACION","MARCH FINANCIACIONES, S.A., SOCIEDAD DE FINANCIACION",,A07298656,AV,ALEJANDRO ROSSELLO,8,,7002,PALMA DE MALLORCA,BALEARES,ES,,971461500,,0,,10/02/1994,CESION  GLOBAL DE ACTIVO Y PASIVO,0061,06/03/2008,14/07/1988,,7,,N,,,,,,,,,4,"BANCA MARCH, S.A.","MARCH FINANCIACIONES, S.A., S.F.",MARCH FINAN.
EF,8792,908300,"COFIBER FINANCIERA, ENTIDAD DE FINANCIACION, S.A.","COFIBER FINANCIERA, ENTIDAD DE FINANCIACION, S.A.",,A79352282,PZ,CANOVAS DEL CASTILLO,4,PL. 7,28014,MADRID,,ES,,914295145,,914202174,,02/10/1995,POR FUSION POR ABSORCION POR,4836,06/03/2008,01/02/1990,,28,,N,,,,,,,,,12,"COFIBER LEASING, SOCIEDAD DE ARRENDAMIENTO FINANCIERO, S.A.","COFIBER FINANCIERA, E.F., S.A.",COFIBER
EF,8794,908300,"FINEX ESPAÑA, ENTIDAD DE FINANCIACION, S.A.","FINEX ESPAÑA, ENTIDAD DE FINANCIACION, S.A.",,A79488623,PS,RECOLETOS,33,,28004,MADRID,,ES,,915811110,,915811160,,10/02/1994,POR DISOLUCION,0000,06/03/2008,28/06/1990,,28,,N,,,,,,,,,12,,"FINEX ESPAÑA, E.F., S.A.",FINESPAÑA
EF,8799,908300,"WHIRLPOOL FINANCIAL CORPORATION ESPAÑA, E.F., S.A.","WHIRLPOOL FINANCIAL CORPORATION ESPAÑA, ENTIDAD DE FINANCIACION, S.A.",,A59848226,CL,DOCTOR TRUETA,50-54,,8005,BARCELONA,,ES,,932210070,,932210571,,02/01/1997,R.D. 692/1996 DE 26 DE ABRIL (D.T. 4) Y CAMBIO DE OBJETO SOCIAL,0000,06/03/2008,02/07/1991,,8,,N,,,,,,,,,9,,WHIRLPOOL FINANCIAL CORPORATION,WHIRLPOOL FIN.
EF,8800,908300,"AROFINANCE, ENTIDAD DE FINANCIACION, S.A.","AROFINANCE, ENTIDAD DE FINANCIACION, S.A.",,A48439871,ZZ,GRAN VIA D.DIEGO LOPEZ DE HARO,35,,48009,BILBAO,VIZCAYA,ES,,944168266,,944166762,,04/11/1996,POR FUSION POR ABSORCION POR,4788,06/03/2008,27/07/1990,,48,,N,,,,,,,,,16,"AROLEASING, ESTABLECIMIENTO FINANCIERO DE CREDITO, S.A.","AROFINANCE, E.F., S.A.",AROFINANCE
EF,8803,908300,CATERPILLAR FINANCIAL CORPORACION FINANCIERA S.A.,CATERPILLAR FINANCIAL CORPORACION FINANCIERA S.A. ENTIDAD DE FINANCIACION,,A81065567,ZZ,VIA DE LAS DOS CASTILLAS,33,EDIF. 6 - PL. 4,28224,POZUELO DE ALARCON,MADRID,ES,,913512471,,913522609,,03/12/1996,POR FUSION POR ABSORCION POR,4706,06/03/2008,10/02/1995,,28,,N,,,,,,,,,12,"CATERPILLAR FINANCIAL CORPORACION FINANCIERA, SOCIEDAD ANONIMA ESTABLECIMIENTO FINANCIERO CREDITO",CATERPILLAR FINANCIAL CORP. FINANC.,CATERPILLAR
SF,8904,908900,"OLIVETTI FINFACTORING ESPAÑOLA, S.A.","OLIVETTI FINFACTORING ESPAÑOLA, S.A.",,A28742559,CL,RAIMUNDO FERNANDEZ VILLAVERDE,65,,28003,MADRID,,ES,,915566314,,0,,18/10/1993,POR CAMBIO DE OBJETO SOCIAL,0000,06/03/2008,05/02/1982,,28,,N,,,,,,,,,12,,OLIVETTI FINFACTORING ESPAÑOLA,OLIVETTI FAC
SF,8907,908900,"HISPAMER FACTORING, E.F., S.A.","HISPAMER FACTORING, ENTIDAD DE FINANCIACION, S.A.",,A78285228,CL,COSTA BRAVA,10-12,,28034,MADRID,,ES,,913720500,,913720646,,03/10/1996,POR FUSION POR ABSORCION POR,8236,06/03/2008,23/05/1986,,28,,N,,,,,,,,,12,"HISPAMER HIPOTECARIO, SOCIEDAD DE CREDITO HIPOTECARIO, S.A.","HISPAMER FACTORING, E.F., S.A.",HISPAFACTOR
SF,8917,908900,"CAIXAFACTORING, S.A., E.F.","CAIXAFACTORING, SOCIEDAD ANONIMA, ENTIDAD DE FINANCIACION",,A59815258,AV,DIAGONAL,615,,8028,BARCELONA,,ES,,934141599,,934140465,,05/11/1996,POR FUSION POR ABSORCION POR,4767,06/03/2008,19/04/1991,,8,,N,,,,,,,,,9,"CAIXALEASING, S.A., SOCIEDAD DE ARRENDAMIENTO FINANCIERO","CAIXAFACTORING, S.A., E.F.",CAIXAFACTORING
SMMD,4007,904000,"IBERDEALER, S.A.","IBERDEALER, S.A.",,A28757110,CL,VELAZQUEZ,12,,28001,MADRID,,ES,,914355676,,915779945,,11/03/1994,POR CESION DE PATRIMONIO,0086,18/10/2000,31/03/1982,,28,,N,,,,,,,,,12,"BANCO BANIF DE GESTION PRIVADA, S.A.","IBERDEALER, S.A.","IBERDEALER,"
CRNC,3182,903002,"CAJA RURAL LA FERTILIZADORA DE CASTELLON, C.C.V.","CAJA RURAL LA FERTILIZADORA DE CASTELLON, COOPERATIVA CREDITO VALENCIANA",,F12010344,RD,MIJARES,95,,12002,CASTELLON DE LA PLANA,CASTELLON,ES,,0,,0,,18/01/1988,POR FUSION POR ABSORCION POR,3114,06/03/2008,13/07/1982,,12,,N,,,,,,,,,15,"CAJA RURAL SAN ISIDRO DE CASTELLON, COOPERATIVA CREDITO VALENCIANA",CAJA RURAL LA FERTILIZADORA,FERTILIZADOR
CA,2028,42000,CAJA DE AHORROS DE CUENCA Y CIUDAD REAL,CAJA DE AHORROS DE CUENCA Y CIUDAD REAL,,G16000291,PQ,SAN JULIAN,20,,16002,CUENCA,,ES,,966212450,,0,,30/06/1992,POR FUSION Y CREACION DE NUEVA ENTIDAD,2105,26/10/2001,11/07/1944,,16,,N,,,,,,,,,8,CAJA DE AHORROS DE CASTILLA-LA MANCHA,C.AHORROS DE CUENCA Y CIUDAD REAL,CUENCA Y C.R
CA,2059,42000,CAIXA D'ESTALVIS DE SABADELL,CAIXA D'ESTALVIS DE SABADELL,,G08169799,CL,GRACIA,17,,8201,SABADELL,BARCELONA,ES,,937286700,,937270102,WWW.CAIXASABADELL.ES,07/07/2010,POR FUSION Y CREACION DE NUEVA ENTIDAD,2107,21/02/2011,06/01/1859,,8,CAIXA SABADELL,S,CECAESMM059,,,,,,,,9,"CAIXA D'ESTALVIS UNIO DE CAIXES DE MANLLEU, SABADELL I TERRASSA",CAIXA D'ESTALVIS DE SABADELL,CAIXA SABADELL
CA,2078,42000,CAJA DE AHORROS POPULAR DE VALLADOLID,CAJA DE AHORROS POPULAR DE VALLADOLID,,G47003074,CL,FUENTE DORADA,6-7,,47001,VALLADOLID,,ES,,983351200,,0,,10/07/1990,POR FUSION Y CREACION DE NUEVA ENTIDAD,2096,06/03/2008,09/01/1916,,47,,N,,,,,,,,,7,"CAJA ESPAÑA DE INVERSIONES, CAJA DE AHORROS Y MONTE DE PIEDAD",CAJA AHORROS POPULAR DE VALLADOLID,POVALLADOLID
CA,2104,42000,CAJA DE AHORROS DE SALAMANCA Y SORIA,CAJA DE AHORROS DE SALAMANCA Y SORIA,,G37244191,PZ,BANDOS,15-17,,37002,SALAMANCA,,ES,,923279300,,923211646,WWW.CAJADUERO.ES,05/10/2010,POR FUSION Y CREACION DE NUEVA ENTIDAD,2108,22/08/2011,11/05/1991,,37,CAJA DUERO,S,CSSOES2SXXX,,,,,,,,7,"CAJA ESPAÑA DE INVERSIONES, SALAMANCA Y SORIA, CAJA DE AHORROS Y MONTE DE PIEDAD",CAJA AHORROS DE SALAMANCA Y SORIA,CAJA DUERO
EFC,8612,74704,"COMERCIANTES REUNIDOS DEL SUR, S.A., E.F.C.","COMERCIANTES REUNIDOS DEL SUR, S.A., ESTABLECIMIENTO FINANCIERO DE CREDITO",,A14018014,PZ,TENDILLAS,1,PL. 1,14002,CORDOBA,,ES,,957479784,,957478189,,,,0000,27/01/2011,31/12/1996,,14,"CREUSA, EFC",S,,,,,,,,,1,,"COMERCIANTES REUNIDOS DEL SUR, S.A.","CREUSA, EFC"
EFC,8620,74704,"PASTOR SERVICIOS FINANCIEROS, E.F.C., S.A.","PASTOR SERVICIOS FINANCIEROS, ESTABLECIMIENTO FINANCIERO DE CREDITO, S.A.",,A28197036,CL,CANTON PEQUEÑO,1,,15003,A CORUÑA,,ES,,981779280,,981779290,WWW.PASTORSERFIN.COM,,,0000,18/09/2002,20/12/1996,,15,,N,,,,,,,,,11,,PASTOR SERVICIOS FINANCIEROS,PASTOR SERFIN
EFC,8640,74704,"FGA CAPITAL SPAIN, E.F.C., S.A.","FGA CAPITAL SPAIN, ESTABLECIMIENTO FINANCIERO DE CREDITO, S.A.",,A28655348,CR,M-300,"KM. 28,500",,28802,ALCALA DE HENARES,MADRID,ES,,918853446,,918852606,,,,0000,22/05/2009,31/12/1996,,28,,N,,,,,,,,,12,,"FGA CAPITAL SPAIN, E.F.C., S.A.",FGA CAPITAL SPA
EFC,8667,74704,"FINANCIADORA DEL COMERCIO, S.A. E.F.C.","FINANCIADORA DEL COMERCIO, S.A. ESTABLECIMIENTO FINANCIERO DE CREDITO",,A28110518,CL,MARQUES DE CUBAS,12,PL. 4,28014,MADRID,,ES,,914298976,,914298976,,21/07/1999,POR CAMBIO DE OBJETO SOCIAL,0000,21/07/1999,30/12/1996,,28,,N,,,,,,,,,12,,"FINANCIADORA DEL COMERCIO, S.A. EFC",FIDECO
EFC,8705,74704,"CIRCULO FINANCIERO ASTURIANO, E.F.C., S.A.","CIRCULO FINANCIERO ASTURIANO, ESTABLECIMIENTO FINANCIERO DE CREDITO, S.A.",,A33015538,CL,VENTURA RODRIGUEZ,6,,33004,OVIEDO,ASTURIAS,ES,,985241850,,985241850,,27/12/2001,POR CAMBIO DE OBJETO SOCIAL,0000,27/12/2001,18/10/1996,,33,,N,,,,,,,,,3,,CIRCULO FINANCIERO ASTURIANO,COFIASTUR
EFC,8714,74704,"GMAC ESPAÑA S.A. DE FINANCIACION, E.F.C.","GMAC ESPAÑA SOCIEDAD ANONIMA DE FINANCIACION, E.F.C.",,A28671600,AV,BRUSELAS (EDIF. GORBEA 4),20,PLG. ARROYO LA VEGA,28108,ALCOBENDAS,MADRID,ES,,915560606,,915551775,WWW.GLOBALBUYPOWER.COM/ES,13/04/2012,POR CAMBIO DE OBJETO SOCIAL,0000,13/04/2012,13/12/1996,,28,,N,,,,,,,,,12,,"GMAC ESPAÑA S.A.F., E.F.C.",OPEL CREDIT
EFC,8722,74704,"PROMOTORA DE FINANCIACION CATALANA, E.F.C., S.A.","PROMOTORA DE FINANCIACION CATALANA, ESTABLECIMIENTO FINANCIERO DE CREDITO, S.A.",,A08232654,CL,CONSEJO DE CIENTO,377,PRINCIPAL 1,8009,BARCELONA,,ES,,934876628,,934882692,,31/07/2000,POR CAMBIO DE OBJETO SOCIAL,0000,20/10/2000,26/11/1996,,8,,N,,,,,,,,,9,,PROMOTORA DE FINANCIACION CATALANA,CATALANA
EFC,8734,74704,"MULTIAHORRO E.F.C., S.A.","MULTIAHORRO E.F.C., S.A.",,A08234791,,TRAVESSERA DE GRACIA,11,PL. 5,8021,BARCELONA,,ES,,933163333,,933163165,,21/09/2009,POR FUSION POR ABSORCION CON DISOLUCION SIN LIQUIDACION POR,0142,21/09/2009,31/12/1996,,8,,N,,,,,,,,,9,"BANCO DE LA PEQUEÑA Y MEDIANA EMPRESA, S.A.","MULTIAHORRO E.F.C., S.A.",MULTIAHORRO
EFC,8735,74704,"NACIONAL FINANCIERA, E.F.C., S.A.","NACIONAL FINANCIERA, ESTABLECIMIENTO FINANCIERO DE CREDITO, S.A.",,A50012624,PS,SAGASTA,20,ENTR. OF. DCHA.,50006,ZARAGOZA,,ES,,976228724,,976236689,,16/11/2000,POR CAMBIO DE OBJETO SOCIAL,0000,06/03/2008,16/09/1996,,50,,N,,,,,,,,,2,,"NACIONAL FINANCIERA, E.F.C., S.A.",NAFISA
EFC,8739,74704,"UNION FINANCIERA INDUSTRIAL, S.A., E.F.C.","UNION FINANCIERA INDUSTRIAL, SOCIEDAD ANONIMA, ESTABLECIMIENTO FINANCIERO DE CREDITO",,A28708626,CL,SERRANO,41,PL. 7,28001,MADRID,,ES,,914356642,,914315401,,09/04/1999,POR RENUNCIA,0000,06/03/2008,31/12/1996,,28,,N,,,,,,,,,12,,"UNION FINANCIERA INDUSTRIAL, S.A.",UFINSA
EFC,8749,74704,"UNEFI, UNION EUROPEA DE FINANCIACION INMOBILIARIA","UNEFI, UNION EUROPEA DE FINANCIACION INMOBILIARIA, ESTABLECIMIENTO FINANC. CTO., S.A.",,A28740652,CL,MARQUES DE LA ENSENADA,4,,28004,MADRID,,ES,,913103096,,913081633,,20/05/1999,POR CAMBIO DE OBJETO SOCIAL,0000,31/08/2000,31/12/1996,,28,,N,,,,,,,,,12,,"UNEFI, UNION EUROPEA FINAN. INMOB.",UNEFI
EFC,8753,74704,"PROFIN, SOCIEDAD ANONIMA, E.F.C.","PROFIN, SOCIEDAD ANONIMA, ESTABLECIMIENTO FINANCIERO DE CREDITO",,A08747115,CL,CORCEGA,248,,8008,BARCELONA,,ES,,932186262,,932380770,,16/06/2000,POR DISOLUCION,0000,31/08/2000,31/12/1996,,8,,N,,,,,,,,,9,,"PROFIN, S.A., E.F.C.",PROFIN
EFC,8768,74704,"NISSAN FINANCIACION, S.A., E.F.C.","NISSAN FINANCIACION, SOCIEDAD ANONIMA, ESTABLECIMIENTO FINANCIERO DE CREDITO",,A08855785,CL,GENERAL ALMIRANTE,"2,4,6",,8014,BARCELONA,,ES,,932907486,,932908301,,25/01/2001,FUSION POR ABSORCION POR,4726,25/01/2001,16/12/1996,,8,,N,,,,,,,,,9,"ACCORDIA ESPAÑA, S.A. ESTABLECIMIENTO FINANCIERO DE CREDITO","NISSAN FINANCIACION, S.A., E.F.C.",NISSAN FINANC.
EFC,8769,74704,"UNION FINANCIERA ASTURIANA, S.A., E.F.C.","UNION FINANCIERA ASTURIANA, S.A., ESTABLECIMIENTO FINANCIERO DE CREDITO",,A33053984,CL,ARQUITECTO REGUERA,3,ENTRESUELO A,33004,OVIEDO,ASTURIAS,ES,,985277427,,985233030,,,,0000,20/10/2000,28/08/1996,,33,,N,,,,,,,,,3,,"UNION FINANCIERA ASTURIANA, S.A.",ASTURIANA
EFC,8773,74704,"ARALAR E.F.C., S.A.","ARALAR ESTABLECIMIENTO FINANCIERO DE CREDITO, S.A.",,A28277440,CL,SANTISIMA TRINIDAD,2,PL. 1 - C,28010,MADRID,,ES,,914460549,,914476069,,22/10/1997,POR DISOLUCION CON ESCISION SIENDO BENEFICIARIA,8807,06/03/2008,14/11/1996,,28,,N,,,,,,,,,12,"ARALAR ESTABLECIMIENTO FINANCIERO DE CREDITO, S.A.","ARALAR E.F.C., S.A.",ARALAR
EFC,8776,74704,"FINCONSUM, E.F.C., S.A.","FINCONSUM, ESTABLECIMIENTO FINANCIERO DE CREDITO, S.A.",,A08980153,,GRAN VIA CARLOS III,87,,8028,BARCELONA,,ES,,934048610,,933301853,WWW.CREDISTAR.COM,,,0000,22/10/2001,31/12/1996,,8,,N,,,,,,,,,9,,"FINCONSUM, E.F.C., S.A.",FINCONSUM
EFC,8778,74704,"XEROX DE FINANCIACION, S.A., E.F.C.","XEROX DE FINANCIACION, S.A., ESTABLECIMIENTO FINANCIERO DE CREDITO",,A78264553,CL,RIBERA DEL LOIRA,16-18,,28042,MADRID,,ES,,915203291,,915203259,,19/12/2003,POR DISOLUCION,0000,06/03/2008,16/12/1996,,28,,N,,,,,,,,,12,,"XEROX DE FINANCIACION, S.A., E.F.C.",XEROX
EFC,8780,74704,"BMW FINANCIAL SERVICES IBERICA, E.F.C., S.A.","BMW FINANCIAL SERVICES IBERICA, ESTABLECIMIENTO FINANCIERO DE CREDITO, S.A.",,A28332740,AV,DE BURGOS,118,,28050,MADRID,,ES,,913350700,,913350706,,24/02/2010,POR FUSION POR ABSORCION POR BMW BANK GMBH Y AFECTACION PARIMONIAL A,1533,24/02/2010,24/07/1996,,28,,N,,,,,,,,,12,"BMW BANK GMBH, SUCURSAL EN ESPAÑA",BMW FINANCIAL SERVICES IBERICA,BMW FINANCI
EFC,8781,74704,"MERCEDES-BENZ CREDIT E.F.C., S.A.","MERCEDES-BENZ CREDIT ESTABLECIMIENTO FINANCIERO DE CREDITO, S.A.",,A78434370,PS,DOCE ESTRELLAS (ED. GEMINIS),4,"MZ.10,P.E.C.NACIONES",28042,MADRID,,ES,,917212900,,917212902,,24/06/1997,POR FUSION POR ABSORCION POR,4799,18/10/2000,22/11/1996,,28,,N,,,,,,,,,12,"MERCEDES-BENZ CREDIT ESTABLECIMIENTO FINANCIERO DE CREDITO, S.A.","MERCEDES-BENZ CREDIT E.F.C., S.A.",MERCEDES-BENZ
EFC,8788,74704,"FINANCIACAIXA 2, E.F.C., S.A.","FINANCIACAIXA 2, ESTABLECIMIENTO FINANCIERO DE CREDITO, S.A.",,A58513318,AV,DIAGONAL,621-629,PL. 12,8028,BARCELONA,,ES,,934197409,,934199093,,,,0000,06/03/2008,31/12/1996,,8,,N,,,,,,,,,9,,"FINANCIACAIXA 2, E.F.C., S.A.",FINANCIACAIXA 2
EFC,8789,74704,"BANASTURIAS LEASING E.F.C., S.A.","BANASTURIAS LEASING E.F.C., S.A.",,A58791070,PZ,DE CATALUNYA,1,PL. 4,8201,SABADELL,BARCELONA,ES,,937270909,,937262689,,01/08/2003,POR FUSION POR ABSORCION POR,0118,06/03/2008,31/12/1996,,8,,N,,,,,,,,,9,"BANCO DE ASTURIAS, S.A.","BANASTURIAS LEASING E.F.C., S.A.",BANASTURIAS
EFC,8797,74704,"SERVICIOS FINANCIEROS CONTINENTE, E.F.C., S.A.","SERVICIOS FINANCIEROS CONTINENTE, E.F.C., S.A.",,A79810339,CR,NACIONAL I MADRID - BURGOS,"KM. 14,5",,28110,ALCOBENDAS,MADRID,ES,,916239765,,916239766,,09/07/2002,POR DISOLUCION CON CESION GLOBAL DE ACTIV. Y PASIVOS A ACCIONISTA UNIC,0000,09/07/2002,21/10/1996,,28,,N,,,,,,,,,12,,SERVICIOS FINANCIEROS CONTINENTE,FINACONSA
EFC,8801,74704,"GESTION DE TARJETAS, E.F.C., S.A.","GESTION DE TARJETAS, ESTABLECIMIENTO FINANCIERO DE CREDITO, S.A.",,A80229776,AV,EUROPA,26,EDIF.5 - COMP. ATICA,28224,POZUELO DE ALARCON,MADRID,ES,,913423999,,913423990,,08/05/2000,POR FUSION POR ABSORCION POR,8236,06/03/2008,21/10/1996,,28,,N,,,,,,,,,12,"HISPAMER HIPOTECARIO, SOCIEDAD DE CREDITO HIPOTECARIO, S.A.","GESTION DE TARJETAS, E.F.C., S.A.",GESTION TARJETA
EFC,8802,74704,"AVCO SERVICIOS FINANCIEROS, E.F.C., S.A.","AVCO SERVICIOS FINANCIEROS, ESTABLECIMIENTO FINANCIERO DE CREDITO, S.A.",,A80262140,CL,ACANTO,22,PL. 1,28045,MADRID,,ES,,915270040,,915303585,,19/10/1998,CESION GLOBAL DEL ACTIVO Y PASIVO A,1462,06/03/2008,22/11/1996,,28,,N,,,,,,,,,12,"AVCO TRUST PLC., SUCURSAL EN ESPAÑA","AVCO SERVICIOS FINANCIEROS, E.F.C.",AVCO
EFC,8804,74704,"COFIBER FINANCIERA, E.F.C., S.A.","COFIBER FINANCIERA, ESTABLECIMIENTO FINANCIERO DE CREDITO, SOCIEDAD ANONIMA",,A79352274,CL,ANTONIO MAURA,4,,28014,MADRID,,ES,,915320600,,915326516,,,,0000,18/01/2007,17/12/1996,,28,,N,,,,,,,,,12,,"COFIBER FINANCIERA, E.F.C., S.A.",COFIBER
EFC,8805,74704,"FINANCIERA EL CORTE INGLES E.F.C., S.A.","FINANCIERA EL CORTE INGLES E.F.C., S.A.",,A81322448,CL,HERMOSILLA,112,,28009,MADRID,,ES,,914018500,,914013385,WWW.ELCORTEINGLES.ES,,,0000,17/12/2002,09/12/1996,,28,,N,,,,,,,,,12,,FINANCIERA EL CORTE INGLES E.F.C.,EL CORTE INGLES
EFC,8806,74704,"VFS FINANCIAL SERVICES SPAIN E.F.C., S.A.","VFS FINANCIAL SERVICES SPAIN, E.F.C., S.A.",,A81501157,CL,PROCION,1-3,URB. LA FLORIDA,28023,MADRID,,ES,,913727800,,913728203,,,,0000,05/10/2001,01/08/1996,,28,,N,,,,,,,,,12,,"VFS FINANCIAL SERV. E.F.C., S.A.",VFS FINANCIAL
EFC,8807,74704,"ARAFIN ESTABLECIMIENTO FINANCIERO DE CREDITO, S.A.","ARAFIN ESTABLECIMIENTO FINANCIERO DE CREDITO, S.A.",,A81833527,CL,SANTISIMA TRINIDAD,2,,28010,MADRID,,ES,,914460549,,914476069,,10/05/2010,POR CAMBIO DE OBJETO SOCIAL,0000,10/05/2010,22/10/1997,,28,,N,,,,,,,,,12,,"ARAFIN E.F.C., S.A.","ARAFIN EFC, SA"
EFC,8808,74704,"ABACA CREDITO Y FINANCIACION, E.F.C., S.A.","ABACA CREDITO Y FINANCIACION, E.F.C., S.A.",,A81831067,CL,MARIA DE MOLINA,34,,28006,MADRID,,ES,,914365015,,914111075,,12/07/2000,POR TRANSFORMACION EN,0229,06/03/2008,03/11/1997,,28,,N,,,,,,,,,12,"BANCOPOPULAR-E, S.A.","ABACA CREDITO Y FINANCIACION,EFC,SA",ABACA E.F.C.
EFC,8809,74704,"ARGENTARIA SERVICIOS FINANCIEROS E.F.C., S.A.","ARGENTARIA SERVICIOS FINANCIEROS E.F.C., S.A.",,A82153271,CL,GOYA,14,,28001,MADRID,,ES,,915375000,,915377652,,17/10/2000,POR FUSION POR ABSORCION POR,0009,06/03/2008,01/12/1998,,28,,N,,,,,,,,,12,"FINANZIA, BANCO DE CREDITO, S.A.",ARGENTARIA SERVICIOS FINANC. EFC.,ARGENTARIA EFC
EFC,8810,74704,"AMERICAN EXPRESS E.F.C., S.A.","AMERICAN EXPRESS ESTABLECIMIENTO FINANCIERO DE CREDITO, S.A.",,A82628041,CL,JUAN IGNACIO LUCA DE TENA,17,,28027,MADRID,,ES,,915720303,,915701997,,18/02/2010,POR RENUNCIA,0000,18/02/2010,05/06/2000,,28,,N,,,,,,,,,12,,"AMERICAN EXPRESS E.F.C., S.A.",AMERICAN EXPRES
EFC,8811,74704,"GRUPO DE SERVICIOS HIPOTECARIOS ON-LINE, EFC, SA","GRUPO DE SERVICIOS HIPOTECARIOS ON-LINE, E.F.C., S.A.",,A20728986,CL,PORTUETXE,10,,20009,SAN SEBASTIAN,GIPUZKOA,ES,N,943411071,,943411259,,,,0000,02/01/2012,05/04/2001,,20,GSH ON-LINE,S,,,,,,,,,16,,"GRUPO SERV. HIP. ON-LINE, EFC, SA",GSH ON-LINE
EFC,8812,74704,"SÜDLEASING ESPAÑA E.F.C., S.A.","SÜDLEASING ESPAÑA E.F.C., S.A.",,A62511464,AV,DIAGONAL,435,PL. 4- PTA. 2,8036,BARCELONA,,ES,,932413092,,932021202,,17/02/2012,POR RENUNCIA PARA OPERAR COMO ENTIDAD DE CREDITO,0000,17/02/2012,20/04/2001,,8,,N,,,,,,,,,9,,"SÜDLEASING ESPAÑA E.F.C., S.A.",SÜDLEASING
EFC,8813,74704,"SCANIA FINANCE HISPANIA E.F.C., S.A.","SCANIA FINANCE HISPANIA ESTABLECIMIENTO FINANCIERO DE CREDITO, S.A.",,A82853987,AV,DE CASTILLA,29,,28830,SAN FERNANDO DE HENARES,MADRID,ES,,916781865,,916781863,,,,0000,21/10/2009,19/09/2001,,28,,N,,,,,,,,,12,,"SCANIA FINANCE HISPANIA EFC, SA",SCANIA
EFC,8814,74704,"ACCORDFIN ESPAÑA, E.F.C., S.A.","ACCORDFIN ESPAÑA, ESTABLECIMIENTO FINANCIERO DE CREDITO, S.A.",,A83113324,CL,VIA DE LOS POBLADOS,1,"PL. 2, EDIFICIO A/B",28033,MADRID,MADRID,ES,,914845823,,915665555,,,,0000,03/11/2011,24/10/2001,,28,,N,,,,,,,,,12,,"ACCORDFIN ESPAÑA, E.F.C., S.A.",ACCORDFIN
EFC,8815,74704,"FINANDIA E.F.C., S.A.","FINANDIA E.F.C., S.A.",,A83105494,CL,JACINTO BENAVENTE,2-A,EDIFICIO TRIPARK,28232,LAS ROZAS,MADRID,ES,,913985400,,902575422,,,,0000,19/10/2010,05/12/2001,,28,,N,,,,,,,,,12,,"FINANDIA E.F.C., S.A.",FINANDIA EFC
EFC,8816,74704,"SDAD. CONJUNTA EMISION GESTION MEDIOS PAGO, EFC,SA","SOCIEDAD CONJUNTA PARA LA EMISION Y GESTION DE MEDIOS DE PAGO, E.F.C., S.A.",,A83289819,CL,JOSE ORTEGA Y GASSET,22,,28006,MADRID,,ES,,917816600,,915771769,WWW.IBERIACARDS.COM,,,0000,06/03/2008,24/04/2002,,28,IBERIA CARDS,S,,,,,,,,,12,,"SDAD.CONJUNTA EMISION G.M.P.,EFC,SA",IBERIA CARDS
EFC,8817,74704,"CARTUJA FINANCIERA ANDALUZA, S.A., E.F.C.","CARTUJA FINANCIERA ANDALUZA, S.A., E.F.C.",,A91228924,CL,SANTO TOMAS,17,,41004,SEVILLA,,ES,,954919680,,954919685,,22/09/2009,POR CAMBIO DE OBJETO SOCIAL,0000,22/09/2009,22/11/2002,,41,,N,,,,,,,,,1,,"CARTUJA FINANCIERA ANDALUZA, S.A.",CARTUJA
EFC,8818,74704,"CITIFIN, S.A., E.F.C.","CITIFIN, S.A., E.F.C.",,A83448852,AV,DE EUROPA,19,PQ. EMP. LA MORALEJA,28108,ALCOBENDAS,MADRID,ES,,915270040,,0,,,,0000,26/08/2003,05/05/2003,,28,,N,,,,,,,,,12,,"CITIFIN, S.A., E.F.C.",CITIFIN EFC
EFC,8819,74704,"TARGASYS STOCK, E.F.C., S.A.","TARGASYS STOCK, E.F.C., S.A.",,A83697839,CR,"M-300, KM. 28,500",,,28802,ALCALA DE HENARES,MADRID,ES,,918853446,,918852606,,23/03/2004,POR RENUNCIA PARA OPERAR COMO ENTIDAD DE CREDITO,0000,22/05/2009,30/07/2003,,28,,N,,,,,,,,,12,,"TARGASYS STOCK, E.F.C., S.A.",TARGASYS STOCK
EFC,8820,74704,"ING REAL ESTATE FINANCE S.E., E.F.C.,S.A.","ING REAL ESTATE FINANCE S.E., E.F.C., S.A.",,A83694182,CL,GENOVA,27,,28004,MADRID,,ES,,917898450,,917898492,,,,0000,11/09/2007,15/09/2003,,28,,N,,,,,,,,,12,,"ING REAL ESTATE FINANCE S.E., EFC",ING REAL ESTATE
EFC,8821,74704,"BANSABADELL FINCOM, E.F.C., S.A.","BANSABADELL FINCOM, E.F.C., S.A.",,A63574719,CL,SENA (ED. LANDSCAPE),12,PIAE CAN SANT JOAN,8190,SANT CUGAT DEL VALLES,BARCELONA,ES,,935916300,,935916305,,,,0000,06/03/2008,29/07/2004,,8,,N,,,,,,,,,9,,"BANSABADELL FINCOM, E.F.C., S.A.",BANSA FINCOM
EFC,8822,74704,"FORTIS LEASE IBERIA, E.F.C., S.A.","FORTIS LEASE IBERIA, E.F.C., S.A.",,A84079888,PS,DE GRACIA,56,PL. 8,8007,BARCELONA,,ES,,934677328,,932159296,,28/07/2010,POR CAMBIO DE OBJETO SOCIAL,0000,28/07/2010,26/08/2004,,8,,N,,,,,,,,,9,,"FORTIS LEASE IBERIA, E.F.C., S.A.",FORTIS LEASE
EFC,8824,74704,"CAMGE FINANCIERA, E.F.C., S.A.","CAMGE FINANCIERA, E.F.C., S.A.",,A53965695,RB,MENDEZ NUÑEZ,15,PL. 3,3002,ALICANTE,,ES,,965987250,,965987279,,,,0000,29/08/2011,18/02/2005,,3,,N,,,,,,,,,15,,"CAMGE FINANCIERA, EFC, SA",CAMGE
EFC,8827,74704,"GMAC RESIDENTIAL FUNDING CORPORATION, EFC, SA","GMAC RESIDENTIAL FUNDING CORPORATION, E.F.C., S.A.",,A64261217,AV,DE LA VIA AUGUSTA,71-73,PL 6 LOCAL A,8174,SANT CUGAT DEL VALLES,BARCELONA,ES,,935829000,,935829100,,20/12/2010,POR CAMBIO DE OBJETO SOCIAL,0000,20/12/2010,23/11/2006,,8,,N,,,,,,,,,9,,GMAC RESIDENTIAL FUNDING CORPORATIO,GMAC
EFC,8830,74704,"BBKGE KREDIT E.F.C., S.A.","BBKGE KREDIT E.F.C., S.A.",,A95484994,PZ,"EUSKADI, 5, PL. 27, LOCAL 1",,TORRE IBERDROLA,48009,BILBAO,BIZKAIA,ES,,944050121,,944050116,,,,0000,08/03/2012,02/07/2007,,48,,N,,,,,,,,,16,,"BBKGE KREDIT EFC, SA",BBKGE
BP,0011,30001,"ALLFUNDS BANK, S.A.","ALLFUNDS BANK, S.A.",,A41001371,CL,ESTAFETA,6,LA MORALEJA,28109,ALCOBENDAS,MADRID,ES,,912746400,,912746464,WWW.ALLFUNDSBANK.COM,,,0000,21/01/2009,01/01/1927,,28,,N,ALLFESMMXXX,,,,,,,,12,,"ALLFUNDS BANK, S.A.",ALLFUNDS BANK
BP,0013,30001,"SOLBANK SBD, S.A.","SOLBANK SBD, S.A.",,A17013566,CL,PRINCIPE DE VERGARA,125,,28002,MADRID,,ES,,913217100,,914106510,,08/06/2001,POR FUSION POR ABSORCION POR,0081,26/10/2001,05/02/1948,,28,,N,SLBKESBBXXX,,,,,,,,12,"BANCO DE SABADELL, S.A.","SOLBANK SBD, S.A.",SOLBANK
BP,0015,30001,"BANCA CATALANA, S.A.","BANCA CATALANA, S.A.",,A08144651,AV,DIAGONAL,662-664,,8034,BARCELONA,,ES,,934044000,,934043536,,28/06/2000,POR FUSION POR ABSORCION POR,0182,26/10/2001,30/06/1904,,8,,N,CATAESBBXXX,,,,,,,,9,"BANCO BILBAO VIZCAYA ARGENTARIA, S.A.","BANCA CATALANA, S.A.",BANCA CATALANA
BP,0016,30001,"BANCO CENTRAL HISPANOAMERICANO, S.A.","BANCO CENTRAL HISPANOAMERICANO, S.A.",,A28000446,CL,ALCALA,49,,28014,MADRID,,ES,,915328810,,915323378,,07/05/1993,ASIGNACION NUEVO CODIGO B.E.,0049,26/10/2001,06/12/1919,,28,,N,CENTESMM,,,,,,,,12,"BANCO CENTRAL HISPANOAMERICANO, S.A.","BANCO CENTRAL HISPANOAMERICANO,S.A.",CENTRAL HISPANO
BP,0019,30001,"DEUTSCHE BANK, S.A.E.","DEUTSCHE BANK, SOCIEDAD ANONIMA ESPAÑOLA",,A08000614,PS,DE LA CASTELLANA,18,,28046,MADRID,,ES,,913355600,,913351168,WWW.DEUTSCHE-BANK.ES,,,0000,22/10/2010,11/05/1949,,28,DB-S.A.E.,S,DEUTESBBXXX,,,,,,,,12,,"DEUTSCHE BANK, S.A.E.",DB-S.A.E.
BP,0020,30001,"BANCO DE COMERCIO, S.A.","BANCO DE COMERCIO, S.A.",,A48001309,AV,GENERALISIMO,10,,28046,MADRID,,ES,,0,,0,,01/02/1989,POR FUSION POR ABSORCION POR,0050,06/03/2008,20/05/1891,,28,,N,,,,,,,,,12,"BANCO DEL COMERCIO, S.A.","BANCO DE COMERCIO, S.A.",DE COMERCIO
BP,0021,30001,"BANCO CONDAL, S.A.","BANCO CONDAL, S.A.",,A08022097,CL,JOSE ORTEGA Y GASSET,29,,28006,MADRID,,ES,,915783388,,915783002,,09/12/2008,POR FUSION POR ABSORCION POR,0003,13/02/2009,01/04/1930,,28,,N,BCNDESM1XXX,,,,,,,,12,"BANCO DE DEPOSITOS, S.A.","BANCO CONDAL, S.A.",BANCO CONDAL
BP,0024,30001,"BANCO DE CREDITO BALEAR, S.A.","BANCO DE CREDITO BALEAR, S.A.",,A07000136,PZ,ESPAÑA,1,,7002,PALMA DE MALLORCA,ILLES BALEARS,ES,,971170100,,971170137,WWW.BANCOCREDITOBALEAR.ES,29/12/2008,POR FUSION POR ABSORCION CON DISOLUCION SIN LIQUIDACION POR,0075,26/01/2009,09/02/1872,,7,,N,BALEES22XXX,,,,,,,,4,"BANCO POPULAR ESPAÑOL, S.A.","BANCO DE CREDITO BALEAR, S.A.",CREDITO BALEAR
BP,0040,30001,"BANCO DE INVERSION Y SERVICIOS FINANCIEROS, S.A.","BANCO DE INVERSION Y SERVICIOS FINANCIEROS, S.A.",,A05000542,CL,ALCALA GALIANO,4,,28010,MADRID,,ES,,913084040,,913084827,,11/11/1994,POR ACUERDO DE CONSEJO DE MINISTROS DE 01-07-1994,0000,02/12/1994,25/05/1926,,28,,N,,,,,,,,,12,,BANCO INVERSION Y SERV. FINANCIEROS,INVERSION S.F.
BP,0041,30001,"BANCO DE JEREZ, S.A.","BANCO DE JEREZ, S.A.",,A14010201,AL,MARQUES DE CASA DOMECQ,11-13,,11403,JEREZ DE LA FRONTERA,CADIZ,ES,,956337700,,956343185,,01/06/1994,POR FUSION POR ABSORCION POR,0114,26/10/2001,01/01/1927,,11,,N,,,,,,,,,1,"BANCO GRANADA JEREZ, S.A.","BANCO DE JEREZ, S.A.",BCO.DE JEREZ
BP,0042,30001,"BANCO GUIPUZCOANO, S.A.","BANCO GUIPUZCOANO, S.A.",,A20000733,AV,LIBERTAD,21,,20004,SAN SEBASTIAN,GIPUZKOA,ES,,943418100,,943418320,WWW.BANCOGUI.ES,,,0000,02/04/2012,09/10/1899,,20,,N,BGUIES22XXX,,,,,,,,16,,"BANCO GUIPUZCOANO, S.A.",GUIPUZCOANO
BP,0043,30001,"BANCO HERRERO, S.A.","BANCO HERRERO, S.A.",,A33000241,CL,FRUELA,11,,33007,OVIEDO,ASTURIAS,ES,,985968080,,985968484,,02/10/2002,POR FUSION POR ABSORCION POR,0081,06/03/2008,16/08/1911,,33,,N,BHROESM2XXX,,,,,,,,3,"BANCO DE SABADELL, S.A.","BANCO HERRERO, S.A.",BANCO HERRERO
BP,0044,30001,"BANCO MERIDIONAL, S.A.","BANCO MERIDIONAL, S.A.",,A23011711,CL,ADOLFO RODRIGUEZ JURADO,1,,41001,SEVILLA,,ES,,954559400,,954559399,,22/06/1994,POR FUSION POR ABSORCION POR,0182,26/10/2001,13/02/1925,,41,,N,,,,,,,,,1,"BANCO BILBAO VIZCAYA, S.A.","BANCO MERIDIONAL, S.A.",B. MERIDIONAL
BP,0045,30001,"BANCO DE CREDITO CANARIO, S.A. (CANARIBANK)","BANCO DE CREDITO CANARIO, S.A. (CANARIBANK)",,A05000310,CL,ALBAREDA,3,,35007,LAS PALMAS DE GRAN CANARIA,LAS PALMAS,ES,,928450100,,928261092,,22/06/1994,POR FUSION POR ABSORCION POR,0182,26/10/2001,05/01/1948,,35,,N,,,,,,,,,5,"BANCO BILBAO VIZCAYA, S.A.","BANCO DE CREDITO CANARIO, S.A.",CANARIBANK
BP,0046,30001,"BANCO GALLEGO, S.A.","BANCO GALLEGO, S.A.",,A80042112,CL,HORREO,38,,15702,SANTIAGO DE COMPOSTELA,A CORUÑA,ES,,981581000,,981937742,WWW.BANCOGALLEGO.ES,,,0000,30/12/2010,08/01/1999,,15,,N,GALEES2GXXX,,,,,,,,11,,"BANCO GALLEGO, S.A.",BANCO GALLEGO
BP,0048,30001,"BANCO SIMEON, S.A.","BANCO SIMEON, S.A.",,A36604908,CL,POLICARPO SANZ,5,,36202,VIGO,PONTEVEDRA,ES,,986810700,,986810710,,04/09/2002,POR FUSION POR ABSORCION POR,0130,06/03/2008,07/06/1934,,36,,N,CGDIES2VXXX,,,,,,,,11,"BANCO LUSO ESPAÑOL, S.A.","BANCO SIMEON, S.A.",BANCO SIMEON
BP,0049,30001,"BANCO SANTANDER, S.A.","BANCO SANTANDER, S.A.",,A39000013,PS,DE PEREDA,9-12,,39004,SANTANDER,CANTABRIA,ES,,942206100,,915813388,WWW.BANCOSANTANDER.ES,,,0000,08/04/2011,07/10/1999,,39,SANTANDER,S,BSCHESMMXXX,,,,,,,,6,,"BANCO SANTANDER,SA",SANTANDER
BP,0050,30001,"BANCO DEL COMERCIO, S.A.","BANCO DEL COMERCIO, S.A.",,A28000545,CL,ALCALA,45,,28014,MADRID,,ES,,913743500,,913743581,,18/09/2000,POR FUSION POR ABSORCION POR,0182,26/10/2001,12/10/1920,,28,,N,BCIOESMMXXX,,,,,,,,12,"BANCO BILBAO VIZCAYA ARGENTARIA, S.A.","BANCO DEL COMERCIO, S.A.",DEL COMERCIO
BP,0053,30001,"BANCO CENTRAL HISPANO HIPOTECARIO, S.A.","BANCO CENTRAL HISPANO HIPOTECARIO, S.A.",,A28000503,CL,MARQUES DE VILLAMAGNA,1,,28001,MADRID,,ES,,915770699,,915766753,,07/10/1996,POR FUSION POR ABSORCION POR,0224,24/03/2006,30/12/1920,,28,,N,,,,,,,,,12,"HISPAMER BANCO FINANCIERO, S.A.",BANCO CENTRAL HISPANO HIPOTECARIO,C.HISP.HIPOTEC.
BP,0062,30001,"BANCA MAS SARDA, S.A.","BANCA MAS SARDA, S.A.",,A08070708,RB,CAPUCHINOS,74,,8002,BARCELONA,,ES,,0,,0,,07/09/1989,POR FUSION POR ABSORCION POR,0015,06/03/2008,25/09/1909,,8,,N,,,,,,,,,9,"BANCA CATALANA, S.A.","BANCA MAS SARDA, S.A.",BA.MAS SARDA
BP,0063,30001,"BANKIA BANCA PRIVADA, S.A.","BANKIA BANCA PRIVADA, S.A.",,A33001215,CL,MARIA DE MOLINA,39,,28006,MADRID,,ES,N,915819593,,915812950,,12/09/2011,POR ASIGNACION DE NUEVO CODIGO B.E.,0099,14/11/2011,19/12/1892,,28,,N,BMAPESM1XXX,,,,,,,,12,"BANKIA BANCA PRIVADA, S.A.","BANKIA BANCA PRIVADA, S.A.",BANKIA B.P.
BP,0065,30001,"BARCLAYS BANK, S.A.","BARCLAYS BANK, S.A.",,A47001946,PZ,DE COLON,1,,28046,MADRID,,ES,,913361000,,913361282,WWW.BARCLAYS.ES,,,0000,10/07/2008,06/06/1946,,28,,N,BARCESMMXXX,,,,,,,,12,,"BARCLAYS BANK, S.A.",BARCLAYS BANK
BP,0067,30001,"BANCO MERCANTIL DE TARRAGONA, S.A.","BANCO MERCANTIL DE TARRAGONA, S.A.",,A43000017,RB,NOVA,33,,43003,TARRAGONA,,ES,,977235712,,977233941,,24/10/1997,POR FUSION POR ABSORCION POR,8236,26/10/2001,08/10/1929,,43,,N,,,,,,,,,9,"HISPAMER HIPOTECARIO, SOCIEDAD DE CREDITO HIPOTECARIO, S.A.","BANCO MERCANTIL DE TARRAGONA, S.A.",MERC. TARRAGONA
BP,0072,30001,"BANCO PASTOR, S.A.","BANCO PASTOR, S.A.",,A15000128,CL,CANTON PEQUEÑO,1,,15003,A CORUÑA,,ES,,981227800,,981228041,WWW.BANCOPASTOR.ES,,,0000,06/03/2012,01/01/1925,,15,,N,PSTRESMMXXX,,,,,,,,11,,"BANCO PASTOR, S.A.",BANCO PASTOR
BP,0074,30001,"AMBANCA AGRUPACIO MUTUA, S.A.","AMBANCA AGRUPACIO MUTUA, S.A.",,A15009855,ZZ,GRAN VIA LES CORTS CATALANES,619,,8007,BARCELONA,,ES,,934826732,,933181619,,25/05/1998,POR CAMBIO DE OBJETO SOCIAL,0000,18/10/2000,05/01/1928,,8,,N,,,,,,,,,9,,"AMBANCA AGRUPACIO MUTUA, S.A.",AMBANCA
BP,0075,30001,"BANCO POPULAR ESPAÑOL, S.A.","BANCO POPULAR ESPAÑOL, S.A.",,A28000727,CL,VELAZQUEZ,34,,28001,MADRID,,ES,,915207000,,915779208,WWW.BANCOPOPULAR.ES,,,0000,05/03/2012,14/07/1926,,28,,N,POPUESMMXXX,,,,,,,,12,,"BANCO POPULAR ESPAÑOL, S.A.",POPULAR ESPAÑOL
OR,1112,121100,UBS AG,UBS AG,,A0361068J,CL,FORTUNY,18,,28010,MADRID,,CH,,914369000,,914369040,,04/01/2000,POR CIERRE,0000,06/03/2008,06/11/1970,,28,,N,,,,,,,,,12,,UBS AG,UBS AG
BP,0076,30001,"BANCO URQUIJO, S.A.","BANCO URQUIJO, S.A.",,A07000466,CL,PRINCIPE DE VERGARA,131,,28002,MADRID,,ES,,913964300,,913964343,,07/05/1993,ASIGNACION NUEVO CODIGO B.E.,0112,22/12/2006,07/05/1917,,28,,N,PROGESMM,,,,,,,,12,"BANCO URQUIJO, S.A.","BANCO URQUIJO, S.A.",BANCO URQUIJO
BP,0077,30001,"UNOE BANK, S.A.","UNOE BANK, S.A.",,A08024796,,GRAN VIA D.DIEGO LOPEZ DE HARO,1,,48001,BILBAO,,ES,,944876097,,944876630,,12/01/2001,POR ASIGNACION DE NUEVO CODIGO,0227,06/03/2008,18/11/1930,,48,,N,,,,,,,,,16,"UNOE BANK, S.A.","UNOE BANK, S.A.","UNOE BANK, S.A."
BP,0078,30001,"BANCA PUEYO, S.A.","BANCA PUEYO, S.A.",,A06001671,CL,SANTA MARIA DE GUADALUPE,2,,6700,VILLANUEVA DE LA SERENA,BADAJOZ,ES,,924846000,,924844652,WWW.BANCAPUEYO.ES,,,0000,18/02/2009,16/06/1942,,6,,N,BAPUES22XXX,,,,,,,,10,,"BANCA PUEYO, S.A.",BANCA PUEYO
BP,0079,30001,"BANCO INVERSION, S.A.","BANCO INVERSION, S.A.",,A22002521,PS,RECOLETOS,3,,28014,MADRID,,ES,,915950200,,915226821,,28/06/2005,POR FUSION POR ABSORCION CON DISOLUCION SIN LIQUIDACION POR,0131,06/03/2008,09/05/1947,,28,,N,,,,,,,,,12,"BANCO ESPIRITO SANTO, S.A.","BANCO INVERSION, S.A.",BANCO INVERSION
BP,0081,30001,"BANCO DE SABADELL, S.A.","BANCO DE SABADELL, S.A.",,A08000143,PZ,DE SANT ROC,20,,8201,SABADELL,BARCELONA,ES,,937289289,,937271867,WWW.BANCSABADELL.COM,,,0000,28/12/2011,31/12/1881,,8,,N,BSABESBBXXX,,,,,,,,9,,"BANCO DE SABADELL, S.A.",BANCO SABADELL
BP,0082,30001,"BANCO DE CASTILLA, S.A.","BANCO DE CASTILLA, S.A.",,A37000163,PZ,DE LOS BANDOS,6,,37002,SALAMANCA,,ES,,923290000,,923211902,WWW.BANCOCASTILLA.ES,29/12/2008,POR FUSION POR ABSORCION CON DISOLUCION SIN LIQUIDACION POR,0075,28/04/2009,11/07/1942,,37,,N,CASTES2SXXX,,,,,,,,7,"BANCO POPULAR ESPAÑOL, S.A.","BANCO DE CASTILLA, S.A.",BANCO CASTILLA
BP,0083,30001,"RENTA 4 BANCO, S.A.","RENTA 4 BANCO, S.A.",,A82473018,PS,DE LA HABANA,74,,28036,MADRID,,ES,,913848500,,913848507,,,,0000,27/02/2012,09/02/2012,,28,,N,RENBESMMXXX,,,,,,,,12,,"RENTA 4 BANCO, S.A.",RENTA 4
BP,0085,30001,"BANCO SANTANDER CENTRAL HISPANO, S.A.","BANCO SANTANDER CENTRAL HISPANO, S.A.",,A39000013,PS,PEREDA,9-12,,39004,SANTANDER,CANTABRIA,ES,,942206100,,915813388,,07/10/1999,POR ASIGNACION DE NUEVO CODIGO,0049,06/03/2008,01/01/1875,,39,,N,BDERESMMXXX,,,,,,,,6,"BANCO SANTANDER CENTRAL HISPANO, S.A.","BANCO SANTANDER CENTRAL HISPANO, SA",BSCH
BP,0086,30001,"BANCO BANIF, S.A.","BANCO BANIF, S.A.",,A33003088,PS,DE LA CASTELLANA,53,,28046,MADRID,,ES,,915208500,,915208550,WWW.BANIF.ES,,,0000,18/09/2009,30/03/1949,,28,,N,NORTESMMXXX,,,,,,,,12,,"BANCO BANIF, S.A.",BANIF
BP,0087,30001,"SINDICATO DE BANQUEROS DE BARCELONA, S.A.","SINDICATO DE BANQUEROS DE BARCELONA, S.A.",,A08000853,CL,ROGER DE LAURIA,48,,8009,BARCELONA,,ES,,932902100,,933497150,,17/08/1999,POR ESCISON PARCIAL Y CESION A,2077,03/05/2011,08/05/1910,,8,,N,SIBBESBBXXX,,,,,,,,9,"CAJA DE AHORROS DE VALENCIA, CASTELLON Y ALICANTE, BANCAJA",SINDICATO DE BANQUEROS DE BARCELONA,SINDIBANK
BP,0088,30001,"BANK OF AMERICA, S.A.","BANK OF AMERICA, S.A.",,A08100356,PS,DE LA CASTELLANA,35,,28046,MADRID,,ES,,913965000,,913965123,,17/07/2002,POR DISOLUCION Y CESION GLOBAL DE ACTIVOS Y PASIVOS A,1485,06/03/2008,20/09/1918,,28,,N,BOFAES2XXXX,,,,,,,,12,"BANK OF AMERICA, NATIONAL ASSOCIATION, SUCURSAL EN ESPAÑA","BANK OF AMERICA, S.A",AMERIBANK
BP,0089,30001,"BANCO DE EXTREMADURA, S.A.","BANCO DE EXTREMADURA, S.A.",,A10000743,CL,PINTORES,8,,10003,CACERES,,ES,,927626106,,927626107,,04/09/2002,POR FUSION POR ABSORCION POR,0130,06/03/2008,08/08/1939,,10,,N,CGDIES2CXXX,,,,,,,,10,"BANCO LUSO ESPAÑOL, S.A.","BANCO DE EXTREMADURA, S.A.",EXTREMADURA
BP,0091,30001,"BANCO DE ALBACETE, S.A.","BANCO DE ALBACETE, S.A.",,A02000974,AV,DE CANTABRIA,S/N,CIUDAD GRP.SANTANDER,28660,BOADILLA DEL MONTE,MADRID,ES,,913422881,,913422884,,,,0000,06/03/2008,10/11/1943,,28,,N,,,,,,,,,12,,"BANCO DE ALBACETE, S.A.",BANCO ALBACETE
BP,0093,30001,"BANCO DE VALENCIA, S.A.","BANCO DE VALENCIA, S.A.",,A46002036,CL,PINTOR SOROLLA,2-4,,46002,VALENCIA,,ES,,963984503,,963984570,WWW.BANCODEVALENCIA.ES,,,0000,11/11/2011,20/03/1900,,46,,N,VALEESVVXXX,,,,,,,,15,,"BANCO DE VALENCIA, S.A.",BANCO VALENCIA
BP,0094,30001,"RBC DEXIA INVESTOR SERVICES ESPAÑA, S.A.","RBC DEXIA INVESTOR SERVICES ESPAÑA, S.A.",,A43000033,CL,FERNANDO EL SANTO,20,,28010,MADRID,,ES,,913609900,,913609901,WWW.RBCDEXIA-IS.ES,,,0000,06/03/2008,27/11/1881,,28,RBC DEXIA,S,BVALESMMXXX,,,,,,,,12,,RBC DEXIA INVESTOR SERVICES ESPAÑA,RBC DEXIA
BP,0095,30001,"BANCO DE VASCONIA, S.A.","BANCO DE VASCONIA, S.A.",,A31000417,PZ,DEL CASTILLO,39,,31001,PAMPLONA,NAVARRA,ES,,948179600,,948179735,WWW.BANCOVASCONIA.ES,29/12/2008,POR FUSION POR ABSORCION CON DISOLUCION SIN LIQUIDACION POR,0075,28/04/2009,24/07/1901,,31,,N,VASCES2PXXX,,,,,,,,14,"BANCO POPULAR ESPAÑOL, S.A.","BANCO DE VASCONIA, S.A.",BANCO VASCONIA
BP,0096,30001,"PROBANCA, SERVICIOS FINANCIEROS, S.A.","PROBANCA, SERVICIOS FINANCIEROS, S.A.",,A33001728,PS,CASTELLANA,95,PL. 7,28046,MADRID,,ES,,915974222,,915970275,,14/12/2001,POR FUSION POR ABSORCION POR,0211,06/03/2008,01/01/1895,,28,,N,PROAESMMXXX,,,,,,,,12,"SOCIEDAD ESPAÑOLA DE BANCA DE NEGOCIOS PROBANCA, S.A.","PROBANCA, SERVICIOS FINANCIEROS",PROBANCA
BP,0097,30001,"BANCO DE GALICIA, S.A.","BANCO DE GALICIA, S.A.",,A36600229,CL,POLICARPO SANZ,23,,36202,VIGO,PONTEVEDRA,ES,,986822100,,986822101,WWW.BANCOGALICIA.ES,29/12/2008,POR FUSION POR ABSORCION CON DISOLUCION SIN LIQUIDACION POR,0075,28/04/2009,27/12/1918,,36,,N,GALIES2VXXX,,,,,,,,11,"BANCO POPULAR ESPAÑOL, S.A.","BANCO DE GALICIA, S.A.",BANCO GALICIA
BP,0099,30001,"BANKIA BANCA PRIVADA, S.A.","BANKIA BANCA PRIVADA, S.A.",,A33001215,CL,MARIA DE MOLINA,39,,28006,MADRID,,ES,,913915380,,913915390,WWW.BANKIABANCAPRIVADA.ES,,,0000,11/11/2011,12/09/2011,,28,,N,AHCRESVVXXX,,,,,,,,12,,"BANKIA BANCA PRIVADA, S.A.",BANKIA B.P.
BP,0100,30001,"BANCO DE VITORIA, S.A.","BANCO DE VITORIA, S.A.",,A01000033,CL,POSTAS,22-24,,1001,VITORIA,ALAVA,ES,,945163300,,945163315,,27/01/2004,POR FUSION POR ABSORCION POR,0030,06/03/2008,08/03/1900,,1,,N,BVICES21XXX,,,,,,,,16,"BANCO ESPAÑOL DE CREDITO, S.A.","BANCO DE VITORIA, S.A.",BANCO VITORIA
BP,0101,30001,"CAIXABANK, S.A.","CAIXABANK, S.A.",,A33002833,AV,DIAGONAL,427,,8036,BARCELONA,,ES,,934048600,,934144612,,15/01/1997,POR DISOLUCION SIN LIQUIDACION Y CESION GLOBAL DE ACTIVOS Y PASIVOS,2100,26/10/2001,27/12/1935,,8,,N,CBANESBBXXX,,,,,,,,9,"CAIXABANK, S.A.","CAIXABANK, S.A.",CAIXABANK
BP,0102,30001,"BANCO DE VIZCAYA, S.A.","BANCO DE VIZCAYA, S.A.",,A48001291,CL,GRAN VIA,1,,48001,BILBAO,VIZCAYA,ES,,0,,0,,01/10/1988,POR FUSION Y CREACION DE NUEVA ENTIDAD,0182,06/03/2008,26/03/1901,,48,,N,,,,,,,,,16,"BANCO BILBAO VIZCAYA, S.A.","BANCO DE VIZCAYA, S.A.",B.VIZCAYA
BP,0103,30001,"BANCO ZARAGOZANO, S.A.","BANCO ZARAGOZANO, S.A.",,A50000538,CL,COSO,47-49,,50001,ZARAGOZA,,ES,,976470303,,976399190,WWW.BANCOZARAGOZANO.ES,21/01/2004,POR FUSION POR ABSORCION POR,0065,06/03/2008,08/01/1910,,50,,N,,,,,,,,,2,"BARCLAYS BANK, S.A.","BANCO ZARAGOZANO, S.A.",ZARAGOZANO
BP,0104,30001,"BANCO EXTERIOR DE ESPAÑA, S.A.","BANCO EXTERIOR DE ESPAÑA, S.A.",,A28000776,ZZ,CARRERA DE SAN JERONIMO,36,,28014,MADRID,,ES,,915377000,,915377652,,20/10/1998,POR FUSION POR ABSORCION POR,1301,26/10/2001,03/06/1929,,28,,N,EXTEESMMXXX,,,,,,,,12,"ARGENTARIA, CAJA POSTAL Y BANCO HIPOTECARIO, S.A.","BANCO EXTERIOR DE ESPAÑA, S.A.",EXTERIOR
BP,0109,30001,"BANCO DEL DESARROLLO ECONOMICO ESPAÑOL, S.A.","BANCO DEL DESARROLLO ECONOMICO ESPAÑOL, S.A.",,A28122539,AV,GRAN VIA DE HORTALEZA,3,,28043,MADRID,,ES,,913968877,,913968733,,30/07/2003,POR FUSION POR ABSORCION POR,0030,06/03/2008,06/08/1963,,28,,N,DEEEESM1XXX,,,,,,,,12,"BANCO ESPAÑOL DE CREDITO, S.A.",BANCO DESARROLLO ECONOMICO ESPAÑOL,BANDESCO
BP,0111,30001,"HISPAMER BANCO FINANCIERO, S.A.","HISPAMER BANCO FINANCIERO, S.A.",,A28122570,CL,COSTA BRAVA,12,,28034,MADRID,,ES,,915665500,,915665555,,04/08/1995,POR ASIGNACION NUEVO CODIGO B.E.,0224,18/10/2000,31/08/1963,,28,,N,BAFOESMM,,,,,,,,12,"HISPAMER BANCO FINANCIERO, S.A.","HISPAMER BANCO FINANCIERO, S.A.",HISPAMER BANCO
BP,0112,30001,"BANCO URQUIJO, S.A.","BANCO URQUIJO, S.A.",,A07000466,CL,PRINCIPE DE VERGARA,131,,28002,MADRID,,ES,,913372000,,913372004,WWW.BANCOURQUIJO.ES,15/12/2006,POR FUSION POR ABSORCION CON DISOLUCION SIN LIQUIDACION POR,0081,06/03/2008,07/05/1917,,28,,N,,,,,,,,,12,"BANCO DE SABADELL, S.A.","BANCO URQUIJO, S.A.",BANCO URQUIJO
BP,0114,30001,"BANCO GRANADA JEREZ, S.A.","BANCO GRANADA JEREZ, S.A.",,A18004218,ZZ,GRAN VIA DE COLON,14-16,,18010,GRANADA,,ES,,958225561,,958226203,,02/12/1996,POR CESION GLOBAL DE ACTIVOS Y PASIVOS A,2100,26/10/2001,21/03/1964,,18,,N,,,,,,,,,1,"CAIXABANK, S.A.","BANCO GRANADA JEREZ, S.A.",GRANADA JEREZ
BP,0128,30001,"BANKINTER, S.A.","BANKINTER, S.A.",,A28157360,PS,DE LA CASTELLANA,29,,28046,MADRID,,ES,,913397500,,913397522,WWW.EBANKINTER.COM,,,0000,12/11/2010,04/06/1965,,28,,N,BKBKESMMXXX,,,,,,,,12,,"BANKINTER, S.A.",BANKINTER
BP,0132,30001,"BANCO DE PROMOCION DE NEGOCIOS, S.A. (PROMOBANC)","BANCO DE PROMOCION DE NEGOCIOS, S.A. (PROMOBANC)",,A46062956,PS,DE LA CASTELLANA,81,,28046,MADRID,,ES,,944875429,,944874448,,,,0000,16/04/2010,16/12/1972,,28,,N,PRNEESM1XXX,,,,,,,,12,,BANCO DE PROMOCION DE NEGOCIOS,PROMOCION NEG.
BP,0165,30001,"THE FIRST NATIONAL BANK OF CHICAGO, SUC. ESPAÑA","THE FIRST NATIONAL BANK OF CHICAGO, SUCURSAL EN ESPAÑA",,A4001242I,PS,CASTELLANA,18,,28046,MADRID,,ES,,914353344,,0,,12/03/1992,POR CIERRE,0000,06/03/2008,05/05/1981,,28,,N,,,,,,,,,12,,THE FIRST NATIONAL BANK OF CHICAGO,FIRST CHICAG
BP,0175,30001,THE HONGKONG & SHANGAI BANKING CORPORATION,"THE HONGKONG & SHANGAI BANKING CORPORATION, SUCURSAL EN ESPAÑA",,A7401006G,PS,CASTELLANA,36-38,,28046,MADRID,,ES,,0,,0,,24/11/1988,POR CIERRE,0000,06/03/2008,21/11/1984,,28,,N,,,,,,,,,12,,HONGKONG & SHANGAI BANK.CORPO.,HONGKONGSH.
BP,0182,30001,"BANCO BILBAO VIZCAYA ARGENTARIA, S.A.","BANCO BILBAO VIZCAYA ARGENTARIA, S.A.",,A48265169,PZ,DE SAN NICOLAS,4,,48005,BILBAO,BIZKAIA,ES,S,944876000,,944876417,WWW.BBVA.COM,,,0000,23/01/2012,01/10/1988,,48,BBVA,S,BBVAESMMXXX,,,,,,,,16,,"BANCO BILBAO VIZCAYA ARGENTARIA, SA",BBVA
BP,0183,30001,"JYSKE BANK (ESPAÑA), S.A.","JYSKE BANK (ESPAÑA), S.A.",,A29268745,AV,SUEL - EDIFICIO MARIA TERESA -,8,PUEBLA LUCIA,29640,FUENGIROLA,MALAGA,ES,,952460112,,952460162,,05/10/1994,POR CAMBIO DE OBJETO SOCIAL,0000,01/09/2000,08/04/1987,,29,,N,,,,,,,,,1,,"JYSKE BANK (ESPAÑA), S.A.",JYSKE BANK
BP,0184,30001,"BANCO EUROPEO DE FINANZAS, S.A.","BANCO EUROPEO DE FINANZAS, S.A.",,A78963816,CL,SEVERO OCHOA,5,PQ TEC.DE ANDALUCIA,29590,CAMPANILLAS,MALAGA,ES,,952367955,,952367956,WWW.BEF.ES,,,0000,07/03/2008,22/12/1988,,29,,N,BEDFESM1XXX,,,,,,,,1,,"BANCO EUROPEO DE FINANZAS, S.A.",EUROP. FINANZAS
BP,0185,30001,"BANCO URQUIJO SABADELL BANCA PRIVADA, S.A.","BANCO URQUIJO SABADELL BANCA PRIVADA, S.A.",,A58597311,CL,SERRANO,71,,28006,MADRID,,ES,,913372000,,0,WWW.SABADELLBANCAPRIVADA.COM,,,0000,02/04/2012,22/12/1988,,28,BANCO URQUIJO,S,UIJOESMMXXX,,,,,,,,12,,"BANCO URQUIJO SABADELL B.P., S.A.",BANCO URQUIJO
BP,0186,30001,"BANCO DE FINANZAS E INVERSIONES, S.A.","BANCO DE FINANZAS E INVERSIONES, S.A.",,A58640582,AV,DIAGONAL,668-670,,8034,BARCELONA,,ES,,932535400,,932535430,WWW.FIBANCMEDIOLANUM.ES,,,0000,27/10/2010,13/02/1989,,8,BANCOMEDIOLANUM,S,BFIVESBBXXX,,,,,,,,9,,BANCO DE FINANZAS E INVERSIONES,BANCOMEDIOLANUM
BP,0187,30001,"BANCO UNIVERSAL, S.A.","BANCO UNIVERSAL, S.A.",,A79093605,PS,HABANA,14,,28036,MADRID,,ES,,914113308,,915645048,,14/10/1999,POR DISOLUCION,0000,18/10/2000,30/03/1989,,28,,N,,,,,,,,,12,,"BANCO UNIVERSAL, S.A.",BANCO UNIVERSAL
BP,0227,30001,"UNOE BANK, S.A.","UNOE BANK, S.A.",,A08024796,CL,JULIAN CAMARILLO,4,,28037,MADRID,,ES,,914536100,,914536101,WWW.UNO-E.COM,,,0000,21/07/2011,12/01/2001,,28,UNO-E,S,UNOEESM1XXX,,,,,,,,12,,"UNOE BANK, S.A.",UNO-E
BP,0228,30001,"BANCO EXELBANK, S.A.","BANCO EXELBANK, S.A.",,A82621483,AV,ZAMENHOF,22,"PL.1, EDIF. TREBOL",28027,MADRID,,ES,,913244500,,913244516,,28/12/2007,POR FUSION POR ABSORCION POR ENT. MATRIZ Y APORTACION PATRIMONIO A,0144,05/01/2009,04/04/2000,,28,"EXELBANK,",S,IXIUESM1XXX,,,,,,,,12,"BNP PARIBAS SECURITIES SERVICES, SUCURSAL EN ESPAÑA","BANCO EXELBANK, S.A.","EXELBANK,"
BP,0229,30001,"BANCOPOPULAR-E, S.A.","BANCOPOPULAR-E, S.A.",,A81831067,CL,VELAZQUEZ,34,,28001,MADRID,,ES,,915208014,,913202072,WWW.BANCOPOPULAR-E.COM,,,0000,13/03/2012,12/07/2000,,28,,N,POPLESMMXXX,,,,,,,,12,,"BANCOPOPULAR-E, S.A.",BANCOPOPULAR-E
BP,0230,30001,"ACTIVOBANK, S.A.","ACTIVOBANK, S.A.",,A82837576,CL,PRINCIPE DE VERGARA,125,,28002,MADRID,,ES,,917829000,,917829161,,30/06/2003,POR CAMBIO DE OBJETO SOCIAL CON CESION DEL NEGOCIO BANCARIO A,0081,06/03/2008,04/12/2000,,28,,N,,,,,,,,,12,"BANCO DE SABADELL, S.A.","ACTIVOBANK, S.A.",ACTIVOBANK
BP,0231,30001,"DEXIA SABADELL, S.A.","DEXIA SABADELL, S.A.",,A82892993,CL,MAHONIA,2,,28043,MADRID,,ES,N,917213310,,917213320,WWW.DEXIASABADELL.ES,,,0000,12/01/2012,15/03/2001,,28,,N,DSBLESMMXXX,,,,,,,,12,,"DEXIA SABADELL, S.A.",DEXIASABADELL
BP,0232,30001,"BANCO INVERSIS, S.A.","BANCO INVERSIS, S.A.",,A83131433,AV,DE LA HISPANIDAD,6,,28042,MADRID,,ES,,914001400,,914001410,WWW.INVERSIS.COM,,,0000,19/08/2009,13/11/2001,,28,,N,INVLESMMXXX,,,,,,,,12,,"BANCO INVERSIS, S.A.",INVERSIS
BP,0233,30001,"POPULAR BANCA PRIVADA, S.A.","POPULAR BANCA PRIVADA, S.A.",,A83114082,CL,JUAN IGNACIO LUCA DE TENA,11,,28027,MADRID,,ES,,914189300,,914189328,WWW.POPULARBANCAPRIVADA.ES,,,0000,13/03/2012,16/11/2001,,28,,N,POPIESMMXXX,,,,,,,,12,,"POPULAR BANCA PRIVADA, S.A.",POPULARBANCA
BP,0234,30001,"BANCO CAMINOS, S.A.","BANCO CAMINOS, S.A.",,A28520666,CL,ALMAGRO,8,,28010,MADRID,,ES,,913193448,,913085459,WWW.BANCOCAMINOS.ES,,,0000,18/02/2009,14/02/2008,,28,,N,CCOCESMMXXX,,,,,,,,12,,"BANCO CAMINOS, S.A.",BANCO CAMINOS
BP,0235,30001,"BANCO PICHINCHA ESPAÑA, S.A.","BANCO PICHINCHA ESPAÑA, S.A.",,A85882330,CL,LAGASCA,4,PL. 5,28001,MADRID,,ES,,917818958,,915758451,WWW.BANCOPICHINCHA.ES,,,0000,03/05/2010,05/03/2010,,28,,N,PIESESM1XXX,,,,,,,,12,,"BANCO PICHINCHA ESPAÑA, S.A.",BANCO PICHINCHA
BP,0236,30001,"LLOYDS BANK INTERNATIONAL, S.A.","LLOYDS BANK INTERNATIONAL, S.A.",,A80481765,CL,SERRANO,90,PL. 5,28006,MADRID,,ES,,915209893,,914848194,,,,0000,07/11/2011,01/10/2010,,28,,N,LOYIESMMXXX,,,,,,,,12,,"LLOYDS BANK INTERNATIONAL, S.A.",LLOYDS BANK INT
BP,0237,30001,"BBK BANK CAJASUR, S.A.","BBK BANK CAJASUR, S.A.",,A95622841,CL,GRAN VIA,23,,48001,BILBAO,BIZKAIA,ES,,944017000,,944878225,,,,0000,16/03/2012,06/10/2010,,48,,N,CSURES2CXXX,,,,,,,,16,,"BBK BANK CAJASUR, S.A.",BBKBANK CAJASUR
BP,0482,30001,"UNNIM BANC, S.A.","UNNIM BANC, S.A.",,A65609653,PZ,CATALUÑA,9,PL. 6-7,8002,BARCELONA,,ES,,0,,0,,06/10/2011,POR ASIGNACION DE NUEVO CODIGO B.E.,2107,06/10/2011,25/08/2011,,8,,N,,,,,,,,,9,"CAIXA D'ESTALVIS UNIO DE CAIXES DE MANLLEU, SABADELL I TERRASSA","UNNIM BANC, S.A.",UNNIM BANC
BP,0483,30001,"KUTXABANK, S.A.","KUTXABANK, S.A.",,A95653077,CL,GRAN VIA,23,,48001,BILBAO,BIZKAIA,ES,,944017526,,944017326,,02/01/2012,POR ASIGNACION DE NUEVO CODIGO B.E.,2095,02/01/2012,22/06/2011,,48,,N,,,,,,,,,16,"BILBAO BIZKAIA KUTXA, AURREZKI KUTXA ETA BAHITETXEA","KUTXABANK, S.A.",KUTXABANK
BP,0484,30001,"CATALUNYA BANC, S.A.","CATALUNYA BANC, S.A.",,A65587198,PZ,ANTONI MAURA,6,,8003,BARCELONA,,ES,,934845000,,934845141,,07/10/2011,POR ASIGNACION DE NUEVO CODIGO B.E.,2013,07/10/2011,22/06/2011,,8,,N,,,,,,,,,9,"CAIXA D'ESTALVIS DE CATALUNYA, TARRAGONA I MANRESA","CATALUNYA BANC, S.A.",CATALUNYA BANC
BP,0485,30001,"LIBERBANK, S.A.","LIBERBANK, S.A.",,A86201993,CL,CARRERA DE SAN JERONIMO,19,,28014,MADRID,,ES,,914225800,,914225842,,06/09/2011,POR ASIGNACION DE NUEVO CODIGO B.E.,2048,03/10/2011,27/05/2011,,28,,N,,,,,,,,,12,CAJA DE AHORROS DE ASTURIAS,"LIBERBANK, S.A.","LIBERBANK, S.A."
BP,0486,30001,"BANCO GRUPO CAJATRES, S.A.","BANCO GRUPO CAJATRES, S.A.",,A99298689,PS,ISABEL LA CATOLICA,6,,50009,ZARAGOZA,,ES,,976718500,,976718306,,30/12/2011,POR ASIGNACION DE NUEVO CODIGO B.E.,2086,17/02/2012,27/12/2010,,50,,N,TRESES2BXXX,,,,,,,,2,"BANCO GRUPO CAJATRES, S.A.","BANCO GRUPO CAJATRES, S.A.",BANC.G.CAJATRES
BP,0487,30001,"BANCO MARE NOSTRUM, S.A.","BANCO MARE NOSTRUM, S.A.",,A86104189,PS,RECOLETOS,17,,28004,MADRID,,ES,,917015903,,915227668,,,,0000,30/03/2012,23/12/2010,,28,,N,GBMNESMMXXX,,,,,,,,12,,"BANCO MARE NOSTRUM, S.A.",B.MARE NOSTRUM
BP,0488,30001,"BANCO FINANCIERO Y DE AHORROS, S.A.","BANCO FINANCIERO Y DE AHORROS, S.A.",,A86085685,PS,DE LA CASTELLANA,189,,28046,MADRID,,ES,,964356400,,963322400,,,,0000,22/03/2012,13/12/2010,,28,,N,BFASESMMXXX,,,,,,,,12,,"BANCO FINANCIERO Y DE AHORROS, S.A.",BANCO F. Y AHO.
BP,0490,30001,"BANCA CIVICA, S.A.","BANCA CIVICA, S.A.",,A85973857,PZ,SAN FRANCISCO,1,,41004,SEVILLA,,ES,,913199409,,913082798,,,,0000,01/07/2011,17/06/2010,,41,,N,GBCCESMMXXX,,,,,,,,1,,"BANCA CIVICA, S.A.","BANCA CIVICA,SA"
BP,1001,30001,"BANCO DE CREDITO AGRICOLA, S.A.","BANCO DE CREDITO AGRICOLA, S.A.",,A28333961,CL,CLAUDIO COELLO,31,,28001,MADRID,,ES,,915373980,,915370862,,03/01/1996,POR FUSION POR ABSORCION POR,1302,06/03/2008,07/02/1972,,28,,N,BCAEESMM,,,,,,,,12,"CAJA POSTAL, S.A.","BANCO DE CREDITO AGRICOLA, S.A.",CTO. AGRICOLA
BP,1005,30001,"BANCO HIPOTECARIO DE ESPAÑA, S.A.","BANCO HIPOTECARIO DE ESPAÑA, S.A.",,A28000040,PS,RECOLETOS,10,,28001,MADRID,,ES,,915374000,,915374444,,20/10/1998,POR FUSION POR ABSORCION POR,1301,26/10/2001,15/04/1873,,28,,N,,,,,,,,,12,"ARGENTARIA, CAJA POSTAL Y BANCO HIPOTECARIO, S.A.","BANCO HIPOTECARIO DE ESPAÑA, S.A.",HIPOTECARIO
BP,1301,30001,"ARGENTARIA, CAJA POSTAL Y BANCO HIPOTECARIO, S.A.","ARGENTARIA, CAJA POSTAL Y BANCO HIPOTECARIO, S.A.",,A80041106,PS,RECOLETOS,10,,28001,MADRID,,ES,,915377000,,915377652,,20/10/1998,POR ASIGNACION NUEVO CODIGO B.E.,1302,06/03/2008,27/05/1991,,28,,N,,,,,,,,,12,"ARGENTARIA, CAJA POSTAL Y BANCO HIPOTECARIO, S.A.","ARGENTARIA,C.POSTAL Y B.HIPOTECARIO",ARGENTARIA
BP,1302,30001,"ARGENTARIA, CAJA POSTAL Y BANCO HIPOTECARIO, S.A.","ARGENTARIA, CAJA POSTAL Y BANCO HIPOTECARIO, S.A.",,A80041106,PS,RECOLETOS,10,,28001,MADRID,,ES,N,915375000,,915377652,,02/02/2000,POR FUSION POR ABSORCION POR,0182,06/03/2008,20/10/1998,,28,,N,BBVAESMMXXX,,,,,,,,12,"BANCO BILBAO VIZCAYA ARGENTARIA, S.A.","ARGENTARIA,C.POSTAL Y B.HIPOTECARIO",ARGENTARIA
BP,1490,30001,"SELF TRADE BANK, S.A.","SELF TRADE BANK, S.A.",,A85597821,CL,ARAGONESES,2A,,28108,ALCOBENDAS,MADRID,ES,,917894000,,917894019,WWW.SELFTRADE.ES,,,0000,10/01/2011,05/02/2009,,28,SELF TRADE BANK,S,SELFESMMXXX,,,,,,,,12,,"SELF TRADE BANK, S.A.",SELF TRADE BANK
BP,2013,30001,"CATALUNYA BANC, S.A.","CATALUNYA BANC, S.A.",,A65587198,PZ,ANTONI MAURA,6,,8003,BARCELONA,,ES,,934845000,,934845141,WWW.CATALUNYACAIXA.COM,,,0000,07/10/2011,07/10/2011,,8,"CATALUNYA BANC,",S,CESCESBBXXX,,,,,,,,9,,"CATALUNYA BANC, S.A.","CATALUNYA BANC,"
BP,2038,30001,"BANKIA, S.A.","BANKIA, S.A",,A14010342,CL,PINTOR SOROLLA,8,,46002,VALENCIA,,ES,,913915380,,913915414,WWW.BANKIA.COM,,,0000,22/12/2011,30/05/2011,,46,"BANKIA, S.A",S,CAHMESMMXXX,,,,,,,,15,,"BANKIA, S.A","BANKIA, S.A"
BP,2048,30001,"LIBERBANK, S.A.","LIBERBANK, S.A.",,A86201993,CL,CARRERA DE SAN JERONIMO,19,,28014,MADRID,,ES,,914225800,,914225842,,,,0000,27/10/2011,06/09/2011,,28,LIBERBANK,S,CECAESMM048,,,,,,,,12,,"LIBERBANK, S.A.",LIBERBANK
BP,2080,30001,"NCG BANCO, S.A.","NCG BANCO, S.A.",,A70302039,CL,RUA NUEVA,30-32,,15003,A CORUÑA,,ES,,981187000,,981223562,,,,0000,10/01/2012,16/09/2011,,15,"NCG BANCO, S.A.",S,CAGLESMMVIG,,,,,,,,11,,"NCG BANCO, S.A.","NCG BANCO, S.A."
BP,2085,30001,"IBERCAJA BANCO, S.A.","IBERCAJA BANCO, S.A.",,A99319030,PZ,BASILIO PARAISO,2,,50008,ZARAGOZA,,ES,,976767676,,976216637,WWW.IBERCAJA.ES,,,0000,30/09/2011,30/09/2011,,50,,N,CAZRES2ZXXX,,,,,,,,2,,"IBERCAJA BANCO, S.A.",IBERCAJA BANCO
BP,2086,30001,"BANCO GRUPO CAJATRES, S.A.","BANCO GRUPO CAJATRES, S.A.",,A99298689,PS,ISABEL LA CATOLICA,6,,50009,ZARAGOZA,,ES,,976718500,,976718306,,,,0000,08/02/2012,30/12/2011,,50,,N,CECAESMM086,,,,,,,,2,,"BANCO GRUPO CAJATRES, S.A.",BANC.G.CAJATRES
BP,2090,30001,"BANCO CAM, S.A.","BANCO CAM, S.A.",,A86101375,CL,OSCAR ESPLA,37,,3007,ALICANTE,,ES,,965905000,,965905044,WWW.CAM.ES,,,0000,28/07/2011,28/07/2011,,3,,N,CAAMES2AXXX,,,,,,,,15,,"BANCO CAM, S.A.","BANCO CAM, S.A."
BP,2095,30001,"KUTXABANK, S.A","KUTXABANK, S.A",,A95653077,CL,GRAN VIA,30-32,,48009,BILBAO,BIZKAIA,ES,,944017526,,944017326,,,,0000,02/03/2012,02/01/2012,,48,"KUTXABANK, S.A",S,BASKES2BXXX,,,,,,,,16,,"KUTXABANK, S.A","KUTXABANK, S.A"
BP,2100,30001,"CAIXABANK, S.A.","CAIXABANK, S.A.",,A08663619,AV,DIAGONAL,621,,8028,BARCELONA,,ES,,934046000,,934046723,WWW.CAIXABANK.ES,,,0000,16/03/2012,30/06/2011,,8,"CAIXABANK, S.A.",S,CAIXESBBXXX,,,,,,,,9,,"CAIXABANK, S.A.","CAIXABANK, S.A."
BP,2103,30001,"UNICAJA BANCO, S.A.","UNICAJA BANCO, S.A.",,A93139053,AV,ANDALUCIA,10-12,,29007,MALAGA,,ES,,952138000,,952287698,WWW.UNICAJA.ES,,,0000,05/12/2011,05/12/2011,,29,,N,UCJAES2MXXX,,,,,,,,1,,"UNICAJA BANCO, S.A.",UNICAJA BANCO
BP,2107,30001,"UNNIM BANC, S.A","UNNIM BANC, S.A",,A65609653,PZ,CATALUÑA,9,PL. 6-7,8002,BARCELONA,,ES,,937397700,,937397777,WWW.UNNIM.ES,,,0000,06/10/2011,06/10/2011,,8,"UNNIM BANC, S.A",S,CECAESMM107,,,,,,,,9,,"UNNIM BANC, S.A","UNNIM BANC, S.A"
BP,2108,30001,"BANCO DE CAJA ESPAÑA INVER. SALAMANCA Y SORIA,S.A.","BANCO DE CAJA ESPAÑA DE INVERSIONES, SALAMANCA Y SORIA, S.A.",,A86289642,CL,MARQUES DE VILLAMAGNA,6-8,,28001,MADRID,,ES,,915139000,,915139129,,,,0000,12/12/2011,12/12/2011,,28,BANCO CEISS,S,CSPAES2L108,,,,,,,,12,,BANCO DE CAJA ESPAÑA DE INVERSIONES,BANCO CEISS
CA,2000,42000,CONFEDERACION ESPAÑOLA DE CAJAS DE AHORROS,CONFEDERACION ESPAÑOLA DE CAJAS DE AHORROS,,G28206936,CL,ALCALA,27,,28014,MADRID,,ES,,915965000,,915965742,WWW.CECA.ES,,,0000,09/12/2011,19/12/1927,,28,CECA,S,CECAESMMXXX,,,,,,,,12,,CONFED. ESPAÑOLA CAJAS DE AHORROS,CECA
CA,2001,42000,CAJA DE AHORROS PROVINCIAL DE ALBACETE,CAJA DE AHORROS PROVINCIAL DE ALBACETE,,G02002616,PZ,ALTOZANO,3,,2001,ALBACETE,,ES,,967228100,,0,,30/06/1992,POR FUSION Y CREACION DE NUEVA ENTIDAD,2105,11/02/2009,30/06/1959,,2,,N,,,,,,,,,8,CAJA DE AHORROS DE CASTILLA-LA MANCHA,CAJA AHORROS PROVINCIAL DE ALBACETE,CAJAALBACETE
CA,2002,42000,MONTE DE PIEDAD Y CAJA DE AHORROS DE ALCOY,MONTE DE PIEDAD Y CAJA DE AHORROS DE ALCOY,,,CL,JOVELLANOS,6,,3800,ALCOY,ALICANTE,ES,,0,,0,,17/02/1976,POR FUSION Y CREACION DE NUEVA ENTIDAD,2090,06/03/2008,01/09/1875,,3,,N,,,,,,,,,15,CAJA DE AHORROS DE ALICANTE Y MURCIA,MONTE PIEDAD Y CAJA AHORROS ALCOY,CAJA ALCOY
CA,2003,42000,CAJA DE AHORROS DE ALHAMA DE MURCIA,CAJA DE AHORROS DE ALHAMA DE MURCIA,,,CL,GARCIA,9,,30840,ALHAMA DE MURCIA,MURCIA,ES,,0,,0,,01/01/1977,POR FUSION POR ABSORCION POR,2090,06/03/2008,15/10/1949,,30,,N,,,,,,,,,13,CAJA DE AHORROS DE ALICANTE Y MURCIA,CAJA DE AHORROS DE ALHAMA DE MURCIA,C. ALHAMA M.
CA,2004,42000,CAJA DE AHORROS DEL SURESTE DE ESPAÑA,CAJA DE AHORROS DEL SURESTE DE ESPAÑA,,G03016003,CL,SAN FERNANDO,40,,3001,ALICANTE,,ES,,965121133,,0,,17/02/1976,POR FUSION Y CREACION DE NUEVA ENTIDAD,2090,06/03/2008,31/10/1940,,3,,N,,,,,,,,,15,CAJA DE AHORROS DE ALICANTE Y MURCIA,CAJA AHORROS DEL SURESTE DE ESPAÑA,C.A. SURESTE
CA,2005,42000,CAJA DE AHORROS PROVINCIAL DE ALICANTE,CAJA DE AHORROS PROVINCIAL DE ALICANTE,,G03016003,AV,OSCAR ESPLA,37,,3007,ALICANTE,,ES,,965121133,,0,,13/05/1991,POR FUSION Y CREACION DE NUEVA ENTIDAD,2102,06/03/2008,10/02/1953,,3,,N,,,,,,,,,15,CAJA DE AHORROS PROVINCIAL DE ALICANTE Y VALENCIA,CAJA AHORROS PROVINCIAL DE ALICANTE,CAJAALICANTE
CA,2006,42000,MONTE DE PIEDAD Y CAJA DE AHORROS DE ALMERIA,MONTE DE PIEDAD Y CAJA DE AHORROS DE ALMERIA,,G04000261,PS,ALMERIA,67,,4001,ALMERIA,,ES,,951237011,,0,,07/05/1991,POR FUSION Y CREACION DE NUEVA ENTIDAD,2103,26/10/2001,30/08/1899,,4,,N,,,,,,,,,1,"MONTES DE PIEDAD Y CAJA DE AHORROS DE RONDA, CADIZ, ALMERIA, MALAGA Y ANTEQUERA (UNICAJA)",MONTE PIEDAD Y CAJA AHORROS ALMERIA,MONTEALMERIA
CA,2007,42000,CAJA DE AHORROS Y PRESTAMOS DE ANTEQUERA,CAJA DE AHORROS Y PRESTAMOS DE ANTEQUERA,,G29000460,CL,RAMON Y CAJAL,6,,29200,ANTEQUERA,MALAGA,ES,,952840661,,0,,07/05/1991,POR FUSION Y CREACION DE NUEVA ENTIDAD,2103,26/10/2001,14/02/1904,,29,,N,,,,,,,,,1,"MONTES DE PIEDAD Y CAJA DE AHORROS DE RONDA, CADIZ, ALMERIA, MALAGA Y ANTEQUERA (UNICAJA)",CAJA AHORROS Y PRESTAMOS ANTEQUERA,C.ANTEQUERA
CA,2008,42000,CAJA GENERAL DE AHORROS Y MONTE DE PIEDAD DE AVILA,CAJA GENERAL DE AHORROS Y MONTE DE PIEDAD DE AVILA,,G05000013,CL,COMANDANTE ALBARRAN,1,,5001,AVILA,,ES,,0,,0,,23/04/1985,POR FUSION Y CREACION DE NUEVA ENTIDAD,2094,06/03/2008,15/08/1878,,5,,N,,,,,,,,,7,CAJA DE AHORROS Y MONTE DE PIEDAD DE AVILA,C.GRAL. AHORROS Y MTE. PIEDAD AVILA,MONTEAVILA
CA,2009,42000,CAJA CENTRAL DE AHORRO Y PRESTAMOS DE AVILA,CAJA CENTRAL DE AHORRO Y PRESTAMOS DE AVILA,,G05000062,PZ,SANTA TERESA,12,,5001,AVILA,,ES,,0,,0,,23/04/1985,POR FUSION Y CREACION DE NUEVA ENTIDAD,2094,06/03/2008,01/01/1920,,5,,N,,,,,,,,,7,CAJA DE AHORROS Y MONTE DE PIEDAD DE AVILA,C.CENTRAL AHORRO Y PTOS. DE AVILA,C.CENTRAL-AVILA
CA,2010,42000,M.P. Y CAJA GENERAL AHORROS DE BADAJOZ,MONTE DE PIEDAD Y CAJA GENERAL DE AHORROS DE BADAJOZ,,G06000681,PS,SAN FRANCISCO,18,,6001,BADAJOZ,,ES,,924214000,,924214073,WWW.CAJABADAJOZ.ES,30/12/2011,POR ASIGNACION DE NUEVO CODIGO B.E.,2429,07/02/2012,12/03/1889,,6,CAJA DE BADAJOZ,S,CECAESMM010,,,,,,,,10,MONTE DE PIEDAD Y CAJA GENERAL DE AHORROS DE BADAJOZ,M.P. Y CAJA GRAL. BADAJOZ,CAJA DE BADAJOZ
CA,2011,42000,CAJA DE AHORROS Y MONTE DE PIEDAD DE BARCELONA,CAJA DE AHORROS Y MONTE DE PIEDAD DE BARCELONA,,G08169765,AV,DIAGONAL,530,,8006,BARCELONA,,ES,,0,,0,,04/12/1990,POR FUSION Y CREACION DE NUEVA ENTIDAD,2100,26/10/2001,17/03/1844,,8,,N,,,,,,,,,9,"CAIXABANK, S.A.",CAJA DE AHORROS Y M.P. DE BARCELONA,MTEBARCELONA
CA,2012,42000,CAJA PENSIONES VEJEZ Y AHORROS CATALUÑA BALEARES,CAJA DE PENSIONES PARA LA VEJEZ Y DE AHORROS DE CATALUÑA Y BALEARES,,G08169773,AV,DIAGONAL,621-629,,8028,BARCELONA,,ES,,934046000,,0,,04/12/1990,POR FUSION Y CREACION DE NUEVA ENTIDAD,2100,06/03/2008,05/04/1904,,8,,N,,,,,,,,,9,"CAIXABANK, S.A.",C.PENSIONES VEJEZ AHORROS CATALUÑA,PENSIONBARNA
CA,2014,42000,CAJA DE AHORROS DE LA SAGRADA FAMILIA DE BARCELONA,CAJA DE AHORROS DE LA SAGRADA FAMILIA DE BARCELONA,,G08169856,AV,GENERALISIMO FRANCO,530,,8006,BARCELONA,,ES,,0,,0,,30/05/1979,POR FUSION POR ABSORCION POR,2011,06/03/2008,29/12/1926,,8,,N,,,,,,,,,9,CAJA DE AHORROS Y MONTE DE PIEDAD DE BARCELONA,CAJA DE AHORROS SAGRADA FAMILIA,C.A.SGDA.FAMILI
CA,2015,42000,CAJA DE AHORROS Y M.P. MUNICIPAL DE BILBAO,CAJA DE AHORROS Y MONTE DE PIEDAD MUNICIPAL DE BILBAO,,G48001838,CL,GRAN VIA,23,,48001,BILBAO,VIZCAYA,ES,,0,,0,,23/02/1990,POR FUSION Y CREACION DE NUEVA ENTIDAD,2095,06/03/2008,07/02/1907,,48,,N,,,,,,,,,16,"KUTXABANK, S.A",C.AHORROS Y M.P.MUNICIPAL DE BILBAO,CAJABILBAO
CA,2016,42000,CAJA DE AHORROS VIZCAINA,CAJA DE AHORROS VIZCAINA,,G48001846,CL,GRAN VIA,30-32,,48009,BILBAO,VIZCAYA,ES,,944151066,,0,,23/02/1990,POR FUSION Y CREACION DE NUEVA ENTIDAD,2095,06/03/2008,31/03/1920,,48,,N,,,,,,,,,16,"KUTXABANK, S.A",CAJA DE AHORROS VIZCAINA,C.A.VIZCAINA
CA,2017,42000,C.A.M.P. CIRCULO CATOLICO DE OBREROS DE BURGOS,CAJA DE AHORROS Y MONTE DE PIEDAD DEL CIRCULO CATOLICO DE OBREROS DE BURGOS,,G09000779,AV,REYES CATOLICOS,1,,9005,BURGOS,,ES,,947288200,,947288210,WWW.CAJACIRCULO.COM,30/12/2011,POR ASIGNACION DE NUEVO CODIGO B.E.,2428,07/02/2012,19/03/1909,,9,CAJA CIRCULO,S,CECAESMM017,,,,,,,,7,CAJA DE AHORROS Y MONTE DE PIEDAD DEL CIRCULO CATOLICO DE OBREROS DE BURGOS,CIRCULO CATOLICO OBREROS DE BURGOS,CAJA CIRCULO
CA,2018,42000,CAJA DE AHORROS MUNICIPAL DE BURGOS,CAJA DE AHORROS MUNICIPAL DE BURGOS,,G09000787,PZ,"DE LA LIBERTAD, P.CONDESTABLES",,CASA CORDON,9004,BURGOS,,ES,N,947258100,,947258140,WWW.CAJADEBURGOS.ES,01/07/2011,POR ASIGNACION DE NUEVO CODIGO B.E.,2413,06/10/2011,11/06/1926,,9,CAJA DE BURGOS,S,CECAESMM018,,,,,,,,7,CAJA DE AHORROS MUNICIPAL DE BURGOS,CAJA DE AHORROS MUNICIPAL DE BURGOS,CAJA DE BURGOS
CA,2019,42000,CAJA DE AHORROS Y MONTE DE PIEDAD DE CACERES,CAJA DE AHORROS Y MONTE DE PIEDAD DE CACERES,,G10000636,CL,SAN PEDRO,15,,10003,CACERES,,ES,,927245000,,0,,03/09/1990,POR FUSION Y CREACION DE NUEVA ENTIDAD,0485,06/09/2011,19/03/1906,,10,,N,,,,,,,,,10,"LIBERBANK, S.A.",C.AHORROS Y MTE. PIEDAD DE CACERES,C.CACERES
CA,2020,42000,CAJA DE AHORROS Y MONTE DE PIEDAD DE CADIZ,CAJA DE AHORROS Y MONTE DE PIEDAD DE CADIZ,,G11001864,PZ,SAN AGUSTIN,3,,11004,CADIZ,,ES,,956287800,,0,,07/05/1991,POR FUSION Y CREACION DE NUEVA ENTIDAD,2103,26/10/2001,01/08/1884,,11,,N,,,,,,,,,1,"MONTES DE PIEDAD Y CAJA DE AHORROS DE RONDA, CADIZ, ALMERIA, MALAGA Y ANTEQUERA (UNICAJA)",CAJA AHORROS Y MONTE PIEDAD CADIZ,C. AH. CADIZ
CA,2021,42000,CAJA DE AHORROS Y PRESTAMOS DE CARLET,CAJA DE AHORROS Y PRESTAMOS DE CARLET,,G46002812,AV,CAJA DE AHORROS,1,,46240,CARLET,VALENCIA,ES,,962554100,,962530516,,01/08/2001,POR FUSION POR ABSORCION POR,2077,03/05/2011,16/09/1909,,46,,N,,,,,,,,,15,"CAJA DE AHORROS DE VALENCIA, CASTELLON Y ALICANTE, BANCAJA",CAJA AHORROS Y PRESTAMOS DE CARLET,CAJA DE CARLET
CA,2022,42000,CAJA DE AHORROS Y MONTE DE PIEDAD DE CASTELLON,CAJA DE AHORROS Y MONTE DE PIEDAD DE CASTELLON,,G12001145,CL,CABALLEROS,2,,12001,CASTELLON,,ES,,0,,0,,17/12/1991,POR FUSION POR ABSORCION POR,2077,03/05/2011,24/11/1899,,12,,N,,,,,,,,,15,"CAJA DE AHORROS DE VALENCIA, CASTELLON Y ALICANTE",C.AHORROS Y MONTE PIEDAD CASTELLON,C. CASTELLON
CA,2023,42000,CAJA DE AHORROS Y MONTE DE PIEDAD DE CEUTA,CAJA DE AHORROS Y MONTE DE PIEDAD DE CEUTA,,G11901337,PZ,REYES,S/N,,11701,CEUTA,,ES,,956510940,,0,,02/07/1990,POR FUSION POR ABSORCION POR,2038,06/03/2008,02/05/1937,,11,,N,,,,,,,,,1,CAJA DE AHORROS Y MONTE DE PIEDAD DE MADRID,CAJA DE AHORROS Y M.P. DE CEUTA,C.CEUTA
CA,2024,42000,CAJA DE AHORROS Y M.P. DE CORDOBA,CAJA DE AHORROS Y MONTE DE PIEDAD DE CORDOBA,,G14004485,RD,LOS TEJARES,18-24,,14001,CORDOBA,,ES,N,957214242,,957475129,WWW.CAJASUR.ES,27/01/2011,POR CESION GLOBAL DE ACTIVOS Y PASIVOS A,0237,10/04/2012,01/09/1864,,14,CAJASUR,S,CECAESMM024,,,,,,,,1,"BBK BANK CAJASUR, S.A.",CAJA DE AHORROS Y M.P. DE CORDOBA,CAJASUR
CA,2025,42000,CAJA PROVINCIAL DE AHORROS DE CORDOBA,CAJA PROVINCIAL DE AHORROS DE CORDOBA,,G14007421,AV,GRAN CAPITAN,11,,14008,CORDOBA,,ES,,957479500,,957478046,,08/02/1995,POR FUSION POR ABSORCION POR,2024,16/03/2012,11/07/1952,,14,,N,,,,,,,,,1,CAJA DE AHORROS Y MONTE DE PIEDAD DE CORDOBA,CAJA PROVINCIAL AHORROS DE CORDOBA,PROVCORDOBA
CA,2026,42000,C. AHORROS Y MONTE DE PIEDAD DE LA CORUÑA Y LUGO,CAJA DE AHORROS Y MONTE DE PIEDAD DE LA CORUÑA Y LUGO,,G15003692,CL,CASTELAR,30,,15003,LA CORUÑA,,ES,,0,,0,,28/04/1978,POR FUSION Y CREACION DE NUEVA ENTIDAD,2091,06/03/2008,08/06/1876,,15,,N,,,,,,,,,11,CAJA DE AHORROS DE GALICIA,C.AHORR.Y MTE.PIEDAD LA CORUÑA LUGO,CORUÑA Y LUG
CA,2027,42000,C.AHORROS NTRA. SRA. DE LOS DOLORES DE CREVILLENTE,CAJA DE AHORROS DE NUESTRA SEÑORA DE LOS DOLORES DE CREVILLENTE,,,CL,MEDICO LLEDO,9,,3330,CREVILLENTE,ALICANTE,ES,,0,,0,,17/02/1976,POR FUSION Y CREACION DE NUEVA ENTIDAD,2090,06/03/2008,10/03/1903,,3,,N,,,,,,,,,15,CAJA DE AHORROS DE ALICANTE Y MURCIA,CAJA AHORROS NTRA. SRA. CREVILLENTE,C.A. DOLORES
CA,2029,42000,CAJA GRAL. DE AHORROS Y MONTE PIEDAD DE EL FERROL,CAJA GENERAL DE AHORROS Y MONTE DE PIEDAD DE EL FERROL,,G15003676,CL,MENDEZ NUÑEZ,18,,15402,EL FERROL,LA CORUÑA,ES,,0,,0,,28/04/1978,POR FUSION Y CREACION DE NUEVA ENTIDAD,2091,06/03/2008,05/10/1902,,15,,N,,,,,,,,,11,CAJA DE AHORROS DE GALICIA,CAJA GRAL. DE AHORROS DE EL FERROL,EL FERROL
CA,2030,42000,CAIXA D'ESTALVIS DE GIRONA,CAIXA D'ESTALVIS DE GIRONA,,G17008079,CL,DE LA CREU,31,,17002,GIRONA,,ES,,972182100,,972207923,WWW.CAIXAGIRONA.ES,22/11/2010,POR FUSION POR ABSORCION CON DISOLU CION Y TRASPASO DE PATRIMONIO A,2100,12/01/2011,20/01/1940,,17,CAIXAGIRONA,S,CECAESMM030,,,,,,,,9,"CAIXABANK, S.A.",CAIXA D'ESTALVIS DE GIRONA,CAIXAGIRONA
CA,2031,42000,CAJA GENERAL DE AHORROS DE GRANADA,CAJA GENERAL DE AHORROS DE GRANADA,,G18000802,AV,FERNANDO DE LOS RIOS,6,,18006,GRANADA,,ES,,958244500,,958274400,WWW.CAJAGRANADA.ES,30/09/2011,POR ASIGNACION DE NUEVO CODIGO B.E.,2421,27/03/2012,04/07/1892,,18,LA GENERAL,S,CECAESMM031,,,,,,,,1,CAJA GENERAL DE AHORROS DE GRANADA,CAJA GENERAL DE AHORROS DE GRANADA,LA GENERAL
CA,2032,42000,CAJA DE AHORRO PROVINCIAL DE GUADALAJARA,CAJA DE AHORRO PROVINCIAL DE GUADALAJARA,,G19001775,AV,EDUARDO GUITIAN,11,T. CAJA GUADALAJARA,19002,GUADALAJARA,,ES,,902879991,,902879992,WWW.CAJAGUADALAJARA.BIZ,02/11/2010,POR FUSION POR ABSORCION CON DISOLUCION SIN LIQUIDACION POR,2106,13/05/2011,23/09/1964,,19,,N,CECAESMM032,,,,,,,,8,"MONTE DE PIEDAD Y CAJA DE AHORROS SAN FERNANDO DE GUADALAJARA, HUELVA, JEREZ Y SEVILLA",CAJA DE AHORRO PROV. DE GUADALAJARA,C. GUADALAJARA
CA,2033,42000,CAJA PROVINCIAL DE AHORROS Y M.P. DE HUELVA,CAJA PROVINCIAL DE AHORROS Y MONTE DE PIEDAD DE HUELVA,,G21001821,CL,PLUS ULTRA,4,,21001,HUELVA,,ES,,955247211,,0,,03/07/1990,POR FUSION Y CREACION DE NUEVA ENTIDAD,2098,06/03/2008,11/03/1947,,21,,N,,,,,,,,,1,MONTE DE PIEDAD Y CAJA DE AHORROS DE HUELVA Y SEVILLA,C.PROVINCIAL AHORROS Y M.P. HUELVA,C. HUELVA
CA,2034,42000,CAJA DE AHORROS DE JEREZ DE LA FRONTERA,CAJA DE AHORROS DE JEREZ DE LA FRONTERA,,G11600962,AV,ALCALDE ALVARO DOMECQ,5-7-9,,11405,JEREZ DE LA FRONTERA,CADIZ,ES,,956330200,,956313807,,16/08/1994,POR FUSION POR ABSORCION POR,2071,26/10/2001,19/11/1859,,11,,N,,,,,,,,,1,CAJA DE AHORROS PROVINCIAL SAN FERNANDO DE SEVILLA Y JEREZ,CAJA AHORROS JEREZ DE LA FRONTERA,CAJAJEREZ
CA,2035,42000,CAJA DE AHORROS Y MONTE DE PIEDAD DE LEON,CAJA DE AHORROS Y MONTE DE PIEDAD DE LEON,,G24000853,CL,ORDOÑO II,10,,24001,LEON,,ES,,987235100,,0,,10/07/1990,POR FUSION Y CREACION DE NUEVA ENTIDAD,2096,06/03/2008,09/04/1900,,24,,N,,,,,,,,,7,"CAJA ESPAÑA DE INVERSIONES, CAJA DE AHORROS Y MONTE DE PIEDAD",C.AHORROS Y MONTE DE PIEDAD DE LEON,C.M.P.LEON
CA,2042,42000,CAIXA D'ESTALVIS LAIETANA,CAIXA D'ESTALVIS LAIETANA,,G08169823,AV,LLUIS COMPANYS,44-60,,8302,MATARO,BARCELONA,ES,N,937417550,,937551074,WWW.CAIXALAIETANA.ES,30/05/2011,POR ASIGNACION DE NUEVO CODIGO B.E.,2405,30/05/2011,13/02/1863,,8,CAIXA LAIETANA,S,CECAESMM042,,,,,,,,9,CAIXA D'ESTALVIS LAIETANA,CAIXA D'ESTALVIS LAIETANA,CAIXA LAIETANA
CA,2043,42000,CAJA DE AHORROS DE MURCIA,CAJA DE AHORROS DE MURCIA,,G30010185,,GRAN VIA ESCULTOR SALZILLO,23,,30005,MURCIA,,ES,,968361600,,968306160,WWW.CAJAMURCIA.ES,30/09/2011,POR ASIGNACION DE NUEVO CODIGO B.E.,2422,30/09/2011,23/09/1964,,30,,N,CECAESMM043,,,,,,,,13,CAJA DE AHORROS DE MURCIA,CAJA DE AHORROS DE MURCIA,CAJA DE MURCIA
CA,2045,42000,CAJA DE AHORROS Y M.P. DE ONTINYENT,CAJA DE AHORROS Y MONTE DE PIEDAD DE ONTINYENT,,G46002796,PZ,SANTO DOMINGO,24,,46870,ONTINYENT,VALENCIA,ES,,962919100,,962387003,WWW.CAIXAONTINYENT.ES,,,0000,15/10/2008,31/10/1884,,46,,N,CECAESMM045,,,,,,,,15,,CAJA DE AHORROS Y M.P. ONTINYENT,CAJA ONTINYENT
CA,2046,42000,CAJA DE AHORROS PROVINCIAL DE ORENSE,CAJA DE AHORROS PROVINCIAL DE ORENSE,,G32000382,CL,CARDENAL QUIROGA,12-14,,32003,OURENSE,,ES,,988389100,,988233562,,13/09/1999,POR FUSION POR ABSORCION POR,2080,26/10/2001,01/01/1933,,32,,N,,,,,,,,,11,CAIXA DE AFORROS DE VIGO E OURENSE,CAJA AHORROS PROVINCIAL DE ORENSE,CAJA ORENSE
CA,2047,42000,C.A.Y SOCORROS Y MTE.PIEDAD NTRA.SRA.DE MONSERRATE,CAJA DE AHORROS Y SOCORROS Y MONTE DE PIEDAD DE NUESTRA SEÑORA DE MONSERRATE,,,PZ,PIA,3,,3300,ORIHUELA,ALICANTE,ES,,0,,0,,17/02/1976,POR FUSION Y CREACION DE NUEVA ENTIDAD,2090,06/03/2008,14/08/1904,,3,,N,,,,,,,,,15,CAJA DE AHORROS DE ALICANTE Y MURCIA,C.A. NTRA.SRA. DE MONSERRATE,C.A.MONSERRA
CA,2049,42000,CAJA DE AHORROS Y MONTE DE PIEDAD DE PALENCIA,CAJA DE AHORROS Y MONTE DE PIEDAD DE PALENCIA,,G34000125,CL,MAYOR,13,,34001,PALENCIA,,ES,,988745100,,0,,10/07/1990,POR FUSION Y CREACION DE NUEVA ENTIDAD,2096,06/03/2008,05/07/1878,,34,,N,,,,,,,,,7,"CAJA ESPAÑA DE INVERSIONES, CAJA DE AHORROS Y MONTE DE PIEDAD",CAJA DE AHORROS Y M.P. DE PALENCIA,MTEPALENCIA
CA,2050,42000,CAJA DE AHORROS Y PRESTAMOS DE PALENCIA,CAJA DE AHORROS Y PRESTAMOS DE PALENCIA,,G34000117,CL,MAYOR,15,,34001,PALENCIA,,ES,,0,,0,,18/12/1984,POR FUSION POR ABSORCION POR,2061,06/03/2008,09/02/1963,,34,,N,,,,,,,,,7,CAJA DE AHORROS Y MONTE DE PIEDAD DE SALAMANCA,CAJA DE AHORROS Y PTOS. DE PALENCIA,PTMOPALENCIA
CA,2051,42000,CAJA DE AHORROS Y M.P. DE LAS BALEARES,CAJA DE AHORROS Y MONTE DE PIEDAD DE LAS BALEARES,,G07013154,CL,RAMON LLULL,2,,7001,PALMA,ILLES BALEARS,ES,,971171717,,971726054,WWW.SANOSTRA.NET,30/09/2011,POR ASIGNACION DE NUEVO CODIGO B.E.,2424,30/09/2011,18/03/1882,,7,SA NOSTRA,S,CECAESMM051,,,,,,,,4,CAJA DE AHORROS Y MONTE DE PIEDAD DE LAS BALEARES,CAJA DE AHORROS Y M.P. DE BALEARES,SA NOSTRA
CA,2052,42000,CAJA INSULAR DE AHORROS DE CANARIAS,CAJA INSULAR DE AHORROS DE CANARIAS,,G35000272,CL,TRIANA,20,,35002,LAS PALMAS DE GRAN CANARIA,,ES,,928442244,,928442599,WWW.LACAJADECANARIAS.ES,30/05/2011,POR ASIGNACION DE NUEVO CODIGO B.E.,2404,29/11/2011,16/02/1939,,35,,N,CECAESMM052,,,,,,,,5,CAJA INSULAR DE AHORROS DE CANARIAS,CAJA INSULAR DE AHORROS DE CANARIAS,CAJA I.CANARIAS
CA,2053,42000,CAJA DE AHORROS Y M.P. MUNICIPAL DE PAMPLONA,CAJA DE AHORROS Y MONTE DE PIEDAD MUNICIPAL DE PAMPLONA,,G31002009,AV,EJERCITO,2,,31002,PAMPLONA,NAVARRA,ES,N,948425105,,948224448,,25/01/2000,POR FUSION POR ABSORCION POR,2054,26/10/2001,24/11/1872,,31,,N,,,,,,,,,14,CAJA DE AHORROS Y MONTE DE PIEDAD DE NAVARRA,C.AHORROS Y M.P. MUNICIPAL PAMPLONA,CAJA PAMPLONA
CA,2054,42000,CAJA DE AHORROS Y M.P. DE NAVARRA,CAJA DE AHORROS Y MONTE DE PIEDAD DE NAVARRA,,G31001993,AV,CARLOS III,8,,31002,PAMPLONA,NAVARRA,ES,N,948208208,,948211707,WWW.CAJANAVARRA.ES,01/07/2011,POR ASIGNACION DE NUEVO CODIGO B.E.,2410,25/10/2011,29/08/1921,,31,,N,CANVES2PXXX,,,,,,,,14,CAJA DE AHORROS Y MONTE DE PIEDAD DE NAVARRA,CAJA DE AHORROS Y M.P. DE NAVARRA,CAJA DE NAVARRA
CA,2055,42000,CAJA DE AHORROS Y MONTE DE PIEDAD DE PLASENCIA,CAJA DE AHORROS Y MONTE DE PIEDAD DE PLASENCIA,,G10000628,CL,ALFONSO VIII,32,,10600,PLASENCIA,CACERES,ES,,927417200,,0,,03/09/1990,POR FUSION Y CREACION DE NUEVA ENTIDAD,0485,06/09/2011,12/04/1911,,10,,N,,,,,,,,,10,"LIBERBANK, S.A.",C.AHORR. Y MTE.PIEDAD DE PLASENCIA,C.PLASENCIA
CA,2056,42000,COLONYA - CAIXA D'ESTALVIS DE POLLENSA,COLONYA - CAIXA D'ESTALVIS DE POLLENSA,,G07000045,PZ,MAYOR,7,,7460,POLLENSA,ILLES BALEARS,ES,,971530162,,971530409,WWW.COLONYA.ES,,,0000,01/03/2012,01/01/1880,,7,COLONYA,S,CECAESMM056,,,,,,,,4,,COLONYA-CAIXA D'ESTALVIS POLLENSA,COLONYA
CA,2058,42000,MONTE DE PIEDAD Y CAJA DE AHORROS DE RONDA,MONTE DE PIEDAD Y CAJA DE AHORROS DE RONDA,,G29002367,CL,VIRGEN DE LA PAZ,18,,29400,RONDA,MALAGA,ES,,952871840,,0,,07/05/1991,POR FUSION Y CREACION DE NUEVA ENTIDAD,2103,26/10/2001,01/05/1906,,29,,N,,,,,,,,,1,"MONTES DE PIEDAD Y CAJA DE AHORROS DE RONDA, CADIZ, ALMERIA, MALAGA Y ANTEQUERA (UNICAJA)",MONTE PIEDAD Y CAJA AHORROS RONDA,C.RONDA
CA,2060,42000,CAJA DE AHORROS Y SOCORROS DE SAGUNTO,CAJA DE AHORROS Y SOCORROS DE SAGUNTO,,G46002820,CL,CAMI REAL,67,,46500,SAGUNTO,VALENCIA,ES,,962659600,,962659601,,05/07/1993,POR FUSION POR ABSORCION POR,2077,03/05/2011,26/09/1841,,46,,N,,,,,,,,,15,"CAJA DE AHORROS DE VALENCIA, CASTELLON Y ALICANTE, BANCAJA",CAJA AHORROS Y SOCORROS DE SAGUNTO,C.SAGUNTO
CA,2061,42000,CAJA DE AHORROS Y MONTE DE PIEDAD DE SALAMANCA,CAJA DE AHORROS Y MONTE DE PIEDAD DE SALAMANCA,,G37000312,PZ,BANDOS,15-17,,37002,SALAMANCA,,ES,,0,,0,,20/05/1991,POR FUSION Y CREACION DE NUEVA ENTIDAD,2104,26/10/2001,28/08/1880,,37,,N,,,,,,,,,7,CAJA DE AHORROS DE SALAMANCA Y SORIA,C.AHORROS Y MTE.PIEDAD DE SALAMANCA,C.SALAMANCA
CA,2062,42000,CAJA AHORROS Y MONTE PIEDAD MUNICIPAL S. SEBASTIAN,CAJA DE AHORROS Y MONTE DE PIEDAD MUNICIPAL DE SAN SEBASTIAN,,G20016234,CL,GUETARIA,9,,20005,SAN SEBASTIAN,GUIPUZCOA,ES,,943429000,,0,,01/02/1991,POR FUSION Y CREACION DE NUEVA ENTIDAD,2101,06/03/2008,01/04/1879,,20,,N,,,,,,,,,16,CAJA DE AHORROS Y MONTE DE PIEDAD DE GIPUZKOA Y SAN SEBASTIAN,CAJA AHORROS SAN SEBASTIAN,MPSSEBASTIAN
CA,2063,42000,CAJA DE AHORROS PROVINCIAL DE GUIPUZCOA,CAJA DE AHORROS PROVINCIAL DE GUIPUZCOA,,G20016796,CL,GARIBAY,13,,20004,SAN SEBASTIAN,GUIPUZCOA,ES,,943451200,,0,,01/02/1991,POR FUSION Y CREACION DE NUEVA ENTIDAD,2101,06/03/2008,06/11/1895,,20,,N,,,,,,,,,16,CAJA DE AHORROS Y MONTE DE PIEDAD DE GIPUZKOA Y SAN SEBASTIAN,CAJA DE AHORROS PROV. DE GUIPUZCOA,CAPGUIPUZCOA
CA,2064,42000,CAJA DE AHORROS INSULAR DE LA PALMA,CAJA DE AHORROS INSULAR DE LA PALMA,,G38001178,AV,PUENTE,23,,38700,SANTA CRUZ DE LA PALMA,SANTA CRUZ DE TENERIFE,ES,,0,,0,,17/04/1984,POR FUSION POR ABSORCION POR,2065,06/03/2008,21/07/1939,,38,,N,,,,,,,,,5,CAJA GENERAL DE AHORROS DE CANARIAS,CAJA DE AHORROS INSULAR DE LA PALMA,STACLAPALMA
CA,2065,42000,CAJA GENERAL DE AHORROS DE CANARIAS,CAJA GENERAL DE AHORROS DE CANARIAS,,G38001749,PZ,PATRIOTISMO,S/N,,38002,SANTA CRUZ DE TENERIFE,,ES,,922471000,,922284160,WWW.CAJACANARIAS.ES,01/07/2011,POR ASIGNACION DE NUEVO CODIGO B.E.,2412,25/10/2011,01/01/1911,,38,CAJA CANARIAS,S,CECAESMM065,,,,,,,,5,CAJA GENERAL DE AHORROS DE CANARIAS,CAJA GENERAL DE AHORROS DE CANARIAS,CAJA CANARIAS
CA,2066,42000,CAJA DE AHORROS DE SANTANDER Y CANTABRIA,CAJA DE AHORROS DE SANTANDER Y CANTABRIA,,G39003785,PZ,VELARDE,3,,39001,SANTANDER,CANTABRIA,ES,,942221500,,942218315,WWW.CAJACANTABRIA.COM,06/09/2011,POR ASIGNACION DE NUEVO CODIGO B.E.,2416,06/09/2011,03/06/1898,,39,CAJA CANTABRIA,S,CECAESMM066,,,,,,,,6,CAJA DE AHORROS DE SANTANDER Y CANTABRIA,C.AHORROS DE SANTANDER Y CANTABRIA,CAJA CANTABRIA
CA,2067,42000,CAJA DE AHORROS - MONTE DE PIEDAD DE SANTIAGO,CAJA DE AHORROS - MONTE DE PIEDAD DE SANTIAGO,,G15003684,PZ,SALVADOR PARGA,5,,15704,SANTIAGO DE COMPOSTELA,LA CORUÑA,ES,,0,,0,,31/03/1980,POR FUSION POR ABSORCION POR,2091,06/03/2008,31/07/1878,,15,,N,,,,,,,,,11,CAJA DE AHORROS DE GALICIA,C.AHORROS - MONTE PIEDAD SANTIAGO,SANTIAGO
CA,2068,42000,CAJA DE AHORROS Y MONTE DE PIEDAD DE SEGORBE,CAJA DE AHORROS Y MONTE DE PIEDAD DE SEGORBE,,G12002010,CL,SANTA MARIA,13,,12400,SEGORBE,CASTELLON,ES,,0,,0,,19/01/1990,POR FUSION POR ABSORCION POR,2077,03/05/2011,01/01/1885,,12,,N,,,,,,,,,15,CAJA DE AHORROS DE VALENCIA,CAJA AHORROS Y MONTE PIEDAD SEGORBE,C.SEGORBE
CA,2069,42000,CAJA DE AHORROS Y M.P. DE SEGOVIA,CAJA DE AHORROS Y MONTE DE PIEDAD DE SEGOVIA,,G40000192,AV,FERNANDEZ LADREDA,8,,40001,SEGOVIA,,ES,,921415002,,921415160,WWW.CAJASEGOVIA.ES,30/05/2011,POR ASIGNACION DE NUEVO CODIGO B.E.,2408,30/05/2011,24/06/1877,,40,CAJA DE SEGOVIA,S,CECAESMM069,,,,,,,,7,CAJA DE AHORROS Y MONTE DE PIEDAD DE SEGOVIA,CAJA AHORROS Y MONTE PIEDAD SEGOVIA,CAJA DE SEGOVIA
CA,2070,42000,MONTE DE PIEDAD Y CAJA DE AHORROS DE SEVILLA,MONTE DE PIEDAD Y CAJA DE AHORROS DE SEVILLA,,G41002882,PZ,VILLASIS,6,,41003,SEVILLA,,ES,,954226868,,0,,03/07/1990,POR FUSION Y CREACION DE NUEVA ENTIDAD,2098,06/03/2008,05/08/1842,,41,,N,,,,,,,,,1,MONTE DE PIEDAD Y CAJA DE AHORROS DE HUELVA Y SEVILLA,MONTE PIEDAD Y CAJA AHORROS SEVILLA,MONTESEVILLA
CA,2071,42000,CAJA DE AH. PROV. SAN FERNANDO DE SEVILLA Y JEREZ,CAJA DE AHORROS PROVINCIAL SAN FERNANDO DE SEVILLA Y JEREZ,,G41000167,PZ,SAN FRANCISCO,1,,41004,SEVILLA,,ES,,954597100,,954597201,WWW.CAJASANFERNANDO.ES,25/05/2007,POR FUSION Y CREACION DE NUEVA ENTIDAD,2106,06/03/2008,19/04/1930,,41,,N,CECAESMM071,,,,,,,,1,"MONTE DE PIEDAD Y CAJA DE AHORROS SAN FERNANDO DE HUELVA, JEREZ Y SEVILLA",C.A.P. S.FERNANDO DE SEVILLA JEREZ,CAJA S.FERNANDO
CA,2072,42000,CAJA GRAL.AHORROS Y PTOS.DE LA PROVINCIA DE SORIA,CAJA GENERAL DE AHORROS Y PRESTAMOS DE LA PROVINCIA DE SORIA,,G42000059,CL,MARIANO GRANADOS,1,,42003,SORIA,,ES,,975224711,,0,,20/05/1991,POR FUSION Y CREACION DE NUEVA ENTIDAD,2104,26/10/2001,28/07/1912,,42,,N,,,,,,,,,7,CAJA DE AHORROS DE SALAMANCA Y SORIA,CAJA GRAL. AHORROS PROVINCIA SORIA,C.SORIA
CA,2073,42000,CAIXA D'ESTALVIS DE TARRAGONA,CAIXA D'ESTALVIS DE TARRAGONA,,G43003938,PZ,IMPERIAL TARRACO,6,,43005,TARRAGONA,,ES,,977299200,,977299250,WWW.CAIXATARRAGONA.ES,09/07/2010,POR FUSION Y CREACION DE NUEVA ENTIDAD,2013,17/05/2011,15/09/1949,,43,,N,CECAESMM073,,,,,,,,9,CAIXA D'ESTALVIS DE CATALUNYA,CAIXA D'ESTALVIS DE TARRAGONA,CAIXA TARRAGONA
CA,2074,42000,CAIXA D'ESTALVIS DE TERRASSA,CAIXA D'ESTALVIS DE TERRASSA,,G08169781,RB,D'EGARA,350,,8221,TERRASSA,BARCELONA,ES,,937397700,,937397777,WWW.CAIXATERRASSA.ES,07/07/2010,POR FUSION Y CREACION DE NUEVA ENTIDAD,2107,27/05/2011,14/10/1877,,8,,N,CECAESMM074,,,,,,,,9,"CAIXA D'ESTALVIS UNIO DE CAIXES DE MANLLEU, SABADELL I TERRASSA",CAIXA D'ESTALVIS DE TERRASSA,CAIXA TERRASSA
CA,2075,42000,CAJA DE AHORROS PROVINCIAL DE TOLEDO,CAJA DE AHORROS PROVINCIAL DE TOLEDO,,G45002011,CL,OCAÑA,S/N,,45004,TOLEDO,,ES,,925268100,,0,,30/06/1992,POR FUSION Y CREACION DE NUEVA ENTIDAD,2105,06/03/2008,30/01/1957,,45,,N,,,,,,,,,8,CAJA DE AHORROS DE CASTILLA-LA MANCHA,CAJA AHORROS PROVINCIAL DE TOLEDO,CAJATOLEDO
CA,2076,42000,CAJA GRAL.DE AHORROS Y MONTE DE PIEDAD DE TORRENT,CAJA GENERAL DE AHORROS Y MONTE DE PIEDAD DE TORRENT,,G46002838,PZ,OBISPO BENLLOCH,6,,46900,TORRENT,VALENCIA,ES,,961551850,,0,,04/07/1990,POR FUSION POR ABSORCION POR,2090,06/03/2008,01/01/1909,,46,,N,,,,,,,,,15,CAJA DE AHORROS DEL MEDITERRANEO,CAJA GRAL.AHORROS Y M.P. DE TORRENT,C.A.TORRENT
CA,2077,42000,"CAJA AH. VALENCIA, CASTELLON Y ALICANTE, BANCAJA","CAJA DE AHORROS DE VALENCIA, CASTELLON Y ALICANTE, BANCAJA",,G46002804,CL,CABALLEROS,2,,12001,CASTELLON DE LA PLANA,,ES,,964356400,,963232400,WWW.BANCAJA.ES,30/05/2011,POR ASIGNACION DE NUEVO CODIGO B.E.,2403,13/04/2012,01/01/1877,,12,BANCAJA,S,CVALESVVXXX,,,,,,,,15,"CAJA DE AHORROS DE VALENCIA, CASTELLON Y ALICANTE, BANCAJA",BANCAJA,BANCAJA
CA,2079,42000,CAJA DE AHORROS PROVINCIAL DE VALLADOLID,CAJA DE AHORROS PROVINCIAL DE VALLADOLID,,G47003082,PZ,ESPAÑA,13,,47001,VALLADOLID,,ES,,983303600,,0,,10/07/1990,POR FUSION Y CREACION DE NUEVA ENTIDAD,2096,06/03/2008,24/09/1937,,47,,N,,,,,,,,,7,"CAJA ESPAÑA DE INVERSIONES, CAJA DE AHORROS Y MONTE DE PIEDAD",CAJA AHORROS PROVINCIAL VALLADOLID,PRVALLADOLID
CA,2081,42000,CAIXA D'ESTALVIS DEL PENEDES,CAIXA D'ESTALVIS DEL PENEDES,,G08169807,CL,FONT DE L'AMETLLO,11,,8720,VILAFRANCA DEL PENEDES,BARCELONA,ES,,938916500,,938920816,WWW.CAIXAPENEDES.ES,30/09/2011,POR ASIGNACION DE NUEVO CODIGO B.E.,2423,30/11/2011,01/04/1913,,8,CAIXA PENEDES,S,CECAESMM081,,,,,,,,9,CAIXA D'ESTALVIS DEL PENEDES,CAIXA D'ESTALVIS DEL PENEDES,CAIXA PENEDES
CA,2082,42000,CAJA DE AHORROS Y MONTE DE PIEDAD DE VITORIA,CAJA DE AHORROS Y MONTE DE PIEDAD DE VITORIA,,G01005701,CL,POSTAS,13-15,,1004,VITORIA,ALAVA,ES,,945233000,,0,,02/07/1990,POR FUSION Y CREACION DE NUEVA ENTIDAD,2097,06/03/2008,19/11/1850,,1,,N,,,,,,,,,16,CAJA DE AHORROS DE VITORIA Y ALAVA- ARABA ETA GASTEIZKO AURREZKI KUTXA,CAJA AHORROS Y M.P. DE VITORIA,CAJAVITORIA
CA,2083,42000,CAJA PROVINCIAL DE AHORROS DE ALAVA,CAJA PROVINCIAL DE AHORROS DE ALAVA,,G01006618,CL,INDEPENDENCIA,1,,1005,VITORIA,ALAVA,ES,,945257000,,0,,02/07/1990,POR FUSION Y CREACION DE NUEVA ENTIDAD,2097,06/03/2008,17/01/1918,,1,,N,,,,,,,,,16,CAJA DE AHORROS DE VITORIA Y ALAVA- ARABA ETA GASTEIZKO AURREZKI KUTXA,CAJA PROVINCIAL DE AHORROS DE ALAVA,C. ALAVA
CA,2084,42000,CAJA DE AHORROS PROVINCIAL DE ZAMORA,CAJA DE AHORROS PROVINCIAL DE ZAMORA,,G49002603,CL,LEOPOLDO ALAS CLARIN,4,,49002,ZAMORA,,ES,,988524750,,0,,10/07/1990,POR FUSION Y CREACION DE NUEVA ENTIDAD,2096,06/03/2008,23/09/1964,,49,,N,,,,,,,,,7,"CAJA ESPAÑA DE INVERSIONES, CAJA DE AHORROS Y MONTE DE PIEDAD",CAJA AHORROS PROVINCIAL DE ZAMORA,C.ZAMORA
CA,2087,42000,CAJA DE AHORROS PROVINCIAL DE LUGO,CAJA DE AHORROS PROVINCIAL DE LUGO,,G27003342,CL,JUAN MONTES,2-4,,27001,LUGO,,ES,,0,,0,,22/01/1982,POR FUSION POR ABSORCION POR,2091,06/03/2008,11/07/1967,,27,,N,,,,,,,,,11,CAJA DE AHORROS DE GALICIA,CAJA DE AHORROS PROVINCIAL DE LUGO,LUGO
CA,2088,42000,CAJA POSTAL DE AHORROS,CAJA POSTAL DE AHORROS,,Q2816001H,PS,RECOLETOS,7,,28004,MADRID,,ES,,915327220,,0,,06/08/1991,POR CESION GLOBAL DE ACTIVOS Y PASIVOS A,1302,06/03/2008,14/06/1909,,28,,N,,,,,,,,,12,"CAJA POSTAL, S.A.",CAJA POSTAL DE AHORROS,CAJAPOSTAL
CA,2089,42000,CAJA PROVINCIAL DE AHORROS DE GRANADA,CAJA PROVINCIAL DE AHORROS DE GRANADA,,G18013516,AV,CONSTITUCION,20,,18014,GRANADA,,ES,,958285611,,0,,13/02/1991,POR FUSION POR ABSORCION POR,2031,06/03/2008,30/09/1974,,18,,N,,,,,,,,,1,CAJA GENERAL DE AHORROS DE GRANADA,CAJA PROVINCIAL AHORROS DE GRANADA,PROVGRANADA
CA,2091,42000,CAJA DE AHORROS DE GALICIA,CAJA DE AHORROS DE GALICIA,,G15028947,,RUA NUEVA,30,,15003,A CORUÑA,,ES,,981187000,,981188001,WWW.CAIXAGALICIA.ES,03/12/2010,POR FUSION Y CREACION DE NUEVA ENTIDAD,2080,04/10/2011,31/01/1978,,15,CAIXAGALICIA,S,,,,,,,,,11,"CAIXA DE AFORROS DE GALICIA, VIGO, OURENSE E PONTEVEDRA",CAJA DE AHORROS DE GALICIA,CAIXAGALICIA
CA,2092,42000,CAJA PROVINCIAL DE AHORROS DE JAEN,CAJA PROVINCIAL DE AHORROS DE JAEN,,G23019003,PZ,JAEN POR LA PAZ,2,,23008,JAEN,,ES,,953210500,,953210513,WWW.CAJAEN.ES,17/06/2010,POR FUSION Y CREACION DE NUEVA ENTIDAD,2103,18/08/2010,01/09/1980,,23,CAJA DE JAEN,S,CECAESMM092,,,,,,,,1,"MONTE DE PIEDAD Y CAJA DE AHORROS DE RONDA, CADIZ, ALMERIA, MALAGA, ANTEQUERA Y JAEN (UNICAJA)",CAJA PROVINCIAL DE AHORROS DE JAEN,CAJA DE JAEN
CA,2093,42000,CAJA DE AHORROS PROVINCIAL DE VALENCIA,CAJA DE AHORROS PROVINCIAL DE VALENCIA,,G46190450,PZ,RODRIGO BOTET,6,,46002,VALENCIA,,ES,,963516987,,0,,13/05/1991,POR FUSION Y CREACION DE NUEVA ENTIDAD,2102,06/03/2008,02/07/1982,,46,,N,,,,,,,,,15,CAJA DE AHORROS PROVINCIAL DE ALICANTE Y VALENCIA,CAJA AHORROS PROVINCIAL DE VALENCIA,PRO.VALENCIA
CA,2094,42000,CAJA DE AHORROS Y M.P. DE AVILA,CAJA DE AHORROS Y MONTE DE PIEDAD DE AVILA,,G05011846,PZ,SANTA TERESA,10,,5001,AVILA,,ES,,920355300,,920252528,WWW.CAJADEAVILA.ES,30/05/2011,POR ASIGNACION DE NUEVO CODIGO B.E.,2407,31/10/2011,30/03/1985,,5,CAJA DE AVILA,S,CECAESMM094,,,,,,,,7,CAJA DE AHORROS Y MONTE DE PIEDAD DE AVILA,CAJA DE AHORROS Y M.P. DE AVILA,CAJA DE AVILA
CA,2096,42000,"CAJA ESPAÑA DE INVERSIONES, CAJA DE AHORROS Y M.P.","CAJA ESPAÑA DE INVERSIONES, CAJA DE AHORROS Y MONTE DE PIEDAD",,G24219891,PZ,SAN MARCELO,5,ED. BOTINES DE GAUDI,24002,LEON,,ES,,987292500,,987231026,WWW.CAJAESPANA.ES,05/10/2010,POR FUSION Y CREACION DE NUEVA ENTIDAD,2108,24/03/2011,16/06/1990,,24,CAJA ESPAÑA,S,CSPAES2LXXX,,,,,,,,7,"CAJA ESPAÑA DE INVERSIONES, SALAMANCA Y SORIA, CAJA DE AHORROS Y MONTE DE PIEDAD",CAJA ESPAÑA DE INVERSIONES,CAJA ESPAÑA
CA,2097,42000,CAJA DE AHORROS DE VITORIA Y ALAVA,CAJA DE AHORROS DE VITORIA Y ALAVA- ARABA ETA GASTEIZKO AURREZKI KUTXA,,G01104256,PS,BIOSFERA,6,,1013,VITORIA,ARABA/ÁLAVA,ES,,945162000,,945162028,WWW.CAJAVITAL.ES,02/01/2012,POR ASIGNACION DE NUEVO CODIGO B.E.,2432,02/01/2012,18/06/1990,,1,CAJA VITAL,S,CECAESMM097,,,,,,,,16,CAJA DE AHORROS DE VITORIA Y ALAVA ARABA ETA GASTEIZKO AURREZKI KUTXA,CAJA DE AHORROS DE VITORIA Y ALAVA,CAJA VITAL
CA,2098,42000,M.P. Y CAJA DE AHORROS DE HUELVA Y SEVILLA,MONTE DE PIEDAD Y CAJA DE AHORROS DE HUELVA Y SEVILLA,,G41402819,PZ,VILLASIS,2,,41003,SEVILLA,,ES,,954591200,,954214952,WWW.ELMONTE.ES,25/05/2007,POR FUSION Y CREACION DE NUEVA ENTIDAD,2106,06/03/2008,25/06/1990,,41,EL MONTE,S,CECAESMM098,,,,,,,,1,"MONTE DE PIEDAD Y CAJA DE AHORROS SAN FERNANDO DE HUELVA, JEREZ Y SEVILLA",M.P. Y C.A. DE HUELVA Y SEVILLA,EL MONTE
CA,2099,42000,CAJA DE AHORROS Y M.P. DE EXTREMADURA,CAJA DE AHORROS Y MONTE DE PIEDAD DE EXTREMADURA,,G10058618,PZ,SANTA MARIA,8,,10003,CACERES,,ES,,927255100,,927212571,WWW.CAJAEXTREMADURA.ES,06/09/2011,POR ASIGNACION DE NUEVO CODIGO B.E.,2415,14/09/2011,19/07/1990,,10,CAJAEXTREMADURA,S,CECAESMM099,,,,,,,,10,CAJA DE AHORROS Y MONTE DE PIEDAD DE EXTREMADURA,CAJA AHORROS Y M.P. DE EXTREMADURA,CAJAEXTREMADURA
CA,2101,42000,CAJA DE AHORROS Y M.P. DE GIPUZKOA Y SAN SEBASTIAN,CAJA DE AHORROS Y MONTE DE PIEDAD DE GIPUZKOA Y SAN SEBASTIAN,,G20336251,CL,GARIBAY,15,,20004,SAN SEBASTIAN,GIPUZKOA,ES,,943411000,,943426006,WWW.KUTXA.ES,02/01/2012,POR ASIGNACION DE NUEVO CODIGO B.E.,2431,02/01/2012,01/12/1990,,20,KUTXA,S,CGGKES22XXX,,,,,,,,16,CAJA DE AHORROS Y MONTE DE PIEDAD DE GIPUZKOA Y SAN SEBASTIAN,CAJA AHORROS GIPUZKOA Y S.SEBASTIAN,KUTXA
CA,2102,42000,CAJA DE AHORROS PROVINCIAL DE ALICANTE Y VALENCIA,CAJA DE AHORROS PROVINCIAL DE ALICANTE Y VALENCIA,,G03528957,AV,OSCAR ESPLA,37,,3007,ALICANTE,,ES,,965121133,,965125493,,22/04/1992,POR FUSION Y CREACION DE NUEVA ENTIDAD,2090,26/10/2001,02/05/1991,,3,,N,,,,,,,,,15,CAJA DE AHORROS DEL MEDITERRANEO,C.AHORROS PROV. ALICANTE Y VALENCIA,ALICANTEVALE
CA,2105,42000,CAJA DE AHORROS DE CASTILLA-LA MANCHA,CAJA DE AHORROS DE CASTILLA-LA MANCHA,,G16131336,PQ,SAN JULIAN,20,,16002,CUENCA,,ES,,969177300,,969223568,WWW.CCM.ES,19/10/2010,POR CESION DE LA ACTIVIDAD BANCARIA A,0115,17/02/2012,30/06/1992,,16,,N,CECAESMM105,,,,,,,,8,"BANCO DE CASTILLA-LA MANCHA, S.A.",CAJA AHORROS DE CASTILLA-LA MANCHA,CAST.-LA MANCHA
CA,2106,42000,"MPCA S.FERNANDO GUADALAJARA,HUELVA,JEREZ Y SEVILLA","MONTE DE PIEDAD Y CAJA DE AHORROS SAN FERNANDO DE GUADALAJARA, HUELVA, JEREZ Y SEVILLA",,G91658039,PZ,SAN FRANCISCO,1,,41004,SEVILLA,,ES,,954597100,,955401755,WWW.CAJASOL.ES,01/07/2011,POR ASIGNACION DE NUEVO CODIGO B.E.,2411,25/10/2011,25/05/2007,,41,CAJASOL,S,CECAESMM106,,,,,,,,1,"MONTE DE PIEDAD Y CAJA DE AHORROS SAN FERNANDO DE GUADALAJARA, HUELVA, JEREZ Y SEVILLA",MPCA S.FERNANDO GUAD.HUEL.JER.SEVI.,CAJASOL
CA,2401,42000,CAJA DE AHORROS Y PENSIONES DE BARCELONA,CAJA DE AHORROS Y PENSIONES DE BARCELONA,,G58899998,AV,DIAGONAL,621-629,,8028,BARCELONA,,ES,,934046000,,934046723,WWW.LACAIXA.ES,,,0000,30/06/2011,30/06/2011,,8,LA CAIXA,S,,,,,,,,,9,,C. AHORROS Y PENSIONES DE BARCELONA,LA CAIXA
CA,2402,42000,CAJA DE AHORROS Y M.P. DE MADRID,CAJA DE AHORROS Y MONTE DE PIEDAD DE MADRID,,G28029007,PZ,CELENQUE,2,,28013,MADRID,,ES,,902246810,,914239454,WWW.CAJAMADRID.ES,,,0000,30/05/2011,30/05/2011,,28,CAJA MADRID,S,,,,,,,,,12,,CAJA DE AHORROS Y M.P. DE MADRID,CAJA MADRID
CA,2403,42000,"CAJA AH. VALENCIA, CASTELLON Y ALICANTE, BANCAJA","CAJA DE AHORROS DE VALENCIA, CASTELLON Y ALICANTE, BANCAJA",,G46002804,CL,CABALLEROS,2,,12001,CASTELLON DE LA PLANA,,ES,,964356400,,963232400,WWW.BANCAJA.ES,,,0000,30/05/2011,30/05/2011,,12,BANCAJA,S,,,,,,,,,15,,BANCAJA,BANCAJA
CA,2404,42000,CAJA INSULAR DE AHORROS DE CANARIAS,CAJA INSULAR DE AHORROS DE CANARIAS,,G35000272,CL,TRIANA,20,,35002,LAS PALMAS,,ES,,928442244,,928442599,WWW.LACAJADECANARIAS.ES,,,0000,30/05/2011,30/05/2011,,35,,N,,,,,,,,,5,,CAJA INSULAR DE AHORROS DE CANARIAS,CAJA I.CANARIAS
OR,1207,121100,BFG BANK AG,BFG BANK AG,,,PS,RECOLETOS,19,,28004,MADRID,,ES,,915234554,,915234489,,09/09/1993,POR CIERRE,0000,06/03/2008,17/02/1992,,28,,N,,,,,,,,,12,,BFG BANK AG,BFG
CA,2405,42000,CAIXA D'ESTALVIS LAIETANA,CAIXA D'ESTALVIS LAIETANA,,G08169823,AV,LLUIS COMPANYS,44-60,,8302,MATARO,BARCELONA,ES,,937417550,,937551074,WWW.CAIXALAIETANA.ES,,,0000,30/05/2011,30/05/2011,,8,CAIXA LAIETANA,S,,,,,,,,,9,,CAIXA D'ESTALVIS LAIETANA,CAIXA LAIETANA
CA,2406,42000,CAJA DE AHORROS DE LA RIOJA,CAJA DE AHORROS DE LA RIOJA,,G26003038,CL,MIGUEL VILLANUEVA,9,,26001,LOGROÑO,,ES,,941293131,,941293145,WWW.CAJARIOJA.ES,,,0000,30/05/2011,30/05/2011,,26,CAJARIOJA,S,,,,,,,,,17,,CAJA DE AHORROS DE LA RIOJA,CAJARIOJA
CA,2407,42000,CAJA DE AHORROS Y M.P. DE AVILA,CAJA DE AHORROS Y MONTE DE PIEDAD DE AVILA,,G05011846,PZ,SANTA TERESA,10,,5001,AVILA,,ES,,920355300,,920252528,WWW.CAJADEAVILA.ES,,,0000,30/05/2011,30/05/2011,,5,CAJA DE AVILA,S,,,,,,,,,7,,CAJA DE AHORROS Y M.P. DE AVILA,CAJA DE AVILA
CA,2408,42000,CAJA DE AHORROS Y M.P. DE SEGOVIA,CAJA DE AHORROS Y MONTE DE PIEDAD DE SEGOVIA,,G40000192,AV,FERNANDEZ LADREDA,8,,40001,SEGOVIA,,ES,,921415160,,921415160,WWW.CAJASEGOVIA.ES,,,0000,30/05/2011,30/05/2011,,40,CAJA DE SEGOVIA,S,,,,,,,,,7,,CAJA DE AHORROS Y M.P. DE SEGOVIA,CAJA DE SEGOVIA
CA,2409,42000,CAJA DE AHORROS DEL MEDITERRANEO,CAJA DE AHORROS DEL MEDITERRANEO,,G03046562,CL,SAN FERNANDO,40,,3001,ALICANTE,,ES,,965905000,,965905044,WWW.CAM.ES,,,0000,28/07/2011,28/07/2011,,3,CAM,S,,,,,,,,,15,,CAJA DE AHORROS DEL MEDITERRANEO,CAM
CA,2410,42000,CAJA DE AHORROS Y M.P. DE NAVARRA,CAJA DE AHORROS Y MONTE DE PIEDAD DE NAVARRA,,G31001993,AV,CARLOS III,8,,31002,PAMPLONA,NAVARRA,ES,,948222333,,948211707,WWW.CAJANAVARRA.ES,,,0000,31/10/2011,01/07/2011,,31,CAJA NAVARRA,S,,,,,,,,,14,,CAJA DE AHORROS Y M.P. DE NAVARRA,CAJA NAVARRA
CA,2411,42000,"MPCA S.FERNANDO GUADALAJARA,HUELVA,JEREZ Y SEVILLA","MONTE DE PIEDAD Y CAJA DE AHORROS SAN FERNANDO DE GUADALAJARA, HUELVA, JEREZ Y SEVILLA",,G91658039,PZ,SAN FRANCISCO,1,,41004,SEVILLA,,ES,,954597100,,955401755,WWW.CAJASOL.ES,,,0000,01/07/2011,01/07/2011,,41,CAJASOL,S,,,,,,,,,1,,MPCA S.FERNANDO GUAD.HUEL.JER.SEVI.,CAJASOL
CA,2412,42000,CAJA GENERAL DE AHORROS DE CANARIAS,CAJA GENERAL DE AHORROS DE CANARIAS,,G38001749,PZ,PATRIOTISMO,S/N,,38002,SANTA CRUZ DE TENERIFE,,ES,,922471000,,922284160,WWW.CAJACANARIAS.ES,,,0000,01/07/2011,01/07/2011,,38,,N,,,,,,,,,5,,CAJA GENERAL DE AHORROS DE CANARIAS,CAJA CANARIAS
CA,2413,42000,CAJA DE AHORROS MUNICIPAL DE BURGOS,CAJA DE AHORROS MUNICIPAL DE BURGOS,,G09000787,PZ,"DE LA LIBERTAD, P.CONDESTABLES",,CASA CORDON,9004,BURGOS,,ES,N,947258100,,947258140,WWW.CAJADEBURGOS.ES,,,0000,01/07/2011,01/07/2011,,9,,N,,,,,,,,,7,,CAJA DE AHORROS MUNICIPAL DE BURGOS,CAJA DE BURGOS
CA,2414,42000,CAJA DE AHORROS DE ASTURIAS,CAJA DE AHORROS DE ASTURIAS,,G33001884,PZ,ESCANDALERA,2,,33003,OVIEDO,,ES,,985102222,,985229950,WWW.CAJASTUR.ES,,,0000,06/09/2011,06/09/2011,,33,CAJASTUR,S,,,,,,,,,3,,CAJA DE AHORROS DE ASTURIAS,CAJASTUR
CA,2415,42000,CAJA DE AHORROS Y M.P. DE EXTREMADURA,CAJA DE AHORROS Y MONTE DE PIEDAD DE EXTREMADURA,,G10058618,PZ,SANTA MARIA,8,,10003,CACERES,,ES,,927255100,,927212571,WWW.CAJAEXTREMADURA.ES,,,0000,06/09/2011,06/09/2011,,10,CAJAEXTREMADURA,S,,,,,,,,,10,,CAJA AHORROS Y M.P. DE EXTREMADURA,CAJAEXTREMADURA
CA,2416,42000,CAJA DE AHORROS DE SANTANDER Y CANTABRIA,CAJA DE AHORROS DE SANTANDER Y CANTABRIA,,G39003785,PZ,VELARDE,3,,39001,SANTANDER,,ES,,942221500,,942218315,WWW.CAJACANTABRIA.COM,,,0000,06/09/2011,06/09/2011,,39,CAJA CANTABRIA,S,,,,,,,,,6,,C.AHORROS DE SANTANDER Y CANTABRIA,CAJA CANTABRIA
CA,2417,42000,"CAIXA AFORROS DE GALICIA,VIGO,OURENSE E PONTEVEDRA","CAIXA DE AFORROS DE GALICIA, VIGO, OURENSE E PONTEVEDRA",,G70270293,CL,RUA NUEVA,30-32,,15003,A CORUÑA,,ES,,981187000,,981223562,,,,0000,16/09/2011,16/09/2011,,15,NOVACAIXAGALICI,S,,,,,,,,,11,,"CAIXA A.GALICIA,VIGO,OUR. E PONTEV.",NOVACAIXAGALICI
CA,2418,42000,"CAIXA D'ESTALVIS DE CATALUNYA,TARRAGONA I MANRESA",CAIXA D'ESTALVIS DE CATALUNYA TARRAGONA I MANRESA,,G65345472,PZ,ANTONIO MAURA,6,,8003,BARCELONA,,ES,,934845000,,934845141,WWW.CATALUNYACAIXA.COM,,,0000,07/10/2011,07/10/2011,,8,CATALUNYACAIXA,S,,,,,,,,,9,,"CAIXA CATALUNYA,TARRAGONA I MANRESA",CATALUNYACAIXA
CA,2422,42000,CAJA DE AHORROS DE MURCIA,CAJA DE AHORROS DE MURCIA,,G30010185,CL,GRAN VIA ESCULTOR SALZILLO,23,,30005,MURCIA,,ES,,968361600,,968306160,WWW.CAJAMURCIA.ES,,,0000,30/09/2011,30/09/2011,,30,,N,,,,,,,,,13,,CAJA DE AHORROS DE MURCIA,CAJA DE MURCIA
CA,2423,42000,CAIXA D'ESTALVIS DEL PENEDES,CAIXA D'ESTALVIS DEL PENEDES,,G08169807,CL,FONT DE L'AMETLLO,11,,8720,VILAFRANCA DEL PENEDES,,ES,,938916500,,938920816,WWW.CAIXAPENEDES.ES,,,0000,30/09/2011,30/09/2011,,8,,N,,,,,,,,,9,,CAIXA D'ESTALVIS DEL PENEDES,CAIXA PENEDES
CA,2424,42000,CAJA DE AHORROS Y M.P. DE LAS BALEARES,CAJA DE AHORROS Y MONTE DE PIEDAD DE LAS BALEARES,,G07013154,CL,TER,16,,7009,PALMA,,ES,,971171717,,971726054,WWW.SANOSTRA.NET,,,0000,25/04/2012,30/09/2011,,7,SA NOSTRA,S,,,,,,,,,4,,CAJA DE AHORROS Y M.P. DE BALEARES,SA NOSTRA
CA,2425,42000,"CAJA ESPAÑA DE INVERSIONES, SALAMANCA Y SORIA,CAMP","CAJA ESPAÑA DE INVERSIONES, SALAMANCA Y SORIA, CAJA DE AHORROS Y MONTE DE PIEDAD",,G24611485,PZ,SAN MARCELO,5,ED.BOTINES DE GAUDI,24002,LEON,,ES,,987292500,,987231026,,,,0000,12/12/2011,12/12/2011,,24,,N,,,,,,,,,7,,"CAJA ESPAÑA INV.,SALAMANCA Y SORIA",CAJA ESPAÑA
CA,2427,42000,CAJA DE AHORROS DE LA INMACULADA DE ARAGON,CAJA DE AHORROS DE LA INMACULADA DE ARAGON,,G50000819,AV,INDEPENDENCIA,10,,50004,ZARAGOZA,,ES,,976718100,,976718600,WWW.CAI.ES,,,0000,30/12/2011,30/12/2011,,50,CAI,S,,,,,,,,,2,,CAJA AHORROS INMACULADA DE ARAGON,CAI
CA,2428,42000,C.A.M.P. CIRCULO CATOLICO DE OBREROS DE BURGOS,CAJA DE AHORROS Y MONTE DE PIEDAD DEL CIRCULO CATOLICO DE OBREROS DE BURGOS,,G09000779,AV,REYES CATOLICOS,1,,9005,BURGOS,,ES,,947288200,,947288210,WWW.CAJACIRCULO.COM,,,0000,30/12/2011,30/12/2011,,9,CAJA CIRCULO,S,,,,,,,,,7,,CIRCULO CATOLICO OBREROS DE BURGOS,CAJA CIRCULO
CA,2429,42000,M.P. Y CAJA GENERAL AHORROS DE BADAJOZ,MONTE DE PIEDAD Y CAJA GENERAL DE AHORROS DE BADAJOZ,,G06000681,PS,SAN FRANCISCO,18,,6001,BADAJOZ,,ES,,924214000,,924214073,WWW.CAJABADAJOZ.ES,,,0000,30/12/2011,30/12/2011,,6,CAJA DE BADAJOZ,S,,,,,,,,,10,,M.P. Y CAJA GRAL. BADAJOZ,CAJA DE BADAJOZ
CA,2430,42000,"BILBAO BIZKAIA KUTXA,AURREZKI KUTXA ETA BAHITETXEA","BILBAO BIZKAIA KUTXA, AURREZKI KUTXA ETA BAHITETXEA",,G48412720,,GRAN VIA D.DIEGO LOPEZ DE HARO,30,,48009,BILBAO,BIZKAIA,ES,,944017000,,944878225,WWW.BBK.ES,,,0000,02/01/2012,02/01/2012,,48,BBK,S,,,,,,,,,16,,BILBAO BIZKAIA KUTXA,BBK
CA,2431,42000,CAJA DE AHORROS Y M.P. DE GIPUZKOA Y SAN SEBASTIAN,CAJA DE AHORROS Y MONTE DE PIEDAD DE GIPUZKOA Y SAN SEBASTIAN,,G20336251,CL,GARIBAY,15,,20004,SAN SEBASTIAN,GIPUZKOA,ES,,943411000,,943426006,WWW.KUTXA.ES,,,0000,02/01/2012,02/01/2012,,20,KUTXA,S,,,,,,,,,16,,CAJA AHORROS GIPUZKOA Y S.SEBASTIAN,KUTXA
CA,2432,42000,CAJA DE AHORROS DE VITORIA Y ALAVA,CAJA DE AHORROS DE VITORIA Y ALAVA ARABA ETA GASTEIZKO AURREZKI KUTXA,,G01104256,PS,BIOSFERA,6,,1013,VITORIA,ARABA/ÁLAVA,ES,,945162000,,945162028,WWW.CAJAVITAL.ES,,,0000,02/01/2012,02/01/2012,,1,CAJA VITAL,S,,,,,,,,,16,,CAJA DE AHORROS DE VITORIA Y ALAVA,CAJA VITAL
CC,3001,53001,"CAJA R. DE ALMENDRALEJO, S.C.C.","CAJA RURAL DE ALMENDRALEJO, SOCIEDAD COOPERATIVA DE CREDITO",,F06004816,PZ,DE SAN ANTONIO,S/N,,6200,ALMENDRALEJO,BADAJOZ,ES,,924670371,,924664311,WWW.CAJALMENDRALEJO.COM,,,0000,18/02/2008,18/01/1969,,6,,N,,,,,,,,,10,,"CAJA R. DE ALMENDRALEJO, S.C.C.",CR ALMENDRALEJO
CC,3003,53001,"CAJA RURAL DEL BIERZO, S.C.C.L., EN LIQUIDACION","CAJA RURAL DEL BIERZO, SDAD. COOP. CTO. LTDA., EN LIQUIDACION",,F24008856,PZ,MAYOR,1,,24540,CACABELOS,LEON,ES,,0,,0,,08/01/1990,POR CESION GLOBAL DE ACTIVOS Y PASIVOS A,2035,06/03/2008,30/04/1965,,24,,N,,,,,,,,,7,CAJA DE AHORROS Y MONTE DE PIEDAD DE LEON,"CAJA RURAL DEL BIERZO, S.C.C.L.",C.R.BIERZO
CC,3009,53001,"CAJA R. DE EXTREMADURA, S.C.C.","CAJA RURAL DE EXTREMADURA, SOCIEDAD COOPERATIVA DE CREDITO",,F06002661,AV,SANTA MARINA,15,,6005,BADAJOZ,,ES,,924207474,,924234023,WWW.CREXTREMADURA.COM,,,0000,18/02/2008,24/04/1951,,6,,N,BCOEESMM009,,,,,,,,10,,"CAJA R. DE EXTREMADURA, S.C.C.",C.R.EXTREMADURA
CC,3015,53001,"CAJA RURAL DE LA RIOJA, S.C.C.L.","CAJA RURAL DE LA RIOJA, SDAD. COOP. CTO. LTDA.",,F26008243,CL,MURO DE LA MATA,13-14,,26001,LOGROÑO,LA RIOJA,ES,,0,,0,,16/10/1989,POR CESION GLOBAL DE ACTIVOS Y PASIVOS A,2037,06/03/2008,06/04/1966,,26,,N,,,,,,,,,17,CAJA DE AHORROS DE LA RIOJA,CAJA RURAL DE LA RIOJA,CR.LA RIOJA
CC,3016,53001,"CAJA R. DE SALAMANCA, S.C.C.","CAJA RURAL DE SALAMANCA, SOCIEDAD COOPERATIVA DE CREDITO",,F37015856,,PUERTA DE ZAMORA,2,,37005,SALAMANCA,,ES,,923128600,,923128615,WWW.CAJARURAL.COM/SALAMANCA,,,0000,18/02/2008,19/01/1948,,37,,N,BCOEESMM016,,,,,,,,7,,"CAJA R. DE SALAMANCA, S.C.C.",C.R. SALAMANCA
CC,3020,53001,"CAJA R. DE UTRERA, S.C.A.C.","CAJA RURAL DE UTRERA, SOCIEDAD COOPERATIVA ANDALUZA DE CREDITO",,F41016544,PZ,ALTOZANO,22,,41710,UTRERA,SEVILLA,ES,,954862233,,954864610,WWW.CAJARURAL.COM/UTRERA,,,0000,18/02/2008,23/12/1965,,41,,N,BCOEESMM020,,,,,,,,1,,"CAJA R. DE UTRERA, S.C.A.C.",C.R. DE UTRERA
CC,3023,53001,"CAJA R. DE GRANADA, S.C.C.","CAJA RURAL DE GRANADA, SOCIEDAD COOPERATIVA DE CREDITO",,F18009274,AV,DON BOSCO,2,,18006,GRANADA,,ES,,958242400,,958242424,E-RURALGRANADA.COM,,,0000,06/03/2008,14/01/1970,,18,,N,BCOEESMM023,,,,,,,,1,,"CAJA R. DE GRANADA, S.C.C.",C.R.DE GRANADA
CC,3024,53001,"ACOFAR, S.C.C.L.","ACOFAR, SOCIEDAD COOPERATIVA DE CREDITO LIMITADA",,F28158541,CL,LUCHANA,22,,28010,MADRID,,ES,,914457237,,914469560,,03/01/1995,POR ESCISION PARCIAL CON CESION A,0125,26/10/2001,21/09/1960,,28,,N,,,,,,,,,12,"BANCOFAR, S.A.","ACOFAR, S.C.C.L.",ACOFAR
CC,3029,53001,"CAJA DE CREDITO DE PETREL, CAJA RURAL, C.C.V.","CAJA DE CREDITO DE PETREL, CAJA RURAL, COOPERATIVA DE CREDITO VALENCIANA",,F03014982,CL,SAN BARTOLOME,2,,3610,PETRER,ALICANTE,ES,,966952780,,966952798,WWW.CAJARURAL.COM/RURALES/3029,,,0000,07/03/2011,30/10/1964,,3,CAIXAPETRER,S,CCRIES2A029,,,,,,,,15,,"CAJA DE CREDITO DE PETREL,C.R.,CCV",CAIXAPETRER
CC,3035,53001,CAJA LABORAL POPULAR C.C.,CAJA LABORAL POPULAR COOP. DE CREDITO,,F20022109,PS,JOSE MARIA ARIZMENDIARRIETA,S/N,,20500,MONDRAGON,GIPUZKOA,ES,,943719500,,943719778,WWW.CAJALABORAL.ES,,,0000,26/10/2011,16/07/1959,,20,,N,CLPEES2MXXX,,,,,,,,16,,CAJA LABORAL POPULAR C.C.,CAJA LABORAL
CC,3045,53001,"CAIXA R. ALTEA, C.C.V.","CAIXA RURAL ALTEA, COOPERATIVA DE CREDIT VALENCIANA",,F03027901,PJ,LABRADOR,1,,3590,ALTEA,ALICANTE,ES,,965841350,,965842049,WWW.CAIXALTEA.ES,,,0000,18/02/2008,12/06/1968,,3,CAIXALTEA,S,BCOEESMM045,,,,,,,,15,,"CAIXA R. ALTEA, C.C.V.",CAIXALTEA
CC,3054,53001,"CAJA GRUMECO, S.C.C.","CAJA GRUMECO, S. COOP. DE CREDITO",,F28177897,CL,JORGE JUAN,19,,28001,MADRID,,ES,,915762905,,915764562,,25/10/2000,POR FUSION POR ABSORCION POR,3072,14/03/2003,21/05/1966,,28,,N,,,,,,,,,12,"CAJA RURAL DE MALAGA, SOCIEDAD COOPERATIVA DE CREDITO","CAJA GRUMECO, S.C.C.",CAJA GRUMECO
CC,3056,53001,"CAJA R. DE ALBACETE, S.C.C.","CAJA RURAL DE ALBACETE, SOCIEDAD COOPERATIVA DE CREDITO",,F02004018,CL,TESIFONTE GALLEGO,18,,2002,ALBACETE,,ES,,967229771,,967227402,WWW.RURALVIA.COM/ALBACETE,08/11/2011,POR FUSION Y CREACION DE NUEVA ENTIDAD,3190,08/11/2011,01/12/1963,,2,,N,BCOEESMM056,,,,,,,,8,"CAJA RURAL DE ALBACETE, CIUDAD REAL Y CUENCA, SOCIEDAD COOPERATIVA DE CREDITO","CAJA R. DE ALBACETE, S.C.C.",C.R. ALBACETE
CC,3057,53001,"CAJA R. ALICANTE, S.C.C.","CAJA RURAL ALICANTE, S. COOP. DE CREDITO",,F03013620,CL,DEL CABAÑAL,1,,3016,ALICANTE,,ES,,965233000,,965154222,,28/05/2002,POR FUSION POR ABSORCION POR,3082,06/03/2008,01/10/1951,,3,,N,,,,,,,,,15,"CAJA RURAL VALENCIA, S. COOP. DE CREDITO","CAJA R. ALICANTE, S.C.C.",C.R. ALICANTE
CC,3060,53001,"CAJA R. DE BURGOS,S.C.C.","CAJA RURAL DE BURGOS, SOCIEDAD COOPERATIVA DE CREDITO",,F09006495,PZ,ESPAÑA,S/N,,9005,BURGOS,,ES,,947200676,,947271683,WWW.CAJARURAL.COM/BURGOS,,,0000,06/03/2008,01/06/1946,,9,,N,BCOEESMM060,,,,,,,,7,,"CAJA R. DE BURGOS,S.C.C.",C.R. DE BURGOS
CC,3064,53001,"CAJA R. DE CUENCA, S.C.C.","CAJA RURAL DE CUENCA, SOCIEDAD COOPERATIVA DE CREDITO",,F16004004,PZ,DE LA HISPANIDAD,11-13,,16001,CUENCA,,ES,,969178617,,969178616,WWW.RURALVIA.COM/CUENCA,08/11/2011,POR FUSION Y CREACION DE NUEVA ENTIDAD,3190,08/11/2011,01/01/1962,,16,,N,BCOEESMM064,,,,,,,,8,"CAJA RURAL DE ALBACETE, CIUDAD REAL Y CUENCA, SOCIEDAD COOPERATIVA DE CREDITO","CAJA R. DE CUENCA, S.C.C.",C.R. DE CUENCA
CC,3065,53001,"CAJA R. DE HUELVA, S.C.C.","CAJA RURAL DE HUELVA, SOCIEDAD COOPERATIVA DE CREDITO",,F21004908,CL,PLUS ULTRA,2,,21001,HUELVA,,ES,,959299100,,959299112,,16/05/2001,POR FUSION Y CREACION DE NUEVA ENTIDAD,3187,06/03/2008,20/05/1967,,21,,N,,,,,,,,,1,"CAJA RURAL DEL SUR, S. COOP. DE CREDITO","CAJA R. DE HUELVA, S.C.C.",C.R. DE HUELVA
CC,3070,53001,"CAIXA R. GALEGA, S.C.C.L.G.","CAIXA RURAL GALEGA, SOCIEDAD COOPERATIVA DE CREDITO LIMITADA GALLEGA",,F27005164,AV,MONTERO RIOS,24-26,,27002,LUGO,,ES,,982280220,,982280947,WWW.RURALVIA.COM/LUGO,,,0000,18/02/2008,17/09/1966,,27,,N,BCOEESMM070,,,,,,,,11,,"CAIXA R. GALEGA, S.C.C.L.G.",C.R. GALEGA
CC,3076,53001,"CAJASIETE, CAJA RURAL, S.C.C.","CAJASIETE, CAJA RURAL, SOCIEDAD COOPERATIVA DE CREDITO",,F38005245,AV,MANUEL HERMOSO ROJAS,8,,38003,STA. CRUZ DE TENERIFE,TENERIFE,ES,,922608400,,922608406,WWW.CAJASIETE.COM,,,0000,28/11/2008,21/02/1962,,38,CAJASIETE,S,BCOEESMM076,,,,,,,,5,,"CAJASIETE, CAJA RURAL, S.C.C.",CAJASIETE
CC,3078,53001,"CAJA R. DE SEGOVIA, C.C.","CAJA RURAL DE SEGOVIA, COOPERATIVA DE CREDITO",,F40051864,CL,LOS COCHES,4,,40002,SEGOVIA,,ES,,921425511,,921442438,WWW.CAJARURAL.COM/SEGOVIA,,,0000,18/02/2008,01/05/1952,,40,,N,BCOEESMM078,,,,,,,,7,,"CAJA R. DE SEGOVIA, C.C.",C.R. DE SEGOVIA
CC,3079,53001,"CAJA R. DE SEVILLA, S.C.C.","CAJA RURAL DE SEVILLA, S. COOP. DE CREDITO",,F41018797,CL,MURILLO,2,,41001,SEVILLA,,ES,,954599100,,954228160,,16/05/2001,POR FUSION Y CREACION DE NUEVA ENTIDAD,3187,06/03/2008,01/03/1964,,41,,N,,,,,,,,,1,"CAJA RURAL DEL SUR, S. COOP. DE CREDITO","CAJA R. DE SEVILLA, S.C.C.",C.R. DE SEVILLA
CC,3083,53001,"CAJA R. DEL DUERO, S.C.C.L.","CAJA RURAL DEL DUERO, SDAD. COOP. CTO. LTDA.",,F47003926,CL,MIGUEL ISCAR,1,,47001,VALLADOLID,,ES,,983355355,,983343949,WWW.RURALVIA.COM/DUERO,05/02/2008,POR FUSION POR ABSORCION POR,3058,17/03/2008,29/05/1914,,47,,N,BCOEESMM083,,,,,,,,7,"CAJAMAR CAJA RURAL, SOCIEDAD COOPERATIVA DE CREDITO","CAJA R. DEL DUERO, S.C.C.L.",C.R. DEL DUERO
CC,3085,53001,"CAJA R. DE ZAMORA, C.C.","CAJA RURAL DE ZAMORA, COOPERATIVA DE CREDITO",,F49002454,AV,ALFONSO IX,7,,49013,ZAMORA,,ES,,980532671,,980534649,WWW.CAJARURAL.COM/ZAMORA,,,0000,06/03/2008,01/12/1963,,49,,N,BCOEESMM085,,,,,,,,7,,"CAJA R. DE ZAMORA, C.C.",C.R. DE ZAMORA
CC,3118,53001,CAIXA RURAL TORRENT C.C.V.,CAIXA RURAL TORRENT COOPERATIVA DE CREDIT VALENCIANA,,F46047809,AV,AL VEDAT,3,,46900,TORRENT,VALENCIA,ES,,961550054,,961575952,WWW.RURALTORRENT.COM,,,0000,27/05/2010,30/08/1969,,46,,N,BCOEESMM118,,,,,,,,15,,CAIXA RURAL TORRENT C.C.V.,C.R.TORRENT
CC,3098,53001,"CAJA R. NTRA. SRA. DEL ROSARIO, S.C.A.C.","CAJA RURAL NTRA. SRA. DEL ROSARIO, SOCIEDAD COOPERATIVA ANDALUZA DE CREDITO",,F14011415,AV,ANDALUCIA,6,,14857,NUEVA CARTEYA,CORDOBA,ES,,957678228,,957678054,WWW.RURALVIA.COM/CARTEYA/,,,0000,18/02/2008,27/10/1958,,14,,N,BCOEESMM098,,,,,,,,1,,"CAJA R. NTRA. SRA. DEL ROSARIO,SCAC",N.S.DEL ROSARIO
CC,3102,53001,"CAIXA R. S. VICENT FERRER DE LA VALL D'UIXO,C.C.V.","CAIXA RURAL SANT VICENT FERRER DE LA VALL D'UIXO, COOP. DE CREDIT V.",,F12014221,PZ,CENTRO,4,,12600,VALL DE UXO,CASTELLON,ES,,964663012,,964661988,WWW.RURALVIA.COM/SANTVICENT,,,0000,18/02/2008,03/11/1971,,12,C. SANT VICENT,S,BCOEESMM102,,,,,,,,15,,CAIXA R. S. VICENT FERRER,C. SANT VICENT
CC,3110,53001,"CAJA R. CATOLICO AGRARIA, S.C.C.V.","CAJA RURAL CATOLICO AGRARIA, S. COOP. DE CREDITO V.",,F12013223,PZ,MAYOR,10,,12540,VILLARREAL DE LOS INFANTES,CASTELLON,ES,,964520200,,964521798,WWW.CAJARURALVILLARREAL.COM,,,0000,18/02/2008,23/10/1969,,12,,N,BCOEESMM110,,,,,,,,15,,"CAJA R. CATOLICO AGRARIA, S.C.C.V.",C.R.VILLARREAL
CC,3111,53001,"CAIXA R. LA VALL 'S. ISIDRO', S.C.C.V.","CAIXA RURAL LA VALL 'SAN ISIDRO', SOCIEDAD COOPERATIVA DE CREDITO VALENCIANA",,F12013207,AV,CORAZON DE JESUS,3,,12600,VALL DE UXO,CASTELLON,ES,,964697989,,964697988,WWW.CAIXARURALLAVALL.COM,,,0000,18/02/2008,23/10/1969,,12,,N,BCOEESMM111,,,,,,,,15,,"C.R. LA VALL ""S.ISIDRO, S.C.C.V",C.R. LA VALL
CC,3112,53001,"CAJA R. S. JOSE DE BURRIANA, S.C.C.V.","CAJA RURAL SAN JOSE DE BURRIANA, S. COOP. DE CREDITO V.",,F12013256,PZ,EL PLA,1,,12530,BURRIANA,CASTELLON,ES,,964510927,,964517350,WWW.CAJARURAL.COM/BURRIANA,,,0000,18/02/2008,14/10/1969,,12,,N,BCOEESMM112,,,,,,,,15,,"CAJA R. S. JOSE DE BURRIANA, SCCV",C.R. SAN JOSE
CC,3116,53001,"CAJA R. COMARCAL DE MOTA DEL CUERVO, S.C.L.C.A.","CAJA RURAL COMARCAL DE MOTA DEL CUERVO, SDAD. COOP. LTDA. CTO. AGRARIO",,F16005324,PZ,MAYOR,9,,16630,MOTA DEL CUERVO,CUENCA,ES,,967180471,,967180401,,,,0000,18/02/2008,06/12/1951,,16,,N,BCOEESMM116,,,,,,,,8,,"CAJA R. COMARCAL MOTA DEL CUERVO,SC",C.R.MOTA CUERVO
CC,3127,53001,"CAJA R. DE CASAS IBAÑEZ, S.C.C.CASTILLA-LA MANCHA","CAJA RURAL DE CASAS IBAÑEZ, S. COOP. DE CREDITO DE CASTILLA-LA MANCHA",,F02004182,CL,TERCIA,49,,2200,CASAS IBAÑEZ,ALBACETE,ES,,967460312,,967460344,WWW.RURALVIA.COM/CASASIBANEZ,,,0000,18/02/2008,10/11/1962,,2,,N,BCOEESMM127,,,,,,,,8,,"C.R.CASAS IBAÑEZ,SCC CASTI-LAMANCHA",C.R.CASASIBAÑEZ
CC,3130,53001,"CAJA R. S. JOSE DE ALMASSORA, S.C.C.V.","CAJA RURAL SAN JOSE DE ALMASSORA, S. COOP. DE CREDITO V.",,F12013280,CL,TRINIDAD,20,,12550,ALMASSORA,CASTELLON,ES,,964560003,,964550248,WWW.TUCAJARURAL.COM,,,0000,18/02/2008,14/10/1969,,12,CAIXA ALMASSORA,S,BCOEESMM130,,,,,,,,15,,"CAJA R. S. JOSE DE ALMASSORA, SCCV",CAIXA ALMASSORA
CC,3131,53001,"CAJA R. S. JOSE DE ARTANA, C.C.V.","CAJA RURAL SAN JOSE DE ARTANA, COOP. CTO. VALENCIANA",,F12013314,CL,MAYOR,22,,12527,ARTANA,CASTELLON,ES,,964611111,,964611111,,30/08/2001,POR CESION DE ACTIVOS Y PASIVOS DE LA ACTIVIDAD FINANCIERA A,3061,27/06/2002,14/10/1969,,12,,N,,,,,,,,,15,"CAJA RURAL CREDICOOP, S. COOP. DE CREDITO","CAJA R. S. JOSE DE ARTANA, C.C.V.",C.R. DE ARTANA
CC,3134,53001,"CAJA R. NTRA. SRA. LA ESPERANZA DE ONDA, S.C.C.V.","CAJA RURAL NUESTRA SEÑORA DE LA ESPERANZA DE ONDA, S. COOP. DE CREDITO V.",,F12013157,PZ,EL PLA,19,,12200,ONDA,CASTELLON,ES,,964776677,,964600066,WWW.RURALVIA.COM/ONDA,,,0000,18/02/2008,14/10/1969,,12,,N,BCOEESMM134,,,,,,,,15,,"C.R. NTRA.SRA. ESPERANZA DE ONDA,SC",C.R. ESPERANZA
CC,3142,53001,S.COOP.LTDA.CTO. AGRARIO CAJA RURAL DE ALMENAR,SOCIEDAD COOPERATIVA LIMITADA DE CREDITO AGRARIO CAJA RURAL DE ALMENAR,,F25016007,PZ,GENERALISIMO,S/N,,25126,ALMENAR,LERIDA,ES,,0,,0,,04/08/1989,POR FUSION POR ABSORCION POR,2011,06/03/2008,13/12/1965,,25,,N,,,,,,,,,9,CAJA DE AHORROS Y MONTE DE PIEDAD DE BARCELONA,S.C.L.C.AGR. CAJA RURAL DE ALMENAR,CR.ALMENAR
CC,3150,53001,"CAJA R. DE ALBAL, C.C.V.","CAJA RURAL DE ALBAL, COOPERATIVA CREDITO VALENCIANA",,F46043824,PZ,DEL JARDI,24,,46470,ALBAL,VALENCIA,ES,,961260075,,961268683,,,,0000,18/02/2008,21/10/1974,,46,,N,BCOEESMM150,,,,,,,,15,,"CAJA R. DE ALBAL, C.C.V.",C.R. DE ALBAL
CC,3152,53001,CAJA R. DE VILLAR C.C.V.,"CAJA RURAL DE VILLAR, COOP. DE CREDITO V.",,F46043816,CL,LAS CRUCES,33,,46170,VILLAR DEL ARZOBISPO,VALENCIA,ES,,961646034,,961646159,WWW.CAJARURAL.COM/VILLAR,,,0000,18/02/2008,17/04/1969,,46,,N,BCOEESMM152,,,,,,,,15,,CAJA R. DE VILLAR C.C.V.,C.R. DE VILLAR
CC,3154,53001,"CAJA R. DE LA CARLOTA, S.C.A.C.L. (EN LIQUIDACION)","CAJA RURAL DE LA CARLOTA, SDAD. COOP. ANDALUZA CTO. LTDA. (EN LIQUIDACION)",,F14013833,CL,CARLOS III,31,,14100,LA CARLOTA,CORDOBA,ES,,957300088,B,957300632,,,,0000,01/09/2000,30/11/1965,,14,,N,,,,,,,,,1,,"CAJA R. DE LA CARLOTA, SCACL (LIQ.)",C.R. LA CARLOTA
CC,3155,53001,"CAJA RURAL DE MONCOFAR, COOP. CTO. VALENCIANA","CAJA RURAL DE MONCOFAR, COOPERATIVA CREDITO VALENCIANA",,F12013132,PZ,CONSTITUCION,5,,12593,MONCOFAR,CASTELLON,ES,,964580025,,964580051,,14/02/1994,POR FUSION POR ABSORCION,0000,01/09/2000,14/10/1969,,12,,N,,,,,,,,,15,,"CAJA RURAL DE MONCOFAR, C.CTO.VAL.",C.R.MONCOFAR
CC,3159,53001,"CAIXA POPULAR-CAIXA RURAL, S.C.C.V.","CAIXA POPULAR-CAIXA RURAL, S. COOP. DE CREDITO V.",,F46090650,AV,JUAN DE LA CIERVA,9,,46980,PATERNA,VALENCIA,ES,,961318282,,961318182,,,,0000,06/03/2008,06/05/1975,,46,,N,BCOEESMM159,,,,,,,,15,,"CAIXA POPULAR-CAIXA RURAL, S.C.C.V.",CAIXA POPULAR
CC,3160,53001,"CAIXA R.S.JOSEP DE VILAVELLA, S.C.C.V.","CAIXA RURAL SANT JOSEP DE VILAVELLA, S. COOP. DE CREDITO V.",,F12013231,CL,CUEVA SANTA,11,,12526,VILLAVIEJA,CASTELLON,ES,,964678000,,964678133,WWW.RURALVIA.COM/VILAVELLA,,,0000,18/02/2008,23/10/1969,,12,,N,BCOEESMM160,,,,,,,,15,,"CAIXA R.S.JOSEP DE VILAVELLA,SCCV",C.R. VILAVELLA
CC,3162,53001,"CAIXA R. BENICARLO, S.C.C.V.","CAIXA RURAL BENICARLO, S. COOP. DE CREDIT V.",,F12013348,AV,JOAN CARLES I,18,,12580,BENICARLO,CASTELLON,ES,,964474062,,964472761,WWW.CAJARURAL.COM/BENICARLO,,,0000,18/02/2008,14/10/1969,,12,,N,BCOEESMM162,,,,,,,,15,,"CAIXA R. BENICARLO, S.C.C.V.",C.R. BENICARLO
CC,3163,53001,"CAJA R. NTRA. SRA. BUENSUCESO DE CABANES, S.C.C.V.","CAJA RURAL NUESTRA SEÑORA DEL BUENSUCESO DE CABANES, S. COOP. DE CREDITO V.",,F12013264,PZ,HOSTALS,2,,12180,CABANES,CASTELLON,ES,,964331011,,964331487,,28/05/2001,POR CESION DE ACTIVOS Y PASIVOS DE LA ACTIVIDAD FINANCIERA A,3061,27/06/2002,14/10/1969,,12,,N,,,,,,,,,15,"CAJA RURAL CREDICOOP, S. COOP. DE CREDITO","C.R. N. SRA.BUENSUCESO CABANES,SCCV",C.R. DE CABANES
CC,3165,53001,"CAJA R. S. ISIDRO DE VILAFAMES, S.C.C.V.",CAJA RURAL SAN ISIDRO DE VILAFAMES S. COOP. DE CREDITO V.,,F12013215,AV,BARCELO,6,,12192,VILAFAMES,CASTELLON,ES,,964329027,,964329392,WWW.RURALVIA.COM/VILAFAMES,,,0000,18/02/2008,23/10/1969,,12,,N,BCOEESMM165,,,,,,,,15,,"CAJA R. S. ISIDRO VILAFAMES, SCCV",C.R. VILAFAMES
CC,3166,53001,"CAIXA RURAL LES COVES DE VINROMA, S.C.C.V.","CAIXA RURAL LES COVES DE VINROMA, S. COOP. DE CREDIT V.",,F12013363,CL,SAN ANTONIO,27,,12185,LES COVES DE VINROMA,CASTELLON,ES,,964426050,,964426299,,,,0000,18/02/2008,14/10/1969,,12,,N,BCOEESMM166,,,,,,,,15,,"C.R. LES COVES DE VINROMA, S.C.C.V.",CR COVES VINROM
CC,3169,53001,"COBANEXPO, S.C.C.L.","COBANEXPO, SDAD. COOP. CTO. LTDA.",,F20030102,,RECINTO PESQUERO . LONJA,1,PL. 1,20110,PASAJES DE SAN PEDRO,GUIPUZCOA,ES,,943399158,,943400274,,08/01/2003,POR FUSION POR ABSORCION POR,3008,04/05/2005,30/09/1965,,20,,N,,,,,,,,,16,"CAJA RURAL DE NAVARRA, S. COOP. DE CREDITO","COBANEXPO, S.C.C.L.",COBANEXPO
CC,3167,53001,"CAJA R. S. JUAN BAUTISTA DE S. JUAN MORO, C.C.V.","CAJA RURAL SAN JUAN BAUTISTA DE SAN JUAN DE MORO, COOPERATIVA CREDITO VALENCIANA",,F12013165,PZ,JUAN RENAU,17,,12130,SAN JUAN DE MORO,CASTELLON,ES,,964328011,,964328037,,06/09/1999,POR ESCISION PARCIAL CON CESION DEL PATRIMONIO DE ACTIVID. CREDITICIA,3061,27/06/2002,14/10/1969,,12,,N,,,,,,,,,15,"CAJA RURAL CREDICOOP, S. COOP. DE CREDITO","CAJA R. S. JUAN BAUTISTA,CCV",C.R. S.J. MORO
CC,3171,53001,"CAIXA DELS ADVOCATS-CAJA DE LOS ABOGADOS, S.C.C.","CAIXA DELS ADVOCATS-CAJA DE LOS ABOGADOS, S. COOP. DE CREDITO",,F08536526,CL,ROGER DE LLURIA,104,BAJOS,8037,BARCELONA,,ES,,934871270,,934870544,WWW.IURISBANK.COM,28/05/2010,POR FUSION POR ABSORCION CON DISOLU CION Y TRASPASO DE PATRIMONIO A,3189,17/05/2011,02/10/1976,,8,CAIXA ADVOCATS,S,CXAVESB1XXX,,,,,,,,9,"CAJA RURAL ARAGONESA Y DE LOS PIRINEOS, S. COOP. DE CREDITO",CAIXA DELS ADVOCATS-CAJA ABOGADOS,CAIXA ADVOCATS
CC,3177,53001,"CAJA R. DE CANARIAS, S.C.C.","CAJA RURAL DE CANARIAS, SOCIEDAD COOPERATIVA DE CREDITO",,F35040278,CL,NICOLAS ESTEVANEZ,21,PL. 1 - ED. CENTRAL,35007,LAS PALMAS DE GRAN CANARIA,LAS PALMAS,ES,,928277000,,928272363,WWW.RURALCANARIAS.COM,,,0000,17/05/2011,27/12/1978,,35,,N,BCOEESMM177,,,,,,,,5,,"CAJA R. DE CANARIAS, S.C.C.",CR.CANARIAS
CC,3186,53001,"CAIXA R. ALBALAT DELS SORELLS, C.C.V.","CAIXA RURAL ALBALAT DELS SORELLS, COOPERATIVA DE CREDIT VALENCIANA",,F96828728,CL,PADRE SALVADOR,11,,46135,ALBALAT DELS SORELLS,VALENCIA,ES,,961490437,,961495864,WWW.CAIXALBALAT.ES,,,0000,08/03/2010,21/01/1999,,46,,N,CCRIES2A186,,,,,,,,15,,"CAIXA R. ALBALAT DELS SORELLS,CCV",ALBALAT
CC,3190,53001,"C.R. DE ALBACETE, CIUDAD REAL Y CUENCA, S.C.C.","CAJA RURAL DE ALBACETE, CIUDAD REAL Y CUENCA, SOCIEDAD COOPERATIVA DE CREDITO",,F45755220,CL,BERNA,1,,45003,TOLEDO,,ES,,925504224,,925504275,WWW.GLOBALCAJA.ES,,,0000,21/11/2011,21/10/2011,,45,GLOBALCAJA,S,BCOEESMM190,,,,,,,,8,,"C.R. ALBACETE, C. REAL Y CUENCA,SCC",GLOBALCAJA
CC,3191,53001,NUEVA CAJA RURAL DE ARAGON SOC. COOP. DE CREDITO,"NUEVA CAJA RURAL DE ARAGON, SOCIEDAD COOPERATIVA DE CREDITO",,F99320848,CL,SAN VOTO,6 Y 8,,50003,ZARAGOZA,,ES,,976763300,,976763305,,,,0000,23/01/2012,05/08/2011,,50,,N,BCOEESMM191,,,,,,,,2,,NUEVA CAJA RURAL DE ARAGON S.C.C.,NUEVA CR ARAGON
EFC,4704,74704,"VOLKSWAGEN LEASING S.A., E.F.C.","VOLKSWAGEN LEASING S.A., ESTABLECIMIENTO FINANCIERO DE CREDITO",,A28495877,CL,VELAZQUEZ,36,,28001,MADRID,,ES,,914311300,,915761813,,03/10/1997,POR FUSION POR ABSORCION POR,8307,31/08/2000,25/07/1996,,28,,N,,,,,,,,,12,VOLKSWAGEN FINANCE S.A. - ENTIDAD DE FINANCIACION -,"VOLKSWAGEN LEASING S.A., E.F.C.",VOLKSWAGEN EFC
EFC,4708,74704,"INTERLEASING, E.F.C., S.A.","INTERLEASING, ESTABLECIMIENTO FINANCIERO DE CREDITO, SOCIEDAD ANONIMA",,A28261105,CL,NUÑEZ DE BALBOA,71,,28001,MADRID,,ES,,915860100,,915753944,,09/12/1997,POR CESION GLOBAL DEL ACTIVO Y PASIVO A,0008,06/03/2008,21/10/1996,,28,,N,,,,,,,,,12,"BANCO ATLANTICO, S.A.","INTERLEASING, E.F.C., S.A.",INTERLEASING
EFC,4719,74704,"BANSABADELL LEASING, E.F.C., S.A.","BANSABADELL LEASING, E.F.C., S.A.",,A08304701,PZ,CATALUNYA,1,,8201,SABADELL,BARCELONA,ES,,937289289,,937261354,,01/08/2003,POR FUSION POR ABSORCION POR,0081,01/08/2003,30/12/1996,,8,,N,,,,,,,,,9,"BANCO DE SABADELL, S.A.","BANSABADELL LEASING, E.F.C., S.A.",BANSABADELL LEA
EFC,4761,74704,"IBM FINANCIACION E.F.C., S.A.","IBM FINANCIACION E.F.C., S.A.",,A28925030,CL,SANTA HORTENSIA,26-28,,28002,MADRID,,ES,,913976000,,915195394,,21/11/2006,POR RENUNCIA,0000,21/11/2006,04/11/1996,,28,,N,,,,,,,,,12,,"IBM FINANCIACION E.F.C., S.A.",IBM FINANC. EFC
EFC,4772,74704,"CELISING E.F.C., S.A.","CELISING ESTABLECIMIENTO FINANCIERO DE CREDITO, S.A.",,A58141037,AV,MERIDIANA,350,PL. 6 - A,8027,BARCELONA,,ES,,932744884,,932744885,,09/04/2001,POR CAMBIO DE OBJETO SOCIAL,0000,06/03/2008,31/12/1996,,8,,N,,,,,,,,,9,,"CELISING E.F.C., S.A.",CELISING
EFC,4776,74704,"ECOFINANCE ESPAÑA E.F.C., S.A.","ECOFINANCE ESPAÑA ESTABLECIMIENTO FINANCIERO DE CREDITO, S.A.",,A78339793,PZ,MARQUES DE SALAMANCA,10,PL. 4,28006,MADRID,,ES,,915869600,,915869797,,27/07/1998,POR CAMBIO DE OBJETO SOCIAL,0000,06/03/2008,31/12/1996,,28,,N,,,,,,,,,12,,"ECOFINANCE ESPAÑA E.F.C., S.A.",ECOFINANCE
EFC,4784,74704,"TRANSOLVER FINANCE, E.F.C., S.A.","TRANSOLVER FINANCE, ESTABLECIMIENTO FINANCIERO DE CREDITO, S.A.",,A78388600,AV,ARAGON,402,,28022,MADRID,,ES,,913252271,,915665555,,,,0000,24/10/2001,31/12/1996,,28,,N,,,,,,,,,12,,"TRANSOLVER FINANCE, E.F.C., S.A.",TRANSOLVER
EFC,4788,74704,"AROLEASING, E.F.C., S.A.","AROLEASING, ESTABLECIMIENTO FINANCIERO DE CREDITO, S.A.",,A48210850,,GRAN VIA D.DIEGO LOPEZ DE HARO,2,PL. 2,48001,BILBAO,VIZCAYA,ES,,944244350,,944166762,,15/09/2003,POR FUSION POR ABSORCION POR,3035,15/09/2003,04/11/1996,,48,,N,,,,,,,,,16,CAJA LABORAL POPULAR COOP. DE CREDITO,"AROLEASING, E.F.C., S.A.",AROLEASING
EFC,4789,74704,"H. SANTOS, E.F.C., S.A.","H. SANTOS, ESTABLECIMIENTO FINANCIERO DE CREDITO, S.A.",,A78396918,CL,JUAN BRAVO,8,,28006,MADRID,,ES,,914314101,,915775835,,07/06/2007,POR CAMBIO DE OBJETO SOCIAL,0000,07/06/2007,20/12/1996,,28,,N,,,,,,,,,12,,"H. SANTOS, E.F.C., S.A.",H. SANTOS
EFC,4805,74704,"SANPAOLO EIVILEASING, S.A., E.F.C.","SANPAOLO EIVILEASING, S.A., ESTABLECIMIENTO FINANCIERO DE CREDITO",,A07250848,AV,SANTA EULALIA,1,,7800,IBIZA,BALEARES,ES,,971315012,,971316804,,25/01/2000,POR FUSION POR ABSORCION POR,4713,06/03/2008,09/12/1996,,7,,N,,,,,,,,,4,"LICO LEASING, S.A., ESTABLECIMIENTO FINANCIERO DE CREDITO","SANPAOLO EIVILEASING, S.A., E.F.C.",SANPAOLO EIVI
EFC,4838,74704,"SA NOSTRA DE INVERSIONES, E.F.C., S.A.","SA NOSTRA DE INVERSIONES, ESTABLECIMIENTO FINANCIERO DE CREDITO, S.A.",,A07292915,CL,RAMON LLULL,2,,7001,PALMA,ILLES BALEARS,ES,,971228432,,971228452,,,,0000,24/05/2011,31/12/1996,,7,,N,,,,,,,,,4,,"SA NOSTRA DE INVERSIONES,E.F.C., SA",SA NOSTRA EFC
EFC,8207,74704,"G.D.S. E.F.C., S.A.","G.D.S. ESTABLECIMIENTO FINANCIERO DE CREDITO, S.A.",,A08775348,AV,DIAGONAL,621-629,,8028,BARCELONA,,ES,,934047268,,933399858,,19/12/1997,POR FUSION POR ABSORCION POR,8209,31/08/2000,03/12/1996,,8,,N,,,,,,,,,9,"HIPOTECAIXA, ESTABLECIMIENTO FINANCIERO DE CREDITO, S.A.","G.D.S. E.F.C., S.A.",G.D.S.
EFC,8211,74704,"BANSABADELL FINANCIACION E.F.C., S.A.","BANSABADELL FINANCIACION E.F.C., S.A.",,A58039553,PZ,CATALUNYA,1,PL. 4,8201,SABADELL,BARCELONA,ES,,937289289,,937262689,,,,0000,09/12/2003,30/12/1996,,8,,N,,,,,,,,,9,,"BANSABADELL FINANCIACION EFC, SA",BANSABADELLFIN
EFC,8219,74704,"PRAGA DE HIPOTECAS Y CREDITOS E.F.C., S.A.","PRAGA DE HIPOTECAS Y CREDITOS E.F.C., S.A.",,A78390556,CL,RECOLETOS,4,,28001,MADRID,,ES,,914319816,,914351016,,,,0000,20/10/2000,19/11/1996,,28,,N,,,,,,,,,12,,"PRAGA HIPOTECAS Y CTOS. EFC, S.A.",PRAGAHIPOTECAS
EFC,8233,74704,"CELERIS SERVICIOS FINANCIEROS, S.A., E.F.C.","CELERIS SERVICIOS FINANCIEROS, S.A., E.F.C.",,A79245544,CL,JUAN ESPLANDIU,13,PL. C-1,28007,MADRID,,ES,,912161000,,912161190,WWW.GRUPOCELERIS.COM,,,0000,26/10/2011,31/12/1996,,28,,N,CSFAESM1XXX,,,,,,,,12,,"CELERIS SERVICIOS FINANCIEROS, SA,",CELERIS
EFC,8234,74704,A.I.G. FINANZAS S.A. E.F.C.,"A.I.G. FINANZAS, SOCIEDAD ANONIMA ESTABLECIMIENTO FINANCIERO DE CREDITO",,A79281713,PS,DE LA CASTELLANA,31,,28046,MADRID,,ES,,913797920,,913555480,,,,0000,08/02/2011,23/12/1996,,28,,N,,,,,,,,,12,,A.I.G. FINANZAS S.A. E.F.C.,A.I.G. FINANZAS
EFC,8236,74704,"SANTANDER CONSUMER, E.F.C., S.A.","SANTANDER CONSUMER, ESTABLECIMIENTO FINANCIERO DE CREDITO, S.A.",,A79082244,AV,DE CANTABRIA,S/N,CIUDAD GR. SANTANDER,28660,BOADILLA DEL MONTE,MADRID,ES,,902112211,,912571288,WWW.SANTANDERCONSUMER.ES,,,0000,06/09/2005,03/10/1996,,28,,N,,,,,,,,,12,,"SANTANDER CONSUMER, E.F.C., S.A.",SANTANDER CONSU
EFC,8239,74704,"MADRID HIPOTECARIA, S.A., E.F.C.","MADRID HIPOTECARIA, S.A., ESTABLECIMIENTO FINANCIERO DE CREDITO",,A79412763,CL,ELOY GONZALO,10,,28010,MADRID,,ES,,915640586,,915640515,,02/02/1998,POR FUSION POR ABSORCION POR,8793,06/03/2008,09/12/1996,,28,,N,,,,,,,,,12,"FINANMADRID, S.A., ENTIDAD DE FINANCIACION","MADRID HIPOTECARIA, S.A., E.F.C.",MADRID HIPOTEC.
EFC,8240,74704,"CXG CREDITO FAMILIAR CORPORACION CAIXAGALICIA,EFC","CXG CREDITO FAMILIAR CORPORACION CAIXAGALICIA, ESTABLECIMIENTO FINANCIERO DE CREDITO, S.A.",,A79526679,AV,LINARES RIVAS,30,PL. 3,15005,A CORUÑA,,ES,,981988100,,981120476,,29/12/2009,POR CAMBIO DE OBJETO SOCIAL,0000,29/12/2009,31/12/1996,,15,,N,,,,,,,,,11,,CXG CRETO FAMILIAR COR CAIXAGALICIA,CXG CREDIT FAMI
EFC,8307,74704,"VOLKSWAGEN FINANCE S.A., E.F.C.","VOLKSWAGEN FINANCE S.A., ESTABLECIMIENTO FINANCIERO DE CREDITO",,A28191211,AV,DE BRUSELAS,34,,28108,ALCOBENDAS,MADRID,ES,,914535100,,914535148,,,,0000,03/12/2001,25/07/1996,,28,,N,,,,,,,,,12,,"VOLKSWAGEN FINANCE S.A., E.F.C.",VOLKSWA FINANCE
EFC,8308,74704,"FINANCIERA CARRION, S.A., E.F.C.","FINANCIERA CARRION, S.A., ESTABLECIMIENTO FINANCIERO DE CREDITO, E.F.C.",,A28216778,PS,PINTOR ROSALES,4,,28008,MADRID,,ES,,915419833,,915419831,,,,0000,06/03/2008,04/11/1996,,28,FINANCA,S,,,,,,,,,12,,"FINANCIERA CARRION, S.A., E.F.C.",FINANCA
EFC,8309,74704,"VOLVO CAR FINANCE ESPAÑA, E.F.C., S.A.","VOLVO CAR FINANCE ESPAÑA, ESTABLECIMIENTO FINANCIERO DE CREDITO, S.A.",,A28182111,PS,CASTELLANA,130,,28046,MADRID,,ES,,915666250,,916631076,,29/05/2000,POR CESION DE ACTIVOS Y PASIVOS A,0218,29/05/2000,17/12/1996,,28,,N,,,,,,,,,12,FCE BANK PLC SUCURSAL EN ESPAÑA,"VOLVO CAR FINANCE ESPAÑA, EFC, S.A.",VOLVO ESPAÑA
EFC,8310,74704,"SOCIEDAD DE VENTAS A CREDITO BANCAYA, S.A., E.F.C.","SOCIEDAD DE VENTAS A CREDITO BANCAYA, S.A., ESTABLECIMIENTO FINANCIERO DE CREDITO",,A28261279,PS,DELICIAS,30,,28045,MADRID,,ES,,913744866,,913744856,,17/04/2002,POR DISOLUCION CON CESION GLOBAL DE ACTIV. Y PASIVOS A ACCIONISTA UNIC,0000,06/03/2008,22/10/1996,,28,,N,,,,,,,,,12,,SOC. DE VENTAS A CREDITO BANCAYA,SOVAC-BANCAYA
EFC,8314,74704,"BANSANDER DE FINANCIACIONES, S.A. E.F.C.","BANSANDER DE FINANCIACIONES, S.A. ESTABLECIMIENTO FINANCIERO DE CREDITO",,A28277176,AV,DE CANTABRIA,S/N,CIUDAD GR. SANTANDER,28660,BOADILLA DEL MONTE,MADRID,ES,,913423962,,913423959,WWW.BANSAFINA.ES,01/07/2005,POR FUSION POR ABSORCION CON DISOLUCION SIN LIQUIDACION POR,8236,01/07/2005,15/11/1996,,28,,N,,,,,,,,,12,"HISPAMER HIPOTECARIO, SOCIEDAD DE CREDITO HIPOTECARIO, S.A.","BANSANDER DE FINANCIACIONES, S.A.",BANSAFINA
EFC,8321,74704,"ENTRE2 SERVICIOS FINANCIEROS, E.F.C., S.A.","ENTRE2 SERVICIOS FINANCIEROS, ESTABLECIMIENTO FINANCIERO DE CREDITO, S.A.",,A48055578,CL,JULIAN CAMARILLO,4,,28037,MADRID,,ES,,913743916,,913743076,,,,0000,23/12/2010,09/12/1996,,28,,N,,,,,,,,,12,,"ENTRE2 SERVI. FINANCI., E.F.C., S.A","ENTRE2, EFC"
EFC,8323,74704,"UNION INTERNACIONAL DE FINANCIACION, E.F.C., S.A.","UNION INTERNACIONAL DE FINANCIACION, ESTABLECIMIENTO FINANCIERO DE CREDITO,SA (UNIFIBAN)",,A28137081,CL,COSTA BRAVA,10-12,,28034,MADRID,,ES,,915665500,,913720972,,21/12/1999,POR CAMBIO DE OBJETO SOCIAL,0000,31/08/2000,20/11/1996,,28,,N,,,,,,,,,12,,UNION INTERNACIONAL DE FINANCIACION,UNIFIBAN
EFC,8345,74704,"RENAULT FINANCIACIONES, S.A. E.F.C.","RENAULT FINANCIACIONES, S.A. ESTABLECIMIENTO FINANCIERO DE CREDITO",,A28206019,CL,MARIA TUBAU,3,,28050,MADRID,,ES,,913794178,,913794414,,27/06/2007,POR ABSORCION POR RCI BANQUE SA Y AFECTACION DE SU PATRIMONIO A,1508,27/06/2007,16/12/1996,,28,,N,,,,,,,,,12,"RCI BANQUE, S.A., SUCURSAL EN ESPAÑA","RENAULT FINANCIACIONES, SA E.F.C.",RENAULTFI
EFC,8370,74704,"FINANCIERAS AGRUPADAS, E.F.C., S.A.","FINANCIERAS AGRUPADAS, ESTABLECIMIENTO FINANCIERO DE CREDITO, S.A.",,A46007423,CL,CABALLEROS,16,PL 1ª,46001,VALENCIA,,ES,,963923469,,963923465,,05/03/2001,POR ESCISION TOTAL,0000,05/03/2001,31/12/1996,,46,,N,,,,,,,,,15,,"FINANCIERAS AGRUPADAS, E.F.C., S.A.",FINAN.AGRUPADAS
EFC,8376,74704,"P.S.A. CREDIT ESPAÑA, S.A., E.F.C.","P.S.A. CREDIT ESPAÑA, S.A., E.F.C.",,A28232692,CL,BEATRIZ DE BOBADILLA,14,C.EMP. J.M. CHURRUCA,28040,MADRID,,ES,,913472640,,913090009,,20/07/1998,FUSION POR ABSORCION POR LA ENTIDAD MATRIZ Y POSTERIOR APORTACION A,1463,31/08/2000,09/12/1996,,28,,N,,,,,,,,,12,"BANQUE PSA FINANCE HOLDING, SUCURSAL EN ESPAÑA","P.S.A. CREDIT ESPAÑA, S.A., E.F.C.",PSA CREDIT
EFC,8410,74704,"LICO FINANCIACION Y COBRO, S.A., E.F.C.","LICO FINANCIACION Y COBRO, S.A., ESTABLECIMIENTO FINANCIERO DE CREDITO",,A28414613,CL,MANUEL TOVAR,45,,28034,MADRID,,ES,,917291999,,917292467,,01/07/1997,POR FUSION POR ABSORCION POR,4713,06/03/2008,25/09/1996,,28,,N,,,,,,,,,12,"LICO LEASING, S.A., ESTABLECIMIENTO FINANCIERO DE CREDITO","LICO FINANCIACION Y COBRO, S.A.",LICO FYC
EFC,8449,74704,"DESCOM E.F.C., S.A.","DESCOM ESTABLECIMIENTO FINANCIERO DE CREDITO, S.A.",,A08451783,CL,CONDE DE SALVATIERRA,5-15,DESPACHO 215,8006,BARCELONA,,ES,,932375262,,932378077,,22/11/1999,POR CAMBIO DE OBJETO SOCIAL,0000,31/08/2000,21/10/1996,,8,,N,,,,,,,,,9,,"DESCOM E.F.C., S.A.",DESCOM
EFC,8490,74704,"SANTANA CREDIT, E.F.C., S.A.","SANTANA CREDIT, ESTABLECIMIENTO FINANCIERO DE CREDITO, S.A.",,A28177723,AV,DE CANTABRIA,S/N,CIUDAD GR. SANTANDER,28660,BOADILLA DEL MONTE,MADRID,ES,,912574930,,0,,10/12/2008,POR FUSION POR ABSORCION POR,8236,10/12/2008,20/11/1996,,28,,N,,,,,,,,,12,"SANTANDER CONSUMER, ESTABLECIMIENTO FINANCIERO DE CREDITO, S.A.","SANTANA CREDIT, E.F.C., S.A.",SANTANA CREDIT
EFC,8512,74704,"UNION DE CREDITOS INMOBILIARIOS, S.A., E.F.C.","UNION DE CREDITOS INMOBILIARIOS, S.A., ESTABLECIMIENTO FINANCIERO DE CREDITO",,A39025515,CL,RETAMA,3,,28045,MADRID,,ES,,913373700,,913373738,WWW.UCI.COM,,,0000,06/10/2008,31/12/1996,,28,,N,UCINESMMXXX,,,,,,,,12,,UNION CREDITOS INMOBILIARIOS,"U.C.I., SA, EFC"
EFC,8524,74704,"MONTJUICH EF E.F.C., S.A.","MONTJUICH EF ESTABLECIMIENTO FINANCIERO DE CREDITO, S.A.",,A08229544,CL,SAN JUAN DE LA SALLE,10-12,BAJO - B,8022,BARCELONA,,ES,,934181699,,934170421,,,,0000,02/04/2002,16/12/1996,,8,,N,,,,,,,,,9,,"MONTJUICH EF E.F.C., S.A.",MONTJUICH
EFC,8567,74704,FINANCIERA OVIEDO S.A. E.F.C.,FINANCIERA OVIEDO SOCIEDAD ANONIMA ESTABLECIMIENTO FINANCIERO DE CREDITO,,A33015124,CL,URIA,56,PL. 1,33003,OVIEDO,ASTURIAS,ES,,985227020,,985225043,,24/05/2010,"POR FUSION POR ABSORCION,DISOLUCION Y TRASPASO DE PATRIMONIO A",8769,24/05/2010,18/10/1996,,33,,N,,,,,,,,,3,"UNION FINANCIERA ASTURIANA, S.A., ESTABLECIMIENTO FINANCIERO DE CREDITO",FINANCIERA OVIEDO S.A. E.F.C.,FINANCIEROVIEDO
EFC,8583,74704,"FINANZIA SERVICIOS FINANCIEROS, E.F.C., S.A.","FINANZIA SERVICIOS FINANCIEROS, E.F.C., S.A.",,A28650265,CL,MARIA DE MOLINA,54,,28005,MADRID,,ES,,913744230,,913742325,,17/10/2000,POR FUSION POR ABSORCION POR,0009,20/10/2000,18/10/1996,,28,,N,,,,,,,,,12,"FINANZIA, BANCO DE CREDITO, S.A.","FINANZIA SERVICIOS FINANCIEROS, EFC",FINANZIA EFC
EFC,8596,74704,"UNION CTO. FIN. MOB. INMOB. CREDIFIMO, E.F.C. S.A.","UNION DE CREDITO PARA LA FINANCIACION MOBILIARIA E INMOBILIARIA, CREDIFIMO, E.F.C. S.A",,A28371292,PS,DE RECOLETOS,27,,28004,MADRID,,ES,,915632893,,915644112,WWW.CREDIFIMO.ES,,,0000,19/08/2008,31/12/1996,,28,CREDIFIMO,S,,,,,,,,,12,,UNION CTO. FIN. MOB. INM. CREDIFIMO,CREDIFIMO
EFC,8599,74704,"FREN, S.A. E.F.C.","FREN, SOCIEDAD ANONIMA ESTABLECIMIENTO FINANCIERO DE CREDITO",,A08111957,CL,MALLORCA,264,PL. 1 - 1,8008,BARCELONA,,ES,,932154034,,932160264,,29/05/2001,POR CAMBIO DE OBJETO SOCIAL,0000,29/05/2001,31/12/1996,,8,,N,,,,,,,,,9,,"FREN, S.A. E.F.C.",FREN
EFC,8618,74704,"MONETICIA, S.A. E.F.C.","MONETICIA, S.A. ESTABLECIMIENTO FINANCIERO DE CREDITO",,A08381337,CL,DIPUTACION,266,PL. 1,8007,BARCELONA,,ES,,934125076,,934123270,,04/06/2010,POR RENUNCIA,0000,04/06/2010,23/12/1996,,8,,N,,,,,,,,,9,,"MONETICIA, S.A. E.F.C.",MONETICIA
