ine_code_state,ine_code_province,ine_code_city,city_name,city_name_simplified,city_name_aka,city_name_aka_simplified,city_name_reordered,city_name_reordered_simplified
16,01,051,Agurain,AGURAIN,Agurain,AGURAIN,,
16,01,001,Alegría-Dulantzi,ALEGRIA-DULANTZI,,,,
16,01,002,Amurrio,AMURRIO,,,,
16,01,049,Añana,AÑANA,,,,
16,01,003,Aramaio,ARAMAIO,,,,
16,01,006,Armiñón,ARMIÑON,,,,
16,01,037,Arraia-Maeztu,ARRAIA-MAEZTU,,,,
16,01,008,Arratzua-Ubarrundia,ARRATZUA-UBARRUNDIA,,,,
16,01,004,Artziniega,ARTZINIEGA,,,,
16,01,009,Asparrena,ASPARRENA,,,,
16,01,010,Ayala,AYALA,Ayala,AYALA,,
16,01,011,Baños de Ebro,BAÑOS DE EBRO,Baños de Ebro,BAÑOS DE EBRO,,
16,01,013,Barrundia,BARRUNDIA,,,,
16,01,014,Berantevilla,BERANTEVILLA,,,,
16,01,016,Bernedo,BERNEDO,,,,
16,01,017,Campezo,CAMPEZO,Campezo,CAMPEZO,,
16,01,021,Elburgo,ELBURGO,Elburgo,ELBURGO,,
16,01,022,Elciego,ELCIEGO,,,,
16,01,023,Elvillar,ELVILLAR,Elvillar,ELVILLAR,,
16,01,047,Erriberabeitia,ERRIBERABEITIA,,,,
16,01,046,Erriberagoitia,ERRIBERAGOITIA,Erriberagoitia,ERRIBERAGOITIA,,
16,01,056,Harana,HARANA,Harana,HARANA,,
16,01,901,Iruña Oka,IRUÑA OKA,Iruña Oka,IRUÑA OKA,,
16,01,027,Iruraiz-Gauna,IRURAIZ-GAUNA,,,,
16,01,019,Kripan,KRIPAN,,,,
16,01,020,Kuartango,KUARTANGO,,,,
16,01,028,Labastida,LABASTIDA,Labastida,LABASTIDA,,
16,01,030,Lagrán,LAGRAN,,,,
16,01,031,Laguardia,LAGUARDIA,,,,
16,01,032,Lanciego,LANCIEGO,Lanciego,LANCIEGO,,
16,01,902,Lantarón,LANTARON,,,,
16,01,033,Lapuebla de Labarca,LAPUEBLA DE LABARCA,,,,
16,01,036,Laudio,LAUDIO,Laudio,LAUDIO,,
16,01,058,Legutio,LEGUTIO,,,,
16,01,034,Leza,LEZA,,,,
16,01,039,Moreda de Álava,MOREDA DE ALAVA,Moreda de Álava,MOREDA DE ALAVA,,
16,01,041,Navaridas,NAVARIDAS,,,,
16,01,042,Okondo,OKONDO,,,,
16,01,043,Oyón-Oion,OYON-OION,,,,
16,01,044,Peñacerrada-Urizaharra,PEÑACERRADA-URIZAHARRA,,,,
16,01,052,Samaniego,SAMANIEGO,,,,
16,01,053,San Millán,SAN MILLAN,San Millán,SAN MILLAN,,
16,01,054,Urkabustaiz,URKABUSTAIZ,,,,
16,01,055,Valdegovía,VALDEGOVIA,Valdegovía,VALDEGOVIA,,
16,01,057,Villabuena de Álava,VILLABUENA DE ALAVA,Villabuena de Álava,VILLABUENA DE ALAVA,,
16,01,059,Vitoria-Gasteiz,VITORIA-GASTEIZ,,,,
16,01,060,Yécora,YECORA,Yécora,YECORA,,
16,01,061,Zalduondo,ZALDUONDO,,,,
16,01,062,Zambrana,ZAMBRANA,,,,
16,01,018,Zigoitia,ZIGOITIA,,,,
16,01,063,Zuia,ZUIA,,,,
08,02,001,Abengibre,ABENGIBRE,,,,
08,02,002,Alatoz,ALATOZ,,,,
08,02,003,Albacete,ALBACETE,,,,
08,02,004,Albatana,ALBATANA,,,,
08,02,005,Alborea,ALBOREA,,,,
08,02,006,Alcadozo,ALCADOZO,,,,
08,02,007,Alcalá del Júcar,ALCALA DEL JUCAR,,,,
08,02,008,Alcaraz,ALCARAZ,,,,
08,02,009,Almansa,ALMANSA,,,,
08,02,010,Alpera,ALPERA,,,,
08,02,011,Ayna,AYNA,,,,
08,02,012,Balazote,BALAZOTE,,,,
08,02,014,"Ballestero, El","BALLESTERO, EL",,,El Ballestero,EL BALLESTERO
08,02,013,Balsa de Ves,BALSA DE VES,,,,
08,02,015,Barrax,BARRAX,,,,
08,02,016,Bienservida,BIENSERVIDA,,,,
08,02,017,Bogarra,BOGARRA,,,,
08,02,018,Bonete,BONETE,,,,
08,02,019,"Bonillo, El","BONILLO, EL",,,El Bonillo,EL BONILLO
08,02,020,Carcelén,CARCELEN,,,,
08,02,021,Casas de Juan Núñez,CASAS DE JUAN NUÑEZ,,,,
08,02,022,Casas de Lázaro,CASAS DE LAZARO,,,,
08,02,023,Casas de Ves,CASAS DE VES,,,,
08,02,024,Casas-Ibáñez,CASAS-IBAÑEZ,,,,
08,02,025,Caudete,CAUDETE,,,,
08,02,026,Cenizate,CENIZATE,,,,
08,02,029,Chinchilla de Monte-Aragón,CHINCHILLA DE MONTE-ARAGON,,,,
08,02,027,Corral-Rubio,CORRAL-RUBIO,,,,
08,02,028,Cotillas,COTILLAS,,,,
08,02,030,Elche de la Sierra,ELCHE DE LA SIERRA,,,,
08,02,031,Férez,FEREZ,,,,
08,02,032,Fuensanta,FUENSANTA,,,,
08,02,033,Fuente-Álamo,FUENTE-ALAMO,,,,
08,02,034,Fuentealbilla,FUENTEALBILLA,,,,
08,02,035,"Gineta, La","GINETA, LA",,,La Gineta,LA GINETA
08,02,036,Golosalvo,GOLOSALVO,,,,
08,02,037,Hellín,HELLIN,,,,
08,02,038,"Herrera, La","HERRERA, LA",,,La Herrera,LA HERRERA
08,02,039,Higueruela,HIGUERUELA,,,,
08,02,040,Hoya-Gonzalo,HOYA-GONZALO,,,,
08,02,041,Jorquera,JORQUERA,,,,
08,02,042,Letur,LETUR,,,,
08,02,043,Lezuza,LEZUZA,,,,
08,02,044,Liétor,LIETOR,,,,
08,02,045,Madrigueras,MADRIGUERAS,,,,
08,02,046,Mahora,MAHORA,,,,
08,02,047,Masegoso,MASEGOSO,,,,
08,02,048,Minaya,MINAYA,,,,
08,02,049,Molinicos,MOLINICOS,,,,
08,02,050,Montalvos,MONTALVOS,,,,
08,02,051,Montealegre del Castillo,MONTEALEGRE DEL CASTILLO,,,,
08,02,052,Motilleja,MOTILLEJA,,,,
08,02,053,Munera,MUNERA,,,,
08,02,054,Navas de Jorquera,NAVAS DE JORQUERA,,,,
08,02,055,Nerpio,NERPIO,,,,
08,02,056,Ontur,ONTUR,,,,
08,02,057,Ossa de Montiel,OSSA DE MONTIEL,,,,
08,02,058,Paterna del Madera,PATERNA DEL MADERA,,,,
08,02,060,Peñas de San Pedro,PEÑAS DE SAN PEDRO,,,,
08,02,059,Peñascosa,PEÑASCOSA,,,,
08,02,061,Pétrola,PETROLA,,,,
08,02,062,Povedilla,POVEDILLA,,,,
08,02,901,Pozo Cañada,POZO CAÑADA,,,,
08,02,063,Pozohondo,POZOHONDO,,,,
08,02,064,Pozo-Lorente,POZO-LORENTE,,,,
08,02,065,Pozuelo,POZUELO,,,,
08,02,066,"Recueja, La","RECUEJA, LA",,,La Recueja,LA RECUEJA
08,02,067,Riópar,RIOPAR,,,,
08,02,068,Robledo,ROBLEDO,,,,
08,02,069,"Roda, La","RODA, LA",,,La Roda,LA RODA
08,02,070,Salobre,SALOBRE,,,,
08,02,071,San Pedro,SAN PEDRO,,,,
08,02,072,Socovos,SOCOVOS,,,,
08,02,073,Tarazona de la Mancha,TARAZONA DE LA MANCHA,,,,
08,02,074,Tobarra,TOBARRA,,,,
08,02,075,Valdeganga,VALDEGANGA,,,,
08,02,076,Vianos,VIANOS,,,,
08,02,077,Villa de Ves,VILLA DE VES,,,,
08,02,078,Villalgordo del Júcar,VILLALGORDO DEL JUCAR,,,,
08,02,079,Villamalea,VILLAMALEA,,,,
08,02,080,Villapalacios,VILLAPALACIOS,,,,
08,02,081,Villarrobledo,VILLARROBLEDO,,,,
08,02,082,Villatoya,VILLATOYA,,,,
08,02,083,Villavaliente,VILLAVALIENTE,,,,
08,02,084,Villaverde de Guadalimar,VILLAVERDE DE GUADALIMAR,,,,
08,02,085,Viveros,VIVEROS,,,,
08,02,086,Yeste,YESTE,,,,
10,03,002,Agost,AGOST,,,,
10,03,003,Agres,AGRES,,,,
10,03,004,Aigües,AIGUES,,,,
10,03,005,Albatera,ALBATERA,,,,
10,03,006,Alcalalí,ALCALALI,,,,
10,03,007,Alcocer de Planes,ALCOCER DE PLANES,,,,
10,03,008,Alcoleja,ALCOLEJA,,,,
10,03,009,Alcoy,ALCOY,Alcoy,ALCOY,,
10,03,010,Alfafara,ALFAFARA,,,,
10,03,011,"Alfàs del Pi, l'","ALFAS DEL PI, L'",,,l' Alfàs del Pi,L' ALFAS DEL PI
10,03,012,Algorfa,ALGORFA,,,,
10,03,013,Algueña,ALGUEÑA,,,,
10,03,014,Alicante,ALICANTE,Alicante,ALICANTE,,
10,03,015,Almoradí,ALMORADI,,,,
10,03,016,Almudaina,ALMUDAINA,,,,
10,03,017,"Alqueria d'Asnar, l'","ALQUERIA D'ASNAR, L'",,,l' Alqueria d'Asnar,L' ALQUERIA D'ASNAR
10,03,018,Altea,ALTEA,,,,
10,03,019,Aspe,ASPE,,,,
10,03,001,"Atzúbia, l'","ATZUBIA, L'",,,l' Atzúbia,L' ATZUBIA
10,03,020,Balones,BALONES,,,,
10,03,021,Banyeres de Mariola,BANYERES DE MARIOLA,,,,
10,03,022,Benasau,BENASAU,,,,
10,03,023,Beneixama,BENEIXAMA,,,,
10,03,024,Benejúzar,BENEJUZAR,,,,
10,03,025,Benferri,BENFERRI,,,,
10,03,026,Beniarbeig,BENIARBEIG,,,,
10,03,027,Beniardá,BENIARDA,,,,
10,03,028,Beniarrés,BENIARRES,,,,
10,03,030,Benidoleig,BENIDOLEIG,,,,
10,03,031,Benidorm,BENIDORM,,,,
10,03,032,Benifallim,BENIFALLIM,,,,
10,03,033,Benifato,BENIFATO,,,,
10,03,029,Benigembla,BENIGEMBLA,,,,
10,03,034,Benijófar,BENIJOFAR,,,,
10,03,035,Benilloba,BENILLOBA,,,,
10,03,036,Benillup,BENILLUP,,,,
10,03,037,Benimantell,BENIMANTELL,,,,
10,03,038,Benimarfull,BENIMARFULL,,,,
10,03,039,Benimassot,BENIMASSOT,,,,
10,03,040,Benimeli,BENIMELI,,,,
10,03,041,Benissa,BENISSA,,,,
10,03,042,Benitachell,BENITACHELL,Benitachell,BENITACHELL,,
10,03,043,Biar,BIAR,,,,
10,03,044,Bigastro,BIGASTRO,,,,
10,03,045,Bolulla,BOLULLA,,,,
10,03,046,Busot,BUSOT,,,,
10,03,049,Callosa de Segura,CALLOSA DE SEGURA,,,,
10,03,048,Callosa d'en Sarrià,CALLOSA D'EN SARRIA,,,,
10,03,047,Calp,CALP,,,,
10,03,050,"Campello, el","CAMPELLO, EL",,,el Campello,EL CAMPELLO
10,03,051,Campo de Mirra,CAMPO DE MIRRA,Campo de Mirra,CAMPO DE MIRRA,,
10,03,052,Cañada,CAÑADA,,,,
10,03,053,Castalla,CASTALLA,,,,
10,03,054,Castell de Castells,CASTELL DE CASTELLS,,,,
10,03,075,"Castell de Guadalest, el","CASTELL DE GUADALEST, EL",,,el Castell de Guadalest,EL CASTELL DE GUADALEST
10,03,055,Catral,CATRAL,,,,
10,03,056,Cocentaina,COCENTAINA,,,,
10,03,057,Confrides,CONFRIDES,,,,
10,03,058,Cox,COX,,,,
10,03,059,Crevillent,CREVILLENT,,,,
10,03,061,Daya Nueva,DAYA NUEVA,,,,
10,03,062,Daya Vieja,DAYA VIEJA,,,,
10,03,063,Dénia,DENIA,,,,
10,03,064,Dolores,DOLORES,,,,
10,03,065,Elche,ELCHE,Elche,ELCHE,,
10,03,066,Elda,ELDA,,,,
10,03,067,Facheca,FACHECA,,,,
10,03,068,Famorca,FAMORCA,,,,
10,03,069,Finestrat,FINESTRAT,,,,
10,03,077,"Fondó de les Neus, el","FONDO DE LES NEUS, EL","Fondó de les Neus, el","FONDO DE LES NEUS, EL",el Fondó de les Neus,EL FONDO DE LES NEUS
10,03,070,Formentera del Segura,FORMENTERA DEL SEGURA,,,,
10,03,072,Gaianes,GAIANES,,,,
10,03,071,Gata de Gorgos,GATA DE GORGOS,,,,
10,03,073,Gorga,GORGA,,,,
10,03,074,Granja de Rocamora,GRANJA DE ROCAMORA,,,,
10,03,076,Guardamar del Segura,GUARDAMAR DEL SEGURA,,,,
10,03,078,Hondón de los Frailes,HONDON DE LOS FRAILES,,,,
10,03,079,Ibi,IBI,,,,
10,03,080,Jacarilla,JACARILLA,,,,
10,03,082,Jávea,JAVEA,Jávea,JAVEA,,
10,03,083,Jijona,JIJONA,Jijona,JIJONA,,
10,03,085,Llíber,LLIBER,,,,
10,03,084,Lorcha,LORCHA,Lorcha,LORCHA,,
10,03,086,Millena,MILLENA,,,,
10,03,088,Monforte del Cid,MONFORTE DEL CID,,,,
10,03,089,Monóvar,MONOVAR,Monóvar,MONOVAR,,
10,03,903,"Montesinos, Los","MONTESINOS, LOS",,,Los Montesinos,LOS MONTESINOS
10,03,091,Murla,MURLA,,,,
10,03,092,Muro de Alcoy,MURO DE ALCOY,,,,
10,03,090,Mutxamel,MUTXAMEL,,,,
10,03,093,Novelda,NOVELDA,,,,
10,03,094,"Nucia, la","NUCIA, LA",,,la Nucia,LA NUCIA
10,03,095,Ondara,ONDARA,,,,
10,03,096,Onil,ONIL,,,,
10,03,097,Orba,ORBA,,,,
10,03,099,Orihuela,ORIHUELA,,,,
10,03,098,Orxeta,ORXETA,,,,
10,03,100,Parcent,PARCENT,,,,
10,03,101,Pedreguer,PEDREGUER,,,,
10,03,102,Pego,PEGO,,,,
10,03,103,Penàguila,PENAGUILA,,,,
10,03,104,Petrer,PETRER,,,,
10,03,902,Pilar de la Horadada,PILAR DE LA HORADADA,,,,
10,03,105,"Pinós, el","PINOS, EL","Pinós, el","PINOS, EL",el Pinós,EL PINOS
10,03,106,Planes,PLANES,,,,
10,03,901,"Poblets, els","POBLETS, ELS",,,els Poblets,ELS POBLETS
10,03,107,Polop,POLOP,,,,
10,03,060,Quatretondeta,QUATRETONDETA,,,,
10,03,109,Rafal,RAFAL,,,,
10,03,110,"Ràfol d'Almúnia, el","RAFOL D'ALMUNIA, EL",,,el Ràfol d'Almúnia,EL RAFOL D'ALMUNIA
10,03,111,Redován,REDOVAN,,,,
10,03,112,Relleu,RELLEU,,,,
10,03,113,Rojales,ROJALES,,,,
10,03,114,"Romana, la","ROMANA, LA",,,la Romana,LA ROMANA
10,03,115,Sagra,SAGRA,,,,
10,03,116,Salinas,SALINAS,,,,
10,03,118,San Fulgencio,SAN FULGENCIO,,,,
10,03,904,San Isidro,SAN ISIDRO,,,,
10,03,120,San Miguel de Salinas,SAN MIGUEL DE SALINAS,,,,
10,03,122,San Vicente del Raspeig,SAN VICENTE DEL RASPEIG,San Vicente del Raspeig,SAN VICENTE DEL RASPEIG,,
10,03,117,Sanet y Negrals,SANET Y NEGRALS,,,,
10,03,119,Sant Joan d'Alacant,SANT JOAN D'ALACANT,,,,
10,03,121,Santa Pola,SANTA POLA,,,,
10,03,123,Sax,SAX,,,,
10,03,124,Sella,SELLA,,,,
10,03,125,Senija,SENIJA,,,,
10,03,127,Tàrbena,TARBENA,,,,
10,03,128,Teulada,TEULADA,,,,
10,03,129,Tibi,TIBI,,,,
10,03,130,Tollos,TOLLOS,,,,
10,03,131,Tormos,TORMOS,,,,
10,03,132,Torremanzanas,TORREMANZANAS,Torremanzanas,TORREMANZANAS,,
10,03,133,Torrevieja,TORREVIEJA,,,,
10,03,134,"Vall d'Alcalà, la","VALL D'ALCALA, LA",,,la Vall d'Alcalà,LA VALL D'ALCALA
10,03,136,Vall de Gallinera,VALL DE GALLINERA,,,,
10,03,137,"Vall de Laguar, la","VALL DE LAGUAR, LA",,,la Vall de Laguar,LA VALL DE LAGUAR
10,03,135,"Vall d'Ebo, la","VALL D'EBO, LA",,,la Vall d'Ebo,LA VALL D'EBO
10,03,138,"Verger, el","VERGER, EL",,,el Verger,EL VERGER
10,03,139,Villajoyosa,VILLAJOYOSA,Villajoyosa,VILLAJOYOSA,,
10,03,140,Villena,VILLENA,,,,
10,03,081,Xaló,XALO,,,,
01,04,001,Abla,ABLA,,,,
01,04,002,Abrucena,ABRUCENA,,,,
01,04,003,Adra,ADRA,,,,
01,04,004,Albanchez,ALBANCHEZ,,,,
01,04,005,Alboloduy,ALBOLODUY,,,,
01,04,006,Albox,ALBOX,,,,
01,04,007,Alcolea,ALCOLEA,,,,
01,04,008,Alcóntar,ALCONTAR,,,,
01,04,009,Alcudia de Monteagud,ALCUDIA DE MONTEAGUD,,,,
01,04,010,Alhabia,ALHABIA,,,,
01,04,011,Alhama de Almería,ALHAMA DE ALMERIA,,,,
01,04,012,Alicún,ALICUN,,,,
01,04,013,Almería,ALMERIA,,,,
01,04,014,Almócita,ALMOCITA,,,,
01,04,015,Alsodux,ALSODUX,,,,
01,04,016,Antas,ANTAS,,,,
01,04,017,Arboleas,ARBOLEAS,,,,
01,04,018,Armuña de Almanzora,ARMUÑA DE ALMANZORA,,,,
01,04,019,Bacares,BACARES,,,,
01,04,904,Balanegra,BALANEGRA,,,,
01,04,020,Bayárcal,BAYARCAL,,,,
01,04,021,Bayarque,BAYARQUE,,,,
01,04,022,Bédar,BEDAR,,,,
01,04,023,Beires,BEIRES,,,,
01,04,024,Benahadux,BENAHADUX,,,,
01,04,026,Benitagla,BENITAGLA,,,,
01,04,027,Benizalón,BENIZALON,,,,
01,04,028,Bentarique,BENTARIQUE,,,,
01,04,029,Berja,BERJA,,,,
01,04,030,Canjáyar,CANJAYAR,,,,
01,04,031,Cantoria,CANTORIA,,,,
01,04,032,Carboneras,CARBONERAS,,,,
01,04,033,Castro de Filabres,CASTRO DE FILABRES,,,,
01,04,036,Chercos,CHERCOS,,,,
01,04,037,Chirivel,CHIRIVEL,,,,
01,04,034,Cóbdar,COBDAR,,,,
01,04,035,Cuevas del Almanzora,CUEVAS DEL ALMANZORA,,,,
01,04,038,Dalías,DALIAS,,,,
01,04,902,"Ejido, El","EJIDO, EL",,,El Ejido,EL EJIDO
01,04,041,Enix,ENIX,,,,
01,04,043,Felix,FELIX,,,,
01,04,044,Fines,FINES,,,,
01,04,045,Fiñana,FIÑANA,,,,
01,04,046,Fondón,FONDON,,,,
01,04,047,Gádor,GADOR,,,,
01,04,048,"Gallardos, Los","GALLARDOS, LOS",,,Los Gallardos,LOS GALLARDOS
01,04,049,Garrucha,GARRUCHA,,,,
01,04,050,Gérgal,GERGAL,,,,
01,04,051,Huécija,HUECIJA,,,,
01,04,052,Huércal de Almería,HUERCAL DE ALMERIA,,,,
01,04,053,Huércal-Overa,HUERCAL-OVERA,,,,
01,04,054,Íllar,ILLAR,,,,
01,04,055,Instinción,INSTINCION,,,,
01,04,056,Laroya,LAROYA,,,,
01,04,057,Láujar de Andarax,LAUJAR DE ANDARAX,,,,
01,04,058,Líjar,LIJAR,,,,
01,04,059,Lubrín,LUBRIN,,,,
01,04,060,Lucainena de las Torres,LUCAINENA DE LAS TORRES,,,,
01,04,061,Lúcar,LUCAR,,,,
01,04,062,Macael,MACAEL,,,,
01,04,063,María,MARIA,,,,
01,04,064,Mojácar,MOJACAR,,,,
01,04,903,"Mojonera, La","MOJONERA, LA",,,La Mojonera,LA MOJONERA
01,04,065,Nacimiento,NACIMIENTO,,,,
01,04,066,Níjar,NIJAR,,,,
01,04,067,Ohanes,OHANES,,,,
01,04,068,Olula de Castro,OLULA DE CASTRO,,,,
01,04,069,Olula del Río,OLULA DEL RIO,,,,
01,04,070,Oria,ORIA,,,,
01,04,071,Padules,PADULES,,,,
01,04,072,Partaloa,PARTALOA,,,,
01,04,073,Paterna del Río,PATERNA DEL RIO,,,,
01,04,074,Pechina,PECHINA,,,,
01,04,075,Pulpí,PULPI,,,,
01,04,076,Purchena,PURCHENA,,,,
01,04,077,Rágol,RAGOL,,,,
01,04,078,Rioja,RIOJA,,,,
01,04,079,Roquetas de Mar,ROQUETAS DE MAR,,,,
01,04,080,Santa Cruz de Marchena,SANTA CRUZ DE MARCHENA,,,,
01,04,081,Santa Fe de Mondújar,SANTA FE DE MONDUJAR,,,,
01,04,082,Senés,SENES,,,,
01,04,083,Serón,SERON,,,,
01,04,084,Sierro,SIERRO,,,,
01,04,085,Somontín,SOMONTIN,,,,
01,04,086,Sorbas,SORBAS,,,,
01,04,087,Suflí,SUFLI,,,,
01,04,088,Tabernas,TABERNAS,,,,
01,04,089,Taberno,TABERNO,,,,
01,04,090,Tahal,TAHAL,,,,
01,04,091,Terque,TERQUE,,,,
01,04,092,Tíjola,TIJOLA,,,,
01,04,901,"Tres Villas, Las","TRES VILLAS, LAS",,,Las Tres Villas,LAS TRES VILLAS
01,04,093,Turre,TURRE,,,,
01,04,094,Turrillas,TURRILLAS,,,,
01,04,095,Uleila del Campo,ULEILA DEL CAMPO,,,,
01,04,096,Urrácal,URRACAL,,,,
01,04,097,Velefique,VELEFIQUE,,,,
01,04,098,Vélez-Blanco,VELEZ-BLANCO,,,,
01,04,099,Vélez-Rubio,VELEZ-RUBIO,,,,
01,04,100,Vera,VERA,,,,
01,04,101,Viator,VIATOR,,,,
01,04,102,Vícar,VICAR,,,,
01,04,103,Zurgena,ZURGENA,,,,
07,05,001,Adanero,ADANERO,,,,
07,05,002,"Adrada, La","ADRADA, LA",,,La Adrada,LA ADRADA
07,05,005,Albornos,ALBORNOS,,,,
07,05,007,Aldeanueva de Santa Cruz,ALDEANUEVA DE SANTA CRUZ,,,,
07,05,008,Aldeaseca,ALDEASECA,,,,
07,05,010,"Aldehuela, La","ALDEHUELA, LA",,,La Aldehuela,LA ALDEHUELA
07,05,012,Amavida,AMAVIDA,,,,
07,05,013,"Arenal, El","ARENAL, EL",,,El Arenal,EL ARENAL
07,05,014,Arenas de San Pedro,ARENAS DE SAN PEDRO,,,,
07,05,015,Arevalillo,AREVALILLO,,,,
07,05,016,Arévalo,AREVALO,,,,
07,05,017,Aveinte,AVEINTE,,,,
07,05,018,Avellaneda,AVELLANEDA,,,,
07,05,019,Ávila,AVILA,,,,
07,05,021,"Barco de Ávila, El","BARCO DE AVILA, EL",,,El Barco de Ávila,EL BARCO DE AVILA
07,05,022,"Barraco, El","BARRACO, EL",,,El Barraco,EL BARRACO
07,05,023,Barromán,BARROMAN,,,,
07,05,024,Becedas,BECEDAS,,,,
07,05,025,Becedillas,BECEDILLAS,,,,
07,05,026,Bercial de Zapardiel,BERCIAL DE ZAPARDIEL,,,,
07,05,027,"Berlanas, Las","BERLANAS, LAS",,,Las Berlanas,LAS BERLANAS
07,05,029,Bernuy-Zapardiel,BERNUY-ZAPARDIEL,,,,
07,05,030,Berrocalejo de Aragona,BERROCALEJO DE ARAGONA,,,,
07,05,033,Blascomillán,BLASCOMILLAN,,,,
07,05,034,Blasconuño de Matacabras,BLASCONUÑO DE MATACABRAS,,,,
07,05,035,Blascosancho,BLASCOSANCHO,,,,
07,05,036,"Bohodón, El","BOHODON, EL",,,El Bohodón,EL BOHODON
07,05,037,Bohoyo,BOHOYO,,,,
07,05,038,Bonilla de la Sierra,BONILLA DE LA SIERRA,,,,
07,05,039,Brabos,BRABOS,,,,
07,05,040,Bularros,BULARROS,,,,
07,05,041,Burgohondo,BURGOHONDO,,,,
07,05,042,Cabezas de Alambre,CABEZAS DE ALAMBRE,,,,
07,05,043,Cabezas del Pozo,CABEZAS DEL POZO,,,,
07,05,044,Cabezas del Villar,CABEZAS DEL VILLAR,,,,
07,05,045,Cabizuela,CABIZUELA,,,,
07,05,046,Canales,CANALES,,,,
07,05,047,Candeleda,CANDELEDA,,,,
07,05,048,Cantiveros,CANTIVEROS,,,,
07,05,049,Cardeñosa,CARDEÑOSA,,,,
07,05,051,"Carrera, La","CARRERA, LA",,,La Carrera,LA CARRERA
07,05,052,Casas del Puerto,CASAS DEL PUERTO,,,,
07,05,053,Casasola,CASASOLA,,,,
07,05,054,Casavieja,CASAVIEJA,,,,
07,05,055,Casillas,CASILLAS,,,,
07,05,056,Castellanos de Zapardiel,CASTELLANOS DE ZAPARDIEL,,,,
07,05,057,Cebreros,CEBREROS,,,,
07,05,058,Cepeda la Mora,CEPEDA LA MORA,,,,
07,05,067,Chamartín,CHAMARTIN,,,,
07,05,059,Cillán,CILLAN,,,,
07,05,060,Cisla,CISLA,,,,
07,05,061,"Colilla, La","COLILLA, LA",,,La Colilla,LA COLILLA
07,05,062,Collado de Contreras,COLLADO DE CONTRERAS,,,,
07,05,063,Collado del Mirón,COLLADO DEL MIRON,,,,
07,05,064,Constanzana,CONSTANZANA,,,,
07,05,065,Crespos,CRESPOS,,,,
07,05,066,Cuevas del Valle,CUEVAS DEL VALLE,,,,
07,05,903,Diego del Carpio,DIEGO DEL CARPIO,,,,
07,05,069,Donjimeno,DONJIMENO,,,,
07,05,070,Donvidas,DONVIDAS,,,,
07,05,072,Espinosa de los Caballeros,ESPINOSA DE LOS CABALLEROS,,,,
07,05,073,Flores de Ávila,FLORES DE AVILA,,,,
07,05,074,Fontiveros,FONTIVEROS,,,,
07,05,075,Fresnedilla,FRESNEDILLA,,,,
07,05,076,"Fresno, El","FRESNO, EL",,,El Fresno,EL FRESNO
07,05,077,Fuente el Saúz,FUENTE EL SAUZ,,,,
07,05,078,Fuentes de Año,FUENTES DE AÑO,,,,
07,05,079,Gallegos de Altamiros,GALLEGOS DE ALTAMIROS,,,,
07,05,080,Gallegos de Sobrinos,GALLEGOS DE SOBRINOS,,,,
07,05,081,Garganta del Villar,GARGANTA DEL VILLAR,,,,
07,05,082,Gavilanes,GAVILANES,,,,
07,05,083,Gemuño,GEMUÑO,,,,
07,05,085,Gil García,GIL GARCIA,,,,
07,05,084,Gilbuena,GILBUENA,,,,
07,05,086,Gimialcón,GIMIALCON,,,,
07,05,087,Gotarrendura,GOTARRENDURA,,,,
07,05,088,Grandes y San Martín,GRANDES Y SAN MARTIN,,,,
07,05,089,Guisando,GUISANDO,,,,
07,05,090,Gutierre-Muñoz,GUTIERRE-MUÑOZ,,,,
07,05,092,Hernansancho,HERNANSANCHO,,,,
07,05,093,Herradón de Pinares,HERRADON DE PINARES,,,,
07,05,094,Herreros de Suso,HERREROS DE SUSO,,,,
07,05,095,Higuera de las Dueñas,HIGUERA DE LAS DUEÑAS,,,,
07,05,096,"Hija de Dios, La","HIJA DE DIOS, LA",,,La Hija de Dios,LA HIJA DE DIOS
07,05,097,"Horcajada, La","HORCAJADA, LA",,,La Horcajada,LA HORCAJADA
07,05,099,Horcajo de las Torres,HORCAJO DE LAS TORRES,,,,
07,05,100,"Hornillo, El","HORNILLO, EL",,,El Hornillo,EL HORNILLO
07,05,102,"Hoyo de Pinares, El","HOYO DE PINARES, EL",,,El Hoyo de Pinares,EL HOYO DE PINARES
07,05,101,Hoyocasero,HOYOCASERO,,,,
07,05,103,Hoyorredondo,HOYORREDONDO,,,,
07,05,106,Hoyos de Miguel Muñoz,HOYOS DE MIGUEL MUÑOZ,,,,
07,05,104,Hoyos del Collado,HOYOS DEL COLLADO,,,,
07,05,105,Hoyos del Espino,HOYOS DEL ESPINO,,,,
07,05,107,Hurtumpascual,HURTUMPASCUAL,,,,
07,05,108,Junciana,JUNCIANA,,,,
07,05,109,Langa,LANGA,,,,
07,05,110,Lanzahíta,LANZAHITA,,,,
07,05,113,"Llanos de Tormes, Los","LLANOS DE TORMES, LOS",,,Los Llanos de Tormes,LOS LLANOS DE TORMES
07,05,112,"Losar del Barco, El","LOSAR DEL BARCO, EL",,,El Losar del Barco,EL LOSAR DEL BARCO
07,05,114,Madrigal de las Altas Torres,MADRIGAL DE LAS ALTAS TORRES,,,,
07,05,115,Maello,MAELLO,,,,
07,05,116,Malpartida de Corneja,MALPARTIDA DE CORNEJA,,,,
07,05,117,Mamblas,MAMBLAS,,,,
07,05,118,Mancera de Arriba,MANCERA DE ARRIBA,,,,
07,05,119,Manjabálago y Ortigosa de Rioalmar,MANJABALAGO Y ORTIGOSA DE RIOALMAR,,,,
07,05,120,Marlín,MARLIN,,,,
07,05,121,Martiherrero,MARTIHERRERO,,,,
07,05,122,Martínez,MARTINEZ,,,,
07,05,123,Mediana de Voltoya,MEDIANA DE VOLTOYA,,,,
07,05,124,Medinilla,MEDINILLA,,,,
07,05,125,Mengamuñoz,MENGAMUÑOZ,,,,
07,05,126,Mesegar de Corneja,MESEGAR DE CORNEJA,,,,
07,05,127,Mijares,MIJARES,,,,
07,05,128,Mingorría,MINGORRIA,,,,
07,05,129,"Mirón, El","MIRON, EL",,,El Mirón,EL MIRON
07,05,130,Mironcillo,MIRONCILLO,,,,
07,05,131,Mirueña de los Infanzones,MIRUEÑA DE LOS INFANZONES,,,,
07,05,132,Mombeltrán,MOMBELTRAN,,,,
07,05,133,Monsalupe,MONSALUPE,,,,
07,05,134,Moraleja de Matacabras,MORALEJA DE MATACABRAS,,,,
07,05,135,Muñana,MUÑANA,,,,
07,05,136,Muñico,MUÑICO,,,,
07,05,138,Muñogalindo,MUÑOGALINDO,,,,
07,05,139,Muñogrande,MUÑOGRANDE,,,,
07,05,140,Muñomer del Peco,MUÑOMER DEL PECO,,,,
07,05,141,Muñopepe,MUÑOPEPE,,,,
07,05,142,Muñosancho,MUÑOSANCHO,,,,
07,05,143,Muñotello,MUÑOTELLO,,,,
07,05,144,Narrillos del Álamo,NARRILLOS DEL ALAMO,,,,
07,05,145,Narrillos del Rebollar,NARRILLOS DEL REBOLLAR,,,,
07,05,149,Narros de Saldueña,NARROS DE SALDUEÑA,,,,
07,05,147,Narros del Castillo,NARROS DEL CASTILLO,,,,
07,05,148,Narros del Puerto,NARROS DEL PUERTO,,,,
07,05,152,Nava de Arévalo,NAVA DE AREVALO,,,,
07,05,153,Nava del Barco,NAVA DEL BARCO,,,,
07,05,151,Navacepedilla de Corneja,NAVACEPEDILLA DE CORNEJA,,,,
07,05,154,Navadijos,NAVADIJOS,,,,
07,05,155,Navaescurial,NAVAESCURIAL,,,,
07,05,156,Navahondilla,NAVAHONDILLA,,,,
07,05,157,Navalacruz,NAVALACRUZ,,,,
07,05,158,Navalmoral,NAVALMORAL,,,,
07,05,159,Navalonguilla,NAVALONGUILLA,,,,
07,05,160,Navalosa,NAVALOSA,,,,
07,05,161,Navalperal de Pinares,NAVALPERAL DE PINARES,,,,
07,05,162,Navalperal de Tormes,NAVALPERAL DE TORMES,,,,
07,05,163,Navaluenga,NAVALUENGA,,,,
07,05,164,Navaquesera,NAVAQUESERA,,,,
07,05,165,Navarredonda de Gredos,NAVARREDONDA DE GREDOS,,,,
07,05,166,Navarredondilla,NAVARREDONDILLA,,,,
07,05,167,Navarrevisca,NAVARREVISCA,,,,
07,05,168,"Navas del Marqués, Las","NAVAS DEL MARQUES, LAS",,,Las Navas del Marqués,LAS NAVAS DEL MARQUES
07,05,169,Navatalgordo,NAVATALGORDO,,,,
07,05,170,Navatejares,NAVATEJARES,,,,
07,05,171,Neila de San Miguel,NEILA DE SAN MIGUEL,,,,
07,05,172,Niharra,NIHARRA,,,,
07,05,173,Ojos-Albos,OJOS-ALBOS,,,,
07,05,174,Orbita,ORBITA,,,,
07,05,175,"Oso, El","OSO, EL",,,El Oso,EL OSO
07,05,176,Padiernos,PADIERNOS,,,,
07,05,177,Pajares de Adaja,PAJARES DE ADAJA,,,,
07,05,178,Palacios de Goda,PALACIOS DE GODA,,,,
07,05,179,Papatrigo,PAPATRIGO,,,,
07,05,180,"Parral, El","PARRAL, EL",,,El Parral,EL PARRAL
07,05,181,Pascualcobo,PASCUALCOBO,,,,
07,05,182,Pedro Bernardo,PEDRO BERNARDO,,,,
07,05,183,Pedro-Rodríguez,PEDRO-RODRIGUEZ,,,,
07,05,184,Peguerinos,PEGUERINOS,,,,
07,05,185,Peñalba de Ávila,PEÑALBA DE AVILA,,,,
07,05,186,Piedrahíta,PIEDRAHITA,,,,
07,05,187,Piedralaves,PIEDRALAVES,,,,
07,05,188,Poveda,POVEDA,,,,
07,05,189,Poyales del Hoyo,POYALES DEL HOYO,,,,
07,05,190,Pozanco,POZANCO,,,,
07,05,191,Pradosegar,PRADOSEGAR,,,,
07,05,192,Puerto Castilla,PUERTO CASTILLA,,,,
07,05,193,Rasueros,RASUEROS,,,,
07,05,194,Riocabado,RIOCABADO,,,,
07,05,195,Riofrío,RIOFRIO,,,,
07,05,196,Rivilla de Barajas,RIVILLA DE BARAJAS,,,,
07,05,197,Salobral,SALOBRAL,,,,
07,05,198,Salvadiós,SALVADIOS,,,,
07,05,199,San Bartolomé de Béjar,SAN BARTOLOME DE BEJAR,,,,
07,05,200,San Bartolomé de Corneja,SAN BARTOLOME DE CORNEJA,,,,
07,05,201,San Bartolomé de Pinares,SAN BARTOLOME DE PINARES,,,,
07,05,206,San Esteban de los Patos,SAN ESTEBAN DE LOS PATOS,,,,
07,05,208,San Esteban de Zapardiel,SAN ESTEBAN DE ZAPARDIEL,,,,
07,05,207,San Esteban del Valle,SAN ESTEBAN DEL VALLE,,,,
07,05,209,San García de Ingelmos,SAN GARCIA DE INGELMOS,,,,
07,05,901,San Juan de Gredos,SAN JUAN DE GREDOS,,,,
07,05,210,San Juan de la Encinilla,SAN JUAN DE LA ENCINILLA,,,,
07,05,211,San Juan de la Nava,SAN JUAN DE LA NAVA,,,,
07,05,212,San Juan del Molinillo,SAN JUAN DEL MOLINILLO,,,,
07,05,213,San Juan del Olmo,SAN JUAN DEL OLMO,,,,
07,05,214,San Lorenzo de Tormes,SAN LORENZO DE TORMES,,,,
07,05,215,San Martín de la Vega del Alberche,SAN MARTIN DE LA VEGA DEL ALBERCHE,,,,
07,05,216,San Martín del Pimpollar,SAN MARTIN DEL PIMPOLLAR,,,,
07,05,217,San Miguel de Corneja,SAN MIGUEL DE CORNEJA,,,,
07,05,218,San Miguel de Serrezuela,SAN MIGUEL DE SERREZUELA,,,,
07,05,219,San Pascual,SAN PASCUAL,,,,
07,05,220,San Pedro del Arroyo,SAN PEDRO DEL ARROYO,,,,
07,05,231,San Vicente de Arévalo,SAN VICENTE DE AREVALO,,,,
07,05,204,Sanchidrián,SANCHIDRIAN,,,,
07,05,205,Sanchorreja,SANCHORREJA,,,,
07,05,222,Santa Cruz de Pinares,SANTA CRUZ DE PINARES,,,,
07,05,221,Santa Cruz del Valle,SANTA CRUZ DEL VALLE,,,,
07,05,226,Santa María de los Caballeros,SANTA MARIA DE LOS CABALLEROS,,,,
07,05,224,Santa María del Arroyo,SANTA MARIA DEL ARROYO,,,,
07,05,225,Santa María del Berrocal,SANTA MARIA DEL BERROCAL,,,,
07,05,902,Santa María del Cubillo,SANTA MARIA DEL CUBILLO,,,,
07,05,227,Santa María del Tiétar,SANTA MARIA DEL TIETAR,,,,
07,05,228,Santiago del Collado,SANTIAGO DEL COLLADO,,,,
07,05,904,Santiago del Tormes,SANTIAGO DEL TORMES,,,,
07,05,229,Santo Domingo de las Posadas,SANTO DOMINGO DE LAS POSADAS,,,,
07,05,230,Santo Tomé de Zabarcos,SANTO TOME DE ZABARCOS,,,,
07,05,232,"Serrada, La","SERRADA, LA",,,La Serrada,LA SERRADA
07,05,233,Serranillos,SERRANILLOS,,,,
07,05,234,Sigeres,SIGERES,,,,
07,05,235,Sinlabajos,SINLABAJOS,,,,
07,05,236,Solana de Ávila,SOLANA DE AVILA,,,,
07,05,237,Solana de Rioalmar,SOLANA DE RIOALMAR,,,,
07,05,238,Solosancho,SOLOSANCHO,,,,
07,05,239,Sotalbo,SOTALBO,,,,
07,05,240,Sotillo de la Adrada,SOTILLO DE LA ADRADA,,,,
07,05,241,"Tiemblo, El","TIEMBLO, EL",,,El Tiemblo,EL TIEMBLO
07,05,242,Tiñosillos,TIÑOSILLOS,,,,
07,05,243,Tolbaños,TOLBAÑOS,,,,
07,05,244,Tormellas,TORMELLAS,,,,
07,05,245,Tornadizos de Ávila,TORNADIZOS DE AVILA,,,,
07,05,247,"Torre, La","TORRE, LA",,,La Torre,LA TORRE
07,05,246,Tórtoles,TORTOLES,,,,
07,05,249,Umbrías,UMBRIAS,,,,
07,05,251,Vadillo de la Sierra,VADILLO DE LA SIERRA,,,,
07,05,252,Valdecasa,VALDECASA,,,,
07,05,253,Vega de Santa María,VEGA DE SANTA MARIA,,,,
07,05,254,Velayos,VELAYOS,,,,
07,05,256,Villaflor,VILLAFLOR,,,,
07,05,257,Villafranca de la Sierra,VILLAFRANCA DE LA SIERRA,,,,
07,05,905,Villanueva de Ávila,VILLANUEVA DE AVILA,,,,
07,05,258,Villanueva de Gómez,VILLANUEVA DE GOMEZ,,,,
07,05,259,Villanueva del Aceral,VILLANUEVA DEL ACERAL,,,,
07,05,260,Villanueva del Campillo,VILLANUEVA DEL CAMPILLO,,,,
07,05,261,Villar de Corneja,VILLAR DE CORNEJA,,,,
07,05,262,Villarejo del Valle,VILLAREJO DEL VALLE,,,,
07,05,263,Villatoro,VILLATORO,,,,
07,05,264,Viñegra de Moraña,VIÑEGRA DE MORAÑA,,,,
07,05,265,Vita,VITA,,,,
07,05,266,Zapardiel de la Cañada,ZAPARDIEL DE LA CAÑADA,,,,
07,05,267,Zapardiel de la Ribera,ZAPARDIEL DE LA RIBERA,,,,
11,06,001,Acedera,ACEDERA,,,,
11,06,002,Aceuchal,ACEUCHAL,,,,
11,06,003,Ahillones,AHILLONES,,,,
11,06,004,Alange,ALANGE,,,,
11,06,005,"Albuera, La","ALBUERA, LA",,,La Albuera,LA ALBUERA
11,06,006,Alburquerque,ALBURQUERQUE,,,,
11,06,007,Alconchel,ALCONCHEL,,,,
11,06,008,Alconera,ALCONERA,,,,
11,06,009,Aljucén,ALJUCEN,,,,
11,06,010,Almendral,ALMENDRAL,,,,
11,06,011,Almendralejo,ALMENDRALEJO,,,,
11,06,012,Arroyo de San Serván,ARROYO DE SAN SERVAN,,,,
11,06,013,Atalaya,ATALAYA,,,,
11,06,014,Azuaga,AZUAGA,,,,
11,06,015,Badajoz,BADAJOZ,,,,
11,06,016,Barcarrota,BARCARROTA,,,,
11,06,017,Baterno,BATERNO,,,,
11,06,018,Benquerencia de la Serena,BENQUERENCIA DE LA SERENA,,,,
11,06,019,Berlanga,BERLANGA,,,,
11,06,020,Bienvenida,BIENVENIDA,,,,
11,06,021,Bodonal de la Sierra,BODONAL DE LA SIERRA,,,,
11,06,022,Burguillos del Cerro,BURGUILLOS DEL CERRO,,,,
11,06,023,Cabeza del Buey,CABEZA DEL BUEY,,,,
11,06,024,Cabeza la Vaca,CABEZA LA VACA,,,,
11,06,025,Calamonte,CALAMONTE,,,,
11,06,026,Calera de León,CALERA DE LEON,,,,
11,06,027,Calzadilla de los Barros,CALZADILLA DE LOS BARROS,,,,
11,06,028,Campanario,CAMPANARIO,,,,
11,06,029,Campillo de Llerena,CAMPILLO DE LLERENA,,,,
11,06,030,Capilla,CAPILLA,,,,
11,06,031,Carmonita,CARMONITA,,,,
11,06,032,"Carrascalejo, El","CARRASCALEJO, EL",,,El Carrascalejo,EL CARRASCALEJO
11,06,033,Casas de Don Pedro,CASAS DE DON PEDRO,,,,
11,06,034,Casas de Reina,CASAS DE REINA,,,,
11,06,035,Castilblanco,CASTILBLANCO,,,,
11,06,036,Castuera,CASTUERA,,,,
11,06,042,Cheles,CHELES,,,,
11,06,037,"Codosera, La","CODOSERA, LA",,,La Codosera,LA CODOSERA
11,06,038,Cordobilla de Lácara,CORDOBILLA DE LACARA,,,,
11,06,039,"Coronada, La","CORONADA, LA",,,La Coronada,LA CORONADA
11,06,040,Corte de Peleas,CORTE DE PELEAS,,,,
11,06,041,Cristina,CRISTINA,,,,
11,06,043,Don Álvaro,DON ALVARO,,,,
11,06,044,Don Benito,DON BENITO,,,,
11,06,045,Entrín Bajo,ENTRIN BAJO,,,,
11,06,046,Esparragalejo,ESPARRAGALEJO,,,,
11,06,047,Esparragosa de la Serena,ESPARRAGOSA DE LA SERENA,,,,
11,06,048,Esparragosa de Lares,ESPARRAGOSA DE LARES,,,,
11,06,049,Feria,FERIA,,,,
11,06,050,Fregenal de la Sierra,FREGENAL DE LA SIERRA,,,,
11,06,051,Fuenlabrada de los Montes,FUENLABRADA DE LOS MONTES,,,,
11,06,052,Fuente de Cantos,FUENTE DE CANTOS,,,,
11,06,053,Fuente del Arco,FUENTE DEL ARCO,,,,
11,06,054,Fuente del Maestre,FUENTE DEL MAESTRE,,,,
11,06,055,Fuentes de León,FUENTES DE LEON,,,,
11,06,056,Garbayuela,GARBAYUELA,,,,
11,06,057,Garlitos,GARLITOS,,,,
11,06,058,"Garrovilla, La","GARROVILLA, LA",,,La Garrovilla,LA GARROVILLA
11,06,059,Granja de Torrehermosa,GRANJA DE TORREHERMOSA,,,,
11,06,903,Guadiana del Caudillo,GUADIANA DEL CAUDILLO,,,,
11,06,060,Guareña,GUAREÑA,,,,
11,06,061,"Haba, La","HABA, LA",,,La Haba,LA HABA
11,06,062,Helechosa de los Montes,HELECHOSA DE LOS MONTES,,,,
11,06,063,Herrera del Duque,HERRERA DEL DUQUE,,,,
11,06,064,Higuera de la Serena,HIGUERA DE LA SERENA,,,,
11,06,065,Higuera de Llerena,HIGUERA DE LLERENA,,,,
11,06,066,Higuera de Vargas,HIGUERA DE VARGAS,,,,
11,06,067,Higuera la Real,HIGUERA LA REAL,,,,
11,06,068,Hinojosa del Valle,HINOJOSA DEL VALLE,,,,
11,06,069,Hornachos,HORNACHOS,,,,
11,06,070,Jerez de los Caballeros,JEREZ DE LOS CABALLEROS,,,,
11,06,071,"Lapa, La","LAPA, LA",,,La Lapa,LA LAPA
11,06,073,Llera,LLERA,,,,
11,06,074,Llerena,LLERENA,,,,
11,06,072,Lobón,LOBON,,,,
11,06,075,Magacela,MAGACELA,,,,
11,06,076,Maguilla,MAGUILLA,,,,
11,06,077,Malcocinado,MALCOCINADO,,,,
11,06,078,Malpartida de la Serena,MALPARTIDA DE LA SERENA,,,,
11,06,079,Manchita,MANCHITA,,,,
11,06,080,Medellín,MEDELLIN,,,,
11,06,081,Medina de las Torres,MEDINA DE LAS TORRES,,,,
11,06,082,Mengabril,MENGABRIL,,,,
11,06,083,Mérida,MERIDA,,,,
11,06,084,Mirandilla,MIRANDILLA,,,,
11,06,085,Monesterio,MONESTERIO,,,,
11,06,086,Montemolín,MONTEMOLIN,,,,
11,06,087,Monterrubio de la Serena,MONTERRUBIO DE LA SERENA,,,,
11,06,088,Montijo,MONTIJO,,,,
11,06,089,"Morera, La","MORERA, LA",,,La Morera,LA MORERA
11,06,090,"Nava de Santiago, La","NAVA DE SANTIAGO, LA",,,La Nava de Santiago,LA NAVA DE SANTIAGO
11,06,091,Navalvillar de Pela,NAVALVILLAR DE PELA,,,,
11,06,092,Nogales,NOGALES,,,,
11,06,093,Oliva de la Frontera,OLIVA DE LA FRONTERA,,,,
11,06,094,Oliva de Mérida,OLIVA DE MERIDA,,,,
11,06,095,Olivenza,OLIVENZA,,,,
11,06,096,Orellana de la Sierra,ORELLANA DE LA SIERRA,,,,
11,06,097,Orellana la Vieja,ORELLANA LA VIEJA,,,,
11,06,098,Palomas,PALOMAS,,,,
11,06,099,"Parra, La","PARRA, LA",,,La Parra,LA PARRA
11,06,100,Peñalsordo,PEÑALSORDO,,,,
11,06,101,Peraleda del Zaucejo,PERALEDA DEL ZAUCEJO,,,,
11,06,102,Puebla de Alcocer,PUEBLA DE ALCOCER,,,,
11,06,103,Puebla de la Calzada,PUEBLA DE LA CALZADA,,,,
11,06,104,Puebla de la Reina,PUEBLA DE LA REINA,,,,
11,06,107,Puebla de Obando,PUEBLA DE OBANDO,,,,
11,06,108,Puebla de Sancho Pérez,PUEBLA DE SANCHO PEREZ,,,,
11,06,105,Puebla del Maestre,PUEBLA DEL MAESTRE,,,,
11,06,106,Puebla del Prior,PUEBLA DEL PRIOR,,,,
11,06,902,Pueblonuevo del Guadiana,PUEBLONUEVO DEL GUADIANA,,,,
11,06,109,Quintana de la Serena,QUINTANA DE LA SERENA,,,,
11,06,110,Reina,REINA,,,,
11,06,111,Rena,RENA,,,,
11,06,112,Retamal de Llerena,RETAMAL DE LLERENA,,,,
11,06,113,Ribera del Fresno,RIBERA DEL FRESNO,,,,
11,06,114,Risco,RISCO,,,,
11,06,115,"Roca de la Sierra, La","ROCA DE LA SIERRA, LA",,,La Roca de la Sierra,LA ROCA DE LA SIERRA
11,06,116,Salvaleón,SALVALEON,,,,
11,06,117,Salvatierra de los Barros,SALVATIERRA DE LOS BARROS,,,,
11,06,119,San Pedro de Mérida,SAN PEDRO DE MERIDA,,,,
11,06,123,San Vicente de Alcántara,SAN VICENTE DE ALCANTARA,,,,
11,06,118,Sancti-Spíritus,SANCTI-SPIRITUS,,,,
11,06,120,Santa Amalia,SANTA AMALIA,,,,
11,06,121,Santa Marta,SANTA MARTA,,,,
11,06,122,"Santos de Maimona, Los","SANTOS DE MAIMONA, LOS",,,Los Santos de Maimona,LOS SANTOS DE MAIMONA
11,06,124,Segura de León,SEGURA DE LEON,,,,
11,06,125,Siruela,SIRUELA,,,,
11,06,126,Solana de los Barros,SOLANA DE LOS BARROS,,,,
11,06,127,Talarrubias,TALARRUBIAS,,,,
11,06,128,Talavera la Real,TALAVERA LA REAL,,,,
11,06,129,Táliga,TALIGA,,,,
11,06,130,Tamurejo,TAMUREJO,,,,
11,06,131,Torre de Miguel Sesmero,TORRE DE MIGUEL SESMERO,,,,
11,06,132,Torremayor,TORREMAYOR,,,,
11,06,133,Torremejía,TORREMEJIA,,,,
11,06,134,Trasierra,TRASIERRA,,,,
11,06,135,Trujillanos,TRUJILLANOS,,,,
11,06,136,Usagre,USAGRE,,,,
11,06,137,Valdecaballeros,VALDECABALLEROS,,,,
11,06,901,Valdelacalzada,VALDELACALZADA,,,,
11,06,138,Valdetorres,VALDETORRES,,,,
11,06,139,Valencia de las Torres,VALENCIA DE LAS TORRES,,,,
11,06,140,Valencia del Mombuey,VALENCIA DEL MOMBUEY,,,,
11,06,141,Valencia del Ventoso,VALENCIA DEL VENTOSO,,,,
11,06,146,Valle de la Serena,VALLE DE LA SERENA,,,,
11,06,147,Valle de Matamoros,VALLE DE MATAMOROS,,,,
11,06,148,Valle de Santa Ana,VALLE DE SANTA ANA,,,,
11,06,142,Valverde de Burguillos,VALVERDE DE BURGUILLOS,,,,
11,06,143,Valverde de Leganés,VALVERDE DE LEGANES,,,,
11,06,144,Valverde de Llerena,VALVERDE DE LLERENA,,,,
11,06,145,Valverde de Mérida,VALVERDE DE MERIDA,,,,
11,06,149,Villafranca de los Barros,VILLAFRANCA DE LOS BARROS,,,,
11,06,150,Villagarcía de la Torre,VILLAGARCIA DE LA TORRE,,,,
11,06,151,Villagonzalo,VILLAGONZALO,,,,
11,06,152,Villalba de los Barros,VILLALBA DE LOS BARROS,,,,
11,06,153,Villanueva de la Serena,VILLANUEVA DE LA SERENA,,,,
11,06,154,Villanueva del Fresno,VILLANUEVA DEL FRESNO,,,,
11,06,156,Villar de Rena,VILLAR DE RENA,,,,
11,06,155,Villar del Rey,VILLAR DEL REY,,,,
11,06,157,Villarta de los Montes,VILLARTA DE LOS MONTES,,,,
11,06,158,Zafra,ZAFRA,,,,
11,06,159,Zahínos,ZAHINOS,,,,
11,06,160,Zalamea de la Serena,ZALAMEA DE LA SERENA,,,,
11,06,162,"Zarza, La","ZARZA, LA",,,La Zarza,LA ZARZA
11,06,161,Zarza-Capilla,ZARZA-CAPILLA,,,,
04,07,002,Alaior,ALAIOR,,,,
04,07,001,Alaró,ALARO,,,,
04,07,003,Alcúdia,ALCUDIA,,,,
04,07,004,Algaida,ALGAIDA,,,,
04,07,005,Andratx,ANDRATX,,,,
04,07,901,Ariany,ARIANY,,,,
04,07,006,Artà,ARTA,,,,
04,07,007,Banyalbufar,BANYALBUFAR,,,,
04,07,008,Binissalem,BINISSALEM,,,,
04,07,009,Búger,BUGER,,,,
04,07,010,Bunyola,BUNYOLA,,,,
04,07,011,Calvià,CALVIA,,,,
04,07,012,Campanet,CAMPANET,,,,
04,07,013,Campos,CAMPOS,,,,
04,07,014,Capdepera,CAPDEPERA,,,,
04,07,064,"Castell, Es","CASTELL, ES",,,Es Castell,ES CASTELL
04,07,015,Ciutadella de Menorca,CIUTADELLA DE MENORCA,,,,
04,07,016,Consell,CONSELL,,,,
04,07,017,Costitx,COSTITX,,,,
04,07,018,Deià,DEIA,,,,
04,07,026,Eivissa,EIVISSA,,,,
04,07,019,Escorca,ESCORCA,,,,
04,07,020,Esporles,ESPORLES,,,,
04,07,021,Estellencs,ESTELLENCS,,,,
04,07,022,Felanitx,FELANITX,,,,
04,07,023,Ferreries,FERRERIES,,,,
04,07,024,Formentera,FORMENTERA,,,,
04,07,025,Fornalutx,FORNALUTX,,,,
04,07,027,Inca,INCA,,,,
04,07,028,Lloret de Vistalegre,LLORET DE VISTALEGRE,,,,
04,07,029,Lloseta,LLOSETA,,,,
04,07,030,Llubí,LLUBI,,,,
04,07,031,Llucmajor,LLUCMAJOR,,,,
04,07,033,Manacor,MANACOR,,,,
04,07,034,Mancor de la Vall,MANCOR DE LA VALL,,,,
04,07,032,Maó-Mahón,MAO-MAHON,,,,
04,07,035,Maria de la Salut,MARIA DE LA SALUT,,,,
04,07,036,Marratxí,MARRATXI,,,,
04,07,037,"Mercadal, Es","MERCADAL, ES",,,Es Mercadal,ES MERCADAL
04,07,902,"Migjorn Gran, Es","MIGJORN GRAN, ES",,,Es Migjorn Gran,ES MIGJORN GRAN
04,07,038,Montuïri,MONTUÏRI,,,,
04,07,039,Muro,MURO,,,,
04,07,040,Palma ,PALMA ,,,,
04,07,041,Petra,PETRA,,,,
04,07,044,"Pobla, Sa","POBLA, SA",,,Sa Pobla,SA POBLA
04,07,042,Pollença,POLLENÇA,,,,
04,07,043,Porreres,PORRERES,,,,
04,07,045,Puigpunyent,PUIGPUNYENT,,,,
04,07,059,"Salines, Ses","SALINES, SES",,,Ses Salines,SES SALINES
04,07,046,Sant Antoni de Portmany,SANT ANTONI DE PORTMANY,,,,
04,07,049,Sant Joan,SANT JOAN,,,,
04,07,050,Sant Joan de Labritja,SANT JOAN DE LABRITJA,,,,
04,07,048,Sant Josep de sa Talaia,SANT JOSEP DE SA TALAIA,,,,
04,07,051,Sant Llorenç des Cardassar,SANT LLORENÇ DES CARDASSAR,,,,
04,07,052,Sant Lluís,SANT LLUIS,,,,
04,07,053,Santa Eugènia,SANTA EUGENIA,,,,
04,07,054,Santa Eulària des Riu,SANTA EULARIA DES RIU,,,,
04,07,055,Santa Margalida,SANTA MARGALIDA,,,,
04,07,056,Santa María del Camí,SANTA MARIA DEL CAMI,,,,
04,07,057,Santanyí,SANTANYI,,,,
04,07,058,Selva,SELVA,,,,
04,07,047,Sencelles,SENCELLES,,,,
04,07,060,Sineu,SINEU,,,,
04,07,061,Sóller,SOLLER,,,,
04,07,062,Son Servera,SON SERVERA,,,,
04,07,063,Valldemossa,VALLDEMOSSA,,,,
04,07,065,Vilafranca de Bonany,VILAFRANCA DE BONANY,,,,
09,08,001,Abrera,ABRERA,,,,
09,08,002,Aguilar de Segarra,AGUILAR DE SEGARRA,,,,
09,08,014,Aiguafreda,AIGUAFREDA,,,,
09,08,003,Alella,ALELLA,,,,
09,08,004,Alpens,ALPENS,,,,
09,08,005,"Ametlla del Vallès, L'","AMETLLA DEL VALLES, L'",,,L' Ametlla del Vallès,L' AMETLLA DEL VALLES
09,08,006,Arenys de Mar,ARENYS DE MAR,,,,
09,08,007,Arenys de Munt,ARENYS DE MUNT,,,,
09,08,008,Argençola,ARGENÇOLA,,,,
09,08,009,Argentona,ARGENTONA,,,,
09,08,010,Artés,ARTES,,,,
09,08,011,Avià,AVIA,,,,
09,08,012,Avinyó,AVINYO,,,,
09,08,013,Avinyonet del Penedès,AVINYONET DEL PENEDES,,,,
09,08,015,Badalona,BADALONA,,,,
09,08,904,Badia del Vallès,BADIA DEL VALLES,,,,
09,08,016,Bagà,BAGA,,,,
09,08,017,Balenyà,BALENYA,,,,
09,08,018,Balsareny,BALSARENY,,,,
09,08,252,Barberà del Vallès,BARBERA DEL VALLES,,,,
09,08,019,Barcelona,BARCELONA,,,,
09,08,020,Begues,BEGUES,,,,
09,08,021,Bellprat,BELLPRAT,,,,
09,08,022,Berga,BERGA,,,,
09,08,023,Bigues i Riells,BIGUES I RIELLS,,,,
09,08,024,Borredà,BORREDA,,,,
09,08,025,"Bruc, El","BRUC, EL",,,El Bruc,EL BRUC
09,08,026,"Brull, El","BRULL, EL",,,El Brull,EL BRULL
09,08,027,"Cabanyes, Les","CABANYES, LES",,,Les Cabanyes,LES CABANYES
09,08,028,Cabrera d'Anoia,CABRERA D'ANOIA,,,,
09,08,029,Cabrera de Mar,CABRERA DE MAR,,,,
09,08,030,Cabrils,CABRILS,,,,
09,08,031,Calaf,CALAF,,,,
09,08,034,Calders,CALDERS,,,,
09,08,033,Caldes de Montbui,CALDES DE MONTBUI,,,,
09,08,032,Caldes d'Estrac,CALDES D'ESTRAC,,,,
09,08,035,Calella,CALELLA,,,,
09,08,037,Calldetenes,CALLDETENES,,,,
09,08,038,Callús,CALLUS,,,,
09,08,036,Calonge de Segarra,CALONGE DE SEGARRA,,,,
09,08,039,Campins,CAMPINS,,,,
09,08,040,Canet de Mar,CANET DE MAR,,,,
09,08,041,Canovelles,CANOVELLES,,,,
09,08,042,Cànoves i Samalús,CANOVES I SAMALUS,,,,
09,08,043,Canyelles,CANYELLES,,,,
09,08,044,Capellades,CAPELLADES,,,,
09,08,045,Capolat,CAPOLAT,,,,
09,08,046,Cardedeu,CARDEDEU,,,,
09,08,047,Cardona,CARDONA,,,,
09,08,048,Carme,CARME,,,,
09,08,049,Casserres,CASSERRES,,,,
09,08,057,Castell de l'Areny,CASTELL DE L'ARENY,,,,
09,08,052,Castellar de n'Hug,CASTELLAR DE N'HUG,,,,
09,08,050,Castellar del Riu,CASTELLAR DEL RIU,,,,
09,08,051,Castellar del Vallès,CASTELLAR DEL VALLES,,,,
09,08,053,Castellbell i el Vilar,CASTELLBELL I EL VILAR,,,,
09,08,054,Castellbisbal,CASTELLBISBAL,,,,
09,08,055,Castellcir,CASTELLCIR,,,,
09,08,056,Castelldefels,CASTELLDEFELS,,,,
09,08,058,Castellet i la Gornal,CASTELLET I LA GORNAL,,,,
09,08,060,Castellfollit de Riubregós,CASTELLFOLLIT DE RIUBREGOS,,,,
09,08,059,Castellfollit del Boix,CASTELLFOLLIT DEL BOIX,,,,
09,08,061,Castellgalí,CASTELLGALI,,,,
09,08,062,Castellnou de Bages,CASTELLNOU DE BAGES,,,,
09,08,063,Castellolí,CASTELLOLI,,,,
09,08,064,Castellterçol,CASTELLTERÇOL,,,,
09,08,065,Castellví de la Marca,CASTELLVI DE LA MARCA,,,,
09,08,066,Castellví de Rosanes,CASTELLVI DE ROSANES,,,,
09,08,067,Centelles,CENTELLES,,,,
09,08,268,Cercs,CERCS,,,,
09,08,266,Cerdanyola del Vallès,CERDANYOLA DEL VALLES,,,,
09,08,068,Cervelló,CERVELLO,,,,
09,08,069,Collbató,COLLBATO,,,,
09,08,070,Collsuspina,COLLSUSPINA,,,,
09,08,071,Copons,COPONS,,,,
09,08,072,Corbera de Llobregat,CORBERA DE LLOBREGAT,,,,
09,08,073,Cornellà de Llobregat,CORNELLA DE LLOBREGAT,,,,
09,08,074,Cubelles,CUBELLES,,,,
09,08,075,Dosrius,DOSRIUS,,,,
09,08,076,Esparreguera,ESPARREGUERA,,,,
09,08,077,Esplugues de Llobregat,ESPLUGUES DE LLOBREGAT,,,,
09,08,078,"Espunyola, L'","ESPUNYOLA, L'",,,L' Espunyola,L' ESPUNYOLA
09,08,254,"Esquirol, L'","ESQUIROL, L'",,,L' Esquirol,L' ESQUIROL
09,08,079,"Estany, L'","ESTANY, L'",,,L' Estany,L' ESTANY
09,08,134,Figaró-Montmany,FIGARO-MONTMANY,,,,
09,08,080,Fígols,FIGOLS,,,,
09,08,082,Fogars de la Selva,FOGARS DE LA SELVA,,,,
09,08,081,Fogars de Montclús,FOGARS DE MONTCLUS,,,,
09,08,083,Folgueroles,FOLGUEROLES,,,,
09,08,084,Fonollosa,FONOLLOSA,,,,
09,08,085,Font-rubí,FONT-RUBI,,,,
09,08,086,"Franqueses del Vallès, Les","FRANQUESES DEL VALLES, LES",,,Les Franqueses del Vallès,LES FRANQUESES DEL VALLES
09,08,090,Gaià,GAIA,,,,
09,08,087,Gallifa,GALLIFA,,,,
09,08,088,"Garriga, La","GARRIGA, LA",,,La Garriga,LA GARRIGA
09,08,089,Gavà,GAVA,,,,
09,08,091,Gelida,GELIDA,,,,
09,08,092,Gironella,GIRONELLA,,,,
09,08,093,Gisclareny,GISCLARENY,,,,
09,08,094,"Granada, La","GRANADA, LA",,,La Granada,LA GRANADA
09,08,095,Granera,GRANERA,,,,
09,08,096,Granollers,GRANOLLERS,,,,
09,08,097,Gualba,GUALBA,,,,
09,08,099,Guardiola de Berguedà,GUARDIOLA DE BERGUEDA,,,,
09,08,100,Gurb,GURB,,,,
09,08,101,"Hospitalet de Llobregat, L'","HOSPITALET DE LLOBREGAT, L'",,,L' Hospitalet de Llobregat,L' HOSPITALET DE LLOBREGAT
09,08,162,"Hostalets de Pierola, Els","HOSTALETS DE PIEROLA, ELS",,,Els Hostalets de Pierola,ELS HOSTALETS DE PIEROLA
09,08,102,Igualada,IGUALADA,,,,
09,08,103,Jorba,JORBA,,,,
09,08,104,"Llacuna, La","LLACUNA, LA",,,La Llacuna,LA LLACUNA
09,08,105,"Llagosta, La","LLAGOSTA, LA",,,La Llagosta,LA LLAGOSTA
09,08,107,Lliçà d'Amunt,LLIÇA D'AMUNT,,,,
09,08,108,Lliçà de Vall,LLIÇA DE VALL,,,,
09,08,106,Llinars del Vallès,LLINARS DEL VALLES,,,,
09,08,109,Lluçà,LLUÇA,,,,
09,08,110,Malgrat de Mar,MALGRAT DE MAR,,,,
09,08,111,Malla,MALLA,,,,
09,08,112,Manlleu,MANLLEU,,,,
09,08,113,Manresa,MANRESA,,,,
09,08,242,Marganell,MARGANELL,,,,
09,08,114,Martorell,MARTORELL,,,,
09,08,115,Martorelles,MARTORELLES,,,,
09,08,116,"Masies de Roda, Les","MASIES DE RODA, LES",,,Les Masies de Roda,LES MASIES DE RODA
09,08,117,"Masies de Voltregà, Les","MASIES DE VOLTREGA, LES",,,Les Masies de Voltregà,LES MASIES DE VOLTREGA
09,08,118,"Masnou, El","MASNOU, EL",,,El Masnou,EL MASNOU
09,08,119,Masquefa,MASQUEFA,,,,
09,08,120,Matadepera,MATADEPERA,,,,
09,08,121,Mataró,MATARO,,,,
09,08,122,Mediona,MEDIONA,,,,
09,08,138,Moià,MOIA,,,,
09,08,123,Molins de Rei,MOLINS DE REI,,,,
09,08,124,Mollet del Vallès,MOLLET DEL VALLES,,,,
09,08,128,Monistrol de Calders,MONISTROL DE CALDERS,,,,
09,08,127,Monistrol de Montserrat,MONISTROL DE MONTSERRAT,,,,
09,08,125,Montcada i Reixac,MONTCADA I REIXAC,,,,
09,08,130,Montclar,MONTCLAR,,,,
09,08,131,Montesquiu,MONTESQUIU,,,,
09,08,126,Montgat,MONTGAT,,,,
09,08,132,Montmajor,MONTMAJOR,,,,
09,08,133,Montmaneu,MONTMANEU,,,,
09,08,135,Montmeló,MONTMELO,,,,
09,08,136,Montornès del Vallès,MONTORNES DEL VALLES,,,,
09,08,137,Montseny,MONTSENY,,,,
09,08,129,Muntanyola,MUNTANYOLA,,,,
09,08,139,Mura,MURA,,,,
09,08,140,Navarcles,NAVARCLES,,,,
09,08,141,Navàs,NAVAS,,,,
09,08,142,"Nou de Berguedà, La","NOU DE BERGUEDA, LA",,,La Nou de Berguedà,LA NOU DE BERGUEDA
09,08,143,Òdena,ODENA,,,,
09,08,145,Olèrdola,OLERDOLA,,,,
09,08,146,Olesa de Bonesvalls,OLESA DE BONESVALLS,,,,
09,08,147,Olesa de Montserrat,OLESA DE MONTSERRAT,,,,
09,08,148,Olivella,OLIVELLA,,,,
09,08,149,Olost,OLOST,,,,
09,08,144,Olvan,OLVAN,,,,
09,08,150,Orís,ORIS,,,,
09,08,151,Oristà,ORISTA,,,,
09,08,152,Orpí,ORPI,,,,
09,08,153,Òrrius,ORRIUS,,,,
09,08,154,Pacs del Penedès,PACS DEL PENEDES,,,,
09,08,155,Palafolls,PALAFOLLS,,,,
09,08,156,Palau-solità i Plegamans,PALAU-SOLITA I PLEGAMANS,,,,
09,08,157,Pallejà,PALLEJA,,,,
09,08,905,"Palma de Cervelló, La","PALMA DE CERVELLO, LA",,,La Palma de Cervelló,LA PALMA DE CERVELLO
09,08,158,"Papiol, El","PAPIOL, EL",,,El Papiol,EL PAPIOL
09,08,159,Parets del Vallès,PARETS DEL VALLES,,,,
09,08,160,Perafita,PERAFITA,,,,
09,08,161,Piera,PIERA,,,,
09,08,163,Pineda de Mar,PINEDA DE MAR,,,,
09,08,164,"Pla del Penedès, El","PLA DEL PENEDES, EL",,,El Pla del Penedès,EL PLA DEL PENEDES
09,08,165,"Pobla de Claramunt, La","POBLA DE CLARAMUNT, LA",,,La Pobla de Claramunt,LA POBLA DE CLARAMUNT
09,08,166,"Pobla de Lillet, La","POBLA DE LILLET, LA",,,La Pobla de Lillet,LA POBLA DE LILLET
09,08,167,Polinyà,POLINYA,,,,
09,08,182,"Pont de Vilomara i Rocafort, El","PONT DE VILOMARA I ROCAFORT, EL",,,El Pont de Vilomara i Rocafort,EL PONT DE VILOMARA I ROCAFORT
09,08,168,Pontons,PONTONS,,,,
09,08,169,"Prat de Llobregat, El","PRAT DE LLOBREGAT, EL",,,El Prat de Llobregat,EL PRAT DE LLOBREGAT
09,08,171,Prats de Lluçanès,PRATS DE LLUÇANES,,,,
09,08,170,"Prats de Rei, Els","PRATS DE REI, ELS",,,Els Prats de Rei,ELS PRATS DE REI
09,08,230,Premià de Dalt,PREMIA DE DALT,,,,
09,08,172,Premià de Mar,PREMIA DE MAR,,,,
09,08,174,Puigdàlber,PUIGDALBER,,,,
09,08,175,Puig-reig,PUIG-REIG,,,,
09,08,176,Pujalt,PUJALT,,,,
09,08,177,"Quar, La","QUAR, LA",,,La Quar,LA QUAR
09,08,178,Rajadell,RAJADELL,,,,
09,08,179,Rellinars,RELLINARS,,,,
09,08,180,Ripollet,RIPOLLET,,,,
09,08,181,"Roca del Vallès, La","ROCA DEL VALLES, LA",,,La Roca del Vallès,LA ROCA DEL VALLES
09,08,183,Roda de Ter,RODA DE TER,,,,
09,08,184,Rubí,RUBI,,,,
09,08,185,Rubió,RUBIO,,,,
09,08,901,Rupit i Pruit,RUPIT I PRUIT,,,,
09,08,187,Sabadell,SABADELL,,,,
09,08,188,Sagàs,SAGAS,,,,
09,08,190,Saldes,SALDES,,,,
09,08,191,Sallent,SALLENT,,,,
09,08,194,Sant Adrià de Besòs,SANT ADRIA DE BESOS,,,,
09,08,195,Sant Agustí de Lluçanès,SANT AGUSTI DE LLUÇANES,,,,
09,08,196,Sant Andreu de la Barca,SANT ANDREU DE LA BARCA,,,,
09,08,197,Sant Andreu de Llavaneres,SANT ANDREU DE LLAVANERES,,,,
09,08,198,Sant Antoni de Vilamajor,SANT ANTONI DE VILAMAJOR,,,,
09,08,199,Sant Bartomeu del Grau,SANT BARTOMEU DEL GRAU,,,,
09,08,200,Sant Boi de Llobregat,SANT BOI DE LLOBREGAT,,,,
09,08,201,Sant Boi de Lluçanès,SANT BOI DE LLUÇANES,,,,
09,08,203,Sant Cebrià de Vallalta,SANT CEBRIA DE VALLALTA,,,,
09,08,202,Sant Celoni,SANT CELONI,,,,
09,08,204,Sant Climent de Llobregat,SANT CLIMENT DE LLOBREGAT,,,,
09,08,205,Sant Cugat del Vallès,SANT CUGAT DEL VALLES,,,,
09,08,206,Sant Cugat Sesgarrigues,SANT CUGAT SESGARRIGUES,,,,
09,08,207,Sant Esteve de Palautordera,SANT ESTEVE DE PALAUTORDERA,,,,
09,08,208,Sant Esteve Sesrovires,SANT ESTEVE SESROVIRES,,,,
09,08,210,Sant Feliu de Codines,SANT FELIU DE CODINES,,,,
09,08,211,Sant Feliu de Llobregat,SANT FELIU DE LLOBREGAT,,,,
09,08,212,Sant Feliu Sasserra,SANT FELIU SASSERRA,,,,
09,08,209,Sant Fost de Campsentelles,SANT FOST DE CAMPSENTELLES,,,,
09,08,213,Sant Fruitós de Bages,SANT FRUITOS DE BAGES,,,,
09,08,215,Sant Hipòlit de Voltregà,SANT HIPOLIT DE VOLTREGA,,,,
09,08,193,Sant Iscle de Vallalta,SANT ISCLE DE VALLALTA,,,,
09,08,216,Sant Jaume de Frontanyà,SANT JAUME DE FRONTANYA,,,,
09,08,218,Sant Joan de Vilatorrada,SANT JOAN DE VILATORRADA,,,,
09,08,217,Sant Joan Despí,SANT JOAN DESPI,,,,
09,08,903,Sant Julià de Cerdanyola,SANT JULIA DE CERDANYOLA,,,,
09,08,220,Sant Julià de Vilatorta,SANT JULIA DE VILATORTA,,,,
09,08,221,Sant Just Desvern,SANT JUST DESVERN,,,,
09,08,222,Sant Llorenç d'Hortons,SANT LLORENÇ D'HORTONS,,,,
09,08,223,Sant Llorenç Savall,SANT LLORENÇ SAVALL,,,,
09,08,225,Sant Martí d'Albars,SANT MARTI D'ALBARS,,,,
09,08,224,Sant Martí de Centelles,SANT MARTI DE CENTELLES,,,,
09,08,226,Sant Martí de Tous,SANT MARTI DE TOUS,,,,
09,08,227,Sant Martí Sarroca,SANT MARTI SARROCA,,,,
09,08,228,Sant Martí Sesgueioles,SANT MARTI SESGUEIOLES,,,,
09,08,229,Sant Mateu de Bages,SANT MATEU DE BAGES,,,,
09,08,231,Sant Pere de Ribes,SANT PERE DE RIBES,,,,
09,08,232,Sant Pere de Riudebitlles,SANT PERE DE RIUDEBITLLES,,,,
09,08,233,Sant Pere de Torelló,SANT PERE DE TORELLO,,,,
09,08,234,Sant Pere de Vilamajor,SANT PERE DE VILAMAJOR,,,,
09,08,189,Sant Pere Sallavinera,SANT PERE SALLAVINERA,,,,
09,08,235,Sant Pol de Mar,SANT POL DE MAR,,,,
09,08,236,Sant Quintí de Mediona,SANT QUINTI DE MEDIONA,,,,
09,08,237,Sant Quirze de Besora,SANT QUIRZE DE BESORA,,,,
09,08,238,Sant Quirze del Vallès,SANT QUIRZE DEL VALLES,,,,
09,08,239,Sant Quirze Safaja,SANT QUIRZE SAFAJA,,,,
09,08,240,Sant Sadurní d'Anoia,SANT SADURNI D'ANOIA,,,,
09,08,241,Sant Sadurní d'Osormort,SANT SADURNI D'OSORMORT,,,,
09,08,098,Sant Salvador de Guardiola,SANT SALVADOR DE GUARDIOLA,,,,
09,08,262,Sant Vicenç de Castellet,SANT VICENÇ DE CASTELLET,,,,
09,08,264,Sant Vicenç de Montalt,SANT VICENÇ DE MONTALT,,,,
09,08,265,Sant Vicenç de Torelló,SANT VICENÇ DE TORELLO,,,,
09,08,263,Sant Vicenç dels Horts,SANT VICENÇ DELS HORTS,,,,
09,08,243,Santa Cecília de Voltregà,SANTA CECILIA DE VOLTREGA,,,,
09,08,244,Santa Coloma de Cervelló,SANTA COLOMA DE CERVELLO,,,,
09,08,245,Santa Coloma de Gramenet,SANTA COLOMA DE GRAMENET,,,,
09,08,246,Santa Eugènia de Berga,SANTA EUGENIA DE BERGA,,,,
09,08,247,Santa Eulàlia de Riuprimer,SANTA EULALIA DE RIUPRIMER,,,,
09,08,248,Santa Eulàlia de Ronçana,SANTA EULALIA DE RONÇANA,,,,
09,08,249,Santa Fe del Penedès,SANTA FE DEL PENEDES,,,,
09,08,250,Santa Margarida de Montbui,SANTA MARGARIDA DE MONTBUI,,,,
09,08,251,Santa Margarida i els Monjos,SANTA MARGARIDA I ELS MONJOS,,,,
09,08,253,Santa Maria de Besora,SANTA MARIA DE BESORA,,,,
09,08,256,Santa Maria de Martorelles,SANTA MARIA DE MARTORELLES,,,,
09,08,255,Santa Maria de Merlès,SANTA MARIA DE MERLES,,,,
09,08,257,Santa Maria de Miralles,SANTA MARIA DE MIRALLES,,,,
09,08,259,Santa Maria de Palautordera,SANTA MARIA DE PALAUTORDERA,,,,
09,08,258,Santa Maria d'Oló,SANTA MARIA D'OLO,,,,
09,08,260,Santa Perpètua de Mogoda,SANTA PERPETUA DE MOGODA,,,,
09,08,261,Santa Susanna,SANTA SUSANNA,,,,
09,08,192,Santpedor,SANTPEDOR,,,,
09,08,267,Sentmenat,SENTMENAT,,,,
09,08,269,Seva,SEVA,,,,
09,08,270,Sitges,SITGES,,,,
09,08,271,Sobremunt,SOBREMUNT,,,,
09,08,272,Sora,SORA,,,,
09,08,273,Subirats,SUBIRATS,,,,
09,08,274,Súria,SURIA,,,,
09,08,276,Tagamanent,TAGAMANENT,,,,
09,08,277,Talamanca,TALAMANCA,,,,
09,08,278,Taradell,TARADELL,,,,
09,08,275,Tavèrnoles,TAVERNOLES,,,,
09,08,280,Tavertet,TAVERTET,,,,
09,08,281,Teià,TEIA,,,,
09,08,279,Terrassa,TERRASSA,,,,
09,08,282,Tiana,TIANA,,,,
09,08,283,Tona,TONA,,,,
09,08,284,Tordera,TORDERA,,,,
09,08,285,Torelló,TORELLO,,,,
09,08,286,"Torre de Claramunt, La","TORRE DE CLARAMUNT, LA",,,La Torre de Claramunt,LA TORRE DE CLARAMUNT
09,08,287,Torrelavit,TORRELAVIT,,,,
09,08,288,Torrelles de Foix,TORRELLES DE FOIX,,,,
09,08,289,Torrelles de Llobregat,TORRELLES DE LLOBREGAT,,,,
09,08,290,Ullastrell,ULLASTRELL,,,,
09,08,291,Vacarisses,VACARISSES,,,,
09,08,292,Vallbona d'Anoia,VALLBONA D'ANOIA,,,,
09,08,293,Vallcebre,VALLCEBRE,,,,
09,08,294,Vallgorguina,VALLGORGUINA,,,,
09,08,295,Vallirana,VALLIRANA,,,,
09,08,296,Vallromanes,VALLROMANES,,,,
09,08,297,Veciana,VECIANA,,,,
09,08,298,Vic,VIC,,,,
09,08,299,Vilada,VILADA,,,,
09,08,301,Viladecans,VILADECANS,,,,
09,08,300,Viladecavalls,VILADECAVALLS,,,,
09,08,305,Vilafranca del Penedès,VILAFRANCA DEL PENEDES,,,,
09,08,306,Vilalba Sasserra,VILALBA SASSERRA,,,,
09,08,303,Vilanova de Sau,VILANOVA DE SAU,,,,
09,08,302,Vilanova del Camí,VILANOVA DEL CAMI,,,,
09,08,902,Vilanova del Vallès,VILANOVA DEL VALLES,,,,
09,08,307,Vilanova i la Geltrú,VILANOVA I LA GELTRU,,,,
09,08,214,Vilassar de Dalt,VILASSAR DE DALT,,,,
09,08,219,Vilassar de Mar,VILASSAR DE MAR,,,,
09,08,304,Vilobí del Penedès,VILOBI DEL PENEDES,,,,
09,08,308,Viver i Serrateix,VIVER I SERRATEIX,,,,
07,09,001,Abajas,ABAJAS,,,,
07,09,003,Adrada de Haza,ADRADA DE HAZA,,,,
07,09,006,Aguas Cándidas,AGUAS CANDIDAS,,,,
07,09,007,Aguilar de Bureba,AGUILAR DE BUREBA,,,,
07,09,009,Albillos,ALBILLOS,,,,
07,09,010,Alcocero de Mola,ALCOCERO DE MOLA,,,,
07,09,011,Alfoz de Bricia,ALFOZ DE BRICIA,,,,
07,09,907,Alfoz de Quintanadueñas,ALFOZ DE QUINTANADUEÑAS,,,,
07,09,012,Alfoz de Santa Gadea,ALFOZ DE SANTA GADEA,,,,
07,09,013,Altable,ALTABLE,,,,
07,09,014,"Altos, Los","ALTOS, LOS",,,Los Altos,LOS ALTOS
07,09,016,Ameyugo,AMEYUGO,,,,
07,09,017,Anguix,ANGUIX,,,,
07,09,018,Aranda de Duero,ARANDA DE DUERO,,,,
07,09,019,Arandilla,ARANDILLA,,,,
07,09,020,Arauzo de Miel,ARAUZO DE MIEL,,,,
07,09,021,Arauzo de Salce,ARAUZO DE SALCE,,,,
07,09,022,Arauzo de Torre,ARAUZO DE TORRE,,,,
07,09,023,Arcos,ARCOS,,,,
07,09,024,Arenillas de Riopisuerga,ARENILLAS DE RIOPISUERGA,,,,
07,09,025,Arija,ARIJA,,,,
07,09,026,Arlanzón,ARLANZON,,,,
07,09,027,Arraya de Oca,ARRAYA DE OCA,,,,
07,09,029,Atapuerca,ATAPUERCA,,,,
07,09,030,"Ausines, Los","AUSINES, LOS",,,Los Ausines,LOS AUSINES
07,09,032,Avellanosa de Muñó,AVELLANOSA DE MUÑO,,,,
07,09,033,Bahabón de Esgueva,BAHABON DE ESGUEVA,,,,
07,09,034,"Balbases, Los","BALBASES, LOS",,,Los Balbases,LOS BALBASES
07,09,035,Baños de Valdearados,BAÑOS DE VALDEARADOS,,,,
07,09,036,Bañuelos de Bureba,BAÑUELOS DE BUREBA,,,,
07,09,037,Barbadillo de Herreros,BARBADILLO DE HERREROS,,,,
07,09,038,Barbadillo del Mercado,BARBADILLO DEL MERCADO,,,,
07,09,039,Barbadillo del Pez,BARBADILLO DEL PEZ,,,,
07,09,041,Barrio de Muñó,BARRIO DE MUÑO,,,,
07,09,043,"Barrios de Bureba, Los","BARRIOS DE BUREBA, LOS",,,Los Barrios de Bureba,LOS BARRIOS DE BUREBA
07,09,044,Barrios de Colina,BARRIOS DE COLINA,,,,
07,09,045,Basconcillos del Tozo,BASCONCILLOS DEL TOZO,,,,
07,09,046,Bascuñana,BASCUÑANA,,,,
07,09,047,Belbimbre,BELBIMBRE,,,,
07,09,048,Belorado,BELORADO,,,,
07,09,050,Berberana,BERBERANA,,,,
07,09,051,Berlangas de Roa,BERLANGAS DE ROA,,,,
07,09,052,Berzosa de Bureba,BERZOSA DE BUREBA,,,,
07,09,054,Bozoó,BOZOO,,,,
07,09,055,Brazacorta,BRAZACORTA,,,,
07,09,056,Briviesca,BRIVIESCA,,,,
07,09,057,Bugedo,BUGEDO,,,,
07,09,058,Buniel,BUNIEL,,,,
07,09,059,Burgos,BURGOS,,,,
07,09,060,Busto de Bureba,BUSTO DE BUREBA,,,,
07,09,061,Cabañes de Esgueva,CABAÑES DE ESGUEVA,,,,
07,09,062,Cabezón de la Sierra,CABEZON DE LA SIERRA,,,,
07,09,064,Caleruega,CALERUEGA,,,,
07,09,065,Campillo de Aranda,CAMPILLO DE ARANDA,,,,
07,09,066,Campolara,CAMPOLARA,,,,
07,09,067,Canicosa de la Sierra,CANICOSA DE LA SIERRA,,,,
07,09,068,Cantabrana,CANTABRANA,,,,
07,09,070,Carazo,CARAZO,,,,
07,09,071,Carcedo de Bureba,CARCEDO DE BUREBA,,,,
07,09,072,Carcedo de Burgos,CARCEDO DE BURGOS,,,,
07,09,073,Cardeñadijo,CARDEÑADIJO,,,,
07,09,074,Cardeñajimeno,CARDEÑAJIMENO,,,,
07,09,075,Cardeñuela Riopico,CARDEÑUELA RIOPICO,,,,
07,09,076,Carrias,CARRIAS,,,,
07,09,077,Cascajares de Bureba,CASCAJARES DE BUREBA,,,,
07,09,078,Cascajares de la Sierra,CASCAJARES DE LA SIERRA,,,,
07,09,079,Castellanos de Castro,CASTELLANOS DE CASTRO,,,,
07,09,083,Castil de Peones,CASTIL DE PEONES,,,,
07,09,082,Castildelgado,CASTILDELGADO,,,,
07,09,084,Castrillo de la Reina,CASTRILLO DE LA REINA,,,,
07,09,085,Castrillo de la Vega,CASTRILLO DE LA VEGA,,,,
07,09,088,Castrillo de Riopisuerga,CASTRILLO DE RIOPISUERGA,,,,
07,09,086,Castrillo del Val,CASTRILLO DEL VAL,,,,
07,09,090,Castrillo Mota de Judíos,CASTRILLO MOTA DE JUDIOS,,,,
07,09,091,Castrojeriz,CASTROJERIZ,,,,
07,09,063,Cavia,CAVIA,,,,
07,09,093,Cayuela,CAYUELA,,,,
07,09,094,Cebrecos,CEBRECOS,,,,
07,09,095,Celada del Camino,CELADA DEL CAMINO,,,,
07,09,098,Cerezo de Río Tirón,CEREZO DE RIO TIRON,,,,
07,09,100,Cerratón de Juarros,CERRATON DE JUARROS,,,,
07,09,101,Ciadoncha,CIADONCHA,,,,
07,09,102,Cillaperlata,CILLAPERLATA,,,,
07,09,103,Cilleruelo de Abajo,CILLERUELO DE ABAJO,,,,
07,09,104,Cilleruelo de Arriba,CILLERUELO DE ARRIBA,,,,
07,09,105,Ciruelos de Cervera,CIRUELOS DE CERVERA,,,,
07,09,108,Cogollos,COGOLLOS,,,,
07,09,109,Condado de Treviño,CONDADO DE TREVIÑO,,,,
07,09,110,Contreras,CONTRERAS,,,,
07,09,112,Coruña del Conde,CORUÑA DEL CONDE,,,,
07,09,113,Covarrubias,COVARRUBIAS,,,,
07,09,114,Cubillo del Campo,CUBILLO DEL CAMPO,,,,
07,09,115,Cubo de Bureba,CUBO DE BUREBA,,,,
07,09,117,"Cueva de Roa, La","CUEVA DE ROA, LA",,,La Cueva de Roa,LA CUEVA DE ROA
07,09,119,Cuevas de San Clemente,CUEVAS DE SAN CLEMENTE,,,,
07,09,120,Encío,ENCIO,,,,
07,09,122,Espinosa de Cervera,ESPINOSA DE CERVERA,,,,
07,09,124,Espinosa de los Monteros,ESPINOSA DE LOS MONTEROS,,,,
07,09,123,Espinosa del Camino,ESPINOSA DEL CAMINO,,,,
07,09,125,Estépar,ESTEPAR,,,,
07,09,127,Fontioso,FONTIOSO,,,,
07,09,128,Frandovínez,FRANDOVINEZ,,,,
07,09,129,Fresneda de la Sierra Tirón,FRESNEDA DE LA SIERRA TIRON,,,,
07,09,130,Fresneña,FRESNEÑA,,,,
07,09,131,Fresnillo de las Dueñas,FRESNILLO DE LAS DUEÑAS,,,,
07,09,132,Fresno de Río Tirón,FRESNO DE RIO TIRON,,,,
07,09,133,Fresno de Rodilla,FRESNO DE RODILLA,,,,
07,09,134,Frías,FRIAS,,,,
07,09,135,Fuentebureba,FUENTEBUREBA,,,,
07,09,136,Fuentecén,FUENTECEN,,,,
07,09,137,Fuentelcésped,FUENTELCESPED,,,,
07,09,138,Fuentelisendo,FUENTELISENDO,,,,
07,09,139,Fuentemolinos,FUENTEMOLINOS,,,,
07,09,140,Fuentenebro,FUENTENEBRO,,,,
07,09,141,Fuentespina,FUENTESPINA,,,,
07,09,143,Galbarros,GALBARROS,,,,
07,09,144,"Gallega, La","GALLEGA, LA",,,La Gallega,LA GALLEGA
07,09,148,Grijalba,GRIJALBA,,,,
07,09,149,Grisaleña,GRISALEÑA,,,,
07,09,151,Gumiel de Izán,GUMIEL DE IZAN,,,,
07,09,152,Gumiel de Mercado,GUMIEL DE MERCADO,,,,
07,09,154,Hacinas,HACINAS,,,,
07,09,155,Haza,HAZA,,,,
07,09,159,Hontanas,HONTANAS,,,,
07,09,160,Hontangas,HONTANGAS,,,,
07,09,162,Hontoria de la Cantera,HONTORIA DE LA CANTERA,,,,
07,09,164,Hontoria de Valdearados,HONTORIA DE VALDEARADOS,,,,
07,09,163,Hontoria del Pinar,HONTORIA DEL PINAR,,,,
07,09,166,"Hormazas, Las","HORMAZAS, LAS",,,Las Hormazas,LAS HORMAZAS
07,09,167,Hornillos del Camino,HORNILLOS DEL CAMINO,,,,
07,09,168,"Horra, La","HORRA, LA",,,La Horra,LA HORRA
07,09,169,Hortigüela,HORTIGUELA,,,,
07,09,170,Hoyales de Roa,HOYALES DE ROA,,,,
07,09,172,Huérmeces,HUERMECES,,,,
07,09,173,Huerta de Arriba,HUERTA DE ARRIBA,,,,
07,09,174,Huerta de Rey,HUERTA DE REY,,,,
07,09,175,Humada,HUMADA,,,,
07,09,176,Hurones,HURONES,,,,
07,09,177,Ibeas de Juarros,IBEAS DE JUARROS,,,,
07,09,178,Ibrillos,IBRILLOS,,,,
07,09,179,Iglesiarrubia,IGLESIARRUBIA,,,,
07,09,180,Iglesias,IGLESIAS,,,,
07,09,181,Isar,ISAR,,,,
07,09,182,Itero del Castillo,ITERO DEL CASTILLO,,,,
07,09,183,Jaramillo de la Fuente,JARAMILLO DE LA FUENTE,,,,
07,09,184,Jaramillo Quemado,JARAMILLO QUEMADO,,,,
07,09,189,Junta de Traslaloma,JUNTA DE TRASLALOMA,,,,
07,09,190,Junta de Villalba de Losa,JUNTA DE VILLALBA DE LOSA,,,,
07,09,191,Jurisdicción de Lara,JURISDICCION DE LARA,,,,
07,09,192,Jurisdicción de San Zadornil,JURISDICCION DE SAN ZADORNIL,,,,
07,09,194,Lerma,LERMA,,,,
07,09,195,Llano de Bureba,LLANO DE BUREBA,,,,
07,09,196,Madrigal del Monte,MADRIGAL DEL MONTE,,,,
07,09,197,Madrigalejo del Monte,MADRIGALEJO DEL MONTE,,,,
07,09,198,Mahamud,MAHAMUD,,,,
07,09,199,Mambrilla de Castrejón,MAMBRILLA DE CASTREJON,,,,
07,09,200,Mambrillas de Lara,MAMBRILLAS DE LARA,,,,
07,09,201,Mamolar,MAMOLAR,,,,
07,09,202,Manciles,MANCILES,,,,
07,09,206,Mazuela,MAZUELA,,,,
07,09,208,Mecerreyes,MECERREYES,,,,
07,09,209,Medina de Pomar,MEDINA DE POMAR,,,,
07,09,211,Melgar de Fernamental,MELGAR DE FERNAMENTAL,,,,
07,09,213,Merindad de Cuesta-Urria,MERINDAD DE CUESTA-URRIA,,,,
07,09,214,Merindad de Montija,MERINDAD DE MONTIJA,,,,
07,09,906,Merindad de Río Ubierna,MERINDAD DE RIO UBIERNA,,,,
07,09,215,Merindad de Sotoscueva,MERINDAD DE SOTOSCUEVA,,,,
07,09,216,Merindad de Valdeporres,MERINDAD DE VALDEPORRES,,,,
07,09,217,Merindad de Valdivielso,MERINDAD DE VALDIVIELSO,,,,
07,09,218,Milagros,MILAGROS,,,,
07,09,219,Miranda de Ebro,MIRANDA DE EBRO,,,,
07,09,220,Miraveche,MIRAVECHE,,,,
07,09,221,Modúbar de la Emparedada,MODUBAR DE LA EMPAREDADA,,,,
07,09,223,Monasterio de la Sierra,MONASTERIO DE LA SIERRA,,,,
07,09,224,Monasterio de Rodilla,MONASTERIO DE RODILLA,,,,
07,09,225,Moncalvillo,MONCALVILLO,,,,
07,09,226,Monterrubio de la Demanda,MONTERRUBIO DE LA DEMANDA,,,,
07,09,227,Montorio,MONTORIO,,,,
07,09,228,Moradillo de Roa,MORADILLO DE ROA,,,,
07,09,229,Nava de Roa,NAVA DE ROA,,,,
07,09,230,Navas de Bureba,NAVAS DE BUREBA,,,,
07,09,231,Nebreda,NEBREDA,,,,
07,09,232,Neila,NEILA,,,,
07,09,235,Olmedillo de Roa,OLMEDILLO DE ROA,,,,
07,09,236,Olmillos de Muñó,OLMILLOS DE MUÑO,,,,
07,09,238,Oña,OÑA,,,,
07,09,239,Oquillas,OQUILLAS,,,,
07,09,241,Orbaneja Riopico,ORBANEJA RIOPICO,,,,
07,09,242,Padilla de Abajo,PADILLA DE ABAJO,,,,
07,09,243,Padilla de Arriba,PADILLA DE ARRIBA,,,,
07,09,244,Padrones de Bureba,PADRONES DE BUREBA,,,,
07,09,246,Palacios de la Sierra,PALACIOS DE LA SIERRA,,,,
07,09,247,Palacios de Riopisuerga,PALACIOS DE RIOPISUERGA,,,,
07,09,248,Palazuelos de la Sierra,PALAZUELOS DE LA SIERRA,,,,
07,09,249,Palazuelos de Muñó,PALAZUELOS DE MUÑO,,,,
07,09,250,Pampliega,PAMPLIEGA,,,,
07,09,251,Pancorbo,PANCORBO,,,,
07,09,253,Pardilla,PARDILLA,,,,
07,09,255,Partido de la Sierra en Tobalina,PARTIDO DE LA SIERRA EN TOBALINA,,,,
07,09,256,Pedrosa de Duero,PEDROSA DE DUERO,,,,
07,09,259,Pedrosa de Río Úrbel,PEDROSA DE RIO URBEL,,,,
07,09,257,Pedrosa del Páramo,PEDROSA DEL PARAMO,,,,
07,09,258,Pedrosa del Príncipe,PEDROSA DEL PRINCIPE,,,,
07,09,261,Peñaranda de Duero,PEÑARANDA DE DUERO,,,,
07,09,262,Peral de Arlanza,PERAL DE ARLANZA,,,,
07,09,265,Piérnigas,PIERNIGAS,,,,
07,09,266,Pineda de la Sierra,PINEDA DE LA SIERRA,,,,
07,09,267,Pineda Trasmonte,PINEDA TRASMONTE,,,,
07,09,268,Pinilla de los Barruecos,PINILLA DE LOS BARRUECOS,,,,
07,09,269,Pinilla de los Moros,PINILLA DE LOS MOROS,,,,
07,09,270,Pinilla Trasmonte,PINILLA TRASMONTE,,,,
07,09,272,Poza de la Sal,POZA DE LA SAL,,,,
07,09,273,Prádanos de Bureba,PRADANOS DE BUREBA,,,,
07,09,274,Pradoluengo,PRADOLUENGO,,,,
07,09,275,Presencio,PRESENCIO,,,,
07,09,276,"Puebla de Arganzón, La","PUEBLA DE ARGANZON, LA",,,La Puebla de Arganzón,LA PUEBLA DE ARGANZON
07,09,277,Puentedura,PUENTEDURA,,,,
07,09,279,Quemada,QUEMADA,,,,
07,09,281,Quintana del Pidio,QUINTANA DEL PIDIO,,,,
07,09,280,Quintanabureba,QUINTANABUREBA,,,,
07,09,283,Quintanaélez,QUINTANAELEZ,,,,
07,09,287,Quintanaortuño,QUINTANAORTUÑO,,,,
07,09,288,Quintanapalla,QUINTANAPALLA,,,,
07,09,289,Quintanar de la Sierra,QUINTANAR DE LA SIERRA,,,,
07,09,292,Quintanavides,QUINTANAVIDES,,,,
07,09,294,Quintanilla de la Mata,QUINTANILLA DE LA MATA,,,,
07,09,901,Quintanilla del Agua y Tordueles,QUINTANILLA DEL AGUA Y TORDUELES,,,,
07,09,295,Quintanilla del Coco,QUINTANILLA DEL COCO,,,,
07,09,298,Quintanilla San García,QUINTANILLA SAN GARCIA,,,,
07,09,301,Quintanilla Vivar,QUINTANILLA VIVAR,,,,
07,09,297,"Quintanillas, Las","QUINTANILLAS, LAS",,,Las Quintanillas,LAS QUINTANILLAS
07,09,302,Rabanera del Pinar,RABANERA DEL PINAR,,,,
07,09,303,Rábanos,RABANOS,,,,
07,09,304,Rabé de las Calzadas,RABE DE LAS CALZADAS,,,,
07,09,306,Rebolledo de la Torre,REBOLLEDO DE LA TORRE,,,,
07,09,307,Redecilla del Camino,REDECILLA DEL CAMINO,,,,
07,09,308,Redecilla del Campo,REDECILLA DEL CAMPO,,,,
07,09,309,Regumiel de la Sierra,REGUMIEL DE LA SIERRA,,,,
07,09,310,Reinoso,REINOSO,,,,
07,09,311,Retuerta,RETUERTA,,,,
07,09,314,Revilla del Campo,REVILLA DEL CAMPO,,,,
07,09,316,Revilla Vallejera,REVILLA VALLEJERA,,,,
07,09,312,"Revilla y Ahedo, La","REVILLA Y AHEDO, LA",,,La Revilla y Ahedo,LA REVILLA Y AHEDO
07,09,315,Revillarruz,REVILLARRUZ,,,,
07,09,317,Rezmondo,REZMONDO,,,,
07,09,318,Riocavado de la Sierra,RIOCAVADO DE LA SIERRA,,,,
07,09,321,Roa,ROA,,,,
07,09,323,Rojas,ROJAS,,,,
07,09,325,Royuela de Río Franco,ROYUELA DE RIO FRANCO,,,,
07,09,326,Rubena,RUBENA,,,,
07,09,327,Rublacedo de Abajo,RUBLACEDO DE ABAJO,,,,
07,09,328,Rucandio,RUCANDIO,,,,
07,09,329,Salas de Bureba,SALAS DE BUREBA,,,,
07,09,330,Salas de los Infantes,SALAS DE LOS INFANTES,,,,
07,09,332,Saldaña de Burgos,SALDAÑA DE BURGOS,,,,
07,09,334,Salinillas de Bureba,SALINILLAS DE BUREBA,,,,
07,09,335,San Adrián de Juarros,SAN ADRIAN DE JUARROS,,,,
07,09,337,San Juan del Monte,SAN JUAN DEL MONTE,,,,
07,09,338,San Mamés de Burgos,SAN MAMES DE BURGOS,,,,
07,09,339,San Martín de Rubiales,SAN MARTIN DE RUBIALES,,,,
07,09,340,San Millán de Lara,SAN MILLAN DE LARA,,,,
07,09,360,San Vicente del Valle,SAN VICENTE DEL VALLE,,,,
07,09,343,Santa Cecilia,SANTA CECILIA,,,,
07,09,345,Santa Cruz de la Salceda,SANTA CRUZ DE LA SALCEDA,,,,
07,09,346,Santa Cruz del Valle Urbión,SANTA CRUZ DEL VALLE URBION,,,,
07,09,347,Santa Gadea del Cid,SANTA GADEA DEL CID,,,,
07,09,348,Santa Inés,SANTA INES,,,,
07,09,350,Santa María del Campo,SANTA MARIA DEL CAMPO,,,,
07,09,351,Santa María del Invierno,SANTA MARIA DEL INVIERNO,,,,
07,09,352,Santa María del Mercadillo,SANTA MARIA DEL MERCADILLO,,,,
07,09,353,Santa María Rivarredonda,SANTA MARIA RIVARREDONDA,,,,
07,09,354,Santa Olalla de Bureba,SANTA OLALLA DE BUREBA,,,,
07,09,355,Santibáñez de Esgueva,SANTIBAÑEZ DE ESGUEVA,,,,
07,09,356,Santibáñez del Val,SANTIBAÑEZ DEL VAL,,,,
07,09,358,Santo Domingo de Silos,SANTO DOMINGO DE SILOS,,,,
07,09,361,Sargentes de la Lora,SARGENTES DE LA LORA,,,,
07,09,362,Sarracín,SARRACIN,,,,
07,09,363,Sasamón,SASAMON,,,,
07,09,365,"Sequera de Haza, La","SEQUERA DE HAZA, LA",,,La Sequera de Haza,LA SEQUERA DE HAZA
07,09,366,Solarana,SOLARANA,,,,
07,09,368,Sordillos,SORDILLOS,,,,
07,09,369,Sotillo de la Ribera,SOTILLO DE LA RIBERA,,,,
07,09,372,Sotragero,SOTRAGERO,,,,
07,09,373,Sotresgudo,SOTRESGUDO,,,,
07,09,374,Susinos del Páramo,SUSINOS DEL PARAMO,,,,
07,09,375,Tamarón,TAMARON,,,,
07,09,377,Tardajos,TARDAJOS,,,,
07,09,378,Tejada,TEJADA,,,,
07,09,380,Terradillos de Esgueva,TERRADILLOS DE ESGUEVA,,,,
07,09,381,Tinieblas de la Sierra,TINIEBLAS DE LA SIERRA,,,,
07,09,382,Tobar,TOBAR,,,,
07,09,384,Tordómar,TORDOMAR,,,,
07,09,386,Torrecilla del Monte,TORRECILLA DEL MONTE,,,,
07,09,387,Torregalindo,TORREGALINDO,,,,
07,09,388,Torrelara,TORRELARA,,,,
07,09,389,Torrepadre,TORREPADRE,,,,
07,09,390,Torresandino,TORRESANDINO,,,,
07,09,391,Tórtoles de Esgueva,TORTOLES DE ESGUEVA,,,,
07,09,392,Tosantos,TOSANTOS,,,,
07,09,394,Trespaderne,TRESPADERNE,,,,
07,09,395,Tubilla del Agua,TUBILLA DEL AGUA,,,,
07,09,396,Tubilla del Lago,TUBILLA DEL LAGO,,,,
07,09,398,Úrbel del Castillo,URBEL DEL CASTILLO,,,,
07,09,400,Vadocondes,VADOCONDES,,,,
07,09,403,Valdeande,VALDEANDE,,,,
07,09,405,Valdezate,VALDEZATE,,,,
07,09,406,Valdorros,VALDORROS,,,,
07,09,408,Vallarta de Bureba,VALLARTA DE BUREBA,,,,
07,09,904,Valle de las Navas,VALLE DE LAS NAVAS,,,,
07,09,908,Valle de Losa,VALLE DE LOSA,,,,
07,09,409,Valle de Manzanedo,VALLE DE MANZANEDO,,,,
07,09,410,Valle de Mena,VALLE DE MENA,,,,
07,09,411,Valle de Oca,VALLE DE OCA,,,,
07,09,902,Valle de Santibáñez,VALLE DE SANTIBAÑEZ,,,,
07,09,905,Valle de Sedano,VALLE DE SEDANO,,,,
07,09,412,Valle de Tobalina,VALLE DE TOBALINA,,,,
07,09,413,Valle de Valdebezana,VALLE DE VALDEBEZANA,,,,
07,09,414,Valle de Valdelaguna,VALLE DE VALDELAGUNA,,,,
07,09,415,Valle de Valdelucio,VALLE DE VALDELUCIO,,,,
07,09,416,Valle de Zamanzas,VALLE DE ZAMANZAS,,,,
07,09,417,Vallejera,VALLEJERA,,,,
07,09,418,Valles de Palenzuela,VALLES DE PALENZUELA,,,,
07,09,419,Valluércanes,VALLUERCANES,,,,
07,09,407,Valmala,VALMALA,,,,
07,09,422,"Vid de Bureba, La","VID DE BUREBA, LA",,,La Vid de Bureba,LA VID DE BUREBA
07,09,421,"Vid y Barrios, La","VID Y BARRIOS, LA",,,La Vid y Barrios,LA VID Y BARRIOS
07,09,423,Vileña,VILEÑA,,,,
07,09,427,Villadiego,VILLADIEGO,,,,
07,09,428,Villaescusa de Roa,VILLAESCUSA DE ROA,,,,
07,09,429,Villaescusa la Sombría,VILLAESCUSA LA SOMBRIA,,,,
07,09,430,Villaespasa,VILLAESPASA,,,,
07,09,431,Villafranca Montes de Oca,VILLAFRANCA MONTES DE OCA,,,,
07,09,432,Villafruela,VILLAFRUELA,,,,
07,09,433,Villagalijo,VILLAGALIJO,,,,
07,09,434,Villagonzalo Pedernales,VILLAGONZALO PEDERNALES,,,,
07,09,437,Villahoz,VILLAHOZ,,,,
07,09,438,Villalba de Duero,VILLALBA DE DUERO,,,,
07,09,439,Villalbilla de Burgos,VILLALBILLA DE BURGOS,,,,
07,09,440,Villalbilla de Gumiel,VILLALBILLA DE GUMIEL,,,,
07,09,441,Villaldemiro,VILLALDEMIRO,,,,
07,09,442,Villalmanzo,VILLALMANZO,,,,
07,09,443,Villamayor de los Montes,VILLAMAYOR DE LOS MONTES,,,,
07,09,444,Villamayor de Treviño,VILLAMAYOR DE TREVIÑO,,,,
07,09,445,Villambistia,VILLAMBISTIA,,,,
07,09,446,Villamedianilla,VILLAMEDIANILLA,,,,
07,09,447,Villamiel de la Sierra,VILLAMIEL DE LA SIERRA,,,,
07,09,448,Villangómez,VILLANGOMEZ,,,,
07,09,449,Villanueva de Argaño,VILLANUEVA DE ARGAÑO,,,,
07,09,450,Villanueva de Carazo,VILLANUEVA DE CARAZO,,,,
07,09,451,Villanueva de Gumiel,VILLANUEVA DE GUMIEL,,,,
07,09,454,Villanueva de Teba,VILLANUEVA DE TEBA,,,,
07,09,455,Villaquirán de la Puebla,VILLAQUIRAN DE LA PUEBLA,,,,
07,09,456,Villaquirán de los Infantes,VILLAQUIRAN DE LOS INFANTES,,,,
07,09,903,Villarcayo de Merindad de Castilla la Vieja,VILLARCAYO DE MERINDAD DE CASTILLA LA VIEJA,,,,
07,09,458,Villariezo,VILLARIEZO,,,,
07,09,460,Villasandino,VILLASANDINO,,,,
07,09,463,Villasur de Herreros,VILLASUR DE HERREROS,,,,
07,09,464,Villatuelda,VILLATUELDA,,,,
07,09,466,Villaverde del Monte,VILLAVERDE DEL MONTE,,,,
07,09,467,Villaverde-Mogina,VILLAVERDE-MOGINA,,,,
07,09,471,Villayerno Morquillas,VILLAYERNO MORQUILLAS,,,,
07,09,472,Villazopeque,VILLAZOPEQUE,,,,
07,09,473,Villegas,VILLEGAS,,,,
07,09,476,Villoruebo,VILLORUEBO,,,,
07,09,424,Viloria de Rioja,VILORIA DE RIOJA,,,,
07,09,425,Vilviestre del Pinar,VILVIESTRE DEL PINAR,,,,
07,09,478,Vizcaínos,VIZCAINOS,,,,
07,09,480,Zael,ZAEL,,,,
07,09,482,Zarzosa de Río Pisuerga,ZARZOSA DE RIO PISUERGA,,,,
07,09,483,Zazuar,ZAZUAR,,,,
07,09,485,Zuñeda,ZUÑEDA,,,,
11,10,001,Abadía,ABADIA,,,,
11,10,002,Abertura,ABERTURA,,,,
11,10,003,Acebo,ACEBO,,,,
11,10,004,Acehúche,ACEHUCHE,,,,
11,10,005,Aceituna,ACEITUNA,,,,
11,10,006,Ahigal,AHIGAL,,,,
11,10,903,Alagón del Río,ALAGON DEL RIO,,,,
11,10,007,Albalá,ALBALA,,,,
11,10,008,Alcántara,ALCANTARA,,,,
11,10,009,Alcollarín,ALCOLLARIN,,,,
11,10,010,Alcuéscar,ALCUESCAR,,,,
11,10,012,Aldea del Cano,ALDEA DEL CANO,,,,
11,10,013,"Aldea del Obispo, La","ALDEA DEL OBISPO, LA",,,La Aldea del Obispo,LA ALDEA DEL OBISPO
11,10,011,Aldeacentenera,ALDEACENTENERA,,,,
11,10,014,Aldeanueva de la Vera,ALDEANUEVA DE LA VERA,,,,
11,10,015,Aldeanueva del Camino,ALDEANUEVA DEL CAMINO,,,,
11,10,016,Aldehuela de Jerte,ALDEHUELA DE JERTE,,,,
11,10,017,Alía,ALIA,,,,
11,10,018,Aliseda,ALISEDA,,,,
11,10,019,Almaraz,ALMARAZ,,,,
11,10,020,Almoharín,ALMOHARIN,,,,
11,10,021,Arroyo de la Luz,ARROYO DE LA LUZ,,,,
11,10,023,Arroyomolinos,ARROYOMOLINOS,,,,
11,10,022,Arroyomolinos de la Vera,ARROYOMOLINOS DE LA VERA,,,,
11,10,024,Baños de Montemayor,BAÑOS DE MONTEMAYOR,,,,
11,10,025,Barrado,BARRADO,,,,
11,10,026,Belvís de Monroy,BELVIS DE MONROY,,,,
11,10,027,Benquerencia,BENQUERENCIA,,,,
11,10,028,Berrocalejo,BERROCALEJO,,,,
11,10,029,Berzocana,BERZOCANA,,,,
11,10,030,Bohonal de Ibor,BOHONAL DE IBOR,,,,
11,10,031,Botija,BOTIJA,,,,
11,10,032,Brozas,BROZAS,,,,
11,10,033,Cabañas del Castillo,CABAÑAS DEL CASTILLO,,,,
11,10,034,Cabezabellosa,CABEZABELLOSA,,,,
11,10,035,Cabezuela del Valle,CABEZUELA DEL VALLE,,,,
11,10,036,Cabrero,CABRERO,,,,
11,10,037,Cáceres,CACERES,,,,
11,10,038,Cachorrilla,CACHORRILLA,,,,
11,10,039,Cadalso,CADALSO,,,,
11,10,040,Calzadilla,CALZADILLA,,,,
11,10,041,Caminomorisco,CAMINOMORISCO,,,,
11,10,042,Campillo de Deleitosa,CAMPILLO DE DELEITOSA,,,,
11,10,043,Campo Lugar,CAMPO LUGAR,,,,
11,10,044,Cañamero,CAÑAMERO,,,,
11,10,045,Cañaveral,CAÑAVERAL,,,,
11,10,046,Carbajo,CARBAJO,,,,
11,10,047,Carcaboso,CARCABOSO,,,,
11,10,048,Carrascalejo,CARRASCALEJO,,,,
11,10,049,Casar de Cáceres,CASAR DE CACERES,,,,
11,10,050,Casar de Palomero,CASAR DE PALOMERO,,,,
11,10,051,Casares de las Hurdes,CASARES DE LAS HURDES,,,,
11,10,052,Casas de Don Antonio,CASAS DE DON ANTONIO,,,,
11,10,053,Casas de Don Gómez,CASAS DE DON GOMEZ,,,,
11,10,056,Casas de Millán,CASAS DE MILLAN,,,,
11,10,057,Casas de Miravete,CASAS DE MIRAVETE,,,,
11,10,054,Casas del Castañar,CASAS DEL CASTAÑAR,,,,
11,10,055,Casas del Monte,CASAS DEL MONTE,,,,
11,10,058,Casatejada,CASATEJADA,,,,
11,10,059,Casillas de Coria,CASILLAS DE CORIA,,,,
11,10,060,Castañar de Ibor,CASTAÑAR DE IBOR,,,,
11,10,061,Ceclavín,CECLAVIN,,,,
11,10,062,Cedillo,CEDILLO,,,,
11,10,063,Cerezo,CEREZO,,,,
11,10,064,Cilleros,CILLEROS,,,,
11,10,065,Collado de la Vera,COLLADO DE LA VERA,,,,
11,10,066,Conquista de la Sierra,CONQUISTA DE LA SIERRA,,,,
11,10,067,Coria,CORIA,,,,
11,10,068,Cuacos de Yuste,CUACOS DE YUSTE,,,,
11,10,069,"Cumbre, La","CUMBRE, LA",,,La Cumbre,LA CUMBRE
11,10,070,Deleitosa,DELEITOSA,,,,
11,10,071,Descargamaría,DESCARGAMARIA,,,,
11,10,072,Eljas,ELJAS,,,,
11,10,073,Escurial,ESCURIAL,,,,
11,10,075,Fresnedoso de Ibor,FRESNEDOSO DE IBOR,,,,
11,10,076,Galisteo,GALISTEO,,,,
11,10,077,Garciaz,GARCIAZ,,,,
11,10,079,Garganta la Olla,GARGANTA LA OLLA,,,,
11,10,078,"Garganta, La","GARGANTA, LA",,,La Garganta,LA GARGANTA
11,10,080,Gargantilla,GARGANTILLA,,,,
11,10,081,Gargüera,GARGUERA,,,,
11,10,082,Garrovillas de Alconétar,GARROVILLAS DE ALCONETAR,,,,
11,10,083,Garvín,GARVIN,,,,
11,10,084,Gata,GATA,,,,
11,10,085,"Gordo, El","GORDO, EL",,,El Gordo,EL GORDO
11,10,086,"Granja, La","GRANJA, LA",,,La Granja,LA GRANJA
11,10,087,Guadalupe,GUADALUPE,,,,
11,10,088,Guijo de Coria,GUIJO DE CORIA,,,,
11,10,089,Guijo de Galisteo,GUIJO DE GALISTEO,,,,
11,10,090,Guijo de Granadilla,GUIJO DE GRANADILLA,,,,
11,10,091,Guijo de Santa Bárbara,GUIJO DE SANTA BARBARA,,,,
11,10,092,Herguijuela,HERGUIJUELA,,,,
11,10,093,Hernán-Pérez,HERNAN-PEREZ,,,,
11,10,094,Herrera de Alcántara,HERRERA DE ALCANTARA,,,,
11,10,095,Herreruela,HERRERUELA,,,,
11,10,096,Hervás,HERVAS,,,,
11,10,097,Higuera,HIGUERA,,,,
11,10,098,Hinojal,HINOJAL,,,,
11,10,099,Holguera,HOLGUERA,,,,
11,10,100,Hoyos,HOYOS,,,,
11,10,101,Huélaga,HUELAGA,,,,
11,10,102,Ibahernando,IBAHERNANDO,,,,
11,10,103,Jaraicejo,JARAICEJO,,,,
11,10,104,Jaraíz de la Vera,JARAIZ DE LA VERA,,,,
11,10,105,Jarandilla de la Vera,JARANDILLA DE LA VERA,,,,
11,10,106,Jarilla,JARILLA,,,,
11,10,107,Jerte,JERTE,,,,
11,10,108,Ladrillar,LADRILLAR,,,,
11,10,109,Logrosán,LOGROSAN,,,,
11,10,110,Losar de la Vera,LOSAR DE LA VERA,,,,
11,10,111,Madrigal de la Vera,MADRIGAL DE LA VERA,,,,
11,10,112,Madrigalejo,MADRIGALEJO,,,,
11,10,113,Madroñera,MADROÑERA,,,,
11,10,114,Majadas,MAJADAS,,,,
11,10,115,Malpartida de Cáceres,MALPARTIDA DE CACERES,,,,
11,10,116,Malpartida de Plasencia,MALPARTIDA DE PLASENCIA,,,,
11,10,117,Marchagaz,MARCHAGAZ,,,,
11,10,118,Mata de Alcántara,MATA DE ALCANTARA,,,,
11,10,119,Membrío,MEMBRIO,,,,
11,10,120,Mesas de Ibor,MESAS DE IBOR,,,,
11,10,121,Miajadas,MIAJADAS,,,,
11,10,122,Millanes,MILLANES,,,,
11,10,123,Mirabel,MIRABEL,,,,
11,10,124,Mohedas de Granadilla,MOHEDAS DE GRANADILLA,,,,
11,10,125,Monroy,MONROY,,,,
11,10,126,Montánchez,MONTANCHEZ,,,,
11,10,127,Montehermoso,MONTEHERMOSO,,,,
11,10,128,Moraleja,MORALEJA,,,,
11,10,129,Morcillo,MORCILLO,,,,
11,10,130,Navaconcejo,NAVACONCEJO,,,,
11,10,131,Navalmoral de la Mata,NAVALMORAL DE LA MATA,,,,
11,10,132,Navalvillar de Ibor,NAVALVILLAR DE IBOR,,,,
11,10,133,Navas del Madroño,NAVAS DEL MADROÑO,,,,
11,10,134,Navezuelas,NAVEZUELAS,,,,
11,10,135,Nuñomoral,NUÑOMORAL,,,,
11,10,136,Oliva de Plasencia,OLIVA DE PLASENCIA,,,,
11,10,137,Palomero,PALOMERO,,,,
11,10,138,Pasarón de la Vera,PASARON DE LA VERA,,,,
11,10,139,Pedroso de Acim,PEDROSO DE ACIM,,,,
11,10,140,Peraleda de la Mata,PERALEDA DE LA MATA,,,,
11,10,141,Peraleda de San Román,PERALEDA DE SAN ROMAN,,,,
11,10,142,Perales del Puerto,PERALES DEL PUERTO,,,,
11,10,143,Pescueza,PESCUEZA,,,,
11,10,144,"Pesga, La","PESGA, LA",,,La Pesga,LA PESGA
11,10,145,Piedras Albas,PIEDRAS ALBAS,,,,
11,10,146,Pinofranqueado,PINOFRANQUEADO,,,,
11,10,147,Piornal,PIORNAL,,,,
11,10,148,Plasencia,PLASENCIA,,,,
11,10,149,Plasenzuela,PLASENZUELA,,,,
11,10,150,Portaje,PORTAJE,,,,
11,10,151,Portezuelo,PORTEZUELO,,,,
11,10,152,Pozuelo de Zarzón,POZUELO DE ZARZON,,,,
11,10,905,Pueblonuevo de Miramontes,PUEBLONUEVO DE MIRAMONTES,,,,
11,10,153,Puerto de Santa Cruz,PUERTO DE SANTA CRUZ,,,,
11,10,154,Rebollar,REBOLLAR,,,,
11,10,155,Riolobos,RIOLOBOS,,,,
11,10,156,Robledillo de Gata,ROBLEDILLO DE GATA,,,,
11,10,157,Robledillo de la Vera,ROBLEDILLO DE LA VERA,,,,
11,10,158,Robledillo de Trujillo,ROBLEDILLO DE TRUJILLO,,,,
11,10,159,Robledollano,ROBLEDOLLANO,,,,
11,10,160,Romangordo,ROMANGORDO,,,,
11,10,901,Rosalejo,ROSALEJO,,,,
11,10,161,Ruanes,RUANES,,,,
11,10,162,Salorino,SALORINO,,,,
11,10,163,Salvatierra de Santiago,SALVATIERRA DE SANTIAGO,,,,
11,10,164,San Martín de Trevejo,SAN MARTIN DE TREVEJO,,,,
11,10,165,Santa Ana,SANTA ANA,,,,
11,10,166,Santa Cruz de la Sierra,SANTA CRUZ DE LA SIERRA,,,,
11,10,167,Santa Cruz de Paniagua,SANTA CRUZ DE PANIAGUA,,,,
11,10,168,Santa Marta de Magasca,SANTA MARTA DE MAGASCA,,,,
11,10,169,Santiago de Alcántara,SANTIAGO DE ALCANTARA,,,,
11,10,170,Santiago del Campo,SANTIAGO DEL CAMPO,,,,
11,10,171,Santibáñez el Alto,SANTIBAÑEZ EL ALTO,,,,
11,10,172,Santibáñez el Bajo,SANTIBAÑEZ EL BAJO,,,,
11,10,173,Saucedilla,SAUCEDILLA,,,,
11,10,174,Segura de Toro,SEGURA DE TORO,,,,
11,10,175,Serradilla,SERRADILLA,,,,
11,10,176,Serrejón,SERREJON,,,,
11,10,177,Sierra de Fuentes,SIERRA DE FUENTES,,,,
11,10,178,Talaván,TALAVAN,,,,
11,10,179,Talaveruela de la Vera,TALAVERUELA DE LA VERA,,,,
11,10,180,Talayuela,TALAYUELA,,,,
11,10,181,Tejeda de Tiétar,TEJEDA DE TIETAR,,,,
11,10,904,Tiétar,TIETAR,,,,
11,10,182,Toril,TORIL,,,,
11,10,183,Tornavacas,TORNAVACAS,,,,
11,10,184,"Torno, El","TORNO, EL",,,El Torno,EL TORNO
11,10,187,Torre de Don Miguel,TORRE DE DON MIGUEL,,,,
11,10,188,Torre de Santa María,TORRE DE SANTA MARIA,,,,
11,10,185,Torrecilla de los Ángeles,TORRECILLA DE LOS ANGELES,,,,
11,10,186,Torrecillas de la Tiesa,TORRECILLAS DE LA TIESA,,,,
11,10,190,Torrejón el Rubio,TORREJON EL RUBIO,,,,
11,10,189,Torrejoncillo,TORREJONCILLO,,,,
11,10,191,Torremenga,TORREMENGA,,,,
11,10,192,Torremocha,TORREMOCHA,,,,
11,10,193,Torreorgaz,TORREORGAZ,,,,
11,10,194,Torrequemada,TORREQUEMADA,,,,
11,10,195,Trujillo,TRUJILLO,,,,
11,10,196,Valdastillas,VALDASTILLAS,,,,
11,10,197,Valdecañas de Tajo,VALDECAÑAS DE TAJO,,,,
11,10,198,Valdefuentes,VALDEFUENTES,,,,
11,10,199,Valdehúncar,VALDEHUNCAR,,,,
11,10,200,Valdelacasa de Tajo,VALDELACASA DE TAJO,,,,
11,10,201,Valdemorales,VALDEMORALES,,,,
11,10,202,Valdeobispo,VALDEOBISPO,,,,
11,10,203,Valencia de Alcántara,VALENCIA DE ALCANTARA,,,,
11,10,204,Valverde de la Vera,VALVERDE DE LA VERA,,,,
11,10,205,Valverde del Fresno,VALVERDE DEL FRESNO,,,,
11,10,902,Vegaviana,VEGAVIANA,,,,
11,10,206,Viandar de la Vera,VIANDAR DE LA VERA,,,,
11,10,207,Villa del Campo,VILLA DEL CAMPO,,,,
11,10,208,Villa del Rey,VILLA DEL REY,,,,
11,10,209,Villamesías,VILLAMESIAS,,,,
11,10,210,Villamiel,VILLAMIEL,,,,
11,10,211,Villanueva de la Sierra,VILLANUEVA DE LA SIERRA,,,,
11,10,212,Villanueva de la Vera,VILLANUEVA DE LA VERA,,,,
11,10,214,Villar de Plasencia,VILLAR DE PLASENCIA,,,,
11,10,213,Villar del Pedroso,VILLAR DEL PEDROSO,,,,
11,10,215,Villasbuenas de Gata,VILLASBUENAS DE GATA,,,,
11,10,216,Zarza de Granadilla,ZARZA DE GRANADILLA,,,,
11,10,217,Zarza de Montánchez,ZARZA DE MONTANCHEZ,,,,
11,10,218,Zarza la Mayor,ZARZA LA MAYOR,,,,
11,10,219,Zorita,ZORITA,,,,
01,11,001,Alcalá de los Gazules,ALCALA DE LOS GAZULES,,,,
01,11,002,Alcalá del Valle,ALCALA DEL VALLE,,,,
01,11,003,Algar,ALGAR,,,,
01,11,004,Algeciras,ALGECIRAS,,,,
01,11,005,Algodonales,ALGODONALES,,,,
01,11,006,Arcos de la Frontera,ARCOS DE LA FRONTERA,,,,
01,11,007,Barbate,BARBATE,,,,
01,11,008,"Barrios, Los","BARRIOS, LOS",,,Los Barrios,LOS BARRIOS
01,11,901,Benalup-Casas Viejas,BENALUP-CASAS VIEJAS,,,,
01,11,009,Benaocaz,BENAOCAZ,,,,
01,11,010,Bornos,BORNOS,,,,
01,11,011,"Bosque, El","BOSQUE, EL",,,El Bosque,EL BOSQUE
01,11,012,Cádiz,CADIZ,,,,
01,11,013,Castellar de la Frontera,CASTELLAR DE LA FRONTERA,,,,
01,11,015,Chiclana de la Frontera,CHICLANA DE LA FRONTERA,,,,
01,11,016,Chipiona,CHIPIONA,,,,
01,11,014,Conil de la Frontera,CONIL DE LA FRONTERA,,,,
01,11,017,Espera,ESPERA,,,,
01,11,018,"Gastor, El","GASTOR, EL",,,El Gastor,EL GASTOR
01,11,019,Grazalema,GRAZALEMA,,,,
01,11,020,Jerez de la Frontera,JEREZ DE LA FRONTERA,,,,
01,11,021,Jimena de la Frontera,JIMENA DE LA FRONTERA,,,,
01,11,022,"Línea de la Concepción, La","LINEA DE LA CONCEPCION, LA",,,La Línea de la Concepción,LA LINEA DE LA CONCEPCION
01,11,023,Medina Sidonia,MEDINA SIDONIA,,,,
01,11,024,Olvera,OLVERA,,,,
01,11,025,Paterna de Rivera,PATERNA DE RIVERA,,,,
01,11,026,Prado del Rey,PRADO DEL REY,,,,
01,11,027,"Puerto de Santa María, El","PUERTO DE SANTA MARIA, EL",,,El Puerto de Santa María,EL PUERTO DE SANTA MARIA
01,11,028,Puerto Real,PUERTO REAL,,,,
01,11,029,Puerto Serrano,PUERTO SERRANO,,,,
01,11,030,Rota,ROTA,,,,
01,11,031,San Fernando,SAN FERNANDO,,,,
01,11,902,San José del Valle,SAN JOSE DEL VALLE,,,,
01,11,903,San Martín del Tesorillo,SAN MARTIN DEL TESORILLO,,,,
01,11,033,San Roque,SAN ROQUE,,,,
01,11,032,Sanlúcar de Barrameda,SANLUCAR DE BARRAMEDA,,,,
01,11,034,Setenil de las Bodegas,SETENIL DE LAS BODEGAS,,,,
01,11,035,Tarifa,TARIFA,,,,
01,11,036,Torre Alháquime,TORRE ALHAQUIME,,,,
01,11,037,Trebujena,TREBUJENA,,,,
01,11,038,Ubrique,UBRIQUE,,,,
01,11,039,Vejer de la Frontera,VEJER DE LA FRONTERA,,,,
01,11,040,Villaluenga del Rosario,VILLALUENGA DEL ROSARIO,,,,
01,11,041,Villamartín,VILLAMARTIN,,,,
01,11,042,Zahara,ZAHARA,,,,
10,12,002,Aín,AIN,,,,
10,12,003,Albocàsser,ALBOCASSER,,,,
10,12,004,Alcalà de Xivert,ALCALA DE XIVERT,,,,
10,12,005,"Alcora, l'","ALCORA, L'",,,l' Alcora,L' ALCORA
10,12,006,Alcudia de Veo,ALCUDIA DE VEO,,,,
10,12,007,Alfondeguilla,ALFONDEGUILLA,,,,
10,12,008,Algimia de Almonacid,ALGIMIA DE ALMONACID,,,,
10,12,009,Almassora,ALMASSORA,,,,
10,12,010,Almedíjar,ALMEDIJAR,,,,
10,12,011,Almenara,ALMENARA,,,,
10,12,901,"Alqueries, les","ALQUERIES, LES","Alqueries, les","ALQUERIES, LES",les Alqueries,LES ALQUERIES
10,12,012,Altura,ALTURA,,,,
10,12,013,Arañuel,ARAÑUEL,,,,
10,12,014,Ares del Maestrat,ARES DEL MAESTRAT,,,,
10,12,015,Argelita,ARGELITA,,,,
10,12,016,Artana,ARTANA,,,,
10,12,001,Atzeneta del Maestrat,ATZENETA DEL MAESTRAT,,,,
10,12,017,Ayódar,AYODAR,,,,
10,12,018,Azuébar,AZUEBAR,,,,
10,12,020,Barracas,BARRACAS,,,,
10,12,022,Bejís,BEJIS,,,,
10,12,024,Benafer,BENAFER,,,,
10,12,025,Benafigos,BENAFIGOS,,,,
10,12,026,Benassal,BENASSAL,,,,
10,12,027,Benicarló,BENICARLO,,,,
10,12,028,Benicasim,BENICASIM,Benicasim,BENICASIM,,
10,12,029,Benlloc,BENLLOC,,,,
10,12,021,Betxí,BETXI,,,,
10,12,032,Borriana,BORRIANA,Borriana,BORRIANA,,
10,12,031,Borriol,BORRIOL,,,,
10,12,033,Cabanes,CABANES,,,,
10,12,034,Càlig,CALIG,,,,
10,12,036,Canet lo Roig,CANET LO ROIG,,,,
10,12,037,Castell de Cabres,CASTELL DE CABRES,,,,
10,12,038,Castellfort,CASTELLFORT,,,,
10,12,039,Castellnovo,CASTELLNOVO,,,,
10,12,040,Castellón de la Plana,CASTELLON DE LA PLANA,Castellón de la Plana,CASTELLON DE LA PLANA,,
10,12,041,Castillo de Villamalefa,CASTILLO DE VILLAMALEFA,,,,
10,12,042,Catí,CATI,,,,
10,12,043,Caudiel,CAUDIEL,,,,
10,12,044,Cervera del Maestre,CERVERA DEL MAESTRE,,,,
10,12,053,Chilches,CHILCHES,Chilches,CHILCHES,,
10,12,055,Chodos,CHODOS,Chodos,CHODOS,,
10,12,056,Chóvar,CHOVAR,,,,
10,12,045,Cinctorres,CINCTORRES,,,,
10,12,046,Cirat,CIRAT,,,,
10,12,048,Cortes de Arenoso,CORTES DE ARENOSO,,,,
10,12,049,Costur,COSTUR,,,,
10,12,050,"Coves de Vinromà, les","COVES DE VINROMA, LES",,,les Coves de Vinromà,LES COVES DE VINROMA
10,12,051,Culla,CULLA,,,,
10,12,057,Eslida,ESLIDA,,,,
10,12,058,Espadilla,ESPADILLA,,,,
10,12,059,Fanzara,FANZARA,,,,
10,12,060,Figueroles,FIGUEROLES,,,,
10,12,061,Forcall,FORCALL,,,,
10,12,063,Fuente la Reina,FUENTE LA REINA,,,,
10,12,064,Fuentes de Ayódar,FUENTES DE AYODAR,,,,
10,12,065,Gaibiel,GAIBIEL,,,,
10,12,067,Geldo,GELDO,,,,
10,12,068,Herbés,HERBES,,,,
10,12,069,Higueras,HIGUERAS,,,,
10,12,070,"Jana, la","JANA, LA",,,la Jana,LA JANA
10,12,071,Jérica,JERICA,,,,
10,12,074,"Llosa, la","LLOSA, LA",,,la Llosa,LA LLOSA
10,12,072,Llucena,LLUCENA,Llucena,LLUCENA,,
10,12,073,Ludiente,LUDIENTE,,,,
10,12,075,"Mata de Morella, la","MATA DE MORELLA, LA",,,la Mata de Morella,LA MATA DE MORELLA
10,12,076,Matet,MATET,,,,
10,12,077,Moncofa,MONCOFA,,,,
10,12,078,Montán,MONTAN,,,,
10,12,079,Montanejos,MONTANEJOS,,,,
10,12,080,Morella,MORELLA,,,,
10,12,081,Navajas,NAVAJAS,,,,
10,12,082,Nules,NULES,,,,
10,12,083,Olocau del Rey,OLOCAU DEL REY,,,,
10,12,084,Onda,ONDA,,,,
10,12,085,Oropesa del Mar,OROPESA DEL MAR,Oropesa del Mar,OROPESA DEL MAR,,
10,12,087,Palanques,PALANQUES,,,,
10,12,088,Pavías,PAVIAS,,,,
10,12,089,Peníscola,PENISCOLA,Peníscola,PENISCOLA,,
10,12,090,Pina de Montalgrao,PINA DE MONTALGRAO,,,,
10,12,093,"Pobla de Benifassà, la","POBLA DE BENIFASSA, LA",,,la Pobla de Benifassà,LA POBLA DE BENIFASSA
10,12,094,"Pobla Tornesa, la","POBLA TORNESA, LA",,,la Pobla Tornesa,LA POBLA TORNESA
10,12,091,Portell de Morella,PORTELL DE MORELLA,,,,
10,12,092,Puebla de Arenoso,PUEBLA DE ARENOSO,,,,
10,12,095,Ribesalbes,RIBESALBES,,,,
10,12,096,Rossell,ROSSELL,,,,
10,12,097,Sacañet,SACAÑET,,,,
10,12,098,"Salzadella, la","SALZADELLA, LA",,,la Salzadella,LA SALZADELLA
10,12,101,San Rafael del Río,SAN RAFAEL DEL RIO,,,,
10,12,902,Sant Joan de Moró,SANT JOAN DE MORO,,,,
10,12,099,Sant Jordi,SANT JORDI,Sant Jordi,SANT JORDI,,
10,12,100,Sant Mateu,SANT MATEU,,,,
10,12,102,Santa Magdalena de Pulpis,SANTA MAGDALENA DE PULPIS,,,,
10,12,104,Segorbe,SEGORBE,,,,
10,12,103,"Serratella, la","SERRATELLA, LA",,,la Serratella,LA SERRATELLA
10,12,105,Sierra Engarcerán,SIERRA ENGARCERAN,,,,
10,12,106,Soneja,SONEJA,,,,
10,12,107,Sot de Ferrer,SOT DE FERRER,,,,
10,12,108,Sueras,SUERAS,Sueras,SUERAS,,
10,12,109,Tales,TALES,,,,
10,12,110,Teresa,TERESA,,,,
10,12,111,Tírig,TIRIG,,,,
10,12,112,Todolella,TODOLELLA,,,,
10,12,113,Toga,TOGA,,,,
10,12,114,Torás,TORAS,,,,
10,12,115,"Toro, El","TORO, EL",,,El Toro,EL TORO
10,12,116,Torralba del Pinar,TORRALBA DEL PINAR,,,,
10,12,119,"Torre d'En Besora, la","TORRE D'EN BESORA, LA",,,la Torre d'En Besora,LA TORRE D'EN BESORA
10,12,120,"Torre d'en Doménec, la","TORRE D'EN DOMENEC, LA",,,la Torre d'en Doménec,LA TORRE D'EN DOMENEC
10,12,117,Torreblanca,TORREBLANCA,,,,
10,12,118,Torrechiva,TORRECHIVA,,,,
10,12,121,Traiguera,TRAIGUERA,,,,
10,12,122,Useras,USERAS,Useras,USERAS,,
10,12,124,Vall d'Alba,VALL D'ALBA,,,,
10,12,125,Vall de Almonacid,VALL DE ALMONACID,,,,
10,12,126,"Vall d'Uixó, la","VALL D'UIXO, LA",,,la Vall d'Uixó,LA VALL D'UIXO
10,12,123,Vallat,VALLAT,,,,
10,12,127,Vallibona,VALLIBONA,,,,
10,12,128,Vilafamés,VILAFAMES,,,,
10,12,129,Vilafranca,VILAFRANCA,Vilafranca,VILAFRANCA,,
10,12,132,Vilanova d'Alcolea,VILANOVA D'ALCOLEA,,,,
10,12,134,Vilar de Canes,VILAR DE CANES,,,,
10,12,135,Vila-real,VILA-REAL,,,,
10,12,136,"Vilavella, la","VILAVELLA, LA",,,la Vilavella,LA VILAVELLA
10,12,130,Villahermosa del Río,VILLAHERMOSA DEL RIO,,,,
10,12,131,Villamalur,VILLAMALUR,,,,
10,12,133,Villanueva de Viver,VILLANUEVA DE VIVER,,,,
10,12,137,Villores,VILLORES,,,,
10,12,138,Vinaròs,VINAROS,,,,
10,12,139,Vistabella del Maestrat,VISTABELLA DEL MAESTRAT,,,,
10,12,140,Viver,VIVER,,,,
10,12,052,Xert,XERT,,,,
10,12,141,Zorita del Maestrazgo,ZORITA DEL MAESTRAZGO,,,,
10,12,142,Zucaina,ZUCAINA,,,,
08,13,001,Abenójar,ABENOJAR,,,,
08,13,002,Agudo,AGUDO,,,,
08,13,003,Alamillo,ALAMILLO,,,,
08,13,004,Albaladejo,ALBALADEJO,,,,
08,13,005,Alcázar de San Juan,ALCAZAR DE SAN JUAN,,,,
08,13,006,Alcoba,ALCOBA,,,,
08,13,007,Alcolea de Calatrava,ALCOLEA DE CALATRAVA,,,,
08,13,008,Alcubillas,ALCUBILLAS,,,,
08,13,009,Aldea del Rey,ALDEA DEL REY,,,,
08,13,010,Alhambra,ALHAMBRA,,,,
08,13,011,Almadén,ALMADEN,,,,
08,13,012,Almadenejos,ALMADENEJOS,,,,
08,13,013,Almagro,ALMAGRO,,,,
08,13,014,Almedina,ALMEDINA,,,,
08,13,015,Almodóvar del Campo,ALMODOVAR DEL CAMPO,,,,
08,13,016,Almuradiel,ALMURADIEL,,,,
08,13,017,Anchuras,ANCHURAS,,,,
08,13,903,Arenales de San Gregorio,ARENALES DE SAN GREGORIO,,,,
08,13,018,Arenas de San Juan,ARENAS DE SAN JUAN,,,,
08,13,019,Argamasilla de Alba,ARGAMASILLA DE ALBA,,,,
08,13,020,Argamasilla de Calatrava,ARGAMASILLA DE CALATRAVA,,,,
08,13,021,Arroba de los Montes,ARROBA DE LOS MONTES,,,,
08,13,022,Ballesteros de Calatrava,BALLESTEROS DE CALATRAVA,,,,
08,13,023,Bolaños de Calatrava,BOLAÑOS DE CALATRAVA,,,,
08,13,024,Brazatortas,BRAZATORTAS,,,,
08,13,025,Cabezarados,CABEZARADOS,,,,
08,13,026,Cabezarrubias del Puerto,CABEZARRUBIAS DEL PUERTO,,,,
08,13,027,Calzada de Calatrava,CALZADA DE CALATRAVA,,,,
08,13,028,Campo de Criptana,CAMPO DE CRIPTANA,,,,
08,13,029,Cañada de Calatrava,CAÑADA DE CALATRAVA,,,,
08,13,030,Caracuel de Calatrava,CARACUEL DE CALATRAVA,,,,
08,13,031,Carrión de Calatrava,CARRION DE CALATRAVA,,,,
08,13,032,Carrizosa,CARRIZOSA,,,,
08,13,033,Castellar de Santiago,CASTELLAR DE SANTIAGO,,,,
08,13,038,Chillón,CHILLON,,,,
08,13,034,Ciudad Real,CIUDAD REAL,,,,
08,13,035,Corral de Calatrava,CORRAL DE CALATRAVA,,,,
08,13,036,"Cortijos, Los","CORTIJOS, LOS",,,Los Cortijos,LOS CORTIJOS
08,13,037,Cózar,COZAR,,,,
08,13,039,Daimiel,DAIMIEL,,,,
08,13,040,Fernán Caballero,FERNAN CABALLERO,,,,
08,13,041,Fontanarejo,FONTANAREJO,,,,
08,13,042,Fuencaliente,FUENCALIENTE,,,,
08,13,043,Fuenllana,FUENLLANA,,,,
08,13,044,Fuente el Fresno,FUENTE EL FRESNO,,,,
08,13,045,Granátula de Calatrava,GRANATULA DE CALATRAVA,,,,
08,13,046,Guadalmez,GUADALMEZ,,,,
08,13,047,Herencia,HERENCIA,,,,
08,13,048,Hinojosas de Calatrava,HINOJOSAS DE CALATRAVA,,,,
08,13,049,Horcajo de los Montes,HORCAJO DE LOS MONTES,,,,
08,13,050,"Labores, Las","LABORES, LAS",,,Las Labores,LAS LABORES
08,13,904,Llanos del Caudillo,LLANOS DEL CAUDILLO,,,,
08,13,051,Luciana,LUCIANA,,,,
08,13,052,Malagón,MALAGON,,,,
08,13,053,Manzanares,MANZANARES,,,,
08,13,054,Membrilla,MEMBRILLA,,,,
08,13,055,Mestanza,MESTANZA,,,,
08,13,056,Miguelturra,MIGUELTURRA,,,,
08,13,057,Montiel,MONTIEL,,,,
08,13,058,Moral de Calatrava,MORAL DE CALATRAVA,,,,
08,13,059,Navalpino,NAVALPINO,,,,
08,13,060,Navas de Estena,NAVAS DE ESTENA,,,,
08,13,061,Pedro Muñoz,PEDRO MUÑOZ,,,,
08,13,062,Picón,PICON,,,,
08,13,063,Piedrabuena,PIEDRABUENA,,,,
08,13,064,Poblete,POBLETE,,,,
08,13,065,Porzuna,PORZUNA,,,,
08,13,066,Pozuelo de Calatrava,POZUELO DE CALATRAVA,,,,
08,13,067,"Pozuelos de Calatrava, Los","POZUELOS DE CALATRAVA, LOS",,,Los Pozuelos de Calatrava,LOS POZUELOS DE CALATRAVA
08,13,068,Puebla de Don Rodrigo,PUEBLA DE DON RODRIGO,,,,
08,13,069,Puebla del Príncipe,PUEBLA DEL PRINCIPE,,,,
08,13,070,Puerto Lápice,PUERTO LAPICE,,,,
08,13,071,Puertollano,PUERTOLLANO,,,,
08,13,072,Retuerta del Bullaque,RETUERTA DEL BULLAQUE,,,,
08,13,901,"Robledo, El","ROBLEDO, EL",,,El Robledo,EL ROBLEDO
08,13,902,Ruidera,RUIDERA,,,,
08,13,073,Saceruela,SACERUELA,,,,
08,13,074,San Carlos del Valle,SAN CARLOS DEL VALLE,,,,
08,13,075,San Lorenzo de Calatrava,SAN LORENZO DE CALATRAVA,,,,
08,13,076,Santa Cruz de los Cáñamos,SANTA CRUZ DE LOS CAÑAMOS,,,,
08,13,077,Santa Cruz de Mudela,SANTA CRUZ DE MUDELA,,,,
08,13,078,Socuéllamos,SOCUELLAMOS,,,,
08,13,080,Solana del Pino,SOLANA DEL PINO,,,,
08,13,079,"Solana, La","SOLANA, LA",,,La Solana,LA SOLANA
08,13,081,Terrinches,TERRINCHES,,,,
08,13,082,Tomelloso,TOMELLOSO,,,,
08,13,083,Torralba de Calatrava,TORRALBA DE CALATRAVA,,,,
08,13,084,Torre de Juan Abad,TORRE DE JUAN ABAD,,,,
08,13,085,Torrenueva,TORRENUEVA,,,,
08,13,086,Valdemanco del Esteras,VALDEMANCO DEL ESTERAS,,,,
08,13,087,Valdepeñas,VALDEPEÑAS,,,,
08,13,088,Valenzuela de Calatrava,VALENZUELA DE CALATRAVA,,,,
08,13,089,Villahermosa,VILLAHERMOSA,,,,
08,13,090,Villamanrique,VILLAMANRIQUE,,,,
08,13,091,Villamayor de Calatrava,VILLAMAYOR DE CALATRAVA,,,,
08,13,092,Villanueva de la Fuente,VILLANUEVA DE LA FUENTE,,,,
08,13,093,Villanueva de los Infantes,VILLANUEVA DE LOS INFANTES,,,,
08,13,094,Villanueva de San Carlos,VILLANUEVA DE SAN CARLOS,,,,
08,13,095,Villar del Pozo,VILLAR DEL POZO,,,,
08,13,096,Villarrubia de los Ojos,VILLARRUBIA DE LOS OJOS,,,,
08,13,097,Villarta de San Juan,VILLARTA DE SAN JUAN,,,,
08,13,098,Viso del Marqués,VISO DEL MARQUES,,,,
01,14,001,Adamuz,ADAMUZ,,,,
01,14,002,Aguilar de la Frontera,AGUILAR DE LA FRONTERA,,,,
01,14,003,Alcaracejos,ALCARACEJOS,,,,
01,14,004,Almedinilla,ALMEDINILLA,,,,
01,14,005,Almodóvar del Río,ALMODOVAR DEL RIO,,,,
01,14,006,Añora,AÑORA,,,,
01,14,007,Baena,BAENA,,,,
01,14,008,Belalcázar,BELALCAZAR,,,,
01,14,009,Belmez,BELMEZ,,,,
01,14,010,Benamejí,BENAMEJI,,,,
01,14,011,"Blázquez, Los","BLAZQUEZ, LOS",,,Los Blázquez,LOS BLAZQUEZ
01,14,012,Bujalance,BUJALANCE,,,,
01,14,013,Cabra,CABRA,,,,
01,14,014,Cañete de las Torres,CAÑETE DE LAS TORRES,,,,
01,14,015,Carcabuey,CARCABUEY,,,,
01,14,016,Cardeña,CARDEÑA,,,,
01,14,017,"Carlota, La","CARLOTA, LA",,,La Carlota,LA CARLOTA
01,14,018,"Carpio, El","CARPIO, EL",,,El Carpio,EL CARPIO
01,14,019,Castro del Río,CASTRO DEL RIO,,,,
01,14,020,Conquista,CONQUISTA,,,,
01,14,021,Córdoba,CORDOBA,,,,
01,14,022,Doña Mencía,DOÑA MENCIA,,,,
01,14,023,Dos Torres,DOS TORRES,,,,
01,14,024,Encinas Reales,ENCINAS REALES,,,,
01,14,025,Espejo,ESPEJO,,,,
01,14,026,Espiel,ESPIEL,,,,
01,14,027,Fernán-Núñez,FERNAN-NUÑEZ,,,,
01,14,901,Fuente Carreteros,FUENTE CARRETEROS,,,,
01,14,028,Fuente la Lancha,FUENTE LA LANCHA,,,,
01,14,029,Fuente Obejuna,FUENTE OBEJUNA,,,,
01,14,030,Fuente Palmera,FUENTE PALMERA,,,,
01,14,031,Fuente-Tójar,FUENTE-TOJAR,,,,
01,14,032,"Granjuela, La","GRANJUELA, LA",,,La Granjuela,LA GRANJUELA
01,14,033,Guadalcázar,GUADALCAZAR,,,,
01,14,902,"Guijarrosa, La","GUIJARROSA, LA",,,La Guijarrosa,LA GUIJARROSA
01,14,034,"Guijo, El","GUIJO, EL",,,El Guijo,EL GUIJO
01,14,035,Hinojosa del Duque,HINOJOSA DEL DUQUE,,,,
01,14,036,Hornachuelos,HORNACHUELOS,,,,
01,14,037,Iznájar,IZNAJAR,,,,
01,14,038,Lucena,LUCENA,,,,
01,14,039,Luque,LUQUE,,,,
01,14,040,Montalbán de Córdoba,MONTALBAN DE CORDOBA,,,,
01,14,041,Montemayor,MONTEMAYOR,,,,
01,14,042,Montilla,MONTILLA,,,,
01,14,043,Montoro,MONTORO,,,,
01,14,044,Monturque,MONTURQUE,,,,
01,14,045,Moriles,MORILES,,,,
01,14,046,Nueva Carteya,NUEVA CARTEYA,,,,
01,14,047,Obejo,OBEJO,,,,
01,14,048,Palenciana,PALENCIANA,,,,
01,14,049,Palma del Río,PALMA DEL RIO,,,,
01,14,050,Pedro Abad,PEDRO ABAD,,,,
01,14,051,Pedroche,PEDROCHE,,,,
01,14,052,Peñarroya-Pueblonuevo,PEÑARROYA-PUEBLONUEVO,,,,
01,14,053,Posadas,POSADAS,,,,
01,14,054,Pozoblanco,POZOBLANCO,,,,
01,14,055,Priego de Córdoba,PRIEGO DE CORDOBA,,,,
01,14,056,Puente Genil,PUENTE GENIL,,,,
01,14,057,"Rambla, La","RAMBLA, LA",,,La Rambla,LA RAMBLA
01,14,058,Rute,RUTE,,,,
01,14,059,San Sebastián de los Ballesteros,SAN SEBASTIAN DE LOS BALLESTEROS,,,,
01,14,061,Santa Eufemia,SANTA EUFEMIA,,,,
01,14,060,Santaella,SANTAELLA,,,,
01,14,062,Torrecampo,TORRECAMPO,,,,
01,14,063,Valenzuela,VALENZUELA,,,,
01,14,064,Valsequillo,VALSEQUILLO,,,,
01,14,065,"Victoria, La","VICTORIA, LA",,,La Victoria,LA VICTORIA
01,14,066,Villa del Río,VILLA DEL RIO,,,,
01,14,067,Villafranca de Córdoba,VILLAFRANCA DE CORDOBA,,,,
01,14,068,Villaharta,VILLAHARTA,,,,
01,14,069,Villanueva de Córdoba,VILLANUEVA DE CORDOBA,,,,
01,14,070,Villanueva del Duque,VILLANUEVA DEL DUQUE,,,,
01,14,071,Villanueva del Rey,VILLANUEVA DEL REY,,,,
01,14,072,Villaralto,VILLARALTO,,,,
01,14,073,Villaviciosa de Córdoba,VILLAVICIOSA DE CORDOBA,,,,
01,14,074,"Viso, El","VISO, EL",,,El Viso,EL VISO
01,14,075,Zuheros,ZUHEROS,,,,
12,15,001,Abegondo,ABEGONDO,,,,
12,15,002,Ames,AMES,,,,
12,15,003,Aranga,ARANGA,,,,
12,15,004,Ares,ARES,,,,
12,15,005,Arteixo,ARTEIXO,,,,
12,15,006,Arzúa,ARZUA,,,,
12,15,007,"Baña, A","BAÑA, A",,,A Baña,A BAÑA
12,15,008,Bergondo,BERGONDO,,,,
12,15,009,Betanzos,BETANZOS,,,,
12,15,010,Boimorto,BOIMORTO,,,,
12,15,011,Boiro,BOIRO,,,,
12,15,012,Boqueixón,BOQUEIXON,,,,
12,15,013,Brión,BRION,,,,
12,15,014,Cabana de Bergantiños,CABANA DE BERGANTIÑOS,,,,
12,15,015,Cabanas,CABANAS,,,,
12,15,016,Camariñas,CAMARIÑAS,,,,
12,15,017,Cambre,CAMBRE,,,,
12,15,018,"Capela, A","CAPELA, A",,,A Capela,A CAPELA
12,15,019,Carballo,CARBALLO,,,,
12,15,901,Cariño,CARIÑO,,,,
12,15,020,Carnota,CARNOTA,,,,
12,15,021,Carral,CARRAL,,,,
12,15,022,Cedeira,CEDEIRA,,,,
12,15,023,Cee,CEE,,,,
12,15,024,Cerceda,CERCEDA,,,,
12,15,025,Cerdido,CERDIDO,,,,
12,15,027,Coirós,COIROS,,,,
12,15,028,Corcubión,CORCUBION,,,,
12,15,029,Coristanco,CORISTANCO,,,,
12,15,030,"Coruña, A","CORUÑA, A",,,A Coruña,A CORUÑA
12,15,031,Culleredo,CULLEREDO,,,,
12,15,032,Curtis,CURTIS,,,,
12,15,033,Dodro,DODRO,,,,
12,15,034,Dumbría,DUMBRIA,,,,
12,15,035,Fene,FENE,,,,
12,15,036,Ferrol,FERROL,,,,
12,15,037,Fisterra,FISTERRA,,,,
12,15,038,Frades,FRADES,,,,
12,15,039,Irixoa,IRIXOA,,,,
12,15,041,"Laracha, A","LARACHA, A",,,A Laracha,A LARACHA
12,15,040,Laxe,LAXE,,,,
12,15,042,Lousame,LOUSAME,,,,
12,15,043,Malpica de Bergantiños,MALPICA DE BERGANTIÑOS,,,,
12,15,044,Mañón,MAÑON,,,,
12,15,045,Mazaricos,MAZARICOS,,,,
12,15,046,Melide,MELIDE,,,,
12,15,047,Mesía,MESIA,,,,
12,15,048,Miño,MIÑO,,,,
12,15,049,Moeche,MOECHE,,,,
12,15,050,Monfero,MONFERO,,,,
12,15,051,Mugardos,MUGARDOS,,,,
12,15,053,Muros,MUROS,,,,
12,15,052,Muxía,MUXIA,,,,
12,15,054,Narón,NARON,,,,
12,15,055,Neda,NEDA,,,,
12,15,056,Negreira,NEGREIRA,,,,
12,15,057,Noia,NOIA,,,,
12,15,058,Oleiros,OLEIROS,,,,
12,15,059,Ordes,ORDES,,,,
12,15,060,Oroso,OROSO,,,,
12,15,061,Ortigueira,ORTIGUEIRA,,,,
12,15,062,Outes,OUTES,,,,
12,15,902,Oza-Cesuras,OZA-CESURAS,,,,
12,15,064,Paderne,PADERNE,,,,
12,15,065,Padrón,PADRON,,,,
12,15,066,"Pino, O","PINO, O",,,O Pino,O PINO
12,15,067,"Pobra do Caramiñal, A","POBRA DO CARAMIÑAL, A",,,A Pobra do Caramiñal,A POBRA DO CARAMIÑAL
12,15,068,Ponteceso,PONTECESO,,,,
12,15,069,Pontedeume,PONTEDEUME,,,,
12,15,070,"Pontes de García Rodríguez, As","PONTES DE GARCIA RODRIGUEZ, AS",,,As Pontes de García Rodríguez,AS PONTES DE GARCIA RODRIGUEZ
12,15,071,Porto do Son,PORTO DO SON,,,,
12,15,072,Rianxo,RIANXO,,,,
12,15,073,Ribeira,RIBEIRA,,,,
12,15,074,Rois,ROIS,,,,
12,15,075,Sada,SADA,,,,
12,15,076,San Sadurniño,SAN SADURNIÑO,,,,
12,15,077,Santa Comba,SANTA COMBA,,,,
12,15,078,Santiago de Compostela,SANTIAGO DE COMPOSTELA,,,,
12,15,079,Santiso,SANTISO,,,,
12,15,080,Sobrado,SOBRADO,,,,
12,15,081,"Somozas, As","SOMOZAS, AS",,,As Somozas,AS SOMOZAS
12,15,082,Teo,TEO,,,,
12,15,083,Toques,TOQUES,,,,
12,15,084,Tordoia,TORDOIA,,,,
12,15,085,Touro,TOURO,,,,
12,15,086,Trazo,TRAZO,,,,
12,15,088,Val do Dubra,VAL DO DUBRA,,,,
12,15,087,Valdoviño,VALDOVIÑO,,,,
12,15,089,Vedra,VEDRA,,,,
12,15,091,Vilarmaior,VILARMAIOR,,,,
12,15,090,Vilasantar,VILASANTAR,,,,
12,15,092,Vimianzo,VIMIANZO,,,,
12,15,093,Zas,ZAS,,,,
08,16,001,Abia de la Obispalía,ABIA DE LA OBISPALIA,,,,
08,16,002,"Acebrón, El","ACEBRON, EL",,,El Acebrón,EL ACEBRON
08,16,003,Alarcón,ALARCON,,,,
08,16,004,Albaladejo del Cuende,ALBALADEJO DEL CUENDE,,,,
08,16,005,Albalate de las Nogueras,ALBALATE DE LAS NOGUERAS,,,,
08,16,006,Albendea,ALBENDEA,,,,
08,16,007,"Alberca de Záncara, La","ALBERCA DE ZANCARA, LA",,,La Alberca de Záncara,LA ALBERCA DE ZANCARA
08,16,008,Alcalá de la Vega,ALCALA DE LA VEGA,,,,
08,16,009,Alcantud,ALCANTUD,,,,
08,16,010,Alcázar del Rey,ALCAZAR DEL REY,,,,
08,16,011,Alcohujate,ALCOHUJATE,,,,
08,16,012,Alconchel de la Estrella,ALCONCHEL DE LA ESTRELLA,,,,
08,16,013,Algarra,ALGARRA,,,,
08,16,014,Aliaguilla,ALIAGUILLA,,,,
08,16,015,"Almarcha, La","ALMARCHA, LA",,,La Almarcha,LA ALMARCHA
08,16,016,Almendros,ALMENDROS,,,,
08,16,017,Almodóvar del Pinar,ALMODOVAR DEL PINAR,,,,
08,16,018,Almonacid del Marquesado,ALMONACID DEL MARQUESADO,,,,
08,16,019,Altarejos,ALTAREJOS,,,,
08,16,020,Arandilla del Arroyo,ARANDILLA DEL ARROYO,,,,
08,16,905,Arcas,ARCAS,,,,
08,16,022,Arcos de la Sierra,ARCOS DE LA SIERRA,,,,
08,16,024,Arguisuelas,ARGUISUELAS,,,,
08,16,025,Arrancacepas,ARRANCACEPAS,,,,
08,16,026,Atalaya del Cañavate,ATALAYA DEL CAÑAVATE,,,,
08,16,027,Barajas de Melo,BARAJAS DE MELO,,,,
08,16,029,Barchín del Hoyo,BARCHIN DEL HOYO,,,,
08,16,030,Bascuñana de San Pedro,BASCUÑANA DE SAN PEDRO,,,,
08,16,031,Beamud,BEAMUD,,,,
08,16,032,Belinchón,BELINCHON,,,,
08,16,033,Belmonte,BELMONTE,,,,
08,16,034,Belmontejo,BELMONTEJO,,,,
08,16,035,Beteta,BETETA,,,,
08,16,036,Boniches,BONICHES,,,,
08,16,038,Buciegas,BUCIEGAS,,,,
08,16,039,Buenache de Alarcón,BUENACHE DE ALARCON,,,,
08,16,040,Buenache de la Sierra,BUENACHE DE LA SIERRA,,,,
08,16,041,Buendía,BUENDIA,,,,
08,16,042,Campillo de Altobuey,CAMPILLO DE ALTOBUEY,,,,
08,16,043,Campillos-Paravientos,CAMPILLOS-PARAVIENTOS,,,,
08,16,044,Campillos-Sierra,CAMPILLOS-SIERRA,,,,
08,16,901,Campos del Paraíso,CAMPOS DEL PARAISO,,,,
08,16,045,Canalejas del Arroyo,CANALEJAS DEL ARROYO,,,,
08,16,046,Cañada del Hoyo,CAÑADA DEL HOYO,,,,
08,16,047,Cañada Juncosa,CAÑADA JUNCOSA,,,,
08,16,048,Cañamares,CAÑAMARES,,,,
08,16,049,"Cañavate, El","CAÑAVATE, EL",,,El Cañavate,EL CAÑAVATE
08,16,050,Cañaveras,CAÑAVERAS,,,,
08,16,051,Cañaveruelas,CAÑAVERUELAS,,,,
08,16,052,Cañete,CAÑETE,,,,
08,16,053,Cañizares,CAÑIZARES,,,,
08,16,055,Carboneras de Guadazaón,CARBONERAS DE GUADAZAON,,,,
08,16,056,Cardenete,CARDENETE,,,,
08,16,057,Carrascosa,CARRASCOSA,,,,
08,16,058,Carrascosa de Haro,CARRASCOSA DE HARO,,,,
08,16,060,Casas de Benítez,CASAS DE BENITEZ,,,,
08,16,061,Casas de Fernando Alonso,CASAS DE FERNANDO ALONSO,,,,
08,16,062,Casas de Garcimolina,CASAS DE GARCIMOLINA,,,,
08,16,063,Casas de Guijarro,CASAS DE GUIJARRO,,,,
08,16,064,Casas de Haro,CASAS DE HARO,,,,
08,16,065,Casas de los Pinos,CASAS DE LOS PINOS,,,,
08,16,066,Casasimarro,CASASIMARRO,,,,
08,16,067,Castejón,CASTEJON,,,,
08,16,068,Castillejo de Iniesta,CASTILLEJO DE INIESTA,,,,
08,16,070,Castillejo-Sierra,CASTILLEJO-SIERRA,,,,
08,16,072,Castillo de Garcimuñoz,CASTILLO DE GARCIMUÑOZ,,,,
08,16,071,Castillo-Albaráñez,CASTILLO-ALBARAÑEZ,,,,
08,16,073,Cervera del Llano,CERVERA DEL LLANO,,,,
08,16,023,Chillarón de Cuenca,CHILLARON DE CUENCA,,,,
08,16,081,Chumillas,CHUMILLAS,,,,
08,16,074,"Cierva, La","CIERVA, LA",,,La Cierva,LA CIERVA
08,16,078,Cuenca,CUENCA,,,,
08,16,079,Cueva del Hierro,CUEVA DEL HIERRO,,,,
08,16,082,Enguídanos,ENGUIDANOS,,,,
08,16,083,Fresneda de Altarejos,FRESNEDA DE ALTAREJOS,,,,
08,16,084,Fresneda de la Sierra,FRESNEDA DE LA SIERRA,,,,
08,16,085,"Frontera, La","FRONTERA, LA",,,La Frontera,LA FRONTERA
08,16,086,Fuente de Pedro Naharro,FUENTE DE PEDRO NAHARRO,,,,
08,16,087,Fuentelespino de Haro,FUENTELESPINO DE HARO,,,,
08,16,088,Fuentelespino de Moya,FUENTELESPINO DE MOYA,,,,
08,16,904,Fuentenava de Jábaga,FUENTENAVA DE JABAGA,,,,
08,16,089,Fuentes,FUENTES,,,,
08,16,091,Fuertescusa,FUERTESCUSA,,,,
08,16,092,Gabaldón,GABALDON,,,,
08,16,093,Garaballa,GARABALLA,,,,
08,16,094,Gascueña,GASCUEÑA,,,,
08,16,095,Graja de Campalbo,GRAJA DE CAMPALBO,,,,
08,16,096,Graja de Iniesta,GRAJA DE INIESTA,,,,
08,16,097,Henarejos,HENAREJOS,,,,
08,16,098,"Herrumblar, El","HERRUMBLAR, EL",,,El Herrumblar,EL HERRUMBLAR
08,16,099,"Hinojosa, La","HINOJOSA, LA",,,La Hinojosa,LA HINOJOSA
08,16,100,"Hinojosos, Los","HINOJOSOS, LOS",,,Los Hinojosos,LOS HINOJOSOS
08,16,101,"Hito, El","HITO, EL",,,El Hito,EL HITO
08,16,102,Honrubia,HONRUBIA,,,,
08,16,103,Hontanaya,HONTANAYA,,,,
08,16,104,Hontecillas,HONTECILLAS,,,,
08,16,106,Horcajo de Santiago,HORCAJO DE SANTIAGO,,,,
08,16,107,Huélamo,HUELAMO,,,,
08,16,108,Huelves,HUELVES,,,,
08,16,109,Huérguina,HUERGUINA,,,,
08,16,110,Huerta de la Obispalía,HUERTA DE LA OBISPALIA,,,,
08,16,111,Huerta del Marquesado,HUERTA DEL MARQUESADO,,,,
08,16,112,Huete,HUETE,,,,
08,16,113,Iniesta,INIESTA,,,,
08,16,115,Laguna del Marquesado,LAGUNA DEL MARQUESADO,,,,
08,16,116,Lagunaseca,LAGUNASECA,,,,
08,16,117,Landete,LANDETE,,,,
08,16,118,Ledaña,LEDAÑA,,,,
08,16,119,Leganiel,LEGANIEL,,,,
08,16,121,"Majadas, Las","MAJADAS, LAS",,,Las Majadas,LAS MAJADAS
08,16,122,Mariana,MARIANA,,,,
08,16,123,Masegosa,MASEGOSA,,,,
08,16,124,"Mesas, Las","MESAS, LAS",,,Las Mesas,LAS MESAS
08,16,125,Minglanilla,MINGLANILLA,,,,
08,16,126,Mira,MIRA,,,,
08,16,128,Monreal del Llano,MONREAL DEL LLANO,,,,
08,16,129,Montalbanejo,MONTALBANEJO,,,,
08,16,130,Montalbo,MONTALBO,,,,
08,16,131,Monteagudo de las Salinas,MONTEAGUDO DE LAS SALINAS,,,,
08,16,132,Mota de Altarejos,MOTA DE ALTAREJOS,,,,
08,16,133,Mota del Cuervo,MOTA DEL CUERVO,,,,
08,16,134,Motilla del Palancar,MOTILLA DEL PALANCAR,,,,
08,16,135,Moya,MOYA,,,,
08,16,137,Narboneta,NARBONETA,,,,
08,16,139,Olivares de Júcar,OLIVARES DE JUCAR,,,,
08,16,140,Olmeda de la Cuesta,OLMEDA DE LA CUESTA,,,,
08,16,141,Olmeda del Rey,OLMEDA DEL REY,,,,
08,16,142,Olmedilla de Alarcón,OLMEDILLA DE ALARCON,,,,
08,16,143,Olmedilla de Eliz,OLMEDILLA DE ELIZ,,,,
08,16,145,Osa de la Vega,OSA DE LA VEGA,,,,
08,16,146,Pajarón,PAJARON,,,,
08,16,147,Pajaroncillo,PAJARONCILLO,,,,
08,16,148,Palomares del Campo,PALOMARES DEL CAMPO,,,,
08,16,149,Palomera,PALOMERA,,,,
08,16,150,Paracuellos,PARACUELLOS,,,,
08,16,151,Paredes,PAREDES,,,,
08,16,152,"Parra de las Vegas, La","PARRA DE LAS VEGAS, LA",,,La Parra de las Vegas,LA PARRA DE LAS VEGAS
08,16,153,"Pedernoso, El","PEDERNOSO, EL",,,El Pedernoso,EL PEDERNOSO
08,16,154,"Pedroñeras, Las","PEDROÑERAS, LAS",,,Las Pedroñeras,LAS PEDROÑERAS
08,16,155,"Peral, El","PERAL, EL",,,El Peral,EL PERAL
08,16,156,"Peraleja, La","PERALEJA, LA",,,La Peraleja,LA PERALEJA
08,16,157,"Pesquera, La","PESQUERA, LA",,,La Pesquera,LA PESQUERA
08,16,158,"Picazo, El","PICAZO, EL",,,El Picazo,EL PICAZO
08,16,159,Pinarejo,PINAREJO,,,,
08,16,160,Pineda de Gigüela,PINEDA DE GIGUELA,,,,
08,16,161,Piqueras del Castillo,PIQUERAS DEL CASTILLO,,,,
08,16,162,Portalrubio de Guadamejud,PORTALRUBIO DE GUADAMEJUD,,,,
08,16,163,Portilla,PORTILLA,,,,
08,16,165,Poyatos,POYATOS,,,,
08,16,166,Pozoamargo,POZOAMARGO,,,,
08,16,908,Pozorrubielos de la Mancha,POZORRUBIELOS DE LA MANCHA,,,,
08,16,167,Pozorrubio de Santiago,POZORRUBIO DE SANTIAGO,,,,
08,16,169,"Pozuelo, El","POZUELO, EL",,,El Pozuelo,EL POZUELO
08,16,170,Priego,PRIEGO,,,,
08,16,171,"Provencio, El","PROVENCIO, EL",,,El Provencio,EL PROVENCIO
08,16,172,Puebla de Almenara,PUEBLA DE ALMENARA,,,,
08,16,174,Puebla del Salvador,PUEBLA DEL SALVADOR,,,,
08,16,175,Quintanar del Rey,QUINTANAR DEL REY,,,,
08,16,176,Rada de Haro,RADA DE HARO,,,,
08,16,177,Reíllo,REILLO,,,,
08,16,181,Rozalén del Monte,ROZALEN DEL MONTE,,,,
08,16,185,Saceda-Trasierra,SACEDA-TRASIERRA,,,,
08,16,186,Saelices,SAELICES,,,,
08,16,187,Salinas del Manzano,SALINAS DEL MANZANO,,,,
08,16,188,Salmeroncillos,SALMERONCILLOS,,,,
08,16,189,Salvacañete,SALVACAÑETE,,,,
08,16,190,San Clemente,SAN CLEMENTE,,,,
08,16,191,San Lorenzo de la Parrilla,SAN LORENZO DE LA PARRILLA,,,,
08,16,192,San Martín de Boniches,SAN MARTIN DE BONICHES,,,,
08,16,193,San Pedro Palmiches,SAN PEDRO PALMICHES,,,,
08,16,194,Santa Cruz de Moya,SANTA CRUZ DE MOYA,,,,
08,16,196,Santa María de los Llanos,SANTA MARIA DE LOS LLANOS,,,,
08,16,195,Santa María del Campo Rus,SANTA MARIA DEL CAMPO RUS,,,,
08,16,197,Santa María del Val,SANTA MARIA DEL VAL,,,,
08,16,198,Sisante,SISANTE,,,,
08,16,199,Solera de Gabaldón,SOLERA DE GABALDON,,,,
08,16,909,Sotorribas,SOTORRIBAS,,,,
08,16,202,Talayuelas,TALAYUELAS,,,,
08,16,203,Tarancón,TARANCON,,,,
08,16,204,Tébar,TEBAR,,,,
08,16,205,Tejadillos,TEJADILLOS,,,,
08,16,206,Tinajas,TINAJAS,,,,
08,16,209,Torralba,TORRALBA,,,,
08,16,211,Torrejoncillo del Rey,TORREJONCILLO DEL REY,,,,
08,16,212,Torrubia del Campo,TORRUBIA DEL CAMPO,,,,
08,16,213,Torrubia del Castillo,TORRUBIA DEL CASTILLO,,,,
08,16,215,Tragacete,TRAGACETE,,,,
08,16,216,Tresjuncos,TRESJUNCOS,,,,
08,16,217,Tribaldos,TRIBALDOS,,,,
08,16,218,Uclés,UCLES,,,,
08,16,219,Uña,UÑA,,,,
08,16,906,"Valdecolmenas, Los","VALDECOLMENAS, LOS",,,Los Valdecolmenas,LOS VALDECOLMENAS
08,16,224,Valdemeca,VALDEMECA,,,,
08,16,225,Valdemorillo de la Sierra,VALDEMORILLO DE LA SIERRA,,,,
08,16,227,Valdemoro-Sierra,VALDEMORO-SIERRA,,,,
08,16,228,Valdeolivas,VALDEOLIVAS,,,,
08,16,902,Valdetórtola,VALDETORTOLA,,,,
08,16,903,"Valeras, Las","VALERAS, LAS",,,Las Valeras,LAS VALERAS
08,16,231,Valhermoso de la Fuente,VALHERMOSO DE LA FUENTE,,,,
08,16,173,"Valle de Altomira, El","VALLE DE ALTOMIRA, EL",,,El Valle de Altomira,EL VALLE DE ALTOMIRA
08,16,234,Valsalobre,VALSALOBRE,,,,
08,16,236,Valverde de Júcar,VALVERDE DE JUCAR,,,,
08,16,237,Valverdejo,VALVERDEJO,,,,
08,16,238,Vara de Rey,VARA DE REY,,,,
08,16,239,Vega del Codorno,VEGA DEL CODORNO,,,,
08,16,240,Vellisca,VELLISCA,,,,
08,16,242,Villaconejos de Trabaque,VILLACONEJOS DE TRABAQUE,,,,
08,16,243,Villaescusa de Haro,VILLAESCUSA DE HARO,,,,
08,16,244,Villagarcía del Llano,VILLAGARCIA DEL LLANO,,,,
08,16,245,Villalba de la Sierra,VILLALBA DE LA SIERRA,,,,
08,16,246,Villalba del Rey,VILLALBA DEL REY,,,,
08,16,247,Villalgordo del Marquesado,VILLALGORDO DEL MARQUESADO,,,,
08,16,248,Villalpardo,VILLALPARDO,,,,
08,16,249,Villamayor de Santiago,VILLAMAYOR DE SANTIAGO,,,,
08,16,250,Villanueva de Guadamejud,VILLANUEVA DE GUADAMEJUD,,,,
08,16,251,Villanueva de la Jara,VILLANUEVA DE LA JARA,,,,
08,16,253,Villar de Cañas,VILLAR DE CAÑAS,,,,
08,16,254,Villar de Domingo García,VILLAR DE DOMINGO GARCIA,,,,
08,16,255,Villar de la Encina,VILLAR DE LA ENCINA,,,,
08,16,263,Villar de Olalla,VILLAR DE OLALLA,,,,
08,16,258,Villar del Humo,VILLAR DEL HUMO,,,,
08,16,259,Villar del Infantado,VILLAR DEL INFANTADO,,,,
08,16,910,Villar y Velasco,VILLAR Y VELASCO,,,,
08,16,264,Villarejo de Fuentes,VILLAREJO DE FUENTES,,,,
08,16,265,Villarejo de la Peñuela,VILLAREJO DE LA PEÑUELA,,,,
08,16,266,Villarejo-Periesteban,VILLAREJO-PERIESTEBAN,,,,
08,16,269,Villares del Saz,VILLARES DEL SAZ,,,,
08,16,270,Villarrubio,VILLARRUBIO,,,,
08,16,271,Villarta,VILLARTA,,,,
08,16,272,Villas de la Ventosa,VILLAS DE LA VENTOSA,,,,
08,16,273,Villaverde y Pasaconsol,VILLAVERDE Y PASACONSOL,,,,
08,16,274,Víllora,VILLORA,,,,
08,16,275,Vindel,VINDEL,,,,
08,16,276,Yémeda,YEMEDA,,,,
08,16,277,Zafra de Záncara,ZAFRA DE ZANCARA,,,,
08,16,278,Zafrilla,ZAFRILLA,,,,
08,16,279,Zarza de Tajo,ZARZA DE TAJO,,,,
08,16,280,Zarzuela,ZARZUELA,,,,
09,17,001,Agullana,AGULLANA,,,,
09,17,002,Aiguaviva,AIGUAVIVA,,,,
09,17,003,Albanyà,ALBANYA,,,,
09,17,004,Albons,ALBONS,,,,
09,17,006,Alp,ALP,,,,
09,17,007,Amer,AMER,,,,
09,17,008,Anglès,ANGLES,,,,
09,17,009,Arbúcies,ARBUCIES,,,,
09,17,010,Argelaguer,ARGELAGUER,,,,
09,17,011,"Armentera, L'","ARMENTERA, L'",,,L' Armentera,L' ARMENTERA
09,17,012,Avinyonet de Puigventós,AVINYONET DE PUIGVENTOS,,,,
09,17,015,Banyoles,BANYOLES,,,,
09,17,016,Bàscara,BASCARA,,,,
09,17,013,Begur,BEGUR,,,,
09,17,018,Bellcaire d'Empordà,BELLCAIRE D'EMPORDA,,,,
09,17,019,Besalú,BESALU,,,,
09,17,020,Bescanó,BESCANO,,,,
09,17,021,Beuda,BEUDA,,,,
09,17,022,"Bisbal d'Empordà, La","BISBAL D'EMPORDA, LA",,,La Bisbal d'Empordà,LA BISBAL D'EMPORDA
09,17,234,Biure,BIURE,,,,
09,17,023,Blanes,BLANES,,,,
09,17,029,Boadella i les Escaules,BOADELLA I LES ESCAULES,,,,
09,17,024,Bolvir,BOLVIR,,,,
09,17,025,Bordils,BORDILS,,,,
09,17,026,Borrassà,BORRASSA,,,,
09,17,027,Breda,BREDA,,,,
09,17,028,Brunyola i Sant Martí Sapresa,BRUNYOLA I SANT MARTI SAPRESA,,,,
09,17,031,Cabanelles,CABANELLES,,,,
09,17,030,Cabanes,CABANES,,,,
09,17,032,Cadaqués,CADAQUES,,,,
09,17,033,Caldes de Malavella,CALDES DE MALAVELLA,,,,
09,17,034,Calonge i Sant Antoni,CALONGE I SANT ANTONI,,,,
09,17,035,Camós,CAMOS,,,,
09,17,036,Campdevànol,CAMPDEVANOL,,,,
09,17,037,Campelles,CAMPELLES,,,,
09,17,038,Campllong,CAMPLLONG,,,,
09,17,039,Camprodon,CAMPRODON,,,,
09,17,040,Canet d'Adri,CANET D'ADRI,,,,
09,17,041,Cantallops,CANTALLOPS,,,,
09,17,042,Capmany,CAPMANY,,,,
09,17,044,Cassà de la Selva,CASSA DE LA SELVA,,,,
09,17,046,Castellfollit de la Roca,CASTELLFOLLIT DE LA ROCA,,,,
09,17,047,Castelló d'Empúries,CASTELLO D'EMPURIES,,,,
09,17,048,Castell-Platja d'Aro,CASTELL-PLATJA D'ARO,,,,
09,17,189,"Cellera de Ter, La","CELLERA DE TER, LA",,,La Cellera de Ter,LA CELLERA DE TER
09,17,049,Celrà,CELRA,,,,
09,17,050,Cervià de Ter,CERVIA DE TER,,,,
09,17,051,Cistella,CISTELLA,,,,
09,17,054,Colera,COLERA,,,,
09,17,055,Colomers,COLOMERS,,,,
09,17,057,Corçà,CORÇA,,,,
09,17,056,Cornellà del Terri,CORNELLA DEL TERRI,,,,
09,17,058,Crespià,CRESPIA,,,,
09,17,901,"Cruïlles, Monells i Sant Sadurní de l'Heura","CRUÏLLES, MONELLS I SANT SADURNI DE L'HEURA",,,Monells i Sant Sadurní de l'Heura Cruïlles,MONELLS I SANT SADURNI DE L'HEURA CRUÏLLES
09,17,060,Darnius,DARNIUS,,,,
09,17,061,Das,DAS,,,,
09,17,062,"Escala, L'","ESCALA, L'",,,L' Escala,L' ESCALA
09,17,063,Espinelves,ESPINELVES,,,,
09,17,064,Espolla,ESPOLLA,,,,
09,17,065,Esponellà,ESPONELLA,,,,
09,17,005,"Far d'Empordà, El","FAR D'EMPORDA, EL",,,El Far d'Empordà,EL FAR D'EMPORDA
09,17,066,Figueres,FIGUERES,,,,
09,17,067,Flaçà,FLAÇA,,,,
09,17,068,Foixà,FOIXA,,,,
09,17,069,Fontanals de Cerdanya,FONTANALS DE CERDANYA,,,,
09,17,070,Fontanilles,FONTANILLES,,,,
09,17,071,Fontcoberta,FONTCOBERTA,,,,
09,17,902,Forallac,FORALLAC,,,,
09,17,073,Fornells de la Selva,FORNELLS DE LA SELVA,,,,
09,17,074,Fortià,FORTIA,,,,
09,17,075,Garrigàs,GARRIGAS,,,,
09,17,076,Garrigoles,GARRIGOLES,,,,
09,17,077,Garriguella,GARRIGUELLA,,,,
09,17,078,Ger,GER,,,,
09,17,079,Girona,GIRONA,,,,
09,17,080,Gombrèn,GOMBREN,,,,
09,17,081,Gualta,GUALTA,,,,
09,17,082,Guils de Cerdanya,GUILS DE CERDANYA,,,,
09,17,083,Hostalric,HOSTALRIC,,,,
09,17,084,Isòvol,ISOVOL,,,,
09,17,085,Jafre,JAFRE,,,,
09,17,086,"Jonquera, La","JONQUERA, LA",,,La Jonquera,LA JONQUERA
09,17,087,Juià,JUIA,,,,
09,17,088,Lladó,LLADO,,,,
09,17,089,Llagostera,LLAGOSTERA,,,,
09,17,090,Llambilles,LLAMBILLES,,,,
09,17,091,Llanars,LLANARS,,,,
09,17,092,Llançà,LLANÇA,,,,
09,17,093,Llers,LLERS,,,,
09,17,094,Llívia,LLIVIA,,,,
09,17,095,Lloret de Mar,LLORET DE MAR,,,,
09,17,096,"Llosses, Les","LLOSSES, LES",,,Les Llosses,LES LLOSSES
09,17,102,Maçanet de Cabrenys,MAÇANET DE CABRENYS,,,,
09,17,103,Maçanet de la Selva,MAÇANET DE LA SELVA,,,,
09,17,097,Madremanya,MADREMANYA,,,,
09,17,098,Maià de Montcal,MAIA DE MONTCAL,,,,
09,17,100,Masarac,MASARAC,,,,
09,17,101,Massanes,MASSANES,,,,
09,17,099,Meranges,MERANGES,,,,
09,17,105,Mieres,MIERES,,,,
09,17,106,Mollet de Peralada,MOLLET DE PERALADA,,,,
09,17,107,Molló,MOLLO,,,,
09,17,109,Montagut i Oix,MONTAGUT I OIX,,,,
09,17,110,Mont-ras,MONT-RAS,,,,
09,17,111,Navata,NAVATA,,,,
09,17,112,Ogassa,OGASSA,,,,
09,17,114,Olot,OLOT,,,,
09,17,115,Ordis,ORDIS,,,,
09,17,116,Osor,OSOR,,,,
09,17,117,Palafrugell,PALAFRUGELL,,,,
09,17,118,Palamós,PALAMOS,,,,
09,17,119,Palau de Santa Eulàlia,PALAU DE SANTA EULALIA,,,,
09,17,121,Palau-sator,PALAU-SATOR,,,,
09,17,120,Palau-saverdera,PALAU-SAVERDERA,,,,
09,17,123,Palol de Revardit,PALOL DE REVARDIT,,,,
09,17,124,Pals,PALS,,,,
09,17,125,Pardines,PARDINES,,,,
09,17,126,Parlavà,PARLAVA,,,,
09,17,128,Pau,PAU,,,,
09,17,129,Pedret i Marzà,PEDRET I MARZA,,,,
09,17,130,"Pera, La","PERA, LA",,,La Pera,LA PERA
09,17,132,Peralada,PERALADA,,,,
09,17,133,"Planes d'Hostoles, Les","PLANES D'HOSTOLES, LES",,,Les Planes d'Hostoles,LES PLANES D'HOSTOLES
09,17,134,Planoles,PLANOLES,,,,
09,17,135,Pont de Molins,PONT DE MOLINS,,,,
09,17,136,Pontós,PONTOS,,,,
09,17,137,Porqueres,PORQUERES,,,,
09,17,140,"Port de la Selva, El","PORT DE LA SELVA, EL",,,El Port de la Selva,EL PORT DE LA SELVA
09,17,138,Portbou,PORTBOU,,,,
09,17,139,"Preses, Les","PRESES, LES",,,Les Preses,LES PRESES
09,17,141,Puigcerdà,PUIGCERDA,,,,
09,17,142,Quart,QUART,,,,
09,17,043,Queralbs,QUERALBS,,,,
09,17,143,Rabós,RABOS,,,,
09,17,144,Regencós,REGENCOS,,,,
09,17,145,Ribes de Freser,RIBES DE FRESER,,,,
09,17,146,Riells i Viabrea,RIELLS I VIABREA,,,,
09,17,147,Ripoll,RIPOLL,,,,
09,17,148,Riudarenes,RIUDARENES,,,,
09,17,149,Riudaura,RIUDAURA,,,,
09,17,150,Riudellots de la Selva,RIUDELLOTS DE LA SELVA,,,,
09,17,151,Riumors,RIUMORS,,,,
09,17,152,Roses,ROSES,,,,
09,17,153,Rupià,RUPIA,,,,
09,17,154,Sales de Llierca,SALES DE LLIERCA,,,,
09,17,155,Salt,SALT,,,,
09,17,157,Sant Andreu Salou,SANT ANDREU SALOU,,,,
09,17,183,Sant Aniol de Finestres,SANT ANIOL DE FINESTRES,,,,
09,17,158,Sant Climent Sescebes,SANT CLIMENT SESCEBES,,,,
09,17,159,Sant Feliu de Buixalleu,SANT FELIU DE BUIXALLEU,,,,
09,17,160,Sant Feliu de Guíxols,SANT FELIU DE GUIXOLS,,,,
09,17,161,Sant Feliu de Pallerols,SANT FELIU DE PALLEROLS,,,,
09,17,162,Sant Ferriol,SANT FERRIOL,,,,
09,17,163,Sant Gregori,SANT GREGORI,,,,
09,17,164,Sant Hilari Sacalm,SANT HILARI SACALM,,,,
09,17,165,Sant Jaume de Llierca,SANT JAUME DE LLIERCA,,,,
09,17,167,Sant Joan de les Abadesses,SANT JOAN DE LES ABADESSES,,,,
09,17,168,Sant Joan de Mollet,SANT JOAN DE MOLLET,,,,
09,17,185,Sant Joan les Fonts,SANT JOAN LES FONTS,,,,
09,17,166,Sant Jordi Desvalls,SANT JORDI DESVALLS,,,,
09,17,169,Sant Julià de Ramis,SANT JULIA DE RAMIS,,,,
09,17,903,Sant Julià del Llor i Bonmatí,SANT JULIA DEL LLOR I BONMATI,,,,
09,17,171,Sant Llorenç de la Muga,SANT LLORENÇ DE LA MUGA,,,,
09,17,172,Sant Martí de Llémena,SANT MARTI DE LLEMENA,,,,
09,17,173,Sant Martí Vell,SANT MARTI VELL,,,,
09,17,174,Sant Miquel de Campmajor,SANT MIQUEL DE CAMPMAJOR,,,,
09,17,175,Sant Miquel de Fluvià,SANT MIQUEL DE FLUVIA,,,,
09,17,176,Sant Mori,SANT MORI,,,,
09,17,177,Sant Pau de Segúries,SANT PAU DE SEGURIES,,,,
09,17,178,Sant Pere Pescador,SANT PERE PESCADOR,,,,
09,17,180,Santa Coloma de Farners,SANTA COLOMA DE FARNERS,,,,
09,17,181,Santa Cristina d'Aro,SANTA CRISTINA D'ARO,,,,
09,17,182,Santa Llogaia d'Àlguema,SANTA LLOGAIA D'ALGUEMA,,,,
09,17,184,Santa Pau,SANTA PAU,,,,
09,17,186,Sarrià de Ter,SARRIA DE TER,,,,
09,17,187,"Saus, Camallera i Llampaies","SAUS, CAMALLERA I LLAMPAIES",,,Camallera i Llampaies Saus,CAMALLERA I LLAMPAIES SAUS
09,17,188,"Selva de Mar, La","SELVA DE MAR, LA",,,La Selva de Mar,LA SELVA DE MAR
09,17,190,Serinyà,SERINYA,,,,
09,17,191,Serra de Daró,SERRA DE DARO,,,,
09,17,192,Setcases,SETCASES,,,,
09,17,193,Sils,SILS,,,,
09,17,052,Siurana,SIURANA,,,,
09,17,194,Susqueda,SUSQUEDA,,,,
09,17,195,"Tallada d'Empordà, La","TALLADA D'EMPORDA, LA",,,La Tallada d'Empordà,LA TALLADA D'EMPORDA
09,17,196,Terrades,TERRADES,,,,
09,17,197,Torrent,TORRENT,,,,
09,17,198,Torroella de Fluvià,TORROELLA DE FLUVIA,,,,
09,17,199,Torroella de Montgrí,TORROELLA DE MONTGRI,,,,
09,17,200,Tortellà,TORTELLA,,,,
09,17,201,Toses,TOSES,,,,
09,17,202,Tossa de Mar,TOSSA DE MAR,,,,
09,17,204,Ullà,ULLA,,,,
09,17,205,Ullastret,ULLASTRET,,,,
09,17,203,Ultramort,ULTRAMORT,,,,
09,17,206,Urús,URUS,,,,
09,17,014,"Vajol, La","VAJOL, LA",,,La Vajol,LA VAJOL
09,17,208,"Vall de Bianya, La","VALL DE BIANYA, LA",,,La Vall de Bianya,LA VALL DE BIANYA
09,17,207,"Vall d'en Bas, La","VALL D'EN BAS, LA",,,La Vall d'en Bas,LA VALL D'EN BAS
09,17,170,Vallfogona de Ripollès,VALLFOGONA DE RIPOLLES,,,,
09,17,209,Vall-llobrega,VALL-LLOBREGA,,,,
09,17,210,Ventalló,VENTALLO,,,,
09,17,211,Verges,VERGES,,,,
09,17,212,Vidrà,VIDRA,,,,
09,17,213,Vidreres,VIDRERES,,,,
09,17,214,Vilabertran,VILABERTRAN,,,,
09,17,215,Vilablareix,VILABLAREIX,,,,
09,17,217,Viladamat,VILADAMAT,,,,
09,17,216,Viladasens,VILADASENS,,,,
09,17,218,Vilademuls,VILADEMULS,,,,
09,17,220,Viladrau,VILADRAU,,,,
09,17,221,Vilafant,VILAFANT,,,,
09,17,223,Vilajuïga,VILAJUÏGA,,,,
09,17,224,Vilallonga de Ter,VILALLONGA DE TER,,,,
09,17,225,Vilamacolum,VILAMACOLUM,,,,
09,17,226,Vilamalla,VILAMALLA,,,,
09,17,227,Vilamaniscle,VILAMANISCLE,,,,
09,17,228,Vilanant,VILANANT,,,,
09,17,230,Vila-sacra,VILA-SACRA,,,,
09,17,222,Vilaür,VILAUR,,,,
09,17,233,Vilobí d'Onyar,VILOBI D'ONYAR,,,,
09,17,232,Vilopriu,VILOPRIU,,,,
01,18,001,Agrón,AGRON,,,,
01,18,002,Alamedilla,ALAMEDILLA,,,,
01,18,003,Albolote,ALBOLOTE,,,,
01,18,004,Albondón,ALBONDON,,,,
01,18,005,Albuñán,ALBUÑAN,,,,
01,18,006,Albuñol,ALBUÑOL,,,,
01,18,007,Albuñuelas,ALBUÑUELAS,,,,
01,18,010,Aldeire,ALDEIRE,,,,
01,18,011,Alfacar,ALFACAR,,,,
01,18,012,Algarinejo,ALGARINEJO,,,,
01,18,013,Alhama de Granada,ALHAMA DE GRANADA,,,,
01,18,014,Alhendín,ALHENDIN,,,,
01,18,015,Alicún de Ortega,ALICUN DE ORTEGA,,,,
01,18,016,Almegíjar,ALMEGIJAR,,,,
01,18,017,Almuñécar,ALMUÑECAR,,,,
01,18,904,Alpujarra de la Sierra,ALPUJARRA DE LA SIERRA,,,,
01,18,018,Alquife,ALQUIFE,,,,
01,18,020,Arenas del Rey,ARENAS DEL REY,,,,
01,18,021,Armilla,ARMILLA,,,,
01,18,022,Atarfe,ATARFE,,,,
01,18,023,Baza,BAZA,,,,
01,18,024,Beas de Granada,BEAS DE GRANADA,,,,
01,18,025,Beas de Guadix,BEAS DE GUADIX,,,,
01,18,027,Benalúa,BENALUA,,,,
01,18,028,Benalúa de las Villas,BENALUA DE LAS VILLAS,,,,
01,18,029,Benamaurel,BENAMAUREL,,,,
01,18,030,Bérchules,BERCHULES,,,,
01,18,032,Bubión,BUBION,,,,
01,18,033,Busquístar,BUSQUISTAR,,,,
01,18,034,Cacín,CACIN,,,,
01,18,035,Cádiar,CADIAR,,,,
01,18,036,Cájar,CAJAR,,,,
01,18,114,"Calahorra, La","CALAHORRA, LA",,,La Calahorra,LA CALAHORRA
01,18,037,Calicasas,CALICASAS,,,,
01,18,038,Campotéjar,CAMPOTEJAR,,,,
01,18,039,Caniles,CANILES,,,,
01,18,040,Cáñar,CAÑAR,,,,
01,18,042,Capileira,CAPILEIRA,,,,
01,18,043,Carataunas,CARATAUNAS,,,,
01,18,044,Cástaras,CASTARAS,,,,
01,18,045,Castilléjar,CASTILLEJAR,,,,
01,18,046,Castril,CASTRIL,,,,
01,18,047,Cenes de la Vega,CENES DE LA VEGA,,,,
01,18,059,Chauchina,CHAUCHINA,,,,
01,18,061,Chimeneas,CHIMENEAS,,,,
01,18,062,Churriana de la Vega,CHURRIANA DE LA VEGA,,,,
01,18,048,Cijuela,CIJUELA,,,,
01,18,049,Cogollos de Guadix,COGOLLOS DE GUADIX,,,,
01,18,050,Cogollos de la Vega,COGOLLOS DE LA VEGA,,,,
01,18,051,Colomera,COLOMERA,,,,
01,18,053,Cortes de Baza,CORTES DE BAZA,,,,
01,18,054,Cortes y Graena,CORTES Y GRAENA,,,,
01,18,912,Cuevas del Campo,CUEVAS DEL CAMPO,,,,
01,18,056,Cúllar,CULLAR,,,,
01,18,057,Cúllar Vega,CULLAR VEGA,,,,
01,18,063,Darro,DARRO,,,,
01,18,064,Dehesas de Guadix,DEHESAS DE GUADIX,,,,
01,18,065,Dehesas Viejas,DEHESAS VIEJAS,,,,
01,18,066,Deifontes,DEIFONTES,,,,
01,18,067,Diezma,DIEZMA,,,,
01,18,068,Dílar,DILAR,,,,
01,18,069,Dólar,DOLAR,,,,
01,18,915,Domingo Pérez de Granada,DOMINGO PEREZ DE GRANADA,,,,
01,18,070,Dúdar,DUDAR,,,,
01,18,071,Dúrcal,DURCAL,,,,
01,18,072,Escúzar,ESCUZAR,,,,
01,18,074,Ferreira,FERREIRA,,,,
01,18,076,Fonelas,FONELAS,,,,
01,18,077,Fornes,FORNES,,,,
01,18,078,Freila,FREILA,,,,
01,18,079,Fuente Vaqueros,FUENTE VAQUEROS,,,,
01,18,905,"Gabias, Las","GABIAS, LAS",,,Las Gabias,LAS GABIAS
01,18,082,Galera,GALERA,,,,
01,18,083,Gobernador,GOBERNADOR,,,,
01,18,084,Gójar,GOJAR,,,,
01,18,085,Gor,GOR,,,,
01,18,086,Gorafe,GORAFE,,,,
01,18,087,Granada,GRANADA,,,,
01,18,088,Guadahortuna,GUADAHORTUNA,,,,
01,18,089,Guadix,GUADIX,,,,
01,18,906,"Guájares, Los","GUAJARES, LOS",,,Los Guájares,LOS GUAJARES
01,18,093,Gualchos,GUALCHOS,,,,
01,18,094,Güéjar Sierra,GUEJAR SIERRA,,,,
01,18,095,Güevéjar,GUEVEJAR,,,,
01,18,096,Huélago,HUELAGO,,,,
01,18,097,Huéneja,HUENEJA,,,,
01,18,098,Huéscar,HUESCAR,,,,
01,18,099,Huétor de Santillán,HUETOR DE SANTILLAN,,,,
01,18,100,Huétor Tájar,HUETOR TAJAR,,,,
01,18,101,Huétor Vega,HUETOR VEGA,,,,
01,18,102,Íllora,ILLORA,,,,
01,18,103,Ítrabo,ITRABO,,,,
01,18,105,Iznalloz,IZNALLOZ,,,,
01,18,106,Játar,JATAR,,,,
01,18,107,Jayena,JAYENA,,,,
01,18,108,Jérez del Marquesado,JEREZ DEL MARQUESADO,,,,
01,18,109,Jete,JETE,,,,
01,18,111,Jun,JUN,,,,
01,18,112,Juviles,JUVILES,,,,
01,18,115,Láchar,LACHAR,,,,
01,18,116,Lanjarón,LANJARON,,,,
01,18,117,Lanteira,LANTEIRA,,,,
01,18,119,Lecrín,LECRIN,,,,
01,18,120,Lentegí,LENTEGI,,,,
01,18,121,Lobras,LOBRAS,,,,
01,18,122,Loja,LOJA,,,,
01,18,123,Lugros,LUGROS,,,,
01,18,124,Lújar,LUJAR,,,,
01,18,126,"Malahá, La","MALAHA, LA",,,La Malahá,LA MALAHA
01,18,127,Maracena,MARACENA,,,,
01,18,128,Marchal,MARCHAL,,,,
01,18,132,Moclín,MOCLIN,,,,
01,18,133,Molvízar,MOLVIZAR,,,,
01,18,134,Monachil,MONACHIL,,,,
01,18,135,Montefrío,MONTEFRIO,,,,
01,18,136,Montejícar,MONTEJICAR,,,,
01,18,137,Montillana,MONTILLANA,,,,
01,18,138,Moraleda de Zafayona,MORALEDA DE ZAFAYONA,,,,
01,18,909,Morelábor,MORELABOR,,,,
01,18,140,Motril,MOTRIL,,,,
01,18,141,Murtas,MURTAS,,,,
01,18,903,Nevada,NEVADA,,,,
01,18,143,Nigüelas,NIGUELAS,,,,
01,18,144,Nívar,NIVAR,,,,
01,18,145,Ogíjares,OGIJARES,,,,
01,18,146,Orce,ORCE,,,,
01,18,147,Órgiva,ORGIVA,,,,
01,18,148,Otívar,OTIVAR,,,,
01,18,150,Padul,PADUL,,,,
01,18,151,Pampaneira,PAMPANEIRA,,,,
01,18,152,Pedro Martínez,PEDRO MARTINEZ,,,,
01,18,153,Peligros,PELIGROS,,,,
01,18,154,"Peza, La","PEZA, LA",,,La Peza,LA PEZA
01,18,910,"Pinar, El","PINAR, EL",,,El Pinar,EL PINAR
01,18,157,Pinos Genil,PINOS GENIL,,,,
01,18,158,Pinos Puente,PINOS PUENTE,,,,
01,18,159,Píñar,PIÑAR,,,,
01,18,161,Polícar,POLICAR,,,,
01,18,162,Polopos,POLOPOS,,,,
01,18,163,Pórtugos,PORTUGOS,,,,
01,18,164,Puebla de Don Fadrique,PUEBLA DE DON FADRIQUE,,,,
01,18,165,Pulianas,PULIANAS,,,,
01,18,167,Purullena,PURULLENA,,,,
01,18,168,Quéntar,QUENTAR,,,,
01,18,170,Rubite,RUBITE,,,,
01,18,171,Salar,SALAR,,,,
01,18,173,Salobreña,SALOBREÑA,,,,
01,18,174,Santa Cruz del Comercio,SANTA CRUZ DEL COMERCIO,,,,
01,18,175,Santa Fe,SANTA FE,,,,
01,18,176,Soportújar,SOPORTUJAR,,,,
01,18,177,Sorvilán,SORVILAN,,,,
01,18,901,"Taha, La","TAHA, LA",,,La Taha,LA TAHA
01,18,178,Torre-Cardela,TORRE-CARDELA,,,,
01,18,916,Torrenueva Costa,TORRENUEVA COSTA,,,,
01,18,179,Torvizcón,TORVIZCON,,,,
01,18,180,Trevélez,TREVELEZ,,,,
01,18,181,Turón,TURON,,,,
01,18,182,Ugíjar,UGIJAR,,,,
01,18,914,Valderrubio,VALDERRUBIO,,,,
01,18,907,Valle del Zalabí,VALLE DEL ZALABI,,,,
01,18,902,"Valle, El","VALLE, EL",,,El Valle,EL VALLE
01,18,183,Válor,VALOR,,,,
01,18,911,Vegas del Genil,VEGAS DEL GENIL,,,,
01,18,184,Vélez de Benaudalla,VELEZ DE BENAUDALLA,,,,
01,18,185,Ventas de Huelma,VENTAS DE HUELMA,,,,
01,18,149,Villa de Otura,VILLA DE OTURA,,,,
01,18,908,Villamena,VILLAMENA,,,,
01,18,187,Villanueva de las Torres,VILLANUEVA DE LAS TORRES,,,,
01,18,188,Villanueva Mesía,VILLANUEVA MESIA,,,,
01,18,189,Víznar,VIZNAR,,,,
01,18,192,Zafarraya,ZAFARRAYA,,,,
01,18,913,Zagra,ZAGRA,,,,
01,18,193,"Zubia, La","ZUBIA, LA",,,La Zubia,LA ZUBIA
01,18,194,Zújar,ZUJAR,,,,
08,19,001,Abánades,ABANADES,,,,
08,19,002,Ablanque,ABLANQUE,,,,
08,19,003,Adobes,ADOBES,,,,
08,19,004,Alaminos,ALAMINOS,,,,
08,19,005,Alarilla,ALARILLA,,,,
08,19,006,Albalate de Zorita,ALBALATE DE ZORITA,,,,
08,19,007,Albares,ALBARES,,,,
08,19,008,Albendiego,ALBENDIEGO,,,,
08,19,009,Alcocer,ALCOCER,,,,
08,19,010,Alcolea de las Peñas,ALCOLEA DE LAS PEÑAS,,,,
08,19,011,Alcolea del Pinar,ALCOLEA DEL PINAR,,,,
08,19,013,Alcoroches,ALCOROCHES,,,,
08,19,015,Aldeanueva de Guadalajara,ALDEANUEVA DE GUADALAJARA,,,,
08,19,016,Algar de Mesa,ALGAR DE MESA,,,,
08,19,017,Algora,ALGORA,,,,
08,19,018,Alhóndiga,ALHONDIGA,,,,
08,19,019,Alique,ALIQUE,,,,
08,19,020,Almadrones,ALMADRONES,,,,
08,19,021,Almoguera,ALMOGUERA,,,,
08,19,022,Almonacid de Zorita,ALMONACID DE ZORITA,,,,
08,19,023,Alocén,ALOCEN,,,,
08,19,024,Alovera,ALOVERA,,,,
08,19,027,Alustante,ALUSTANTE,,,,
08,19,031,Angón,ANGON,,,,
08,19,032,Anguita,ANGUITA,,,,
08,19,033,Anquela del Ducado,ANQUELA DEL DUCADO,,,,
08,19,034,Anquela del Pedregal,ANQUELA DEL PEDREGAL,,,,
08,19,036,Aranzueque,ARANZUEQUE,,,,
08,19,037,Arbancón,ARBANCON,,,,
08,19,038,Arbeteta,ARBETETA,,,,
08,19,039,Argecilla,ARGECILLA,,,,
08,19,040,Armallones,ARMALLONES,,,,
08,19,041,Armuña de Tajuña,ARMUÑA DE TAJUÑA,,,,
08,19,042,Arroyo de las Fraguas,ARROYO DE LAS FRAGUAS,,,,
08,19,043,Atanzón,ATANZON,,,,
08,19,044,Atienza,ATIENZA,,,,
08,19,045,Auñón,AUÑON,,,,
08,19,046,Azuqueca de Henares,AZUQUECA DE HENARES,,,,
08,19,047,Baides,BAIDES,,,,
08,19,048,Baños de Tajo,BAÑOS DE TAJO,,,,
08,19,049,Bañuelos,BAÑUELOS,,,,
08,19,050,Barriopedro,BARRIOPEDRO,,,,
08,19,051,Berninches,BERNINCHES,,,,
08,19,052,"Bodera, La","BODERA, LA",,,La Bodera,LA BODERA
08,19,053,Brihuega,BRIHUEGA,,,,
08,19,054,Budia,BUDIA,,,,
08,19,055,Bujalaro,BUJALARO,,,,
08,19,057,Bustares,BUSTARES,,,,
08,19,058,Cabanillas del Campo,CABANILLAS DEL CAMPO,,,,
08,19,059,Campillo de Dueñas,CAMPILLO DE DUEÑAS,,,,
08,19,060,Campillo de Ranas,CAMPILLO DE RANAS,,,,
08,19,061,Campisábalos,CAMPISABALOS,,,,
08,19,064,Canredondo,CANREDONDO,,,,
08,19,065,Cantalojas,CANTALOJAS,,,,
08,19,066,Cañizar,CAÑIZAR,,,,
08,19,067,"Cardoso de la Sierra, El","CARDOSO DE LA SIERRA, EL",,,El Cardoso de la Sierra,EL CARDOSO DE LA SIERRA
08,19,070,Casa de Uceda,CASA DE UCEDA,,,,
08,19,071,"Casar, El","CASAR, EL",,,El Casar,EL CASAR
08,19,073,Casas de San Galindo,CASAS DE SAN GALINDO,,,,
08,19,074,Caspueñas,CASPUEÑAS,,,,
08,19,075,Castejón de Henares,CASTEJON DE HENARES,,,,
08,19,076,Castellar de la Muela,CASTELLAR DE LA MUELA,,,,
08,19,078,Castilforte,CASTILFORTE,,,,
08,19,079,Castilnuevo,CASTILNUEVO,,,,
08,19,080,Cendejas de Enmedio,CENDEJAS DE ENMEDIO,,,,
08,19,081,Cendejas de la Torre,CENDEJAS DE LA TORRE,,,,
08,19,082,Centenera,CENTENERA,,,,
08,19,103,Checa,CHECA,,,,
08,19,104,Chequilla,CHEQUILLA,,,,
08,19,106,Chillarón del Rey,CHILLARON DEL REY,,,,
08,19,105,Chiloeches,CHILOECHES,,,,
08,19,086,Cifuentes,CIFUENTES,,,,
08,19,087,Cincovillas,CINCOVILLAS,,,,
08,19,088,Ciruelas,CIRUELAS,,,,
08,19,089,Ciruelos del Pinar,CIRUELOS DEL PINAR,,,,
08,19,090,Cobeta,COBETA,,,,
08,19,091,Cogollor,COGOLLOR,,,,
08,19,092,Cogolludo,COGOLLUDO,,,,
08,19,095,Condemios de Abajo,CONDEMIOS DE ABAJO,,,,
08,19,096,Condemios de Arriba,CONDEMIOS DE ARRIBA,,,,
08,19,097,Congostrina,CONGOSTRINA,,,,
08,19,098,Copernal,COPERNAL,,,,
08,19,099,Corduente,CORDUENTE,,,,
08,19,102,"Cubillo de Uceda, El","CUBILLO DE UCEDA, EL",,,El Cubillo de Uceda,EL CUBILLO DE UCEDA
08,19,107,Driebes,DRIEBES,,,,
08,19,108,Durón,DURON,,,,
08,19,109,Embid,EMBID,,,,
08,19,110,Escamilla,ESCAMILLA,,,,
08,19,111,Escariche,ESCARICHE,,,,
08,19,112,Escopete,ESCOPETE,,,,
08,19,113,Espinosa de Henares,ESPINOSA DE HENARES,,,,
08,19,114,Esplegares,ESPLEGARES,,,,
08,19,115,Establés,ESTABLES,,,,
08,19,116,Estriégana,ESTRIEGANA,,,,
08,19,117,Fontanar,FONTANAR,,,,
08,19,118,Fuembellida,FUEMBELLIDA,,,,
08,19,119,Fuencemillán,FUENCEMILLAN,,,,
08,19,120,Fuentelahiguera de Albatages,FUENTELAHIGUERA DE ALBATAGES,,,,
08,19,121,Fuentelencina,FUENTELENCINA,,,,
08,19,122,Fuentelsaz,FUENTELSAZ,,,,
08,19,123,Fuentelviejo,FUENTELVIEJO,,,,
08,19,124,Fuentenovilla,FUENTENOVILLA,,,,
08,19,125,Gajanejos,GAJANEJOS,,,,
08,19,126,Galápagos,GALAPAGOS,,,,
08,19,127,Galve de Sorbe,GALVE DE SORBE,,,,
08,19,129,Gascueña de Bornova,GASCUEÑA DE BORNOVA,,,,
08,19,130,Guadalajara,GUADALAJARA,,,,
08,19,132,Henche,HENCHE,,,,
08,19,133,Heras de Ayuso,HERAS DE AYUSO,,,,
08,19,134,Herrería,HERRERIA,,,,
08,19,135,Hiendelaencina,HIENDELAENCINA,,,,
08,19,136,Hijes,HIJES,,,,
08,19,138,Hita,HITA,,,,
08,19,139,Hombrados,HOMBRADOS,,,,
08,19,142,Hontoba,HONTOBA,,,,
08,19,143,Horche,HORCHE,,,,
08,19,145,Hortezuela de Océn,HORTEZUELA DE OCEN,,,,
08,19,146,"Huerce, La","HUERCE, LA",,,La Huerce,LA HUERCE
08,19,147,Huérmeces del Cerro,HUERMECES DEL CERRO,,,,
08,19,148,Huertahernando,HUERTAHERNANDO,,,,
08,19,150,Hueva,HUEVA,,,,
08,19,151,Humanes,HUMANES,,,,
08,19,152,Illana,ILLANA,,,,
08,19,153,Iniéstola,INIESTOLA,,,,
08,19,154,"Inviernas, Las","INVIERNAS, LAS",,,Las Inviernas,LAS INVIERNAS
08,19,155,Irueste,IRUESTE,,,,
08,19,156,Jadraque,JADRAQUE,,,,
08,19,157,Jirueque,JIRUEQUE,,,,
08,19,159,Ledanca,LEDANCA,,,,
08,19,160,Loranca de Tajuña,LORANCA DE TAJUÑA,,,,
08,19,161,Lupiana,LUPIANA,,,,
08,19,162,Luzaga,LUZAGA,,,,
08,19,163,Luzón,LUZON,,,,
08,19,165,Majaelrayo,MAJAELRAYO,,,,
08,19,166,Málaga del Fresno,MALAGA DEL FRESNO,,,,
08,19,167,Malaguilla,MALAGUILLA,,,,
08,19,168,Mandayona,MANDAYONA,,,,
08,19,169,Mantiel,MANTIEL,,,,
08,19,170,Maranchón,MARANCHON,,,,
08,19,171,Marchamalo,MARCHAMALO,,,,
08,19,172,Masegoso de Tajuña,MASEGOSO DE TAJUÑA,,,,
08,19,173,Matarrubia,MATARRUBIA,,,,
08,19,174,Matillas,MATILLAS,,,,
08,19,175,Mazarete,MAZARETE,,,,
08,19,176,Mazuecos,MAZUECOS,,,,
08,19,177,Medranda,MEDRANDA,,,,
08,19,178,Megina,MEGINA,,,,
08,19,179,Membrillera,MEMBRILLERA,,,,
08,19,181,Miedes de Atienza,MIEDES DE ATIENZA,,,,
08,19,182,"Mierla, La","MIERLA, LA",,,La Mierla,LA MIERLA
08,19,184,Millana,MILLANA,,,,
08,19,183,Milmarcos,MILMARCOS,,,,
08,19,185,"Miñosa, La","MIÑOSA, LA",,,La Miñosa,LA MIÑOSA
08,19,186,Mirabueno,MIRABUENO,,,,
08,19,187,Miralrío,MIRALRIO,,,,
08,19,188,Mochales,MOCHALES,,,,
08,19,189,Mohernando,MOHERNANDO,,,,
08,19,190,Molina de Aragón,MOLINA DE ARAGON,,,,
08,19,191,Monasterio,MONASTERIO,,,,
08,19,192,Mondéjar,MONDEJAR,,,,
08,19,193,Montarrón,MONTARRON,,,,
08,19,194,Moratilla de los Meleros,MORATILLA DE LOS MELEROS,,,,
08,19,195,Morenilla,MORENILLA,,,,
08,19,196,Muduex,MUDUEX,,,,
08,19,197,"Navas de Jadraque, Las","NAVAS DE JADRAQUE, LAS",,,Las Navas de Jadraque,LAS NAVAS DE JADRAQUE
08,19,198,Negredo,NEGREDO,,,,
08,19,199,Ocentejo,OCENTEJO,,,,
08,19,200,"Olivar, El","OLIVAR, EL",,,El Olivar,EL OLIVAR
08,19,201,Olmeda de Cobeta,OLMEDA DE COBETA,,,,
08,19,202,"Olmeda de Jadraque, La","OLMEDA DE JADRAQUE, LA",,,La Olmeda de Jadraque,LA OLMEDA DE JADRAQUE
08,19,203,"Ordial, El","ORDIAL, EL",,,El Ordial,EL ORDIAL
08,19,204,Orea,OREA,,,,
08,19,208,Pálmaces de Jadraque,PALMACES DE JADRAQUE,,,,
08,19,209,Pardos,PARDOS,,,,
08,19,210,Paredes de Sigüenza,PAREDES DE SIGUENZA,,,,
08,19,211,Pareja,PAREJA,,,,
08,19,212,Pastrana,PASTRANA,,,,
08,19,213,"Pedregal, El","PEDREGAL, EL",,,El Pedregal,EL PEDREGAL
08,19,214,Peñalén,PEÑALEN,,,,
08,19,215,Peñalver,PEÑALVER,,,,
08,19,216,Peralejos de las Truchas,PERALEJOS DE LAS TRUCHAS,,,,
08,19,217,Peralveche,PERALVECHE,,,,
08,19,218,Pinilla de Jadraque,PINILLA DE JADRAQUE,,,,
08,19,219,Pinilla de Molina,PINILLA DE MOLINA,,,,
08,19,220,Pioz,PIOZ,,,,
08,19,221,Piqueras,PIQUERAS,,,,
08,19,222,"Pobo de Dueñas, El","POBO DE DUEÑAS, EL",,,El Pobo de Dueñas,EL POBO DE DUEÑAS
08,19,223,Poveda de la Sierra,POVEDA DE LA SIERRA,,,,
08,19,224,Pozo de Almoguera,POZO DE ALMOGUERA,,,,
08,19,225,Pozo de Guadalajara,POZO DE GUADALAJARA,,,,
08,19,226,Prádena de Atienza,PRADENA DE ATIENZA,,,,
08,19,227,Prados Redondos,PRADOS REDONDOS,,,,
08,19,228,Puebla de Beleña,PUEBLA DE BELEÑA,,,,
08,19,229,Puebla de Valles,PUEBLA DE VALLES,,,,
08,19,230,Quer,QUER,,,,
08,19,231,Rebollosa de Jadraque,REBOLLOSA DE JADRAQUE,,,,
08,19,232,"Recuenco, El","RECUENCO, EL",,,El Recuenco,EL RECUENCO
08,19,233,Renera,RENERA,,,,
08,19,234,Retiendas,RETIENDAS,,,,
08,19,235,Riba de Saelices,RIBA DE SAELICES,,,,
08,19,237,Rillo de Gallo,RILLO DE GALLO,,,,
08,19,238,Riofrío del Llano,RIOFRIO DEL LLANO,,,,
08,19,239,Robledillo de Mohernando,ROBLEDILLO DE MOHERNANDO,,,,
08,19,240,Robledo de Corpes,ROBLEDO DE CORPES,,,,
08,19,241,Romanillos de Atienza,ROMANILLOS DE ATIENZA,,,,
08,19,242,Romanones,ROMANONES,,,,
08,19,243,Rueda de la Sierra,RUEDA DE LA SIERRA,,,,
08,19,244,Sacecorbo,SACECORBO,,,,
08,19,245,Sacedón,SACEDON,,,,
08,19,246,Saelices de la Sal,SAELICES DE LA SAL,,,,
08,19,247,Salmerón,SALMERON,,,,
08,19,248,San Andrés del Congosto,SAN ANDRES DEL CONGOSTO,,,,
08,19,249,San Andrés del Rey,SAN ANDRES DEL REY,,,,
08,19,250,Santiuste,SANTIUSTE,,,,
08,19,251,Saúca,SAUCA,,,,
08,19,252,Sayatón,SAYATON,,,,
08,19,254,Selas,SELAS,,,,
08,19,901,Semillas,SEMILLAS,,,,
08,19,255,Setiles,SETILES,,,,
08,19,256,Sienes,SIENES,,,,
08,19,257,Sigüenza,SIGUENZA,,,,
08,19,258,Solanillos del Extremo,SOLANILLOS DEL EXTREMO,,,,
08,19,259,Somolinos,SOMOLINOS,,,,
08,19,260,"Sotillo, El","SOTILLO, EL",,,El Sotillo,EL SOTILLO
08,19,261,Sotodosos,SOTODOSOS,,,,
08,19,262,Tamajón,TAMAJON,,,,
08,19,263,Taragudo,TARAGUDO,,,,
08,19,264,Taravilla,TARAVILLA,,,,
08,19,265,Tartanedo,TARTANEDO,,,,
08,19,266,Tendilla,TENDILLA,,,,
08,19,267,Terzaga,TERZAGA,,,,
08,19,268,Tierzo,TIERZO,,,,
08,19,269,"Toba, La","TOBA, LA",,,La Toba,LA TOBA
08,19,271,Tordellego,TORDELLEGO,,,,
08,19,270,Tordelrábano,TORDELRABANO,,,,
08,19,272,Tordesilos,TORDESILOS,,,,
08,19,274,Torija,TORIJA,,,,
08,19,279,Torre del Burgo,TORRE DEL BURGO,,,,
08,19,277,Torrecuadrada de Molina,TORRECUADRADA DE MOLINA,,,,
08,19,278,Torrecuadradilla,TORRECUADRADILLA,,,,
08,19,280,Torrejón del Rey,TORREJON DEL REY,,,,
08,19,281,Torremocha de Jadraque,TORREMOCHA DE JADRAQUE,,,,
08,19,282,Torremocha del Campo,TORREMOCHA DEL CAMPO,,,,
08,19,283,Torremocha del Pinar,TORREMOCHA DEL PINAR,,,,
08,19,284,Torremochuela,TORREMOCHUELA,,,,
08,19,285,Torrubia,TORRUBIA,,,,
08,19,286,Tórtola de Henares,TORTOLA DE HENARES,,,,
08,19,287,Tortuera,TORTUERA,,,,
08,19,288,Tortuero,TORTUERO,,,,
08,19,289,Traíd,TRAID,,,,
08,19,290,Trijueque,TRIJUEQUE,,,,
08,19,291,Trillo,TRILLO,,,,
08,19,293,Uceda,UCEDA,,,,
08,19,294,Ujados,UJADOS,,,,
08,19,296,Utande,UTANDE,,,,
08,19,297,Valdarachas,VALDARACHAS,,,,
08,19,298,Valdearenas,VALDEARENAS,,,,
08,19,299,Valdeavellano,VALDEAVELLANO,,,,
08,19,300,Valdeaveruelo,VALDEAVERUELO,,,,
08,19,301,Valdeconcha,VALDECONCHA,,,,
08,19,302,Valdegrudas,VALDEGRUDAS,,,,
08,19,303,Valdelcubo,VALDELCUBO,,,,
08,19,304,Valdenuño Fernández,VALDENUÑO FERNANDEZ,,,,
08,19,305,Valdepeñas de la Sierra,VALDEPEÑAS DE LA SIERRA,,,,
08,19,306,Valderrebollo,VALDERREBOLLO,,,,
08,19,307,Valdesotos,VALDESOTOS,,,,
08,19,308,Valfermoso de Tajuña,VALFERMOSO DE TAJUÑA,,,,
08,19,309,Valhermoso,VALHERMOSO,,,,
08,19,310,Valtablado del Río,VALTABLADO DEL RIO,,,,
08,19,311,Valverde de los Arroyos,VALVERDE DE LOS ARROYOS,,,,
08,19,314,Viana de Jadraque,VIANA DE JADRAQUE,,,,
08,19,317,Villanueva de Alcorón,VILLANUEVA DE ALCORON,,,,
08,19,318,Villanueva de Argecilla,VILLANUEVA DE ARGECILLA,,,,
08,19,319,Villanueva de la Torre,VILLANUEVA DE LA TORRE,,,,
08,19,321,Villares de Jadraque,VILLARES DE JADRAQUE,,,,
08,19,322,Villaseca de Henares,VILLASECA DE HENARES,,,,
08,19,323,Villaseca de Uceda,VILLASECA DE UCEDA,,,,
08,19,324,Villel de Mesa,VILLEL DE MESA,,,,
08,19,325,Viñuelas,VIÑUELAS,,,,
08,19,326,Yebes,YEBES,,,,
08,19,327,Yebra,YEBRA,,,,
08,19,329,Yélamos de Abajo,YELAMOS DE ABAJO,,,,
08,19,330,Yélamos de Arriba,YELAMOS DE ARRIBA,,,,
08,19,331,Yunquera de Henares,YUNQUERA DE HENARES,,,,
08,19,332,"Yunta, La","YUNTA, LA",,,La Yunta,LA YUNTA
08,19,333,Zaorejas,ZAOREJAS,,,,
08,19,334,Zarzuela de Jadraque,ZARZUELA DE JADRAQUE,,,,
08,19,335,Zorita de los Canes,ZORITA DE LOS CANES,,,,
16,20,001,Abaltzisketa,ABALTZISKETA,,,,
16,20,002,Aduna,ADUNA,,,,
16,20,016,Aia,AIA,,,,
16,20,003,Aizarnazabal,AIZARNAZABAL,,,,
16,20,004,Albiztur,ALBIZTUR,,,,
16,20,005,Alegia,ALEGIA,,,,
16,20,006,Alkiza,ALKIZA,,,,
16,20,906,Altzaga,ALTZAGA,,,,
16,20,007,Altzo,ALTZO,,,,
16,20,008,Amezketa,AMEZKETA,,,,
16,20,009,Andoain,ANDOAIN,,,,
16,20,010,Anoeta,ANOETA,,,,
16,20,011,Antzuola,ANTZUOLA,,,,
16,20,012,Arama,ARAMA,,,,
16,20,013,Aretxabaleta,ARETXABALETA,,,,
16,20,055,Arrasate,ARRASATE,Arrasate,ARRASATE,,
16,20,014,Asteasu,ASTEASU,,,,
16,20,903,Astigarraga,ASTIGARRAGA,,,,
16,20,015,Ataun,ATAUN,,,,
16,20,017,Azkoitia,AZKOITIA,,,,
16,20,018,Azpeitia,AZPEITIA,,,,
16,20,904,Baliarrain,BALIARRAIN,,,,
16,20,019,Beasain,BEASAIN,,,,
16,20,020,Beizama,BEIZAMA,,,,
16,20,021,Belauntza,BELAUNTZA,,,,
16,20,022,Berastegi,BERASTEGI,,,,
16,20,074,Bergara,BERGARA,,,,
16,20,023,Berrobi,BERROBI,,,,
16,20,024,Bidania-Goiatz,BIDANIA-GOIATZ,,,,
16,20,029,Deba,DEBA,,,,
16,20,069,Donostia,DONOSTIA,Donostia,DONOSTIA,,
16,20,030,Eibar,EIBAR,,,,
16,20,031,Elduain,ELDUAIN,,,,
16,20,033,Elgeta,ELGETA,,,,
16,20,032,Elgoibar,ELGOIBAR,,,,
16,20,067,Errenteria,ERRENTERIA,,,,
16,20,066,Errezil,ERREZIL,,,,
16,20,034,Eskoriatza,ESKORIATZA,,,,
16,20,035,Ezkio-Itsaso,EZKIO-ITSASO,,,,
16,20,038,Gabiria,GABIRIA,,,,
16,20,037,Gaintza,GAINTZA,,,,
16,20,907,Gaztelu,GAZTELU,,,,
16,20,039,Getaria,GETARIA,,,,
16,20,040,Hernani,HERNANI,,,,
16,20,041,Hernialde,HERNIALDE,,,,
16,20,036,Hondarribia,HONDARRIBIA,,,,
16,20,042,Ibarra,IBARRA,,,,
16,20,043,Idiazabal,IDIAZABAL,,,,
16,20,044,Ikaztegieta,IKAZTEGIETA,,,,
16,20,045,Irun,IRUN,,,,
16,20,046,Irura,IRURA,,,,
16,20,047,Itsasondo,ITSASONDO,,,,
16,20,048,Larraul,LARRAUL,,,,
16,20,902,Lasarte-Oria,LASARTE-ORIA,,,,
16,20,049,Lazkao,LAZKAO,,,,
16,20,050,Leaburu,LEABURU,,,,
16,20,051,Legazpi,LEGAZPI,,,,
16,20,052,Legorreta,LEGORRETA,,,,
16,20,068,Leintz-Gatzaga,LEINTZ-GATZAGA,,,,
16,20,053,Lezo,LEZO,,,,
16,20,054,Lizartza,LIZARTZA,,,,
16,20,901,Mendaro,MENDARO,,,,
16,20,057,Mutiloa,MUTILOA,,,,
16,20,056,Mutriku,MUTRIKU,,,,
16,20,063,Oiartzun,OIARTZUN,,,,
16,20,058,Olaberria,OLABERRIA,,,,
16,20,059,Oñati,OÑATI,,,,
16,20,076,Ordizia,ORDIZIA,,,,
16,20,905,Orendain,ORENDAIN,,,,
16,20,060,Orexa,OREXA,,,,
16,20,061,Orio,ORIO,,,,
16,20,062,Ormaiztegi,ORMAIZTEGI,,,,
16,20,064,Pasaia,PASAIA,,,,
16,20,070,Segura,SEGURA,,,,
16,20,065,Soraluze-Placencia de las Armas,SORALUZE-PLACENCIA DE LAS ARMAS,,,,
16,20,071,Tolosa,TOLOSA,,,,
16,20,072,Urnieta,URNIETA,,,,
16,20,077,Urretxu,URRETXU,,,,
16,20,073,Usurbil,USURBIL,,,,
16,20,075,Villabona,VILLABONA,,,,
16,20,078,Zaldibia,ZALDIBIA,,,,
16,20,079,Zarautz,ZARAUTZ,,,,
16,20,025,Zegama,ZEGAMA,,,,
16,20,026,Zerain,ZERAIN,,,,
16,20,027,Zestoa,ZESTOA,,,,
16,20,028,Zizurkil,ZIZURKIL,,,,
16,20,081,Zumaia,ZUMAIA,,,,
16,20,080,Zumarraga,ZUMARRAGA,,,,
01,21,001,Alájar,ALAJAR,,,,
01,21,002,Aljaraque,ALJARAQUE,,,,
01,21,003,"Almendro, El","ALMENDRO, EL",,,El Almendro,EL ALMENDRO
01,21,004,Almonaster la Real,ALMONASTER LA REAL,,,,
01,21,005,Almonte,ALMONTE,,,,
01,21,006,Alosno,ALOSNO,,,,
01,21,007,Aracena,ARACENA,,,,
01,21,008,Aroche,AROCHE,,,,
01,21,009,Arroyomolinos de León,ARROYOMOLINOS DE LEON,,,,
01,21,010,Ayamonte,AYAMONTE,,,,
01,21,011,Beas,BEAS,,,,
01,21,012,Berrocal,BERROCAL,,,,
01,21,013,Bollullos Par del Condado,BOLLULLOS PAR DEL CONDADO,,,,
01,21,014,Bonares,BONARES,,,,
01,21,015,Cabezas Rubias,CABEZAS RUBIAS,,,,
01,21,016,Cala,CALA,,,,
01,21,017,Calañas,CALAÑAS,,,,
01,21,018,"Campillo, El","CAMPILLO, EL",,,El Campillo,EL CAMPILLO
01,21,019,Campofrío,CAMPOFRIO,,,,
01,21,020,Cañaveral de León,CAÑAVERAL DE LEON,,,,
01,21,021,Cartaya,CARTAYA,,,,
01,21,022,Castaño del Robledo,CASTAÑO DEL ROBLEDO,,,,
01,21,023,"Cerro de Andévalo, El","CERRO DE ANDEVALO, EL",,,El Cerro de Andévalo,EL CERRO DE ANDEVALO
01,21,030,Chucena,CHUCENA,,,,
01,21,024,Corteconcepción,CORTECONCEPCION,,,,
01,21,025,Cortegana,CORTEGANA,,,,
01,21,026,Cortelazor,CORTELAZOR,,,,
01,21,027,Cumbres de Enmedio,CUMBRES DE ENMEDIO,,,,
01,21,028,Cumbres de San Bartolomé,CUMBRES DE SAN BARTOLOME,,,,
01,21,029,Cumbres Mayores,CUMBRES MAYORES,,,,
01,21,031,Encinasola,ENCINASOLA,,,,
01,21,032,Escacena del Campo,ESCACENA DEL CAMPO,,,,
01,21,033,Fuenteheridos,FUENTEHERIDOS,,,,
01,21,034,Galaroza,GALAROZA,,,,
01,21,035,Gibraleón,GIBRALEON,,,,
01,21,036,"Granada de Río-Tinto, La","GRANADA DE RIO-TINTO, LA",,,La Granada de Río-Tinto,LA GRANADA DE RIO-TINTO
01,21,037,"Granado, El","GRANADO, EL",,,El Granado,EL GRANADO
01,21,038,Higuera de la Sierra,HIGUERA DE LA SIERRA,,,,
01,21,039,Hinojales,HINOJALES,,,,
01,21,040,Hinojos,HINOJOS,,,,
01,21,041,Huelva,HUELVA,,,,
01,21,042,Isla Cristina,ISLA CRISTINA,,,,
01,21,043,Jabugo,JABUGO,,,,
01,21,044,Lepe,LEPE,,,,
01,21,045,Linares de la Sierra,LINARES DE LA SIERRA,,,,
01,21,046,Lucena del Puerto,LUCENA DEL PUERTO,,,,
01,21,047,Manzanilla,MANZANILLA,,,,
01,21,048,"Marines, Los","MARINES, LOS",,,Los Marines,LOS MARINES
01,21,049,Minas de Riotinto,MINAS DE RIOTINTO,,,,
01,21,050,Moguer,MOGUER,,,,
01,21,051,"Nava, La","NAVA, LA",,,La Nava,LA NAVA
01,21,052,Nerva,NERVA,,,,
01,21,053,Niebla,NIEBLA,,,,
01,21,054,"Palma del Condado, La","PALMA DEL CONDADO, LA",,,La Palma del Condado,LA PALMA DEL CONDADO
01,21,055,Palos de la Frontera,PALOS DE LA FRONTERA,,,,
01,21,056,Paterna del Campo,PATERNA DEL CAMPO,,,,
01,21,057,Paymogo,PAYMOGO,,,,
01,21,058,Puebla de Guzmán,PUEBLA DE GUZMAN,,,,
01,21,059,Puerto Moral,PUERTO MORAL,,,,
01,21,060,Punta Umbría,PUNTA UMBRIA,,,,
01,21,061,Rociana del Condado,ROCIANA DEL CONDADO,,,,
01,21,062,Rosal de la Frontera,ROSAL DE LA FRONTERA,,,,
01,21,063,San Bartolomé de la Torre,SAN BARTOLOME DE LA TORRE,,,,
01,21,064,San Juan del Puerto,SAN JUAN DEL PUERTO,,,,
01,21,066,San Silvestre de Guzmán,SAN SILVESTRE DE GUZMAN,,,,
01,21,065,Sanlúcar de Guadiana,SANLUCAR DE GUADIANA,,,,
01,21,067,Santa Ana la Real,SANTA ANA LA REAL,,,,
01,21,068,Santa Bárbara de Casa,SANTA BARBARA DE CASA,,,,
01,21,069,Santa Olalla del Cala,SANTA OLALLA DEL CALA,,,,
01,21,070,Trigueros,TRIGUEROS,,,,
01,21,071,Valdelarco,VALDELARCO,,,,
01,21,072,Valverde del Camino,VALVERDE DEL CAMINO,,,,
01,21,073,Villablanca,VILLABLANCA,,,,
01,21,074,Villalba del Alcor,VILLALBA DEL ALCOR,,,,
01,21,075,Villanueva de las Cruces,VILLANUEVA DE LAS CRUCES,,,,
01,21,076,Villanueva de los Castillejos,VILLANUEVA DE LOS CASTILLEJOS,,,,
01,21,077,Villarrasa,VILLARRASA,,,,
01,21,078,Zalamea la Real,ZALAMEA LA REAL,,,,
01,21,902,"Zarza-Perrunal, La","ZARZA-PERRUNAL, LA",,,La Zarza-Perrunal,LA ZARZA-PERRUNAL
01,21,079,Zufre,ZUFRE,,,,
02,22,001,Abiego,ABIEGO,,,,
02,22,002,Abizanda,ABIZANDA,,,,
02,22,003,Adahuesca,ADAHUESCA,,,,
02,22,004,Agüero,AGUERO,,,,
02,22,907,Aínsa-Sobrarbe,AINSA-SOBRARBE,,,,
02,22,006,Aisa,AISA,,,,
02,22,007,Albalate de Cinca,ALBALATE DE CINCA,,,,
02,22,008,Albalatillo,ALBALATILLO,,,,
02,22,009,Albelda,ALBELDA,,,,
02,22,011,Albero Alto,ALBERO ALTO,,,,
02,22,012,Albero Bajo,ALBERO BAJO,,,,
02,22,013,Alberuela de Tubo,ALBERUELA DE TUBO,,,,
02,22,014,Alcalá de Gurrea,ALCALA DE GURREA,,,,
02,22,015,Alcalá del Obispo,ALCALA DEL OBISPO,,,,
02,22,016,Alcampell,ALCAMPELL,,,,
02,22,017,Alcolea de Cinca,ALCOLEA DE CINCA,,,,
02,22,018,Alcubierre,ALCUBIERRE,,,,
02,22,019,Alerre,ALERRE,,,,
02,22,020,Alfántega,ALFANTEGA,,,,
02,22,021,Almudévar,ALMUDEVAR,,,,
02,22,022,Almunia de San Juan,ALMUNIA DE SAN JUAN,,,,
02,22,023,Almuniente,ALMUNIENTE,,,,
02,22,024,Alquézar,ALQUEZAR,,,,
02,22,025,Altorricón,ALTORRICON,,,,
02,22,027,Angüés,ANGUES,,,,
02,22,028,Ansó,ANSO,,,,
02,22,029,Antillón,ANTILLON,,,,
02,22,032,Aragüés del Puerto,ARAGUES DEL PUERTO,,,,
02,22,035,Arén,AREN,,,,
02,22,036,Argavieso,ARGAVIESO,,,,
02,22,037,Arguis,ARGUIS,,,,
02,22,039,Ayerbe,AYERBE,,,,
02,22,040,Azanuy-Alins,AZANUY-ALINS,,,,
02,22,041,Azara,AZARA,,,,
02,22,042,Azlor,AZLOR,,,,
02,22,043,Baélls,BAELLS,,,,
02,22,044,Bailo,BAILO,,,,
02,22,045,Baldellou,BALDELLOU,,,,
02,22,046,Ballobar,BALLOBAR,,,,
02,22,047,Banastás,BANASTAS,,,,
02,22,048,Barbastro,BARBASTRO,,,,
02,22,049,Barbués,BARBUES,,,,
02,22,050,Barbuñales,BARBUÑALES,,,,
02,22,051,Bárcabo,BARCABO,,,,
02,22,052,Belver de Cinca,BELVER DE CINCA,,,,
02,22,053,Benabarre,BENABARRE,,,,
02,22,054,Benasque,BENASQUE,,,,
02,22,246,Beranuy,BERANUY,,,,
02,22,055,Berbegal,BERBEGAL,,,,
02,22,057,Bielsa,BIELSA,,,,
02,22,058,Bierge,BIERGE,,,,
02,22,059,Biescas,BIESCAS,,,,
02,22,060,Binaced,BINACED,,,,
02,22,061,Binéfar,BINEFAR,,,,
02,22,062,Bisaurri,BISAURRI,,,,
02,22,063,Biscarrués,BISCARRUES,,,,
02,22,064,Blecua y Torres,BLECUA Y TORRES,,,,
02,22,066,Boltaña,BOLTAÑA,,,,
02,22,067,Bonansa,BONANSA,,,,
02,22,068,Borau,BORAU,,,,
02,22,069,Broto,BROTO,,,,
02,22,072,Caldearenas,CALDEARENAS,,,,
02,22,074,Campo,CAMPO,,,,
02,22,075,Camporrélls,CAMPORRELLS,,,,
02,22,076,Canal de Berdún,CANAL DE BERDUN,,,,
02,22,077,Candasnos,CANDASNOS,,,,
02,22,078,Canfranc,CANFRANC,,,,
02,22,079,Capdesaso,CAPDESASO,,,,
02,22,080,Capella,CAPELLA,,,,
02,22,081,Casbas de Huesca,CASBAS DE HUESCA,,,,
02,22,083,Castejón de Monegros,CASTEJON DE MONEGROS,,,,
02,22,084,Castejón de Sos,CASTEJON DE SOS,,,,
02,22,082,Castejón del Puente,CASTEJON DEL PUENTE,,,,
02,22,085,Castelflorite,CASTELFLORITE,,,,
02,22,086,Castiello de Jaca,CASTIELLO DE JACA,,,,
02,22,087,Castigaleu,CASTIGALEU,,,,
02,22,088,Castillazuelo,CASTILLAZUELO,,,,
02,22,089,Castillonroy,CASTILLONROY,,,,
02,22,094,Chalamera,CHALAMERA,,,,
02,22,095,Chía,CHIA,,,,
02,22,096,Chimillas,CHIMILLAS,,,,
02,22,090,Colungo,COLUNGO,,,,
02,22,099,Esplús,ESPLUS,,,,
02,22,102,Estada,ESTADA,,,,
02,22,103,Estadilla,ESTADILLA,,,,
02,22,105,Estopiñán del Castillo,ESTOPIÑAN DEL CASTILLO,,,,
02,22,106,Fago,FAGO,,,,
02,22,107,Fanlo,FANLO,,,,
02,22,109,Fiscal,FISCAL,,,,
02,22,110,Fonz,FONZ,,,,
02,22,111,Foradada del Toscar,FORADADA DEL TOSCAR,,,,
02,22,112,Fraga,FRAGA,,,,
02,22,113,"Fueva, La","FUEVA, LA",,,La Fueva,LA FUEVA
02,22,114,Gistaín,GISTAIN,,,,
02,22,115,"Grado, El","GRADO, EL",,,El Grado,EL GRADO
02,22,116,Grañén,GRAÑEN,,,,
02,22,117,Graus,GRAUS,,,,
02,22,119,Gurrea de Gállego,GURREA DE GALLEGO,,,,
02,22,122,Hoz de Jaca,HOZ DE JACA,,,,
02,22,908,Hoz y Costean,HOZ Y COSTEAN,,,,
02,22,124,Huerto,HUERTO,,,,
02,22,125,Huesca,HUESCA,,,,
02,22,126,Ibieca,IBIECA,,,,
02,22,127,Igriés,IGRIES,,,,
02,22,128,Ilche,ILCHE,,,,
02,22,129,Isábena,ISABENA,,,,
02,22,130,Jaca,JACA,,,,
02,22,131,Jasa,JASA,,,,
02,22,133,Labuerda,LABUERDA,,,,
02,22,135,Laluenga,LALUENGA,,,,
02,22,136,Lalueza,LALUEZA,,,,
02,22,137,Lanaja,LANAJA,,,,
02,22,139,Laperdiguera,LAPERDIGUERA,,,,
02,22,141,Lascellas-Ponzano,LASCELLAS-PONZANO,,,,
02,22,142,Lascuarre,LASCUARRE,,,,
02,22,143,Laspaúles,LASPAULES,,,,
02,22,144,Laspuña,LASPUÑA,,,,
02,22,149,Loarre,LOARRE,,,,
02,22,150,Loporzano,LOPORZANO,,,,
02,22,151,Loscorrales,LOSCORRALES,,,,
02,22,905,Lupiñén-Ortilla,LUPIÑEN-ORTILLA,,,,
02,22,155,Monesma y Cajigar,MONESMA Y CAJIGAR,,,,
02,22,156,Monflorite-Lascasas,MONFLORITE-LASCASAS,,,,
02,22,157,Montanuy,MONTANUY,,,,
02,22,158,Monzón,MONZON,,,,
02,22,160,Naval,NAVAL,,,,
02,22,162,Novales,NOVALES,,,,
02,22,163,Nueno,NUENO,,,,
02,22,164,Olvena,OLVENA,,,,
02,22,165,Ontiñena,ONTIÑENA,,,,
02,22,167,Osso de Cinca,OSSO DE CINCA,,,,
02,22,168,Palo,PALO,,,,
02,22,170,Panticosa,PANTICOSA,,,,
02,22,172,Peñalba,PEÑALBA,,,,
02,22,173,"Peñas de Riglos, Las","PEÑAS DE RIGLOS, LAS",,,Las Peñas de Riglos,LAS PEÑAS DE RIGLOS
02,22,174,Peralta de Alcofea,PERALTA DE ALCOFEA,,,,
02,22,175,Peralta de Calasanz,PERALTA DE CALASANZ,,,,
02,22,176,Peraltilla,PERALTILLA,,,,
02,22,177,Perarrúa,PERARRUA,,,,
02,22,178,Pertusa,PERTUSA,,,,
02,22,181,Piracés,PIRACES,,,,
02,22,182,Plan,PLAN,,,,
02,22,184,Poleñino,POLEÑINO,,,,
02,22,186,Pozán de Vero,POZAN DE VERO,,,,
02,22,187,"Puebla de Castro, La","PUEBLA DE CASTRO, LA",,,La Puebla de Castro,LA PUEBLA DE CASTRO
02,22,188,Puente de Montañana,PUENTE DE MONTAÑANA,,,,
02,22,902,Puente la Reina de Jaca,PUENTE LA REINA DE JACA,,,,
02,22,189,Puértolas,PUERTOLAS,,,,
02,22,190,"Pueyo de Araguás, El","PUEYO DE ARAGUAS, EL",,,El Pueyo de Araguás,EL PUEYO DE ARAGUAS
02,22,193,Pueyo de Santa Cruz,PUEYO DE SANTA CRUZ,,,,
02,22,195,Quicena,QUICENA,,,,
02,22,197,Robres,ROBRES,,,,
02,22,199,Sabiñánigo,SABIÑANIGO,,,,
02,22,200,Sahún,SAHUN,,,,
02,22,201,Salas Altas,SALAS ALTAS,,,,
02,22,202,Salas Bajas,SALAS BAJAS,,,,
02,22,203,Salillas,SALILLAS,,,,
02,22,204,Sallent de Gállego,SALLENT DE GALLEGO,,,,
02,22,205,San Esteban de Litera,SAN ESTEBAN DE LITERA,,,,
02,22,207,San Juan de Plan,SAN JUAN DE PLAN,,,,
02,22,903,San Miguel del Cinca,SAN MIGUEL DEL CINCA,,,,
02,22,206,Sangarrén,SANGARREN,,,,
02,22,208,Santa Cilia,SANTA CILIA,,,,
02,22,209,Santa Cruz de la Serós,SANTA CRUZ DE LA SEROS,,,,
02,22,906,Santa María de Dulcis,SANTA MARIA DE DULCIS,,,,
02,22,212,Santaliestra y San Quílez,SANTALIESTRA Y SAN QUILEZ,,,,
02,22,213,Sariñena,SARIÑENA,,,,
02,22,214,Secastilla,SECASTILLA,,,,
02,22,215,Seira,SEIRA,,,,
02,22,217,Sena,SENA,,,,
02,22,218,Senés de Alcubierre,SENES DE ALCUBIERRE,,,,
02,22,220,Sesa,SESA,,,,
02,22,221,Sesué,SESUE,,,,
02,22,222,Siétamo,SIETAMO,,,,
02,22,223,Sopeira,SOPEIRA,,,,
02,22,904,"Sotonera, La","SOTONERA, LA",,,La Sotonera,LA SOTONERA
02,22,225,Tamarite de Litera,TAMARITE DE LITERA,,,,
02,22,226,Tardienta,TARDIENTA,,,,
02,22,227,Tella-Sin,TELLA-SIN,,,,
02,22,228,Tierz,TIERZ,,,,
02,22,229,Tolva,TOLVA,,,,
02,22,230,Torla-Ordesa,TORLA-ORDESA,,,,
02,22,232,Torralba de Aragón,TORRALBA DE ARAGON,,,,
02,22,233,Torre la Ribera,TORRE LA RIBERA,,,,
02,22,234,Torrente de Cinca,TORRENTE DE CINCA,,,,
02,22,235,Torres de Alcanadre,TORRES DE ALCANADRE,,,,
02,22,236,Torres de Barbués,TORRES DE BARBUES,,,,
02,22,239,Tramaced,TRAMACED,,,,
02,22,242,Valfarta,VALFARTA,,,,
02,22,243,Valle de Bardají,VALLE DE BARDAJI,,,,
02,22,901,Valle de Hecho,VALLE DE HECHO,,,,
02,22,244,Valle de Lierp,VALLE DE LIERP,,,,
02,22,245,Velilla de Cinca,VELILLA DE CINCA,,,,
02,22,909,Vencillón,VENCILLON,,,,
02,22,247,Viacamp y Litera,VIACAMP Y LITERA,,,,
02,22,248,Vicién,VICIEN,,,,
02,22,249,Villanova,VILLANOVA,,,,
02,22,250,Villanúa,VILLANUA,,,,
02,22,251,Villanueva de Sigena,VILLANUEVA DE SIGENA,,,,
02,22,252,Yebra de Basa,YEBRA DE BASA,,,,
02,22,253,Yésero,YESERO,,,,
02,22,254,Zaidín,ZAIDIN,,,,
01,23,001,Albanchez de Mágina,ALBANCHEZ DE MAGINA,,,,
01,23,002,Alcalá la Real,ALCALA LA REAL,,,,
01,23,003,Alcaudete,ALCAUDETE,,,,
01,23,004,Aldeaquemada,ALDEAQUEMADA,,,,
01,23,005,Andújar,ANDUJAR,,,,
01,23,006,Arjona,ARJONA,,,,
01,23,007,Arjonilla,ARJONILLA,,,,
01,23,008,Arquillos,ARQUILLOS,,,,
01,23,905,Arroyo del Ojanco,ARROYO DEL OJANCO,,,,
01,23,009,Baeza,BAEZA,,,,
01,23,010,Bailén,BAILEN,,,,
01,23,011,Baños de la Encina,BAÑOS DE LA ENCINA,,,,
01,23,012,Beas de Segura,BEAS DE SEGURA,,,,
01,23,902,Bedmar y Garcíez,BEDMAR Y GARCIEZ,,,,
01,23,014,Begíjar,BEGIJAR,,,,
01,23,015,Bélmez de la Moraleda,BELMEZ DE LA MORALEDA,,,,
01,23,016,Benatae,BENATAE,,,,
01,23,017,Cabra del Santo Cristo,CABRA DEL SANTO CRISTO,,,,
01,23,018,Cambil,CAMBIL,,,,
01,23,019,Campillo de Arenas,CAMPILLO DE ARENAS,,,,
01,23,020,Canena,CANENA,,,,
01,23,021,Carboneros,CARBONEROS,,,,
01,23,901,Cárcheles,CARCHELES,,,,
01,23,024,"Carolina, La","CAROLINA, LA",,,La Carolina,LA CAROLINA
01,23,025,Castellar,CASTELLAR,,,,
01,23,026,Castillo de Locubín,CASTILLO DE LOCUBIN,,,,
01,23,027,Cazalilla,CAZALILLA,,,,
01,23,028,Cazorla,CAZORLA,,,,
01,23,029,Chiclana de Segura,CHICLANA DE SEGURA,,,,
01,23,030,Chilluévar,CHILLUEVAR,,,,
01,23,031,Escañuela,ESCAÑUELA,,,,
01,23,032,Espeluy,ESPELUY,,,,
01,23,033,Frailes,FRAILES,,,,
01,23,034,Fuensanta de Martos,FUENSANTA DE MARTOS,,,,
01,23,035,Fuerte del Rey,FUERTE DEL REY,,,,
01,23,037,Génave,GENAVE,,,,
01,23,038,"Guardia de Jaén, La","GUARDIA DE JAEN, LA",,,La Guardia de Jaén,LA GUARDIA DE JAEN
01,23,039,Guarromán,GUARROMAN,,,,
01,23,041,Higuera de Calatrava,HIGUERA DE CALATRAVA,,,,
01,23,042,Hinojares,HINOJARES,,,,
01,23,043,Hornos,HORNOS,,,,
01,23,044,Huelma,HUELMA,,,,
01,23,045,Huesa,HUESA,,,,
01,23,046,Ibros,IBROS,,,,
01,23,047,"Iruela, La","IRUELA, LA",,,La Iruela,LA IRUELA
01,23,048,Iznatoraf,IZNATORAF,,,,
01,23,049,Jabalquinto,JABALQUINTO,,,,
01,23,050,Jaén,JAEN,,,,
01,23,051,Jamilena,JAMILENA,,,,
01,23,052,Jimena,JIMENA,,,,
01,23,053,Jódar,JODAR,,,,
01,23,040,Lahiguera,LAHIGUERA,,,,
01,23,054,Larva,LARVA,,,,
01,23,055,Linares,LINARES,,,,
01,23,056,Lopera,LOPERA,,,,
01,23,057,Lupión,LUPION,,,,
01,23,058,Mancha Real,MANCHA REAL,,,,
01,23,059,Marmolejo,MARMOLEJO,,,,
01,23,060,Martos,MARTOS,,,,
01,23,061,Mengíbar,MENGIBAR,,,,
01,23,062,Montizón,MONTIZON,,,,
01,23,063,Navas de San Juan,NAVAS DE SAN JUAN,,,,
01,23,064,Noalejo,NOALEJO,,,,
01,23,065,Orcera,ORCERA,,,,
01,23,066,Peal de Becerro,PEAL DE BECERRO,,,,
01,23,067,Pegalajar,PEGALAJAR,,,,
01,23,069,Porcuna,PORCUNA,,,,
01,23,070,Pozo Alcón,POZO ALCON,,,,
01,23,071,Puente de Génave,PUENTE DE GENAVE,,,,
01,23,072,"Puerta de Segura, La","PUERTA DE SEGURA, LA",,,La Puerta de Segura,LA PUERTA DE SEGURA
01,23,073,Quesada,QUESADA,,,,
01,23,074,Rus,RUS,,,,
01,23,075,Sabiote,SABIOTE,,,,
01,23,076,Santa Elena,SANTA ELENA,,,,
01,23,077,Santiago de Calatrava,SANTIAGO DE CALATRAVA,,,,
01,23,904,Santiago-Pontones,SANTIAGO-PONTONES,,,,
01,23,079,Santisteban del Puerto,SANTISTEBAN DEL PUERTO,,,,
01,23,080,Santo Tomé,SANTO TOME,,,,
01,23,081,Segura de la Sierra,SEGURA DE LA SIERRA,,,,
01,23,082,Siles,SILES,,,,
01,23,084,Sorihuela del Guadalimar,SORIHUELA DEL GUADALIMAR,,,,
01,23,085,Torreblascopedro,TORREBLASCOPEDRO,,,,
01,23,086,Torredelcampo,TORREDELCAMPO,,,,
01,23,087,Torredonjimeno,TORREDONJIMENO,,,,
01,23,088,Torreperogil,TORREPEROGIL,,,,
01,23,090,Torres,TORRES,,,,
01,23,091,Torres de Albánchez,TORRES DE ALBANCHEZ,,,,
01,23,092,Úbeda,UBEDA,,,,
01,23,093,Valdepeñas de Jaén,VALDEPEÑAS DE JAEN,,,,
01,23,094,Vilches,VILCHES,,,,
01,23,095,Villacarrillo,VILLACARRILLO,,,,
01,23,096,Villanueva de la Reina,VILLANUEVA DE LA REINA,,,,
01,23,097,Villanueva del Arzobispo,VILLANUEVA DEL ARZOBISPO,,,,
01,23,098,Villardompardo,VILLARDOMPARDO,,,,
01,23,099,"Villares, Los","VILLARES, LOS",,,Los Villares,LOS VILLARES
01,23,101,Villarrodrigo,VILLARRODRIGO,,,,
01,23,903,Villatorres,VILLATORRES,,,,
07,24,001,Acebedo,ACEBEDO,,,,
07,24,002,Algadefe,ALGADEFE,,,,
07,24,003,Alija del Infantado,ALIJA DEL INFANTADO,,,,
07,24,004,Almanza,ALMANZA,,,,
07,24,005,"Antigua, La","ANTIGUA, LA",,,La Antigua,LA ANTIGUA
07,24,006,Ardón,ARDON,,,,
07,24,007,Arganza,ARGANZA,,,,
07,24,008,Astorga,ASTORGA,,,,
07,24,009,Balboa,BALBOA,,,,
07,24,010,"Bañeza, La","BAÑEZA, LA",,,La Bañeza,LA BAÑEZA
07,24,011,Barjas,BARJAS,,,,
07,24,012,"Barrios de Luna, Los","BARRIOS DE LUNA, LOS",,,Los Barrios de Luna,LOS BARRIOS DE LUNA
07,24,014,Bembibre,BEMBIBRE,,,,
07,24,015,Benavides,BENAVIDES,,,,
07,24,016,Benuza,BENUZA,,,,
07,24,017,Bercianos del Páramo,BERCIANOS DEL PARAMO,,,,
07,24,018,Bercianos del Real Camino,BERCIANOS DEL REAL CAMINO,,,,
07,24,019,Berlanga del Bierzo,BERLANGA DEL BIERZO,,,,
07,24,020,Boca de Huérgano,BOCA DE HUERGANO,,,,
07,24,021,Boñar,BOÑAR,,,,
07,24,022,Borrenes,BORRENES,,,,
07,24,023,Brazuelo,BRAZUELO,,,,
07,24,024,"Burgo Ranero, El","BURGO RANERO, EL",,,El Burgo Ranero,EL BURGO RANERO
07,24,025,Burón,BURON,,,,
07,24,026,Bustillo del Páramo,BUSTILLO DEL PARAMO,,,,
07,24,027,Cabañas Raras,CABAÑAS RARAS,,,,
07,24,028,Cabreros del Río,CABREROS DEL RIO,,,,
07,24,029,Cabrillanes,CABRILLANES,,,,
07,24,030,Cacabelos,CACABELOS,,,,
07,24,031,Calzada del Coto,CALZADA DEL COTO,,,,
07,24,032,Campazas,CAMPAZAS,,,,
07,24,033,Campo de Villavidel,CAMPO DE VILLAVIDEL,,,,
07,24,034,Camponaraya,CAMPONARAYA,,,,
07,24,036,Candín,CANDIN,,,,
07,24,037,Cármenes,CARMENES,,,,
07,24,038,Carracedelo,CARRACEDELO,,,,
07,24,039,Carrizo,CARRIZO,,,,
07,24,040,Carrocera,CARROCERA,,,,
07,24,041,Carucedo,CARUCEDO,,,,
07,24,042,Castilfalé,CASTILFALE,,,,
07,24,043,Castrillo de Cabrera,CASTRILLO DE CABRERA,,,,
07,24,044,Castrillo de la Valduerna,CASTRILLO DE LA VALDUERNA,,,,
07,24,046,Castrocalbón,CASTROCALBON,,,,
07,24,047,Castrocontrigo,CASTROCONTRIGO,,,,
07,24,049,Castropodame,CASTROPODAME,,,,
07,24,050,Castrotierra de Valmadrigal,CASTROTIERRA DE VALMADRIGAL,,,,
07,24,051,Cea,CEA,,,,
07,24,052,Cebanico,CEBANICO,,,,
07,24,053,Cebrones del Río,CEBRONES DEL RIO,,,,
07,24,065,Chozas de Abajo,CHOZAS DE ABAJO,,,,
07,24,054,Cimanes de la Vega,CIMANES DE LA VEGA,,,,
07,24,055,Cimanes del Tejar,CIMANES DEL TEJAR,,,,
07,24,056,Cistierna,CISTIERNA,,,,
07,24,057,Congosto,CONGOSTO,,,,
07,24,058,Corbillos de los Oteros,CORBILLOS DE LOS OTEROS,,,,
07,24,059,Corullón,CORULLON,,,,
07,24,060,Crémenes,CREMENES,,,,
07,24,061,Cuadros,CUADROS,,,,
07,24,062,Cubillas de los Oteros,CUBILLAS DE LOS OTEROS,,,,
07,24,063,Cubillas de Rueda,CUBILLAS DE RUEDA,,,,
07,24,064,Cubillos del Sil,CUBILLOS DEL SIL,,,,
07,24,066,Destriana,DESTRIANA,,,,
07,24,067,Encinedo,ENCINEDO,,,,
07,24,068,"Ercina, La","ERCINA, LA",,,La Ercina,LA ERCINA
07,24,069,Escobar de Campos,ESCOBAR DE CAMPOS,,,,
07,24,070,Fabero,FABERO,,,,
07,24,071,Folgoso de la Ribera,FOLGOSO DE LA RIBERA,,,,
07,24,073,Fresno de la Vega,FRESNO DE LA VEGA,,,,
07,24,074,Fuentes de Carbajal,FUENTES DE CARBAJAL,,,,
07,24,076,Garrafe de Torío,GARRAFE DE TORIO,,,,
07,24,077,Gordaliza del Pino,GORDALIZA DEL PINO,,,,
07,24,078,Gordoncillo,GORDONCILLO,,,,
07,24,079,Gradefes,GRADEFES,,,,
07,24,080,Grajal de Campos,GRAJAL DE CAMPOS,,,,
07,24,081,Gusendos de los Oteros,GUSENDOS DE LOS OTEROS,,,,
07,24,082,Hospital de Órbigo,HOSPITAL DE ORBIGO,,,,
07,24,083,Igüeña,IGUEÑA,,,,
07,24,084,Izagre,IZAGRE,,,,
07,24,086,Joarilla de las Matas,JOARILLA DE LAS MATAS,,,,
07,24,087,Laguna Dalga,LAGUNA DALGA,,,,
07,24,088,Laguna de Negrillos,LAGUNA DE NEGRILLOS,,,,
07,24,089,León,LEON,,,,
07,24,092,Llamas de la Ribera,LLAMAS DE LA RIBERA,,,,
07,24,090,Lucillo,LUCILLO,,,,
07,24,091,Luyego,LUYEGO,,,,
07,24,093,Magaz de Cepeda,MAGAZ DE CEPEDA,,,,
07,24,094,Mansilla de las Mulas,MANSILLA DE LAS MULAS,,,,
07,24,095,Mansilla Mayor,MANSILLA MAYOR,,,,
07,24,096,Maraña,MARAÑA,,,,
07,24,097,Matadeón de los Oteros,MATADEON DE LOS OTEROS,,,,
07,24,098,Matallana de Torío,MATALLANA DE TORIO,,,,
07,24,099,Matanza,MATANZA,,,,
07,24,100,Molinaseca,MOLINASECA,,,,
07,24,101,Murias de Paredes,MURIAS DE PAREDES,,,,
07,24,102,Noceda del Bierzo,NOCEDA DEL BIERZO,,,,
07,24,103,Oencia,OENCIA,,,,
07,24,104,"Omañas, Las","OMAÑAS, LAS",,,Las Omañas,LAS OMAÑAS
07,24,105,Onzonilla,ONZONILLA,,,,
07,24,106,Oseja de Sajambre,OSEJA DE SAJAMBRE,,,,
07,24,107,Pajares de los Oteros,PAJARES DE LOS OTEROS,,,,
07,24,108,Palacios de la Valduerna,PALACIOS DE LA VALDUERNA,,,,
07,24,109,Palacios del Sil,PALACIOS DEL SIL,,,,
07,24,110,Páramo del Sil,PARAMO DEL SIL,,,,
07,24,112,Peranzanes,PERANZANES,,,,
07,24,113,Pobladura de Pelayo García,POBLADURA DE PELAYO GARCIA,,,,
07,24,114,"Pola de Gordón, La","POLA DE GORDON, LA",,,La Pola de Gordón,LA POLA DE GORDON
07,24,115,Ponferrada,PONFERRADA,,,,
07,24,116,Posada de Valdeón,POSADA DE VALDEON,,,,
07,24,117,Pozuelo del Páramo,POZUELO DEL PARAMO,,,,
07,24,118,Prado de la Guzpeña,PRADO DE LA GUZPEÑA,,,,
07,24,119,Priaranza del Bierzo,PRIARANZA DEL BIERZO,,,,
07,24,120,Prioro,PRIORO,,,,
07,24,121,Puebla de Lillo,PUEBLA DE LILLO,,,,
07,24,122,Puente de Domingo Flórez,PUENTE DE DOMINGO FLOREZ,,,,
07,24,123,Quintana del Castillo,QUINTANA DEL CASTILLO,,,,
07,24,124,Quintana del Marco,QUINTANA DEL MARCO,,,,
07,24,125,Quintana y Congosto,QUINTANA Y CONGOSTO,,,,
07,24,127,Regueras de Arriba,REGUERAS DE ARRIBA,,,,
07,24,129,Reyero,REYERO,,,,
07,24,130,Riaño,RIAÑO,,,,
07,24,131,Riego de la Vega,RIEGO DE LA VEGA,,,,
07,24,132,Riello,RIELLO,,,,
07,24,133,Rioseco de Tapia,RIOSECO DE TAPIA,,,,
07,24,134,"Robla, La","ROBLA, LA",,,La Robla,LA ROBLA
07,24,136,Roperuelos del Páramo,ROPERUELOS DEL PARAMO,,,,
07,24,137,Sabero,SABERO,,,,
07,24,139,Sahagún,SAHAGUN,,,,
07,24,141,San Adrián del Valle,SAN ADRIAN DEL VALLE,,,,
07,24,142,San Andrés del Rabanedo,SAN ANDRES DEL RABANEDO,,,,
07,24,144,San Cristóbal de la Polantera,SAN CRISTOBAL DE LA POLANTERA,,,,
07,24,145,San Emiliano,SAN EMILIANO,,,,
07,24,146,San Esteban de Nogales,SAN ESTEBAN DE NOGALES,,,,
07,24,148,San Justo de la Vega,SAN JUSTO DE LA VEGA,,,,
07,24,149,San Millán de los Caballeros,SAN MILLAN DE LOS CABALLEROS,,,,
07,24,150,San Pedro Bercianos,SAN PEDRO BERCIANOS,,,,
07,24,143,Sancedo,SANCEDO,,,,
07,24,151,Santa Colomba de Curueño,SANTA COLOMBA DE CURUEÑO,,,,
07,24,152,Santa Colomba de Somoza,SANTA COLOMBA DE SOMOZA,,,,
07,24,153,Santa Cristina de Valmadrigal,SANTA CRISTINA DE VALMADRIGAL,,,,
07,24,154,Santa Elena de Jamuz,SANTA ELENA DE JAMUZ,,,,
07,24,155,Santa María de la Isla,SANTA MARIA DE LA ISLA,,,,
07,24,158,Santa María de Ordás,SANTA MARIA DE ORDAS,,,,
07,24,156,Santa María del Monte de Cea,SANTA MARIA DEL MONTE DE CEA,,,,
07,24,157,Santa María del Páramo,SANTA MARIA DEL PARAMO,,,,
07,24,159,Santa Marina del Rey,SANTA MARINA DEL REY,,,,
07,24,160,Santas Martas,SANTAS MARTAS,,,,
07,24,161,Santiago Millas,SANTIAGO MILLAS,,,,
07,24,162,Santovenia de la Valdoncina,SANTOVENIA DE LA VALDONCINA,,,,
07,24,163,Sariegos,SARIEGOS,,,,
07,24,164,Sena de Luna,SENA DE LUNA,,,,
07,24,165,Sobrado,SOBRADO,,,,
07,24,166,Soto de la Vega,SOTO DE LA VEGA,,,,
07,24,167,Soto y Amío,SOTO Y AMIO,,,,
07,24,168,Toral de los Guzmanes,TORAL DE LOS GUZMANES,,,,
07,24,206,Toral de los Vados,TORAL DE LOS VADOS,,,,
07,24,169,Toreno,TORENO,,,,
07,24,170,Torre del Bierzo,TORRE DEL BIERZO,,,,
07,24,171,Trabadelo,TRABADELO,,,,
07,24,172,Truchas,TRUCHAS,,,,
07,24,173,Turcia,TURCIA,,,,
07,24,174,Urdiales del Páramo,URDIALES DEL PARAMO,,,,
07,24,185,Val de San Lorenzo,VAL DE SAN LORENZO,,,,
07,24,175,Valdefresno,VALDEFRESNO,,,,
07,24,176,Valdefuentes del Páramo,VALDEFUENTES DEL PARAMO,,,,
07,24,177,Valdelugueros,VALDELUGUEROS,,,,
07,24,178,Valdemora,VALDEMORA,,,,
07,24,179,Valdepiélago,VALDEPIELAGO,,,,
07,24,180,Valdepolo,VALDEPOLO,,,,
07,24,181,Valderas,VALDERAS,,,,
07,24,182,Valderrey,VALDERREY,,,,
07,24,183,Valderrueda,VALDERRUEDA,,,,
07,24,184,Valdesamario,VALDESAMARIO,,,,
07,24,187,Valdevimbre,VALDEVIMBRE,,,,
07,24,188,Valencia de Don Juan,VALENCIA DE DON JUAN,,,,
07,24,191,Vallecillo,VALLECILLO,,,,
07,24,189,Valverde de la Virgen,VALVERDE DE LA VIRGEN,,,,
07,24,190,Valverde-Enrique,VALVERDE-ENRIQUE,,,,
07,24,193,"Vecilla, La","VECILLA, LA",,,La Vecilla,LA VECILLA
07,24,196,Vega de Espinareda,VEGA DE ESPINAREDA,,,,
07,24,197,Vega de Infanzones,VEGA DE INFANZONES,,,,
07,24,198,Vega de Valcarce,VEGA DE VALCARCE,,,,
07,24,194,Vegacervera,VEGACERVERA,,,,
07,24,199,Vegaquemada,VEGAQUEMADA,,,,
07,24,201,Vegas del Condado,VEGAS DEL CONDADO,,,,
07,24,202,Villablino,VILLABLINO,,,,
07,24,203,Villabraz,VILLABRAZ,,,,
07,24,205,Villadangos del Páramo,VILLADANGOS DEL PARAMO,,,,
07,24,207,Villademor de la Vega,VILLADEMOR DE LA VEGA,,,,
07,24,209,Villafranca del Bierzo,VILLAFRANCA DEL BIERZO,,,,
07,24,210,Villagatón,VILLAGATON,,,,
07,24,211,Villamandos,VILLAMANDOS,,,,
07,24,901,Villamanín,VILLAMANIN,,,,
07,24,212,Villamañán,VILLAMAÑAN,,,,
07,24,213,Villamartín de Don Sancho,VILLAMARTIN DE DON SANCHO,,,,
07,24,214,Villamejil,VILLAMEJIL,,,,
07,24,215,Villamol,VILLAMOL,,,,
07,24,216,Villamontán de la Valduerna,VILLAMONTAN DE LA VALDUERNA,,,,
07,24,217,Villamoratiel de las Matas,VILLAMORATIEL DE LAS MATAS,,,,
07,24,218,Villanueva de las Manzanas,VILLANUEVA DE LAS MANZANAS,,,,
07,24,219,Villaobispo de Otero,VILLAOBISPO DE OTERO,,,,
07,24,902,Villaornate y Castro,VILLAORNATE Y CASTRO,,,,
07,24,221,Villaquejida,VILLAQUEJIDA,,,,
07,24,222,Villaquilambre,VILLAQUILAMBRE,,,,
07,24,223,Villarejo de Órbigo,VILLAREJO DE ORBIGO,,,,
07,24,224,Villares de Órbigo,VILLARES DE ORBIGO,,,,
07,24,225,Villasabariego,VILLASABARIEGO,,,,
07,24,226,Villaselán,VILLASELAN,,,,
07,24,227,Villaturiel,VILLATURIEL,,,,
07,24,228,Villazala,VILLAZALA,,,,
07,24,229,Villazanzo de Valderaduey,VILLAZANZO DE VALDERADUEY,,,,
07,24,230,Zotes del Páramo,ZOTES DEL PARAMO,,,,
09,25,001,Abella de la Conca,ABELLA DE LA CONCA,,,,
09,25,002,Àger,AGER,,,,
09,25,003,Agramunt,AGRAMUNT,,,,
09,25,038,Aitona,AITONA,,,,
09,25,004,"Alamús, Els","ALAMUS, ELS",,,Els Alamús,ELS ALAMUS
09,25,005,Alàs i Cerc,ALAS I CERC,,,,
09,25,006,"Albagés, L'","ALBAGES, L'",,,L' Albagés,L' ALBAGES
09,25,007,Albatàrrec,ALBATARREC,,,,
09,25,008,Albesa,ALBESA,,,,
09,25,009,"Albi, L'","ALBI, L'",,,L' Albi,L' ALBI
09,25,010,Alcanó,ALCANO,,,,
09,25,011,Alcarràs,ALCARRAS,,,,
09,25,012,Alcoletge,ALCOLETGE,,,,
09,25,013,Alfarràs,ALFARRAS,,,,
09,25,014,Alfés,ALFES,,,,
09,25,015,Algerri,ALGERRI,,,,
09,25,016,Alguaire,ALGUAIRE,,,,
09,25,017,Alins,ALINS,,,,
09,25,019,Almacelles,ALMACELLES,,,,
09,25,020,Almatret,ALMATRET,,,,
09,25,021,Almenar,ALMENAR,,,,
09,25,022,Alòs de Balaguer,ALOS DE BALAGUER,,,,
09,25,023,Alpicat,ALPICAT,,,,
09,25,024,Alt Àneu,ALT ANEU,,,,
09,25,027,Anglesola,ANGLESOLA,,,,
09,25,029,Arbeca,ARBECA,,,,
09,25,031,Arres,ARRES,,,,
09,25,032,Arsèguel,ARSEGUEL,,,,
09,25,033,Artesa de Lleida,ARTESA DE LLEIDA,,,,
09,25,034,Artesa de Segre,ARTESA DE SEGRE,,,,
09,25,036,Aspa,ASPA,,,,
09,25,037,"Avellanes i Santa Linya, Les","AVELLANES I SANTA LINYA, LES",,,Les Avellanes i Santa Linya,LES AVELLANES I SANTA LINYA
09,25,039,Baix Pallars,BAIX PALLARS,,,,
09,25,040,Balaguer,BALAGUER,,,,
09,25,041,Barbens,BARBENS,,,,
09,25,042,"Baronia de Rialb, La","BARONIA DE RIALB, LA",,,La Baronia de Rialb,LA BARONIA DE RIALB
09,25,044,Bassella,BASSELLA,,,,
09,25,045,Bausen,BAUSEN,,,,
09,25,046,Belianes,BELIANES,,,,
09,25,170,Bellaguarda,BELLAGUARDA,,,,
09,25,047,Bellcaire d'Urgell,BELLCAIRE D'URGELL,,,,
09,25,048,Bell-lloc d'Urgell,BELL-LLOC D'URGELL,,,,
09,25,049,Bellmunt d'Urgell,BELLMUNT D'URGELL,,,,
09,25,050,Bellpuig,BELLPUIG,,,,
09,25,051,Bellver de Cerdanya,BELLVER DE CERDANYA,,,,
09,25,052,Bellvís,BELLVIS,,,,
09,25,053,Benavent de Segrià,BENAVENT DE SEGRIA,,,,
09,25,055,Biosca,BIOSCA,,,,
09,25,057,"Bòrdes, Es","BORDES, ES",,,Es Bòrdes,ES BORDES
09,25,058,"Borges Blanques, Les","BORGES BLANQUES, LES",,,Les Borges Blanques,LES BORGES BLANQUES
09,25,059,Bossòst,BOSSOST,,,,
09,25,056,Bovera,BOVERA,,,,
09,25,060,Cabanabona,CABANABONA,,,,
09,25,061,Cabó,CABO,,,,
09,25,062,Camarasa,CAMARASA,,,,
09,25,063,Canejan,CANEJAN,,,,
09,25,904,Castell de Mur,CASTELL DE MUR,,,,
09,25,064,Castellar de la Ribera,CASTELLAR DE LA RIBERA,,,,
09,25,067,Castelldans,CASTELLDANS,,,,
09,25,068,Castellnou de Seana,CASTELLNOU DE SEANA,,,,
09,25,069,Castelló de Farfanya,CASTELLO DE FARFANYA,,,,
09,25,070,Castellserà,CASTELLSERA,,,,
09,25,071,Cava,CAVA,,,,
09,25,072,Cervera,CERVERA,,,,
09,25,073,Cervià de les Garrigues,CERVIA DE LES GARRIGUES,,,,
09,25,074,Ciutadilla,CIUTADILLA,,,,
09,25,075,Clariana de Cardener,CLARIANA DE CARDENER,,,,
09,25,076,"Cogul, El","COGUL, EL",,,El Cogul,EL COGUL
09,25,077,Coll de Nargó,COLL DE NARGO,,,,
09,25,163,"Coma i la Pedra, La","COMA I LA PEDRA, LA",,,La Coma i la Pedra,LA COMA I LA PEDRA
09,25,161,Conca de Dalt,CONCA DE DALT,,,,
09,25,078,Corbins,CORBINS,,,,
09,25,079,Cubells,CUBELLS,,,,
09,25,081,"Espluga Calba, L'","ESPLUGA CALBA, L'",,,L' Espluga Calba,L' ESPLUGA CALBA
09,25,082,Espot,ESPOT,,,,
09,25,088,Estamariu,ESTAMARIU,,,,
09,25,085,Estaràs,ESTARAS,,,,
09,25,086,Esterri d'Àneu,ESTERRI D'ANEU,,,,
09,25,087,Esterri de Cardós,ESTERRI DE CARDOS,,,,
09,25,089,Farrera,FARRERA,,,,
09,25,908,Fígols i Alinyà,FIGOLS I ALINYA,,,,
09,25,092,"Floresta, La","FLORESTA, LA",,,La Floresta,LA FLORESTA
09,25,093,Fondarella,FONDARELLA,,,,
09,25,094,Foradada,FORADADA,,,,
09,25,096,"Fuliola, La","FULIOLA, LA",,,La Fuliola,LA FULIOLA
09,25,097,Fulleda,FULLEDA,,,,
09,25,098,Gavet de la Conca,GAVET DE LA CONCA,,,,
09,25,912,Gimenells i el Pla de la Font,GIMENELLS I EL PLA DE LA FONT,,,,
09,25,099,Golmés,GOLMES,,,,
09,25,100,Gósol,GOSOL,,,,
09,25,101,"Granadella, La","GRANADELLA, LA",,,La Granadella,LA GRANADELLA
09,25,102,"Granja d'Escarp, La","GRANJA D'ESCARP, LA",,,La Granja d'Escarp,LA GRANJA D'ESCARP
09,25,103,Granyanella,GRANYANELLA,,,,
09,25,105,Granyena de les Garrigues,GRANYENA DE LES GARRIGUES,,,,
09,25,104,Granyena de Segarra,GRANYENA DE SEGARRA,,,,
09,25,109,Guimerà,GUIMERA,,,,
09,25,903,"Guingueta d'Àneu, La","GUINGUETA D'ANEU, LA",,,La Guingueta d'Àneu,LA GUINGUETA D'ANEU
09,25,110,Guissona,GUISSONA,,,,
09,25,111,Guixers,GUIXERS,,,,
09,25,115,Isona i Conca Dellà,ISONA I CONCA DELLA,,,,
09,25,112,Ivars de Noguera,IVARS DE NOGUERA,,,,
09,25,113,Ivars d'Urgell,IVARS D'URGELL,,,,
09,25,114,Ivorra,IVORRA,,,,
09,25,910,Josa i Tuixén,JOSA I TUIXEN,,,,
09,25,118,Juncosa,JUNCOSA,,,,
09,25,119,Juneda,JUNEDA,,,,
09,25,121,Les,LES,,,,
09,25,122,Linyola,LINYOLA,,,,
09,25,123,Lladorre,LLADORRE,,,,
09,25,124,Lladurs,LLADURS,,,,
09,25,125,Llardecans,LLARDECANS,,,,
09,25,126,Llavorsí,LLAVORSI,,,,
09,25,120,Lleida,LLEIDA,,,,
09,25,127,Lles de Cerdanya,LLES DE CERDANYA,,,,
09,25,128,Llimiana,LLIMIANA,,,,
09,25,129,Llobera,LLOBERA,,,,
09,25,133,Maials,MAIALS,,,,
09,25,130,Maldà,MALDA,,,,
09,25,131,Massalcoreig,MASSALCOREIG,,,,
09,25,132,Massoteres,MASSOTERES,,,,
09,25,134,Menàrguens,MENARGUENS,,,,
09,25,135,Miralcamp,MIRALCAMP,,,,
09,25,137,Mollerussa,MOLLERUSSA,,,,
09,25,136,"Molsosa, La","MOLSOSA, LA",,,La Molsosa,LA MOLSOSA
09,25,139,Montellà i Martinet,MONTELLA I MARTINET,,,,
09,25,140,Montferrer i Castellbò,MONTFERRER I CASTELLBO,,,,
09,25,138,Montgai,MONTGAI,,,,
09,25,142,Montoliu de Lleida,MONTOLIU DE LLEIDA,,,,
09,25,141,Montoliu de Segarra,MONTOLIU DE SEGARRA,,,,
09,25,143,Montornès de Segarra,MONTORNES DE SEGARRA,,,,
09,25,145,Nalec,NALEC,,,,
09,25,025,Naut Aran,NAUT ARAN,,,,
09,25,146,Navès,NAVES,,,,
09,25,148,Odèn,ODEN,,,,
09,25,149,Oliana,OLIANA,,,,
09,25,150,Oliola,OLIOLA,,,,
09,25,151,Olius,OLIUS,,,,
09,25,152,"Oluges, Les","OLUGES, LES",,,Les Oluges,LES OLUGES
09,25,153,"Omellons, Els","OMELLONS, ELS",,,Els Omellons,ELS OMELLONS
09,25,154,"Omells de na Gaia, Els","OMELLS DE NA GAIA, ELS",,,Els Omells de na Gaia,ELS OMELLS DE NA GAIA
09,25,155,Organyà,ORGANYA,,,,
09,25,156,Os de Balaguer,OS DE BALAGUER,,,,
09,25,157,Ossó de Sió,OSSO DE SIO,,,,
09,25,158,"Palau d'Anglesola, El","PALAU D'ANGLESOLA, EL",,,El Palau d'Anglesola,EL PALAU D'ANGLESOLA
09,25,164,Penelles,PENELLES,,,,
09,25,165,Peramola,PERAMOLA,,,,
09,25,166,Pinell de Solsonès,PINELL DE SOLSONES,,,,
09,25,167,Pinós,PINOS,,,,
09,25,911,"Plans de Sió, Els","PLANS DE SIO, ELS",,,Els Plans de Sió,ELS PLANS DE SIO
09,25,168,"Poal, El","POAL, EL",,,El Poal,EL POAL
09,25,169,"Pobla de Cérvoles, La","POBLA DE CERVOLES, LA",,,La Pobla de Cérvoles,LA POBLA DE CERVOLES
09,25,171,"Pobla de Segur, La","POBLA DE SEGUR, LA",,,La Pobla de Segur,LA POBLA DE SEGUR
09,25,030,"Pont de Bar, El","PONT DE BAR, EL",,,El Pont de Bar,EL PONT DE BAR
09,25,173,"Pont de Suert, El","PONT DE SUERT, EL",,,El Pont de Suert,EL PONT DE SUERT
09,25,172,Ponts,PONTS,,,,
09,25,174,"Portella, La","PORTELLA, LA",,,La Portella,LA PORTELLA
09,25,175,Prats i Sansor,PRATS I SANSOR,,,,
09,25,176,Preixana,PREIXANA,,,,
09,25,177,Preixens,PREIXENS,,,,
09,25,179,Prullans,PRULLANS,,,,
09,25,180,Puiggròs,PUIGGROS,,,,
09,25,181,Puigverd d'Agramunt,PUIGVERD D'AGRAMUNT,,,,
09,25,182,Puigverd de Lleida,PUIGVERD DE LLEIDA,,,,
09,25,183,Rialp,RIALP,,,,
09,25,905,Ribera d'Ondara,RIBERA D'ONDARA,,,,
09,25,185,Ribera d'Urgellet,RIBERA D'URGELLET,,,,
09,25,186,Riner,RINER,,,,
09,25,913,Riu de Cerdanya,RIU DE CERDANYA,,,,
09,25,189,Rosselló,ROSSELLO,,,,
09,25,190,Salàs de Pallars,SALAS DE PALLARS,,,,
09,25,191,Sanaüja,SANAUJA,,,,
09,25,196,Sant Esteve de la Sarga,SANT ESTEVE DE LA SARGA,,,,
09,25,192,Sant Guim de Freixenet,SANT GUIM DE FREIXENET,,,,
09,25,197,Sant Guim de la Plana,SANT GUIM DE LA PLANA,,,,
09,25,193,Sant Llorenç de Morunys,SANT LLORENÇ DE MORUNYS,,,,
09,25,902,Sant Martí de Riucorb,SANT MARTI DE RIUCORB,,,,
09,25,194,Sant Ramon,SANT RAMON,,,,
09,25,201,Sarroca de Bellera,SARROCA DE BELLERA,,,,
09,25,200,Sarroca de Lleida,SARROCA DE LLEIDA,,,,
09,25,202,Senterada,SENTERADA,,,,
09,25,035,"Sentiu de Sió, La","SENTIU DE SIO, LA",,,La Sentiu de Sió,LA SENTIU DE SIO
09,25,204,Seròs,SEROS,,,,
09,25,203,"Seu d'Urgell, La","SEU D'URGELL, LA",,,La Seu d'Urgell,LA SEU D'URGELL
09,25,205,Sidamon,SIDAMON,,,,
09,25,206,"Soleràs, El","SOLERAS, EL",,,El Soleràs,EL SOLERAS
09,25,207,Solsona,SOLSONA,,,,
09,25,208,Soriguera,SORIGUERA,,,,
09,25,209,Sort,SORT,,,,
09,25,210,Soses,SOSES,,,,
09,25,211,Sudanell,SUDANELL,,,,
09,25,212,Sunyer,SUNYER,,,,
09,25,215,Talarn,TALARN,,,,
09,25,216,Talavera,TALAVERA,,,,
09,25,217,Tàrrega,TARREGA,,,,
09,25,218,Tarrés,TARRES,,,,
09,25,219,Tarroja de Segarra,TARROJA DE SEGARRA,,,,
09,25,220,Térmens,TERMENS,,,,
09,25,221,Tírvia,TIRVIA,,,,
09,25,222,Tiurana,TIURANA,,,,
09,25,223,Torà,TORA,,,,
09,25,224,"Torms, Els","TORMS, ELS",,,Els Torms,ELS TORMS
09,25,225,Tornabous,TORNABOUS,,,,
09,25,227,"Torre de Cabdella, La","TORRE DE CABDELLA, LA",,,La Torre de Cabdella,LA TORRE DE CABDELLA
09,25,226,Torrebesses,TORREBESSES,,,,
09,25,228,Torrefarrera,TORREFARRERA,,,,
09,25,907,Torrefeta i Florejacs,TORREFETA I FLOREJACS,,,,
09,25,230,Torregrossa,TORREGROSSA,,,,
09,25,231,Torrelameu,TORRELAMEU,,,,
09,25,232,Torres de Segre,TORRES DE SEGRE,,,,
09,25,233,Torre-serona,TORRE-SERONA,,,,
09,25,234,Tremp,TREMP,,,,
09,25,043,"Vall de Boí, La","VALL DE BOI, LA",,,La Vall de Boí,LA VALL DE BOI
09,25,901,Vall de Cardós,VALL DE CARDOS,,,,
09,25,238,Vallbona de les Monges,VALLBONA DE LES MONGES,,,,
09,25,240,Vallfogona de Balaguer,VALLFOGONA DE BALAGUER,,,,
09,25,906,"Valls d'Aguilar, Les","VALLS D'AGUILAR, LES",,,Les Valls d'Aguilar,LES VALLS D'AGUILAR
09,25,239,"Valls de Valira, Les","VALLS DE VALIRA, LES",,,Les Valls de Valira,LES VALLS DE VALIRA
09,25,909,"Vansa i Fórnols, La","VANSA I FORNOLS, LA",,,La Vansa i Fórnols,LA VANSA I FORNOLS
09,25,242,Verdú,VERDU,,,,
09,25,243,Vielha e Mijaran,VIELHA E MIJARAN,,,,
09,25,244,Vilagrassa,VILAGRASSA,,,,
09,25,245,Vilaller,VILALLER,,,,
09,25,247,Vilamòs,VILAMOS,,,,
09,25,248,Vilanova de Bellpuig,VILANOVA DE BELLPUIG,,,,
09,25,254,Vilanova de la Barca,VILANOVA DE LA BARCA,,,,
09,25,249,Vilanova de l'Aguda,VILANOVA DE L'AGUDA,,,,
09,25,250,Vilanova de Meià,VILANOVA DE MEIA,,,,
09,25,251,Vilanova de Segrià,VILANOVA DE SEGRIA,,,,
09,25,252,Vila-sana,VILA-SANA,,,,
09,25,253,"Vilosell, El","VILOSELL, EL",,,El Vilosell,EL VILOSELL
09,25,255,Vinaixa,VINAIXA,,,,
17,26,001,Ábalos,ABALOS,,,,
17,26,002,Agoncillo,AGONCILLO,,,,
17,26,003,Aguilar del Río Alhama,AGUILAR DEL RIO ALHAMA,,,,
17,26,004,Ajamil de Cameros,AJAMIL DE CAMEROS,,,,
17,26,005,Albelda de Iregua,ALBELDA DE IREGUA,,,,
17,26,006,Alberite,ALBERITE,,,,
17,26,007,Alcanadre,ALCANADRE,,,,
17,26,008,Aldeanueva de Ebro,ALDEANUEVA DE EBRO,,,,
17,26,009,Alesanco,ALESANCO,,,,
17,26,010,Alesón,ALESON,,,,
17,26,011,Alfaro,ALFARO,,,,
17,26,012,Almarza de Cameros,ALMARZA DE CAMEROS,,,,
17,26,013,Anguciana,ANGUCIANA,,,,
17,26,014,Anguiano,ANGUIANO,,,,
17,26,015,Arenzana de Abajo,ARENZANA DE ABAJO,,,,
17,26,016,Arenzana de Arriba,ARENZANA DE ARRIBA,,,,
17,26,017,Arnedillo,ARNEDILLO,,,,
17,26,018,Arnedo,ARNEDO,,,,
17,26,019,Arrúbal,ARRUBAL,,,,
17,26,020,Ausejo,AUSEJO,,,,
17,26,021,Autol,AUTOL,,,,
17,26,022,Azofra,AZOFRA,,,,
17,26,023,Badarán,BADARAN,,,,
17,26,024,Bañares,BAÑARES,,,,
17,26,026,Baños de Río Tobía,BAÑOS DE RIO TOBIA,,,,
17,26,025,Baños de Rioja,BAÑOS DE RIOJA,,,,
17,26,027,Berceo,BERCEO,,,,
17,26,028,Bergasa,BERGASA,,,,
17,26,029,Bergasillas Bajera,BERGASILLAS BAJERA,,,,
17,26,030,Bezares,BEZARES,,,,
17,26,031,Bobadilla,BOBADILLA,,,,
17,26,032,Brieva de Cameros,BRIEVA DE CAMEROS,,,,
17,26,033,Briñas,BRIÑAS,,,,
17,26,034,Briones,BRIONES,,,,
17,26,035,Cabezón de Cameros,CABEZON DE CAMEROS,,,,
17,26,036,Calahorra,CALAHORRA,,,,
17,26,037,Camprovín,CAMPROVIN,,,,
17,26,038,Canales de la Sierra,CANALES DE LA SIERRA,,,,
17,26,039,Canillas de Río Tuerto,CANILLAS DE RIO TUERTO,,,,
17,26,040,Cañas,CAÑAS,,,,
17,26,041,Cárdenas,CARDENAS,,,,
17,26,042,Casalarreina,CASALARREINA,,,,
17,26,043,Castañares de Rioja,CASTAÑARES DE RIOJA,,,,
17,26,044,Castroviejo,CASTROVIEJO,,,,
17,26,045,Cellorigo,CELLORIGO,,,,
17,26,046,Cenicero,CENICERO,,,,
17,26,047,Cervera del Río Alhama,CERVERA DEL RIO ALHAMA,,,,
17,26,048,Cidamón,CIDAMON,,,,
17,26,049,Cihuri,CIHURI,,,,
17,26,050,Cirueña,CIRUEÑA,,,,
17,26,051,Clavijo,CLAVIJO,,,,
17,26,052,Cordovín,CORDOVIN,,,,
17,26,053,Corera,CORERA,,,,
17,26,054,Cornago,CORNAGO,,,,
17,26,055,Corporales,CORPORALES,,,,
17,26,056,Cuzcurrita de Río Tirón,CUZCURRITA DE RIO TIRON,,,,
17,26,057,Daroca de Rioja,DAROCA DE RIOJA,,,,
17,26,058,Enciso,ENCISO,,,,
17,26,059,Entrena,ENTRENA,,,,
17,26,060,Estollo,ESTOLLO,,,,
17,26,061,Ezcaray,EZCARAY,,,,
17,26,062,Foncea,FONCEA,,,,
17,26,063,Fonzaleche,FONZALECHE,,,,
17,26,064,Fuenmayor,FUENMAYOR,,,,
17,26,065,Galbárruli,GALBARRULI,,,,
17,26,066,Galilea,GALILEA,,,,
17,26,067,Gallinero de Cameros,GALLINERO DE CAMEROS,,,,
17,26,068,Gimileo,GIMILEO,,,,
17,26,069,Grañón,GRAÑON,,,,
17,26,070,Grávalos,GRAVALOS,,,,
17,26,071,Haro,HARO,,,,
17,26,072,Herce,HERCE,,,,
17,26,073,Herramélluri,HERRAMELLURI,,,,
17,26,074,Hervías,HERVIAS,,,,
17,26,075,Hormilla,HORMILLA,,,,
17,26,076,Hormilleja,HORMILLEJA,,,,
17,26,077,Hornillos de Cameros,HORNILLOS DE CAMEROS,,,,
17,26,078,Hornos de Moncalvillo,HORNOS DE MONCALVILLO,,,,
17,26,079,Huércanos,HUERCANOS,,,,
17,26,080,Igea,IGEA,,,,
17,26,081,Jalón de Cameros,JALON DE CAMEROS,,,,
17,26,082,Laguna de Cameros,LAGUNA DE CAMEROS,,,,
17,26,083,Lagunilla del Jubera,LAGUNILLA DEL JUBERA,,,,
17,26,084,Lardero,LARDERO,,,,
17,26,086,Ledesma de la Cogolla,LEDESMA DE LA COGOLLA,,,,
17,26,087,Leiva,LEIVA,,,,
17,26,088,Leza de Río Leza,LEZA DE RIO LEZA,,,,
17,26,089,Logroño,LOGROÑO,,,,
17,26,091,Lumbreras,LUMBRERAS,,,,
17,26,092,Manjarrés,MANJARRES,,,,
17,26,093,Mansilla de la Sierra,MANSILLA DE LA SIERRA,,,,
17,26,094,Manzanares de Rioja,MANZANARES DE RIOJA,,,,
17,26,095,Matute,MATUTE,,,,
17,26,096,Medrano,MEDRANO,,,,
17,26,098,Munilla,MUNILLA,,,,
17,26,099,Murillo de Río Leza,MURILLO DE RIO LEZA,,,,
17,26,100,Muro de Aguas,MURO DE AGUAS,,,,
17,26,101,Muro en Cameros,MURO EN CAMEROS,,,,
17,26,102,Nájera,NAJERA,,,,
17,26,103,Nalda,NALDA,,,,
17,26,104,Navajún,NAVAJUN,,,,
17,26,105,Navarrete,NAVARRETE,,,,
17,26,106,Nestares,NESTARES,,,,
17,26,107,Nieva de Cameros,NIEVA DE CAMEROS,,,,
17,26,109,Ochánduri,OCHANDURI,,,,
17,26,108,Ocón,OCON,,,,
17,26,110,Ojacastro,OJACASTRO,,,,
17,26,111,Ollauri,OLLAURI,,,,
17,26,112,Ortigosa de Cameros,ORTIGOSA DE CAMEROS,,,,
17,26,113,Pazuengos,PAZUENGOS,,,,
17,26,114,Pedroso,PEDROSO,,,,
17,26,115,Pinillos,PINILLOS,,,,
17,26,117,Pradejón,PRADEJON,,,,
17,26,118,Pradillo,PRADILLO,,,,
17,26,119,Préjano,PREJANO,,,,
17,26,120,Quel,QUEL,,,,
17,26,121,Rabanera,RABANERA,,,,
17,26,122,"Rasillo de Cameros, El","RASILLO DE CAMEROS, EL",,,El Rasillo de Cameros,EL RASILLO DE CAMEROS
17,26,123,"Redal, El","REDAL, EL",,,El Redal,EL REDAL
17,26,124,Ribafrecha,RIBAFRECHA,,,,
17,26,125,Rincón de Soto,RINCON DE SOTO,,,,
17,26,126,Robres del Castillo,ROBRES DEL CASTILLO,,,,
17,26,127,Rodezno,RODEZNO,,,,
17,26,128,Sajazarra,SAJAZARRA,,,,
17,26,129,San Asensio,SAN ASENSIO,,,,
17,26,130,San Millán de la Cogolla,SAN MILLAN DE LA COGOLLA,,,,
17,26,131,San Millán de Yécora,SAN MILLAN DE YECORA,,,,
17,26,132,San Román de Cameros,SAN ROMAN DE CAMEROS,,,,
17,26,139,San Torcuato,SAN TORCUATO,,,,
17,26,142,San Vicente de la Sonsierra,SAN VICENTE DE LA SONSIERRA,,,,
17,26,134,Santa Coloma,SANTA COLOMA,,,,
17,26,135,Santa Engracia del Jubera,SANTA ENGRACIA DEL JUBERA,,,,
17,26,136,Santa Eulalia Bajera,SANTA EULALIA BAJERA,,,,
17,26,138,Santo Domingo de la Calzada,SANTO DOMINGO DE LA CALZADA,,,,
17,26,140,Santurde de Rioja,SANTURDE DE RIOJA,,,,
17,26,141,Santurdejo,SANTURDEJO,,,,
17,26,143,Sojuela,SOJUELA,,,,
17,26,144,Sorzano,SORZANO,,,,
17,26,145,Sotés,SOTES,,,,
17,26,146,Soto en Cameros,SOTO EN CAMEROS,,,,
17,26,147,Terroba,TERROBA,,,,
17,26,148,Tirgo,TIRGO,,,,
17,26,149,Tobía,TOBIA,,,,
17,26,150,Tormantos,TORMANTOS,,,,
17,26,153,Torre en Cameros,TORRE EN CAMEROS,,,,
17,26,151,Torrecilla en Cameros,TORRECILLA EN CAMEROS,,,,
17,26,152,Torrecilla sobre Alesanco,TORRECILLA SOBRE ALESANCO,,,,
17,26,154,Torremontalbo,TORREMONTALBO,,,,
17,26,155,Treviana,TREVIANA,,,,
17,26,157,Tricio,TRICIO,,,,
17,26,158,Tudelilla,TUDELILLA,,,,
17,26,160,Uruñuela,URUÑUELA,,,,
17,26,161,Valdemadera,VALDEMADERA,,,,
17,26,162,Valgañón,VALGAÑON,,,,
17,26,163,Ventosa,VENTOSA,,,,
17,26,164,Ventrosa,VENTROSA,,,,
17,26,165,Viguera,VIGUERA,,,,
17,26,166,Villalba de Rioja,VILLALBA DE RIOJA,,,,
17,26,167,Villalobar de Rioja,VILLALOBAR DE RIOJA,,,,
17,26,168,Villamediana de Iregua,VILLAMEDIANA DE IREGUA,,,,
17,26,169,Villanueva de Cameros,VILLANUEVA DE CAMEROS,,,,
17,26,170,"Villar de Arnedo, El","VILLAR DE ARNEDO, EL",,,El Villar de Arnedo,EL VILLAR DE ARNEDO
17,26,171,Villar de Torre,VILLAR DE TORRE,,,,
17,26,172,Villarejo,VILLAREJO,,,,
17,26,173,Villarroya,VILLARROYA,,,,
17,26,174,Villarta-Quintana,VILLARTA-QUINTANA,,,,
17,26,175,Villavelayo,VILLAVELAYO,,,,
17,26,176,Villaverde de Rioja,VILLAVERDE DE RIOJA,,,,
17,26,177,Villoslada de Cameros,VILLOSLADA DE CAMEROS,,,,
17,26,178,Viniegra de Abajo,VINIEGRA DE ABAJO,,,,
17,26,179,Viniegra de Arriba,VINIEGRA DE ARRIBA,,,,
17,26,180,Zarratón,ZARRATON,,,,
17,26,181,Zarzosa,ZARZOSA,,,,
17,26,183,Zorraquín,ZORRAQUIN,,,,
12,27,001,Abadín,ABADIN,,,,
12,27,002,Alfoz,ALFOZ,,,,
12,27,003,Antas de Ulla,ANTAS DE ULLA,,,,
12,27,004,Baleira,BALEIRA,,,,
12,27,901,Baralla,BARALLA,,,,
12,27,005,Barreiros,BARREIROS,,,,
12,27,006,Becerreá,BECERREA,,,,
12,27,007,Begonte,BEGONTE,,,,
12,27,008,Bóveda,BOVEDA,,,,
12,27,902,Burela,BURELA,,,,
12,27,009,Carballedo,CARBALLEDO,,,,
12,27,010,Castro de Rei,CASTRO DE REI,,,,
12,27,011,Castroverde,CASTROVERDE,,,,
12,27,012,Cervantes,CERVANTES,,,,
12,27,013,Cervo,CERVO,,,,
12,27,016,Chantada,CHANTADA,,,,
12,27,014,"Corgo, O","CORGO, O",,,O Corgo,O CORGO
12,27,015,Cospeito,COSPEITO,,,,
12,27,017,Folgoso do Courel,FOLGOSO DO COUREL,,,,
12,27,018,"Fonsagrada, A","FONSAGRADA, A",,,A Fonsagrada,A FONSAGRADA
12,27,019,Foz,FOZ,,,,
12,27,020,Friol,FRIOL,,,,
12,27,022,Guitiriz,GUITIRIZ,,,,
12,27,023,Guntín,GUNTIN,,,,
12,27,024,"Incio, O","INCIO, O",,,O Incio,O INCIO
12,27,026,Láncara,LANCARA,,,,
12,27,027,Lourenzá,LOURENZA,,,,
12,27,028,Lugo,LUGO,,,,
12,27,029,Meira,MEIRA,,,,
12,27,030,Mondoñedo,MONDOÑEDO,,,,
12,27,031,Monforte de Lemos,MONFORTE DE LEMOS,,,,
12,27,032,Monterroso,MONTERROSO,,,,
12,27,033,Muras,MURAS,,,,
12,27,034,Navia de Suarna,NAVIA DE SUARNA,,,,
12,27,035,Negueira de Muñiz,NEGUEIRA DE MUÑIZ,,,,
12,27,037,"Nogais, As","NOGAIS, AS",,,As Nogais,AS NOGAIS
12,27,038,Ourol,OUROL,,,,
12,27,039,Outeiro de Rei,OUTEIRO DE REI,,,,
12,27,040,Palas de Rei,PALAS DE REI,,,,
12,27,041,Pantón,PANTON,,,,
12,27,042,Paradela,PARADELA,,,,
12,27,043,"Páramo, O","PARAMO, O",,,O Páramo,O PARAMO
12,27,044,"Pastoriza, A","PASTORIZA, A",,,A Pastoriza,A PASTORIZA
12,27,045,Pedrafita do Cebreiro,PEDRAFITA DO CEBREIRO,,,,
12,27,047,"Pobra do Brollón, A","POBRA DO BROLLON, A",,,A Pobra do Brollón,A POBRA DO BROLLON
12,27,046,Pol,POL,,,,
12,27,048,"Pontenova, A","PONTENOVA, A",,,A Pontenova,A PONTENOVA
12,27,049,Portomarín,PORTOMARIN,,,,
12,27,050,Quiroga,QUIROGA,,,,
12,27,056,Rábade,RABADE,,,,
12,27,051,Ribadeo,RIBADEO,,,,
12,27,052,Ribas de Sil,RIBAS DE SIL,,,,
12,27,053,Ribeira de Piquín,RIBEIRA DE PIQUIN,,,,
12,27,054,Riotorto,RIOTORTO,,,,
12,27,055,Samos,SAMOS,,,,
12,27,057,Sarria,SARRIA,,,,
12,27,058,"Saviñao, O","SAVIÑAO, O",,,O Saviñao,O SAVIÑAO
12,27,059,Sober,SOBER,,,,
12,27,060,Taboada,TABOADA,,,,
12,27,061,Trabada,TRABADA,,,,
12,27,062,Triacastela,TRIACASTELA,,,,
12,27,063,"Valadouro, O","VALADOURO, O",,,O Valadouro,O VALADOURO
12,27,064,"Vicedo, O","VICEDO, O",,,O Vicedo,O VICEDO
12,27,065,Vilalba,VILALBA,,,,
12,27,066,Viveiro,VIVEIRO,,,,
12,27,021,Xermade,XERMADE,,,,
12,27,025,Xove,XOVE,,,,
13,28,001,"Acebeda, La","ACEBEDA, LA",,,La Acebeda,LA ACEBEDA
13,28,002,Ajalvir,AJALVIR,,,,
13,28,003,Alameda del Valle,ALAMEDA DEL VALLE,,,,
13,28,004,"Álamo, El","ALAMO, EL",,,El Álamo,EL ALAMO
13,28,005,Alcalá de Henares,ALCALA DE HENARES,,,,
13,28,006,Alcobendas,ALCOBENDAS,,,,
13,28,007,Alcorcón,ALCORCON,,,,
13,28,008,Aldea del Fresno,ALDEA DEL FRESNO,,,,
13,28,009,Algete,ALGETE,,,,
13,28,010,Alpedrete,ALPEDRETE,,,,
13,28,011,Ambite,AMBITE,,,,
13,28,012,Anchuelo,ANCHUELO,,,,
13,28,013,Aranjuez,ARANJUEZ,,,,
13,28,014,Arganda del Rey,ARGANDA DEL REY,,,,
13,28,015,Arroyomolinos,ARROYOMOLINOS,,,,
13,28,016,"Atazar, El","ATAZAR, EL",,,El Atazar,EL ATAZAR
13,28,017,Batres,BATRES,,,,
13,28,018,Becerril de la Sierra,BECERRIL DE LA SIERRA,,,,
13,28,019,Belmonte de Tajo,BELMONTE DE TAJO,,,,
13,28,021,"Berrueco, El","BERRUECO, EL",,,El Berrueco,EL BERRUECO
13,28,020,Berzosa del Lozoya,BERZOSA DEL LOZOYA,,,,
13,28,022,Boadilla del Monte,BOADILLA DEL MONTE,,,,
13,28,023,"Boalo, El","BOALO, EL",,,El Boalo,EL BOALO
13,28,024,Braojos,BRAOJOS,,,,
13,28,025,Brea de Tajo,BREA DE TAJO,,,,
13,28,026,Brunete,BRUNETE,,,,
13,28,027,Buitrago del Lozoya,BUITRAGO DEL LOZOYA,,,,
13,28,028,Bustarviejo,BUSTARVIEJO,,,,
13,28,029,Cabanillas de la Sierra,CABANILLAS DE LA SIERRA,,,,
13,28,030,"Cabrera, La","CABRERA, LA",,,La Cabrera,LA CABRERA
13,28,031,Cadalso de los Vidrios,CADALSO DE LOS VIDRIOS,,,,
13,28,032,Camarma de Esteruelas,CAMARMA DE ESTERUELAS,,,,
13,28,033,Campo Real,CAMPO REAL,,,,
13,28,034,Canencia,CANENCIA,,,,
13,28,035,Carabaña,CARABAÑA,,,,
13,28,036,Casarrubuelos,CASARRUBUELOS,,,,
13,28,037,Cenicientos,CENICIENTOS,,,,
13,28,038,Cercedilla,CERCEDILLA,,,,
13,28,039,Cervera de Buitrago,CERVERA DE BUITRAGO,,,,
13,28,051,Chapinería,CHAPINERIA,,,,
13,28,052,Chinchón,CHINCHON,,,,
13,28,040,Ciempozuelos,CIEMPOZUELOS,,,,
13,28,041,Cobeña,COBEÑA,,,,
13,28,046,Collado Mediano,COLLADO MEDIANO,,,,
13,28,047,Collado Villalba,COLLADO VILLALBA,,,,
13,28,043,Colmenar de Oreja,COLMENAR DE OREJA,,,,
13,28,042,Colmenar del Arroyo,COLMENAR DEL ARROYO,,,,
13,28,045,Colmenar Viejo,COLMENAR VIEJO,,,,
13,28,044,Colmenarejo,COLMENAREJO,,,,
13,28,048,Corpa,CORPA,,,,
13,28,049,Coslada,COSLADA,,,,
13,28,050,Cubas de la Sagra,CUBAS DE LA SAGRA,,,,
13,28,053,Daganzo de Arriba,DAGANZO DE ARRIBA,,,,
13,28,054,"Escorial, El","ESCORIAL, EL",,,El Escorial,EL ESCORIAL
13,28,055,Estremera,ESTREMERA,,,,
13,28,056,Fresnedillas de la Oliva,FRESNEDILLAS DE LA OLIVA,,,,
13,28,057,Fresno de Torote,FRESNO DE TOROTE,,,,
13,28,058,Fuenlabrada,FUENLABRADA,,,,
13,28,059,Fuente el Saz de Jarama,FUENTE EL SAZ DE JARAMA,,,,
13,28,060,Fuentidueña de Tajo,FUENTIDUEÑA DE TAJO,,,,
13,28,061,Galapagar,GALAPAGAR,,,,
13,28,062,Garganta de los Montes,GARGANTA DE LOS MONTES,,,,
13,28,063,Gargantilla del Lozoya y Pinilla de Buitrago,GARGANTILLA DEL LOZOYA Y PINILLA DE BUITRAGO,,,,
13,28,064,Gascones,GASCONES,,,,
13,28,065,Getafe,GETAFE,,,,
13,28,066,Griñón,GRIÑON,,,,
13,28,067,Guadalix de la Sierra,GUADALIX DE LA SIERRA,,,,
13,28,068,Guadarrama,GUADARRAMA,,,,
13,28,069,"Hiruela, La","HIRUELA, LA",,,La Hiruela,LA HIRUELA
13,28,070,Horcajo de la Sierra-Aoslos,HORCAJO DE LA SIERRA-AOSLOS,,,,
13,28,071,Horcajuelo de la Sierra,HORCAJUELO DE LA SIERRA,,,,
13,28,072,Hoyo de Manzanares,HOYO DE MANZANARES,,,,
13,28,073,Humanes de Madrid,HUMANES DE MADRID,,,,
13,28,074,Leganés,LEGANES,,,,
13,28,075,Loeches,LOECHES,,,,
13,28,076,Lozoya,LOZOYA,,,,
13,28,901,Lozoyuela-Navas-Sieteiglesias,LOZOYUELA-NAVAS-SIETEIGLESIAS,,,,
13,28,078,Madarcos,MADARCOS,,,,
13,28,079,Madrid,MADRID,,,,
13,28,080,Majadahonda,MAJADAHONDA,,,,
13,28,082,Manzanares el Real,MANZANARES EL REAL,,,,
13,28,083,Meco,MECO,,,,
13,28,084,Mejorada del Campo,MEJORADA DEL CAMPO,,,,
13,28,085,Miraflores de la Sierra,MIRAFLORES DE LA SIERRA,,,,
13,28,086,"Molar, El","MOLAR, EL",,,El Molar,EL MOLAR
13,28,087,"Molinos, Los","MOLINOS, LOS",,,Los Molinos,LOS MOLINOS
13,28,088,Montejo de la Sierra,MONTEJO DE LA SIERRA,,,,
13,28,089,Moraleja de Enmedio,MORALEJA DE ENMEDIO,,,,
13,28,090,Moralzarzal,MORALZARZAL,,,,
13,28,091,Morata de Tajuña,MORATA DE TAJUÑA,,,,
13,28,092,Móstoles,MOSTOLES,,,,
13,28,093,Navacerrada,NAVACERRADA,,,,
13,28,094,Navalafuente,NAVALAFUENTE,,,,
13,28,095,Navalagamella,NAVALAGAMELLA,,,,
13,28,096,Navalcarnero,NAVALCARNERO,,,,
13,28,097,Navarredonda y San Mamés,NAVARREDONDA Y SAN MAMES,,,,
13,28,099,Navas del Rey,NAVAS DEL REY,,,,
13,28,100,Nuevo Baztán,NUEVO BAZTAN,,,,
13,28,101,Olmeda de las Fuentes,OLMEDA DE LAS FUENTES,,,,
13,28,102,Orusco de Tajuña,ORUSCO DE TAJUÑA,,,,
13,28,104,Paracuellos de Jarama,PARACUELLOS DE JARAMA,,,,
13,28,106,Parla,PARLA,,,,
13,28,107,Patones,PATONES,,,,
13,28,108,Pedrezuela,PEDREZUELA,,,,
13,28,109,Pelayos de la Presa,PELAYOS DE LA PRESA,,,,
13,28,110,Perales de Tajuña,PERALES DE TAJUÑA,,,,
13,28,111,Pezuela de las Torres,PEZUELA DE LAS TORRES,,,,
13,28,112,Pinilla del Valle,PINILLA DEL VALLE,,,,
13,28,113,Pinto,PINTO,,,,
13,28,114,Piñuécar-Gandullas,PIÑUECAR-GANDULLAS,,,,
13,28,115,Pozuelo de Alarcón,POZUELO DE ALARCON,,,,
13,28,116,Pozuelo del Rey,POZUELO DEL REY,,,,
13,28,117,Prádena del Rincón,PRADENA DEL RINCON,,,,
13,28,118,Puebla de la Sierra,PUEBLA DE LA SIERRA,,,,
13,28,902,Puentes Viejas,PUENTES VIEJAS,,,,
13,28,119,Quijorna,QUIJORNA,,,,
13,28,120,Rascafría,RASCAFRIA,,,,
13,28,121,Redueña,REDUEÑA,,,,
13,28,122,Ribatejada,RIBATEJADA,,,,
13,28,123,Rivas-Vaciamadrid,RIVAS-VACIAMADRID,,,,
13,28,124,Robledillo de la Jara,ROBLEDILLO DE LA JARA,,,,
13,28,125,Robledo de Chavela,ROBLEDO DE CHAVELA,,,,
13,28,126,Robregordo,ROBREGORDO,,,,
13,28,127,"Rozas de Madrid, Las","ROZAS DE MADRID, LAS",,,Las Rozas de Madrid,LAS ROZAS DE MADRID
13,28,128,Rozas de Puerto Real,ROZAS DE PUERTO REAL,,,,
13,28,129,San Agustín del Guadalix,SAN AGUSTIN DEL GUADALIX,,,,
13,28,130,San Fernando de Henares,SAN FERNANDO DE HENARES,,,,
13,28,131,San Lorenzo de El Escorial,SAN LORENZO DE EL ESCORIAL,,,,
13,28,132,San Martín de la Vega,SAN MARTIN DE LA VEGA,,,,
13,28,133,San Martín de Valdeiglesias,SAN MARTIN DE VALDEIGLESIAS,,,,
13,28,134,San Sebastián de los Reyes,SAN SEBASTIAN DE LOS REYES,,,,
13,28,135,Santa María de la Alameda,SANTA MARIA DE LA ALAMEDA,,,,
13,28,136,Santorcaz,SANTORCAZ,,,,
13,28,137,"Santos de la Humosa, Los","SANTOS DE LA HUMOSA, LOS",,,Los Santos de la Humosa,LOS SANTOS DE LA HUMOSA
13,28,138,"Serna del Monte, La","SERNA DEL MONTE, LA",,,La Serna del Monte,LA SERNA DEL MONTE
13,28,140,Serranillos del Valle,SERRANILLOS DEL VALLE,,,,
13,28,141,Sevilla la Nueva,SEVILLA LA NUEVA,,,,
13,28,143,Somosierra,SOMOSIERRA,,,,
13,28,144,Soto del Real,SOTO DEL REAL,,,,
13,28,145,Talamanca de Jarama,TALAMANCA DE JARAMA,,,,
13,28,146,Tielmes,TIELMES,,,,
13,28,147,Titulcia,TITULCIA,,,,
13,28,148,Torrejón de Ardoz,TORREJON DE ARDOZ,,,,
13,28,149,Torrejón de la Calzada,TORREJON DE LA CALZADA,,,,
13,28,150,Torrejón de Velasco,TORREJON DE VELASCO,,,,
13,28,151,Torrelaguna,TORRELAGUNA,,,,
13,28,152,Torrelodones,TORRELODONES,,,,
13,28,153,Torremocha de Jarama,TORREMOCHA DE JARAMA,,,,
13,28,154,Torres de la Alameda,TORRES DE LA ALAMEDA,,,,
13,28,903,Tres Cantos,TRES CANTOS,,,,
13,28,155,Valdaracete,VALDARACETE,,,,
13,28,156,Valdeavero,VALDEAVERO,,,,
13,28,157,Valdelaguna,VALDELAGUNA,,,,
13,28,158,Valdemanco,VALDEMANCO,,,,
13,28,159,Valdemaqueda,VALDEMAQUEDA,,,,
13,28,160,Valdemorillo,VALDEMORILLO,,,,
13,28,161,Valdemoro,VALDEMORO,,,,
13,28,162,Valdeolmos-Alalpardo,VALDEOLMOS-ALALPARDO,,,,
13,28,163,Valdepiélagos,VALDEPIELAGOS,,,,
13,28,164,Valdetorres de Jarama,VALDETORRES DE JARAMA,,,,
13,28,165,Valdilecha,VALDILECHA,,,,
13,28,166,Valverde de Alcalá,VALVERDE DE ALCALA,,,,
13,28,167,Velilla de San Antonio,VELILLA DE SAN ANTONIO,,,,
13,28,168,"Vellón, El","VELLON, EL",,,El Vellón,EL VELLON
13,28,169,Venturada,VENTURADA,,,,
13,28,171,Villa del Prado,VILLA DEL PRADO,,,,
13,28,170,Villaconejos,VILLACONEJOS,,,,
13,28,172,Villalbilla,VILLALBILLA,,,,
13,28,173,Villamanrique de Tajo,VILLAMANRIQUE DE TAJO,,,,
13,28,174,Villamanta,VILLAMANTA,,,,
13,28,175,Villamantilla,VILLAMANTILLA,,,,
13,28,176,Villanueva de la Cañada,VILLANUEVA DE LA CAÑADA,,,,
13,28,178,Villanueva de Perales,VILLANUEVA DE PERALES,,,,
13,28,177,Villanueva del Pardillo,VILLANUEVA DEL PARDILLO,,,,
13,28,179,Villar del Olmo,VILLAR DEL OLMO,,,,
13,28,180,Villarejo de Salvanés,VILLAREJO DE SALVANES,,,,
13,28,181,Villaviciosa de Odón,VILLAVICIOSA DE ODON,,,,
13,28,182,Villavieja del Lozoya,VILLAVIEJA DEL LOZOYA,,,,
13,28,183,Zarzalejo,ZARZALEJO,,,,
01,29,001,Alameda,ALAMEDA,,,,
01,29,002,Alcaucín,ALCAUCIN,,,,
01,29,003,Alfarnate,ALFARNATE,,,,
01,29,004,Alfarnatejo,ALFARNATEJO,,,,
01,29,005,Algarrobo,ALGARROBO,,,,
01,29,006,Algatocín,ALGATOCIN,,,,
01,29,007,Alhaurín de la Torre,ALHAURIN DE LA TORRE,,,,
01,29,008,Alhaurín el Grande,ALHAURIN EL GRANDE,,,,
01,29,009,Almáchar,ALMACHAR,,,,
01,29,010,Almargen,ALMARGEN,,,,
01,29,011,Almogía,ALMOGIA,,,,
01,29,012,Álora,ALORA,,,,
01,29,013,Alozaina,ALOZAINA,,,,
01,29,014,Alpandeire,ALPANDEIRE,,,,
01,29,015,Antequera,ANTEQUERA,,,,
01,29,016,Árchez,ARCHEZ,,,,
01,29,017,Archidona,ARCHIDONA,,,,
01,29,018,Ardales,ARDALES,,,,
01,29,019,Arenas,ARENAS,,,,
01,29,020,Arriate,ARRIATE,,,,
01,29,021,Atajate,ATAJATE,,,,
01,29,022,Benadalid,BENADALID,,,,
01,29,023,Benahavís,BENAHAVIS,,,,
01,29,024,Benalauría,BENALAURIA,,,,
01,29,025,Benalmádena,BENALMADENA,,,,
01,29,026,Benamargosa,BENAMARGOSA,,,,
01,29,027,Benamocarra,BENAMOCARRA,,,,
01,29,028,Benaoján,BENAOJAN,,,,
01,29,029,Benarrabá,BENARRABA,,,,
01,29,030,"Borge, El","BORGE, EL",,,El Borge,EL BORGE
01,29,031,"Burgo, El","BURGO, EL",,,El Burgo,EL BURGO
01,29,032,Campillos,CAMPILLOS,,,,
01,29,033,Canillas de Aceituno,CANILLAS DE ACEITUNO,,,,
01,29,034,Canillas de Albaida,CANILLAS DE ALBAIDA,,,,
01,29,035,Cañete la Real,CAÑETE LA REAL,,,,
01,29,036,Carratraca,CARRATRACA,,,,
01,29,037,Cartajima,CARTAJIMA,,,,
01,29,038,Cártama,CARTAMA,,,,
01,29,039,Casabermeja,CASABERMEJA,,,,
01,29,040,Casarabonela,CASARABONELA,,,,
01,29,041,Casares,CASARES,,,,
01,29,042,Coín,COIN,,,,
01,29,043,Colmenar,COLMENAR,,,,
01,29,044,Comares,COMARES,,,,
01,29,045,Cómpeta,COMPETA,,,,
01,29,046,Cortes de la Frontera,CORTES DE LA FRONTERA,,,,
01,29,047,Cuevas Bajas,CUEVAS BAJAS,,,,
01,29,049,Cuevas de San Marcos,CUEVAS DE SAN MARCOS,,,,
01,29,048,Cuevas del Becerro,CUEVAS DEL BECERRO,,,,
01,29,050,Cútar,CUTAR,,,,
01,29,051,Estepona,ESTEPONA,,,,
01,29,052,Faraján,FARAJAN,,,,
01,29,053,Frigiliana,FRIGILIANA,,,,
01,29,054,Fuengirola,FUENGIROLA,,,,
01,29,055,Fuente de Piedra,FUENTE DE PIEDRA,,,,
01,29,056,Gaucín,GAUCIN,,,,
01,29,057,Genalguacil,GENALGUACIL,,,,
01,29,058,Guaro,GUARO,,,,
01,29,059,Humilladero,HUMILLADERO,,,,
01,29,060,Igualeja,IGUALEJA,,,,
01,29,061,Istán,ISTAN,,,,
01,29,062,Iznate,IZNATE,,,,
01,29,063,Jimera de Líbar,JIMERA DE LIBAR,,,,
01,29,064,Jubrique,JUBRIQUE,,,,
01,29,065,Júzcar,JUZCAR,,,,
01,29,066,Macharaviaya,MACHARAVIAYA,,,,
01,29,067,Málaga,MALAGA,,,,
01,29,068,Manilva,MANILVA,,,,
01,29,069,Marbella,MARBELLA,,,,
01,29,070,Mijas,MIJAS,,,,
01,29,071,Moclinejo,MOCLINEJO,,,,
01,29,072,Mollina,MOLLINA,,,,
01,29,073,Monda,MONDA,,,,
01,29,903,Montecorto,MONTECORTO,,,,
01,29,074,Montejaque,MONTEJAQUE,,,,
01,29,075,Nerja,NERJA,,,,
01,29,076,Ojén,OJEN,,,,
01,29,077,Parauta,PARAUTA,,,,
01,29,079,Periana,PERIANA,,,,
01,29,080,Pizarra,PIZARRA,,,,
01,29,081,Pujerra,PUJERRA,,,,
01,29,082,Rincón de la Victoria,RINCON DE LA VICTORIA,,,,
01,29,083,Riogordo,RIOGORDO,,,,
01,29,084,Ronda,RONDA,,,,
01,29,085,Salares,SALARES,,,,
01,29,086,Sayalonga,SAYALONGA,,,,
01,29,087,Sedella,SEDELLA,,,,
01,29,904,Serrato,SERRATO,,,,
01,29,088,Sierra de Yeguas,SIERRA DE YEGUAS,,,,
01,29,089,Teba,TEBA,,,,
01,29,090,Tolox,TOLOX,,,,
01,29,901,Torremolinos,TORREMOLINOS,,,,
01,29,091,Torrox,TORROX,,,,
01,29,092,Totalán,TOTALAN,,,,
01,29,093,Valle de Abdalajís,VALLE DE ABDALAJIS,,,,
01,29,094,Vélez-Málaga,VELEZ-MALAGA,,,,
01,29,095,Villanueva de Algaidas,VILLANUEVA DE ALGAIDAS,,,,
01,29,902,Villanueva de la Concepción,VILLANUEVA DE LA CONCEPCION,,,,
01,29,098,Villanueva de Tapia,VILLANUEVA DE TAPIA,,,,
01,29,096,Villanueva del Rosario,VILLANUEVA DEL ROSARIO,,,,
01,29,097,Villanueva del Trabuco,VILLANUEVA DEL TRABUCO,,,,
01,29,099,Viñuela,VIÑUELA,,,,
01,29,100,Yunquera,YUNQUERA,,,,
14,30,001,Abanilla,ABANILLA,,,,
14,30,002,Abarán,ABARAN,,,,
14,30,003,Águilas,AGUILAS,,,,
14,30,004,Albudeite,ALBUDEITE,,,,
14,30,005,Alcantarilla,ALCANTARILLA,,,,
14,30,902,"Alcázares, Los","ALCAZARES, LOS",,,Los Alcázares,LOS ALCAZARES
14,30,006,Aledo,ALEDO,,,,
14,30,007,Alguazas,ALGUAZAS,,,,
14,30,008,Alhama de Murcia,ALHAMA DE MURCIA,,,,
14,30,009,Archena,ARCHENA,,,,
14,30,010,Beniel,BENIEL,,,,
14,30,011,Blanca,BLANCA,,,,
14,30,012,Bullas,BULLAS,,,,
14,30,013,Calasparra,CALASPARRA,,,,
14,30,014,Campos del Río,CAMPOS DEL RIO,,,,
14,30,015,Caravaca de la Cruz,CARAVACA DE LA CRUZ,,,,
14,30,016,Cartagena,CARTAGENA,,,,
14,30,017,Cehegín,CEHEGIN,,,,
14,30,018,Ceutí,CEUTI,,,,
14,30,019,Cieza,CIEZA,,,,
14,30,020,Fortuna,FORTUNA,,,,
14,30,021,Fuente Álamo de Murcia,FUENTE ALAMO DE MURCIA,,,,
14,30,022,Jumilla,JUMILLA,,,,
14,30,023,Librilla,LIBRILLA,,,,
14,30,024,Lorca,LORCA,,,,
14,30,025,Lorquí,LORQUI,,,,
14,30,026,Mazarrón,MAZARRON,,,,
14,30,027,Molina de Segura,MOLINA DE SEGURA,,,,
14,30,028,Moratalla,MORATALLA,,,,
14,30,029,Mula,MULA,,,,
14,30,030,Murcia,MURCIA,,,,
14,30,031,Ojós,OJOS,,,,
14,30,032,Pliego,PLIEGO,,,,
14,30,033,Puerto Lumbreras,PUERTO LUMBRERAS,,,,
14,30,034,Ricote,RICOTE,,,,
14,30,035,San Javier,SAN JAVIER,,,,
14,30,036,San Pedro del Pinatar,SAN PEDRO DEL PINATAR,,,,
14,30,901,Santomera,SANTOMERA,,,,
14,30,037,Torre-Pacheco,TORRE-PACHECO,,,,
14,30,038,"Torres de Cotillas, Las","TORRES DE COTILLAS, LAS",,,Las Torres de Cotillas,LAS TORRES DE COTILLAS
14,30,039,Totana,TOTANA,,,,
14,30,040,Ulea,ULEA,,,,
14,30,041,"Unión, La","UNION, LA",,,La Unión,LA UNION
14,30,042,Villanueva del Río Segura,VILLANUEVA DEL RIO SEGURA,,,,
14,30,043,Yecla,YECLA,,,,
15,31,001,Abáigar,ABAIGAR,,,,
15,31,002,Abárzuza,ABARZUZA,Abárzuza,ABARZUZA,,
15,31,003,Abaurregaina,ABAURREGAINA,Abaurregaina,ABAURREGAINA,,
15,31,004,Abaurrepea,ABAURREPEA,Abaurrepea,ABAURREPEA,,
15,31,005,Aberin,ABERIN,,,,
15,31,006,Ablitas,ABLITAS,,,,
15,31,007,Adiós,ADIOS,,,,
15,31,008,Aguilar de Codés,AGUILAR DE CODES,,,,
15,31,009,Aibar,AIBAR,Aibar,AIBAR,,
15,31,011,Allín,ALLIN,Allín,ALLIN,,
15,31,012,Allo,ALLO,,,,
15,31,010,Altsasu,ALTSASU,Altsasu,ALTSASU,,
15,31,013,Améscoa Baja,AMESCOA BAJA,,,,
15,31,014,Ancín,ANCIN,Ancín,ANCIN,,
15,31,015,Andosilla,ANDOSILLA,,,,
15,31,016,Ansoáin,ANSOAIN,Ansoáin,ANSOAIN,,
15,31,017,Anue,ANUE,,,,
15,31,018,Añorbe,AÑORBE,,,,
15,31,019,Aoiz,AOIZ,Aoiz,AOIZ,,
15,31,020,Araitz,ARAITZ,,,,
15,31,025,Arakil,ARAKIL,,,,
15,31,021,Aranarache,ARANARACHE,Aranarache,ARANARACHE,,
15,31,023,Aranguren,ARANGUREN,,,,
15,31,024,Arano,ARANO,,,,
15,31,022,Arantza,ARANTZA,,,,
15,31,026,Aras,ARAS,,,,
15,31,027,Arbizu,ARBIZU,,,,
15,31,028,Arce,ARCE,Arce,ARCE,,
15,31,029,"Arcos, Los","ARCOS, LOS",,,Los Arcos,LOS ARCOS
15,31,030,Arellano,ARELLANO,,,,
15,31,031,Areso,ARESO,,,,
15,31,032,Arguedas,ARGUEDAS,,,,
15,31,033,Aria,ARIA,,,,
15,31,034,Aribe,ARIBE,,,,
15,31,035,Armañanzas,ARMAÑANZAS,,,,
15,31,036,Arróniz,ARRONIZ,,,,
15,31,037,Arruazu,ARRUAZU,,,,
15,31,038,Artajona,ARTAJONA,,,,
15,31,039,Artazu,ARTAZU,,,,
15,31,040,Atez,ATEZ,Atez,ATEZ,,
15,31,058,Auritz,AURITZ,Auritz,AURITZ,,
15,31,041,Ayegui,AYEGUI,Ayegui,AYEGUI,,
15,31,042,Azagra,AZAGRA,,,,
15,31,043,Azuelo,AZUELO,,,,
15,31,044,Bakaiku,BAKAIKU,,,,
15,31,901,Barañáin,BARAÑAIN,Barañáin,BARAÑAIN,,
15,31,045,Barásoain,BARASOAIN,,,,
15,31,046,Barbarin,BARBARIN,,,,
15,31,047,Bargota,BARGOTA,,,,
15,31,048,Barillas,BARILLAS,,,,
15,31,049,Basaburua,BASABURUA,,,,
15,31,050,Baztan,BAZTAN,,,,
15,31,137,Beintza-Labaien,BEINTZA-LABAIEN,,,,
15,31,051,Beire,BEIRE,,,,
15,31,052,Belascoáin,BELASCOAIN,,,,
15,31,250,Bera,BERA,,,,
15,31,053,Berbinzana,BERBINZANA,,,,
15,31,905,Beriáin,BERIAIN,,,,
15,31,902,Berrioplano,BERRIOPLANO,Berrioplano,BERRIOPLANO,,
15,31,903,Berriozar,BERRIOZAR,,,,
15,31,054,Bertizarana,BERTIZARANA,,,,
15,31,055,Betelu,BETELU,,,,
15,31,253,Bidaurreta,BIDAURRETA,,,,
15,31,056,Biurrun-Olcoz,BIURRUN-OLCOZ,,,,
15,31,057,Buñuel,BUÑUEL,,,,
15,31,059,Burgui,BURGUI,Burgui,BURGUI,,
15,31,060,Burlada,BURLADA,Burlada,BURLADA,,
15,31,061,"Busto, El","BUSTO, EL",,,El Busto,EL BUSTO
15,31,062,Cabanillas,CABANILLAS,,,,
15,31,063,Cabredo,CABREDO,,,,
15,31,064,Cadreita,CADREITA,,,,
15,31,065,Caparroso,CAPARROSO,,,,
15,31,066,Cárcar,CARCAR,,,,
15,31,067,Carcastillo,CARCASTILLO,,,,
15,31,068,Cascante,CASCANTE,,,,
15,31,069,Cáseda,CASEDA,,,,
15,31,070,Castejón,CASTEJON,,,,
15,31,071,Castillonuevo,CASTILLONUEVO,,,,
15,31,193,Cendea de Olza,CENDEA DE OLZA,Cendea de Olza,CENDEA DE OLZA,,
15,31,072,Cintruénigo,CINTRUENIGO,,,,
15,31,074,Cirauqui,CIRAUQUI,Cirauqui,CIRAUQUI,,
15,31,075,Ciriza,CIRIZA,Ciriza,CIRIZA,,
15,31,076,Cizur,CIZUR,,,,
15,31,077,Corella,CORELLA,,,,
15,31,078,Cortes,CORTES,,,,
15,31,079,Desojo,DESOJO,,,,
15,31,080,Dicastillo,DICASTILLO,,,,
15,31,081,Donamaria,DONAMARIA,,,,
15,31,221,Doneztebe,DONEZTEBE,Doneztebe,DONEZTEBE,,
15,31,083,Echarri,ECHARRI,Echarri,ECHARRI,,
15,31,087,Elgorriaga,ELGORRIAGA,,,,
15,31,089,Enériz,ENERIZ,Enériz,ENERIZ,,
15,31,090,Eratsun,ERATSUN,,,,
15,31,091,Ergoiena,ERGOIENA,,,,
15,31,092,Erro,ERRO,,,,
15,31,094,Eslava,ESLAVA,,,,
15,31,095,Esparza de Salazar,ESPARZA DE SALAZAR,Esparza de Salazar,ESPARZA DE SALAZAR,,
15,31,096,Espronceda,ESPRONCEDA,,,,
15,31,097,Estella-Lizarra,ESTELLA-LIZARRA,,,,
15,31,098,Esteribar,ESTERIBAR,,,,
15,31,099,Etayo,ETAYO,,,,
15,31,082,Etxalar,ETXALAR,,,,
15,31,084,Etxarri Aranatz,ETXARRI ARANATZ,,,,
15,31,085,Etxauri,ETXAURI,,,,
15,31,100,Eulate,EULATE,,,,
15,31,101,Ezcabarte,EZCABARTE,,,,
15,31,093,Ezcároz,EZCAROZ,Ezcároz,EZCAROZ,,
15,31,102,Ezkurra,EZKURRA,,,,
15,31,103,Ezprogui,EZPROGUI,,,,
15,31,104,Falces,FALCES,,,,
15,31,105,Fitero,FITERO,,,,
15,31,106,Fontellas,FONTELLAS,,,,
15,31,107,Funes,FUNES,,,,
15,31,108,Fustiñana,FUSTIÑANA,,,,
15,31,109,Galar,GALAR,,,,
15,31,110,Gallipienzo,GALLIPIENZO,Gallipienzo,GALLIPIENZO,,
15,31,111,Gallués,GALLUES,Gallués,GALLUES,,
15,31,112,Garaioa,GARAIOA,,,,
15,31,113,Garde,GARDE,,,,
15,31,114,Garínoain,GARINOAIN,,,,
15,31,115,Garralda,GARRALDA,,,,
15,31,116,Genevilla,GENEVILLA,,,,
15,31,117,Goizueta,GOIZUETA,,,,
15,31,118,Goñi,GOÑI,,,,
15,31,119,Güesa,GUESA,Güesa,GUESA,,
15,31,120,Guesálaz,GUESALAZ,Guesálaz,GUESALAZ,,
15,31,121,Guirguillano,GUIRGUILLANO,,,,
15,31,256,Hiriberri,HIRIBERRI,Hiriberri,HIRIBERRI,,
15,31,122,Huarte,HUARTE,Huarte,HUARTE,,
15,31,124,Ibargoiti,IBARGOITI,,,,
15,31,259,Igantzi,IGANTZI,,,,
15,31,125,Igúzquiza,IGUZQUIZA,,,,
15,31,126,Imotz,IMOTZ,,,,
15,31,127,Irañeta,IRAÑETA,,,,
15,31,904,Irurtzun,IRURTZUN,,,,
15,31,128,Isaba,ISABA,Isaba,ISABA,,
15,31,129,Ituren,ITUREN,,,,
15,31,130,Iturmendi,ITURMENDI,,,,
15,31,131,Iza,IZA,Iza,IZA,,
15,31,132,Izagaondoa,IZAGAONDOA,,,,
15,31,133,Izalzu,IZALZU,Izalzu,IZALZU,,
15,31,134,Jaurrieta,JAURRIETA,,,,
15,31,135,Javier,JAVIER,,,,
15,31,136,Juslapeña,JUSLAPEÑA,,,,
15,31,138,Lakuntza,LAKUNTZA,,,,
15,31,139,Lana,LANA,,,,
15,31,140,Lantz,LANTZ,,,,
15,31,141,Lapoblación,LAPOBLACION,,,,
15,31,142,Larraga,LARRAGA,,,,
15,31,143,Larraona,LARRAONA,,,,
15,31,144,Larraun,LARRAUN,,,,
15,31,145,Lazagurría,LAZAGURRIA,,,,
15,31,146,Leache,LEACHE,Leache,LEACHE,,
15,31,147,Legarda,LEGARDA,,,,
15,31,148,Legaria,LEGARIA,,,,
15,31,149,Leitza,LEITZA,,,,
15,31,908,Lekunberri,LEKUNBERRI,,,,
15,31,150,Leoz,LEOZ,Leoz,LEOZ,,
15,31,151,Lerga,LERGA,,,,
15,31,152,Lerín,LERIN,,,,
15,31,153,Lesaka,LESAKA,,,,
15,31,154,Lezaun,LEZAUN,,,,
15,31,155,Liédena,LIEDENA,,,,
15,31,156,Lizoáin-Arriasgoiti,LIZOAIN-ARRIASGOITI,,,,
15,31,157,Lodosa,LODOSA,,,,
15,31,158,Lónguida,LONGUIDA,Lónguida,LONGUIDA,,
15,31,159,Lumbier,LUMBIER,,,,
15,31,160,Luquin,LUQUIN,,,,
15,31,248,Luzaide,LUZAIDE,Luzaide,LUZAIDE,,
15,31,161,Mañeru,MAÑERU,,,,
15,31,162,Marañón,MARAÑON,,,,
15,31,163,Marcilla,MARCILLA,,,,
15,31,164,Mélida,MELIDA,,,,
15,31,165,Mendavia,MENDAVIA,,,,
15,31,166,Mendaza,MENDAZA,,,,
15,31,167,Mendigorría,MENDIGORRIA,,,,
15,31,168,Metauten,METAUTEN,,,,
15,31,169,Milagro,MILAGRO,,,,
15,31,170,Mirafuentes,MIRAFUENTES,,,,
15,31,171,Miranda de Arga,MIRANDA DE ARGA,,,,
15,31,172,Monreal,MONREAL,Monreal,MONREAL,,
15,31,173,Monteagudo,MONTEAGUDO,,,,
15,31,174,Morentin,MORENTIN,,,,
15,31,175,Mues,MUES,,,,
15,31,176,Murchante,MURCHANTE,,,,
15,31,177,Murieta,MURIETA,,,,
15,31,178,Murillo el Cuende,MURILLO EL CUENDE,,,,
15,31,179,Murillo el Fruto,MURILLO EL FRUTO,,,,
15,31,180,Muruzábal,MURUZABAL,,,,
15,31,181,Navascués,NAVASCUES,Navascués,NAVASCUES,,
15,31,182,Nazar,NAZAR,,,,
15,31,088,Noáin (Valle de Elorz),NOAIN (VALLE DE ELORZ),Noáin (Valle de Elorz),NOAIN (VALLE DE ELORZ),,
15,31,183,Obanos,OBANOS,,,,
15,31,185,Ochagavía,OCHAGAVIA,Ochagavía,OCHAGAVIA,,
15,31,184,Oco,OCO,,,,
15,31,186,Odieta,ODIETA,,,,
15,31,187,Oiz,OIZ,,,,
15,31,188,Olaibar,OLAIBAR,,,,
15,31,189,Olazti,OLAZTI,Olazti,OLAZTI,,
15,31,190,Olejua,OLEJUA,,,,
15,31,191,Olite,OLITE,Olite,OLITE,,
15,31,192,Olóriz,OLORIZ,Olóriz,OLORIZ,,
15,31,195,Orbaizeta,ORBAIZETA,,,,
15,31,196,Orbara,ORBARA,,,,
15,31,197,Orísoain,ORISOAIN,,,,
15,31,906,Orkoien,ORKOIEN,,,,
15,31,198,Oronz,ORONZ,Oronz,ORONZ,,
15,31,199,Oroz-Betelu,OROZ-BETELU,Oroz-Betelu,OROZ-BETELU,,
15,31,211,Orreaga,ORREAGA,Orreaga,ORREAGA,,
15,31,200,Oteiza,OTEIZA,,,,
15,31,201,Pamplona,PAMPLONA,Pamplona,PAMPLONA,,
15,31,202,Peralta,PERALTA,Peralta,PERALTA,,
15,31,203,Petilla de Aragón,PETILLA DE ARAGON,,,,
15,31,204,Piedramillera,PIEDRAMILLERA,,,,
15,31,205,Pitillas,PITILLAS,,,,
15,31,206,Puente la Reina,PUENTE LA REINA,Puente la Reina,PUENTE LA REINA,,
15,31,207,Pueyo,PUEYO,,,,
15,31,208,Ribaforada,RIBAFORADA,,,,
15,31,209,Romanzado,ROMANZADO,,,,
15,31,210,Roncal,RONCAL,Roncal,RONCAL,,
15,31,212,Sada,SADA,,,,
15,31,213,Saldías,SALDIAS,,,,
15,31,214,Salinas de Oro,SALINAS DE ORO,Salinas de Oro,SALINAS DE ORO,,
15,31,215,San Adrián,SAN ADRIAN,,,,
15,31,217,San Martín de Unx,SAN MARTIN DE UNX,,,,
15,31,216,Sangüesa,SANGUESA,Sangüesa,SANGUESA,,
15,31,219,Sansol,SANSOL,,,,
15,31,220,Santacara,SANTACARA,,,,
15,31,222,Sarriés,SARRIES,Sarriés,SARRIES,,
15,31,223,Sartaguda,SARTAGUDA,,,,
15,31,224,Sesma,SESMA,,,,
15,31,225,Sorlada,SORLADA,,,,
15,31,226,Sunbilla,SUNBILLA,,,,
15,31,227,Tafalla,TAFALLA,,,,
15,31,228,Tiebas-Muruarte de Reta,TIEBAS-MURUARTE DE RETA,,,,
15,31,229,Tirapu,TIRAPU,,,,
15,31,230,Torralba del Río,TORRALBA DEL RIO,,,,
15,31,231,Torres del Río,TORRES DEL RIO,,,,
15,31,232,Tudela,TUDELA,,,,
15,31,233,Tulebras,TULEBRAS,,,,
15,31,234,Ucar,UCAR,,,,
15,31,123,Uharte Arakil,UHARTE ARAKIL,,,,
15,31,235,Ujué,UJUE,Ujué,UJUE,,
15,31,236,Ultzama,ULTZAMA,,,,
15,31,237,Unciti,UNCITI,,,,
15,31,238,Unzué,UNZUE,Unzué,UNZUE,,
15,31,239,Urdazubi,URDAZUBI,Urdazubi,URDAZUBI,,
15,31,240,Urdiain,URDIAIN,,,,
15,31,241,Urraul Alto,URRAUL ALTO,,,,
15,31,242,Urraul Bajo,URRAUL BAJO,,,,
15,31,244,Urroz,URROZ,,,,
15,31,243,Urroz-Villa,URROZ-VILLA,,,,
15,31,245,Urzainqui,URZAINQUI,Urzainqui,URZAINQUI,,
15,31,246,Uterga,UTERGA,,,,
15,31,247,Uztárroz,UZTARROZ,Uztárroz,UZTARROZ,,
15,31,086,Valle de Egüés,VALLE DE EGUES,Valle de Egüés,VALLE DE EGUES,,
15,31,194,Valle de Ollo,VALLE DE OLLO,Valle de Ollo,VALLE DE OLLO,,
15,31,260,Valle de Yerri,VALLE DE YERRI,Valle de Yerri,VALLE DE YERRI,,
15,31,249,Valtierra,VALTIERRA,,,,
15,31,251,Viana,VIANA,,,,
15,31,252,Vidángoz,VIDANGOZ,Vidángoz,VIDANGOZ,,
15,31,254,Villafranca,VILLAFRANCA,,,,
15,31,255,Villamayor de Monjardín,VILLAMAYOR DE MONJARDIN,,,,
15,31,257,Villatuerta,VILLATUERTA,,,,
15,31,258,Villava,VILLAVA,Villava,VILLAVA,,
15,31,261,Yesa,YESA,,,,
15,31,262,Zabalza,ZABALZA,Zabalza,ZABALZA,,
15,31,073,Ziordia,ZIORDIA,,,,
15,31,907,Zizur Mayor,ZIZUR MAYOR,Zizur Mayor,ZIZUR MAYOR,,
15,31,263,Zubieta,ZUBIETA,,,,
15,31,264,Zugarramurdi,ZUGARRAMURDI,,,,
15,31,265,Zúñiga,ZUÑIGA,,,,
12,32,001,Allariz,ALLARIZ,,,,
12,32,002,Amoeiro,AMOEIRO,,,,
12,32,003,"Arnoia, A","ARNOIA, A",,,A Arnoia,A ARNOIA
12,32,004,Avión,AVION,,,,
12,32,005,Baltar,BALTAR,,,,
12,32,006,Bande,BANDE,,,,
12,32,007,Baños de Molgas,BAÑOS DE MOLGAS,,,,
12,32,008,Barbadás,BARBADAS,,,,
12,32,009,"Barco de Valdeorras, O","BARCO DE VALDEORRAS, O",,,O Barco de Valdeorras,O BARCO DE VALDEORRAS
12,32,010,Beade,BEADE,,,,
12,32,011,Beariz,BEARIZ,,,,
12,32,012,"Blancos, Os","BLANCOS, OS",,,Os Blancos,OS BLANCOS
12,32,013,Boborás,BOBORAS,,,,
12,32,014,"Bola, A","BOLA, A",,,A Bola,A BOLA
12,32,015,"Bolo, O","BOLO, O",,,O Bolo,O BOLO
12,32,016,Calvos de Randín,CALVOS DE RANDIN,,,,
12,32,018,Carballeda de Avia,CARBALLEDA DE AVIA,,,,
12,32,017,Carballeda de Valdeorras,CARBALLEDA DE VALDEORRAS,,,,
12,32,019,"Carballiño, O","CARBALLIÑO, O",,,O Carballiño,O CARBALLIÑO
12,32,020,Cartelle,CARTELLE,,,,
12,32,022,Castrelo de Miño,CASTRELO DE MIÑO,,,,
12,32,021,Castrelo do Val,CASTRELO DO VAL,,,,
12,32,023,Castro Caldelas,CASTRO CALDELAS,,,,
12,32,024,Celanova,CELANOVA,,,,
12,32,025,Cenlle,CENLLE,,,,
12,32,029,Chandrexa de Queixa,CHANDREXA DE QUEIXA,,,,
12,32,026,Coles,COLES,,,,
12,32,027,Cortegada,CORTEGADA,,,,
12,32,028,Cualedro,CUALEDRO,,,,
12,32,030,Entrimo,ENTRIMO,,,,
12,32,031,Esgos,ESGOS,,,,
12,32,033,Gomesende,GOMESENDE,,,,
12,32,034,"Gudiña, A","GUDIÑA, A",,,A Gudiña,A GUDIÑA
12,32,035,"Irixo, O","IRIXO, O",,,O Irixo,O IRIXO
12,32,038,Larouco,LAROUCO,,,,
12,32,039,Laza,LAZA,,,,
12,32,040,Leiro,LEIRO,,,,
12,32,041,Lobeira,LOBEIRA,,,,
12,32,042,Lobios,LOBIOS,,,,
12,32,043,Maceda,MACEDA,,,,
12,32,044,Manzaneda,MANZANEDA,,,,
12,32,045,Maside,MASIDE,,,,
12,32,046,Melón,MELON,,,,
12,32,047,"Merca, A","MERCA, A",,,A Merca,A MERCA
12,32,048,"Mezquita, A","MEZQUITA, A",,,A Mezquita,A MEZQUITA
12,32,049,Montederramo,MONTEDERRAMO,,,,
12,32,050,Monterrei,MONTERREI,,,,
12,32,051,Muíños,MUIÑOS,,,,
12,32,052,Nogueira de Ramuín,NOGUEIRA DE RAMUIN,,,,
12,32,053,Oímbra,OIMBRA,,,,
12,32,054,Ourense,OURENSE,,,,
12,32,055,Paderne de Allariz,PADERNE DE ALLARIZ,,,,
12,32,056,Padrenda,PADRENDA,,,,
12,32,057,Parada de Sil,PARADA DE SIL,,,,
12,32,058,"Pereiro de Aguiar, O","PEREIRO DE AGUIAR, O",,,O Pereiro de Aguiar,O PEREIRO DE AGUIAR
12,32,059,"Peroxa, A","PEROXA, A",,,A Peroxa,A PEROXA
12,32,060,Petín,PETIN,,,,
12,32,061,Piñor,PIÑOR,,,,
12,32,063,"Pobra de Trives, A","POBRA DE TRIVES, A",,,A Pobra de Trives,A POBRA DE TRIVES
12,32,064,Pontedeva,PONTEDEVA,,,,
12,32,062,Porqueira,PORQUEIRA,,,,
12,32,065,Punxín,PUNXIN,,,,
12,32,066,Quintela de Leirado,QUINTELA DE LEIRADO,,,,
12,32,067,Rairiz de Veiga,RAIRIZ DE VEIGA,,,,
12,32,068,Ramirás,RAMIRAS,,,,
12,32,069,Ribadavia,RIBADAVIA,,,,
12,32,071,Riós,RIOS,,,,
12,32,072,"Rúa, A","RUA, A",,,A Rúa,A RUA
12,32,073,Rubiá,RUBIA,,,,
12,32,074,San Amaro,SAN AMARO,,,,
12,32,075,San Cibrao das Viñas,SAN CIBRAO DAS VIÑAS,,,,
12,32,076,San Cristovo de Cea,SAN CRISTOVO DE CEA,,,,
12,32,070,San Xoán de Río,SAN XOAN DE RIO,,,,
12,32,077,Sandiás,SANDIAS,,,,
12,32,078,Sarreaus,SARREAUS,,,,
12,32,079,Taboadela,TABOADELA,,,,
12,32,080,"Teixeira, A","TEIXEIRA, A",,,A Teixeira,A TEIXEIRA
12,32,081,Toén,TOEN,,,,
12,32,082,Trasmiras,TRASMIRAS,,,,
12,32,083,"Veiga, A","VEIGA, A",,,A Veiga,A VEIGA
12,32,084,Verea,VEREA,,,,
12,32,085,Verín,VERIN,,,,
12,32,086,Viana do Bolo,VIANA DO BOLO,,,,
12,32,087,Vilamarín,VILAMARIN,,,,
12,32,088,Vilamartín de Valdeorras,VILAMARTIN DE VALDEORRAS,,,,
12,32,089,Vilar de Barrio,VILAR DE BARRIO,,,,
12,32,090,Vilar de Santos,VILAR DE SANTOS,,,,
12,32,091,Vilardevós,VILARDEVOS,,,,
12,32,092,Vilariño de Conso,VILARIÑO DE CONSO,,,,
12,32,032,Xinzo de Limia,XINZO DE LIMIA,,,,
12,32,036,Xunqueira de Ambía,XUNQUEIRA DE AMBIA,,,,
12,32,037,Xunqueira de Espadanedo,XUNQUEIRA DE ESPADANEDO,,,,
03,33,001,Allande,ALLANDE,,,,
03,33,002,Aller,ALLER,,,,
03,33,003,Amieva,AMIEVA,,,,
03,33,004,Avilés,AVILES,,,,
03,33,005,Belmonte de Miranda,BELMONTE DE MIRANDA,,,,
03,33,006,Bimenes,BIMENES,,,,
03,33,007,Boal,BOAL,,,,
03,33,008,Cabrales,CABRALES,,,,
03,33,009,Cabranes,CABRANES,,,,
03,33,010,Candamo,CANDAMO,,,,
03,33,012,Cangas de Onís,CANGAS DE ONIS,,,,
03,33,011,Cangas del Narcea,CANGAS DEL NARCEA,,,,
03,33,013,Caravia,CARAVIA,,,,
03,33,014,Carreño,CARREÑO,,,,
03,33,015,Caso,CASO,,,,
03,33,016,Castrillón,CASTRILLON,,,,
03,33,017,Castropol,CASTROPOL,,,,
03,33,018,Coaña,COAÑA,,,,
03,33,019,Colunga,COLUNGA,,,,
03,33,020,Corvera de Asturias,CORVERA DE ASTURIAS,,,,
03,33,021,Cudillero,CUDILLERO,,,,
03,33,022,Degaña,DEGAÑA,,,,
03,33,023,"Franco, El","FRANCO, EL",,,El Franco,EL FRANCO
03,33,024,Gijón,GIJON,,,,
03,33,025,Gozón,GOZON,,,,
03,33,026,Grado,GRADO,,,,
03,33,027,Grandas de Salime,GRANDAS DE SALIME,,,,
03,33,028,Ibias,IBIAS,,,,
03,33,029,Illano,ILLANO,,,,
03,33,030,Illas,ILLAS,,,,
03,33,031,Langreo,LANGREO,,,,
03,33,032,Laviana,LAVIANA,,,,
03,33,033,Lena,LENA,,,,
03,33,035,Llanera,LLANERA,,,,
03,33,036,Llanes,LLANES,,,,
03,33,037,Mieres,MIERES,,,,
03,33,038,Morcín,MORCIN,,,,
03,33,039,Muros de Nalón,MUROS DE NALON,,,,
03,33,040,Nava,NAVA,,,,
03,33,041,Navia,NAVIA,,,,
03,33,042,Noreña,NOREÑA,,,,
03,33,043,Onís,ONIS,,,,
03,33,044,Oviedo,OVIEDO,,,,
03,33,045,Parres,PARRES,,,,
03,33,046,Peñamellera Alta,PEÑAMELLERA ALTA,,,,
03,33,047,Peñamellera Baja,PEÑAMELLERA BAJA,,,,
03,33,048,Pesoz,PESOZ,,,,
03,33,049,Piloña,PILOÑA,,,,
03,33,050,Ponga,PONGA,,,,
03,33,051,Pravia,PRAVIA,,,,
03,33,052,Proaza,PROAZA,,,,
03,33,053,Quirós,QUIROS,,,,
03,33,054,"Regueras, Las","REGUERAS, LAS",,,Las Regueras,LAS REGUERAS
03,33,055,Ribadedeva,RIBADEDEVA,,,,
03,33,056,Ribadesella,RIBADESELLA,,,,
03,33,057,Ribera de Arriba,RIBERA DE ARRIBA,,,,
03,33,058,Riosa,RIOSA,,,,
03,33,059,Salas,SALAS,,,,
03,33,061,San Martín de Oscos,SAN MARTIN DE OSCOS,,,,
03,33,060,San Martín del Rey Aurelio,SAN MARTIN DEL REY AURELIO,,,,
03,33,063,San Tirso de Abres,SAN TIRSO DE ABRES,,,,
03,33,062,Santa Eulalia de Oscos,SANTA EULALIA DE OSCOS,,,,
03,33,064,Santo Adriano,SANTO ADRIANO,,,,
03,33,065,Sariego,SARIEGO,,,,
03,33,066,Siero,SIERO,,,,
03,33,067,Sobrescobio,SOBRESCOBIO,,,,
03,33,068,Somiedo,SOMIEDO,,,,
03,33,069,Soto del Barco,SOTO DEL BARCO,,,,
03,33,070,Tapia de Casariego,TAPIA DE CASARIEGO,,,,
03,33,071,Taramundi,TARAMUNDI,,,,
03,33,072,Teverga,TEVERGA,,,,
03,33,073,Tineo,TINEO,,,,
03,33,034,Valdés,VALDES,,,,
03,33,074,Vegadeo,VEGADEO,,,,
03,33,075,Villanueva de Oscos,VILLANUEVA DE OSCOS,,,,
03,33,076,Villaviciosa,VILLAVICIOSA,,,,
03,33,077,Villayón,VILLAYON,,,,
03,33,078,Yernes y Tameza,YERNES Y TAMEZA,,,,
07,34,001,Abarca de Campos,ABARCA DE CAMPOS,,,,
07,34,003,Abia de las Torres,ABIA DE LAS TORRES,,,,
07,34,004,Aguilar de Campoo,AGUILAR DE CAMPOO,,,,
07,34,005,Alar del Rey,ALAR DEL REY,,,,
07,34,006,Alba de Cerrato,ALBA DE CERRATO,,,,
07,34,009,Amayuelas de Arriba,AMAYUELAS DE ARRIBA,,,,
07,34,010,Ampudia,AMPUDIA,,,,
07,34,011,Amusco,AMUSCO,,,,
07,34,012,Antigüedad,ANTIGUEDAD,,,,
07,34,015,Arconada,ARCONADA,,,,
07,34,017,Astudillo,ASTUDILLO,,,,
07,34,018,Autilla del Pino,AUTILLA DEL PINO,,,,
07,34,019,Autillo de Campos,AUTILLO DE CAMPOS,,,,
07,34,020,Ayuela,AYUELA,,,,
07,34,022,Baltanás,BALTANAS,,,,
07,34,024,Baquerín de Campos,BAQUERIN DE CAMPOS,,,,
07,34,025,Bárcena de Campos,BARCENA DE CAMPOS,,,,
07,34,027,Barruelo de Santullán,BARRUELO DE SANTULLAN,,,,
07,34,028,Báscones de Ojeda,BASCONES DE OJEDA,,,,
07,34,029,Becerril de Campos,BECERRIL DE CAMPOS,,,,
07,34,031,Belmonte de Campos,BELMONTE DE CAMPOS,,,,
07,34,032,Berzosilla,BERZOSILLA,,,,
07,34,033,Boada de Campos,BOADA DE CAMPOS,,,,
07,34,035,Boadilla de Rioseco,BOADILLA DE RIOSECO,,,,
07,34,034,Boadilla del Camino,BOADILLA DEL CAMINO,,,,
07,34,036,Brañosera,BRAÑOSERA,,,,
07,34,037,Buenavista de Valdavia,BUENAVISTA DE VALDAVIA,,,,
07,34,038,Bustillo de la Vega,BUSTILLO DE LA VEGA,,,,
07,34,039,Bustillo del Páramo de Carrión,BUSTILLO DEL PARAMO DE CARRION,,,,
07,34,041,Calahorra de Boedo,CALAHORRA DE BOEDO,,,,
07,34,042,Calzada de los Molinos,CALZADA DE LOS MOLINOS,,,,
07,34,045,Capillas,CAPILLAS,,,,
07,34,046,Cardeñosa de Volpejera,CARDEÑOSA DE VOLPEJERA,,,,
07,34,047,Carrión de los Condes,CARRION DE LOS CONDES,,,,
07,34,048,Castil de Vela,CASTIL DE VELA,,,,
07,34,049,Castrejón de la Peña,CASTREJON DE LA PEÑA,,,,
07,34,050,Castrillo de Don Juan,CASTRILLO DE DON JUAN,,,,
07,34,051,Castrillo de Onielo,CASTRILLO DE ONIELO,,,,
07,34,052,Castrillo de Villavega,CASTRILLO DE VILLAVEGA,,,,
07,34,053,Castromocho,CASTROMOCHO,,,,
07,34,055,Cervatos de la Cueza,CERVATOS DE LA CUEZA,,,,
07,34,056,Cervera de Pisuerga,CERVERA DE PISUERGA,,,,
07,34,057,Cevico de la Torre,CEVICO DE LA TORRE,,,,
07,34,058,Cevico Navero,CEVICO NAVERO,,,,
07,34,059,Cisneros,CISNEROS,,,,
07,34,060,Cobos de Cerrato,COBOS DE CERRATO,,,,
07,34,061,Collazos de Boedo,COLLAZOS DE BOEDO,,,,
07,34,062,Congosto de Valdavia,CONGOSTO DE VALDAVIA,,,,
07,34,063,Cordovilla la Real,CORDOVILLA LA REAL,,,,
07,34,066,Cubillas de Cerrato,CUBILLAS DE CERRATO,,,,
07,34,067,Dehesa de Montejo,DEHESA DE MONTEJO,,,,
07,34,068,Dehesa de Romanos,DEHESA DE ROMANOS,,,,
07,34,069,Dueñas,DUEÑAS,,,,
07,34,070,Espinosa de Cerrato,ESPINOSA DE CERRATO,,,,
07,34,071,Espinosa de Villagonzalo,ESPINOSA DE VILLAGONZALO,,,,
07,34,072,Frechilla,FRECHILLA,,,,
07,34,073,Fresno del Río,FRESNO DEL RIO,,,,
07,34,074,Frómista,FROMISTA,,,,
07,34,076,Fuentes de Nava,FUENTES DE NAVA,,,,
07,34,077,Fuentes de Valdepero,FUENTES DE VALDEPERO,,,,
07,34,079,Grijota,GRIJOTA,,,,
07,34,080,Guardo,GUARDO,,,,
07,34,081,Guaza de Campos,GUAZA DE CAMPOS,,,,
07,34,082,Hérmedes de Cerrato,HERMEDES DE CERRATO,,,,
07,34,083,Herrera de Pisuerga,HERRERA DE PISUERGA,,,,
07,34,084,Herrera de Valdecañas,HERRERA DE VALDECAÑAS,,,,
07,34,086,Hontoria de Cerrato,HONTORIA DE CERRATO,,,,
07,34,087,Hornillos de Cerrato,HORNILLOS DE CERRATO,,,,
07,34,088,Husillos,HUSILLOS,,,,
07,34,089,Itero de la Vega,ITERO DE LA VEGA,,,,
07,34,091,Lagartos,LAGARTOS,,,,
07,34,092,Lantadilla,LANTADILLA,,,,
07,34,094,Ledigos,LEDIGOS,,,,
07,34,903,Loma de Ucieza,LOMA DE UCIEZA,,,,
07,34,096,Lomas,LOMAS,,,,
07,34,098,Magaz de Pisuerga,MAGAZ DE PISUERGA,,,,
07,34,099,Manquillos,MANQUILLOS,,,,
07,34,100,Mantinos,MANTINOS,,,,
07,34,101,Marcilla de Campos,MARCILLA DE CAMPOS,,,,
07,34,102,Mazariegos,MAZARIEGOS,,,,
07,34,103,Mazuecos de Valdeginate,MAZUECOS DE VALDEGINATE,,,,
07,34,104,Melgar de Yuso,MELGAR DE YUSO,,,,
07,34,106,Meneses de Campos,MENESES DE CAMPOS,,,,
07,34,107,Micieces de Ojeda,MICIECES DE OJEDA,,,,
07,34,108,Monzón de Campos,MONZON DE CAMPOS,,,,
07,34,109,Moratinos,MORATINOS,,,,
07,34,110,Mudá,MUDA,,,,
07,34,112,Nogal de las Huertas,NOGAL DE LAS HUERTAS,,,,
07,34,113,Olea de Boedo,OLEA DE BOEDO,,,,
07,34,114,Olmos de Ojeda,OLMOS DE OJEDA,,,,
07,34,116,Osornillo,OSORNILLO,,,,
07,34,901,Osorno la Mayor,OSORNO LA MAYOR,,,,
07,34,120,Palencia,PALENCIA,,,,
07,34,121,Palenzuela,PALENZUELA,,,,
07,34,122,Páramo de Boedo,PARAMO DE BOEDO,,,,
07,34,123,Paredes de Nava,PAREDES DE NAVA,,,,
07,34,124,Payo de Ojeda,PAYO DE OJEDA,,,,
07,34,125,Pedraza de Campos,PEDRAZA DE CAMPOS,,,,
07,34,126,Pedrosa de la Vega,PEDROSA DE LA VEGA,,,,
07,34,127,Perales,PERALES,,,,
07,34,904,"Pernía, La","PERNIA, LA",,,La Pernía,LA PERNIA
07,34,129,Pino del Río,PINO DEL RIO,,,,
07,34,130,Piña de Campos,PIÑA DE CAMPOS,,,,
07,34,131,Población de Arroyo,POBLACION DE ARROYO,,,,
07,34,132,Población de Campos,POBLACION DE CAMPOS,,,,
07,34,133,Población de Cerrato,POBLACION DE CERRATO,,,,
07,34,134,Polentinos,POLENTINOS,,,,
07,34,135,Pomar de Valdivia,POMAR DE VALDIVIA,,,,
07,34,136,Poza de la Vega,POZA DE LA VEGA,,,,
07,34,137,Pozo de Urama,POZO DE URAMA,,,,
07,34,139,Prádanos de Ojeda,PRADANOS DE OJEDA,,,,
07,34,140,"Puebla de Valdavia, La","PUEBLA DE VALDAVIA, LA",,,La Puebla de Valdavia,LA PUEBLA DE VALDAVIA
07,34,141,Quintana del Puente,QUINTANA DEL PUENTE,,,,
07,34,143,Quintanilla de Onsoña,QUINTANILLA DE ONSOÑA,,,,
07,34,146,Reinoso de Cerrato,REINOSO DE CERRATO,,,,
07,34,147,Renedo de la Vega,RENEDO DE LA VEGA,,,,
07,34,149,Requena de Campos,REQUENA DE CAMPOS,,,,
07,34,151,Respenda de la Peña,RESPENDA DE LA PEÑA,,,,
07,34,152,Revenga de Campos,REVENGA DE CAMPOS,,,,
07,34,154,Revilla de Collazos,REVILLA DE COLLAZOS,,,,
07,34,155,Ribas de Campos,RIBAS DE CAMPOS,,,,
07,34,156,Riberos de la Cueza,RIBEROS DE LA CUEZA,,,,
07,34,157,Saldaña,SALDAÑA,,,,
07,34,158,Salinas de Pisuerga,SALINAS DE PISUERGA,,,,
07,34,159,San Cebrián de Campos,SAN CEBRIAN DE CAMPOS,,,,
07,34,160,San Cebrián de Mudá,SAN CEBRIAN DE MUDA,,,,
07,34,161,San Cristóbal de Boedo,SAN CRISTOBAL DE BOEDO,,,,
07,34,163,San Mamés de Campos,SAN MAMES DE CAMPOS,,,,
07,34,165,San Román de la Cuba,SAN ROMAN DE LA CUBA,,,,
07,34,167,Santa Cecilia del Alcor,SANTA CECILIA DEL ALCOR,,,,
07,34,168,Santa Cruz de Boedo,SANTA CRUZ DE BOEDO,,,,
07,34,169,Santervás de la Vega,SANTERVAS DE LA VEGA,,,,
07,34,170,Santibáñez de Ecla,SANTIBAÑEZ DE ECLA,,,,
07,34,171,Santibáñez de la Peña,SANTIBAÑEZ DE LA PEÑA,,,,
07,34,174,Santoyo,SANTOYO,,,,
07,34,175,"Serna, La","SERNA, LA",,,La Serna,LA SERNA
07,34,177,Soto de Cerrato,SOTO DE CERRATO,,,,
07,34,176,Sotobañado y Priorato,SOTOBAÑADO Y PRIORATO,,,,
07,34,178,Tabanera de Cerrato,TABANERA DE CERRATO,,,,
07,34,179,Tabanera de Valdavia,TABANERA DE VALDAVIA,,,,
07,34,180,Támara de Campos,TAMARA DE CAMPOS,,,,
07,34,181,Tariego de Cerrato,TARIEGO DE CERRATO,,,,
07,34,182,Torquemada,TORQUEMADA,,,,
07,34,184,Torremormojón,TORREMORMOJON,,,,
07,34,185,Triollo,TRIOLLO,,,,
07,34,186,Valbuena de Pisuerga,VALBUENA DE PISUERGA,,,,
07,34,189,Valdeolmillos,VALDEOLMILLOS,,,,
07,34,190,Valderrábano,VALDERRABANO,,,,
07,34,192,Valde-Ucieza,VALDE-UCIEZA,,,,
07,34,196,Valle de Cerrato,VALLE DE CERRATO,,,,
07,34,902,Valle del Retortillo,VALLE DEL RETORTILLO,,,,
07,34,199,Velilla del Río Carrión,VELILLA DEL RIO CARRION,,,,
07,34,023,Venta de Baños,VENTA DE BAÑOS,,,,
07,34,201,Vertavillo,VERTAVILLO,,,,
07,34,093,"Vid de Ojeda, La","VID DE OJEDA, LA",,,La Vid de Ojeda,LA VID DE OJEDA
07,34,202,Villabasta de Valdavia,VILLABASTA DE VALDAVIA,,,,
07,34,204,Villacidaler,VILLACIDALER,,,,
07,34,205,Villaconancio,VILLACONANCIO,,,,
07,34,206,Villada,VILLADA,,,,
07,34,208,Villaeles de Valdavia,VILLAELES DE VALDAVIA,,,,
07,34,210,Villahán,VILLAHAN,,,,
07,34,211,Villaherreros,VILLAHERREROS,,,,
07,34,213,Villalaco,VILLALACO,,,,
07,34,214,Villalba de Guardo,VILLALBA DE GUARDO,,,,
07,34,215,Villalcázar de Sirga,VILLALCAZAR DE SIRGA,,,,
07,34,216,Villalcón,VILLALCON,,,,
07,34,217,Villalobón,VILLALOBON,,,,
07,34,218,Villaluenga de la Vega,VILLALUENGA DE LA VEGA,,,,
07,34,220,Villamartín de Campos,VILLAMARTIN DE CAMPOS,,,,
07,34,221,Villamediana,VILLAMEDIANA,,,,
07,34,222,Villameriel,VILLAMERIEL,,,,
07,34,223,Villamoronta,VILLAMORONTA,,,,
07,34,224,Villamuera de la Cueza,VILLAMUERA DE LA CUEZA,,,,
07,34,225,Villamuriel de Cerrato,VILLAMURIEL DE CERRATO,,,,
07,34,227,Villanueva del Rebollar,VILLANUEVA DEL REBOLLAR,,,,
07,34,228,Villanuño de Valdavia,VILLANUÑO DE VALDAVIA,,,,
07,34,229,Villaprovedo,VILLAPROVEDO,,,,
07,34,230,Villarmentero de Campos,VILLARMENTERO DE CAMPOS,,,,
07,34,231,Villarrabé,VILLARRABE,,,,
07,34,232,Villarramiel,VILLARRAMIEL,,,,
07,34,233,Villasarracino,VILLASARRACINO,,,,
07,34,234,Villasila de Valdavia,VILLASILA DE VALDAVIA,,,,
07,34,236,Villaturde,VILLATURDE,,,,
07,34,237,Villaumbrales,VILLAUMBRALES,,,,
07,34,238,Villaviudas,VILLAVIUDAS,,,,
07,34,240,Villerías de Campos,VILLERIAS DE CAMPOS,,,,
07,34,241,Villodre,VILLODRE,,,,
07,34,242,Villodrigo,VILLODRIGO,,,,
07,34,243,Villoldo,VILLOLDO,,,,
07,34,245,Villota del Páramo,VILLOTA DEL PARAMO,,,,
07,34,246,Villovieco,VILLOVIECO,,,,
05,35,001,Agaete,AGAETE,,,,
05,35,002,Agüimes,AGUIMES,,,,
05,35,020,"Aldea de San Nicolás, La","ALDEA DE SAN NICOLAS, LA",,,La Aldea de San Nicolás,LA ALDEA DE SAN NICOLAS
05,35,003,Antigua,ANTIGUA,,,,
05,35,004,Arrecife,ARRECIFE,,,,
05,35,005,Artenara,ARTENARA,,,,
05,35,006,Arucas,ARUCAS,,,,
05,35,007,Betancuria,BETANCURIA,,,,
05,35,008,Firgas,FIRGAS,,,,
05,35,009,Gáldar,GALDAR,,,,
05,35,010,Haría,HARIA,,,,
05,35,011,Ingenio,INGENIO,,,,
05,35,012,Mogán,MOGAN,,,,
05,35,013,Moya,MOYA,,,,
05,35,014,"Oliva, La","OLIVA, LA",,,La Oliva,LA OLIVA
05,35,015,Pájara,PAJARA,,,,
05,35,016,"Palmas de Gran Canaria, Las","PALMAS DE GRAN CANARIA, LAS",,,Las Palmas de Gran Canaria,LAS PALMAS DE GRAN CANARIA
05,35,017,Puerto del Rosario,PUERTO DEL ROSARIO,,,,
05,35,018,San Bartolomé,SAN BARTOLOME,,,,
05,35,019,San Bartolomé de Tirajana,SAN BARTOLOME DE TIRAJANA,,,,
05,35,021,Santa Brígida,SANTA BRIGIDA,,,,
05,35,022,Santa Lucía de Tirajana,SANTA LUCIA DE TIRAJANA,,,,
05,35,023,Santa María de Guía de Gran Canaria,SANTA MARIA DE GUIA DE GRAN CANARIA,,,,
05,35,024,Teguise,TEGUISE,,,,
05,35,025,Tejeda,TEJEDA,,,,
05,35,026,Telde,TELDE,,,,
05,35,027,Teror,TEROR,,,,
05,35,028,Tías,TIAS,,,,
05,35,029,Tinajo,TINAJO,,,,
05,35,030,Tuineje,TUINEJE,,,,
05,35,032,Valleseco,VALLESECO,,,,
05,35,031,Valsequillo de Gran Canaria,VALSEQUILLO DE GRAN CANARIA,,,,
05,35,033,Vega de San Mateo,VEGA DE SAN MATEO,,,,
05,35,034,Yaiza,YAIZA,,,,
12,36,020,Agolada,AGOLADA,,,,
12,36,001,Arbo,ARBO,,,,
12,36,003,Baiona,BAIONA,,,,
12,36,002,Barro,BARRO,,,,
12,36,004,Bueu,BUEU,,,,
12,36,005,Caldas de Reis,CALDAS DE REIS,,,,
12,36,006,Cambados,CAMBADOS,,,,
12,36,007,Campo Lameiro,CAMPO LAMEIRO,,,,
12,36,008,Cangas,CANGAS,,,,
12,36,009,"Cañiza, A","CAÑIZA, A",,,A Cañiza,A CAÑIZA
12,36,010,Catoira,CATOIRA,,,,
12,36,902,Cerdedo-Cotobade,CERDEDO-COTOBADE,,,,
12,36,013,Covelo,COVELO,,,,
12,36,014,Crecente,CRECENTE,,,,
12,36,015,Cuntis,CUNTIS,,,,
12,36,016,Dozón,DOZON,,,,
12,36,017,"Estrada, A","ESTRADA, A",,,A Estrada,A ESTRADA
12,36,018,Forcarei,FORCAREI,,,,
12,36,019,Fornelos de Montes,FORNELOS DE MONTES,,,,
12,36,021,Gondomar,GONDOMAR,,,,
12,36,022,"Grove, O","GROVE, O",,,O Grove,O GROVE
12,36,023,"Guarda, A","GUARDA, A",,,A Guarda,A GUARDA
12,36,901,"Illa de Arousa, A","ILLA DE AROUSA, A",,,A Illa de Arousa,A ILLA DE AROUSA
12,36,024,Lalín,LALIN,,,,
12,36,025,"Lama, A","LAMA, A",,,A Lama,A LAMA
12,36,026,Marín,MARIN,,,,
12,36,027,Meaño,MEAÑO,,,,
12,36,028,Meis,MEIS,,,,
12,36,029,Moaña,MOAÑA,,,,
12,36,030,Mondariz,MONDARIZ,,,,
12,36,031,Mondariz-Balneario,MONDARIZ-BALNEARIO,,,,
12,36,032,Moraña,MORAÑA,,,,
12,36,033,Mos,MOS,,,,
12,36,034,"Neves, As","NEVES, AS",,,As Neves,AS NEVES
12,36,035,Nigrán,NIGRAN,,,,
12,36,036,Oia,OIA,,,,
12,36,037,Pazos de Borbén,PAZOS DE BORBEN,,,,
12,36,041,Poio,POIO,,,,
12,36,043,Ponte Caldelas,PONTE CALDELAS,,,,
12,36,042,Ponteareas,PONTEAREAS,,,,
12,36,044,Pontecesures,PONTECESURES,,,,
12,36,038,Pontevedra,PONTEVEDRA,,,,
12,36,039,"Porriño, O","PORRIÑO, O",,,O Porriño,O PORRIÑO
12,36,040,Portas,PORTAS,,,,
12,36,045,Redondela,REDONDELA,,,,
12,36,046,Ribadumia,RIBADUMIA,,,,
12,36,047,Rodeiro,RODEIRO,,,,
12,36,048,"Rosal, O","ROSAL, O",,,O Rosal,O ROSAL
12,36,049,Salceda de Caselas,SALCEDA DE CASELAS,,,,
12,36,050,Salvaterra de Miño,SALVATERRA DE MIÑO,,,,
12,36,051,Sanxenxo,SANXENXO,,,,
12,36,052,Silleda,SILLEDA,,,,
12,36,053,Soutomaior,SOUTOMAIOR,,,,
12,36,054,Tomiño,TOMIÑO,,,,
12,36,055,Tui,TUI,,,,
12,36,056,Valga,VALGA,,,,
12,36,057,Vigo,VIGO,,,,
12,36,059,Vila de Cruces,VILA DE CRUCES,,,,
12,36,058,Vilaboa,VILABOA,,,,
12,36,060,Vilagarcía de Arousa,VILAGARCIA DE AROUSA,,,,
12,36,061,Vilanova de Arousa,VILANOVA DE AROUSA,,,,
07,37,001,Abusejo,ABUSEJO,,,,
07,37,002,Agallas,AGALLAS,,,,
07,37,003,Ahigal de los Aceiteros,AHIGAL DE LOS ACEITEROS,,,,
07,37,004,Ahigal de Villarino,AHIGAL DE VILLARINO,,,,
07,37,005,"Alameda de Gardón, La","ALAMEDA DE GARDON, LA",,,La Alameda de Gardón,LA ALAMEDA DE GARDON
07,37,006,"Alamedilla, La","ALAMEDILLA, LA",,,La Alamedilla,LA ALAMEDILLA
07,37,007,Alaraz,ALARAZ,,,,
07,37,008,Alba de Tormes,ALBA DE TORMES,,,,
07,37,009,Alba de Yeltes,ALBA DE YELTES,,,,
07,37,010,"Alberca, La","ALBERCA, LA",,,La Alberca,LA ALBERCA
07,37,011,"Alberguería de Argañán, La","ALBERGUERIA DE ARGAÑAN, LA",,,La Alberguería de Argañán,LA ALBERGUERIA DE ARGAÑAN
07,37,012,Alconada,ALCONADA,,,,
07,37,015,Aldea del Obispo,ALDEA DEL OBISPO,,,,
07,37,013,Aldeacipreste,ALDEACIPRESTE,,,,
07,37,014,Aldeadávila de la Ribera,ALDEADAVILA DE LA RIBERA,,,,
07,37,016,Aldealengua,ALDEALENGUA,,,,
07,37,017,Aldeanueva de Figueroa,ALDEANUEVA DE FIGUEROA,,,,
07,37,018,Aldeanueva de la Sierra,ALDEANUEVA DE LA SIERRA,,,,
07,37,019,Aldearrodrigo,ALDEARRODRIGO,,,,
07,37,020,Aldearrubia,ALDEARRUBIA,,,,
07,37,021,Aldeaseca de Alba,ALDEASECA DE ALBA,,,,
07,37,022,Aldeaseca de la Frontera,ALDEASECA DE LA FRONTERA,,,,
07,37,023,Aldeatejada,ALDEATEJADA,,,,
07,37,024,Aldeavieja de Tormes,ALDEAVIEJA DE TORMES,,,,
07,37,025,Aldehuela de la Bóveda,ALDEHUELA DE LA BOVEDA,,,,
07,37,026,Aldehuela de Yeltes,ALDEHUELA DE YELTES,,,,
07,37,027,Almenara de Tormes,ALMENARA DE TORMES,,,,
07,37,028,Almendra,ALMENDRA,,,,
07,37,029,Anaya de Alba,ANAYA DE ALBA,,,,
07,37,030,Añover de Tormes,AÑOVER DE TORMES,,,,
07,37,031,Arabayona de Mógica,ARABAYONA DE MOGICA,,,,
07,37,032,Arapiles,ARAPILES,,,,
07,37,033,Arcediano,ARCEDIANO,,,,
07,37,034,"Arco, El","ARCO, EL",,,El Arco,EL ARCO
07,37,035,Armenteros,ARMENTEROS,,,,
07,37,037,"Atalaya, La","ATALAYA, LA",,,La Atalaya,LA ATALAYA
07,37,038,Babilafuente,BABILAFUENTE,,,,
07,37,039,Bañobárez,BAÑOBAREZ,,,,
07,37,040,Barbadillo,BARBADILLO,,,,
07,37,041,Barbalos,BARBALOS,,,,
07,37,042,Barceo,BARCEO,,,,
07,37,044,Barruecopardo,BARRUECOPARDO,,,,
07,37,045,"Bastida, La","BASTIDA, LA",,,La Bastida,LA BASTIDA
07,37,046,Béjar,BEJAR,,,,
07,37,047,Beleña,BELEÑA,,,,
07,37,049,Bermellar,BERMELLAR,,,,
07,37,050,Berrocal de Huebra,BERROCAL DE HUEBRA,,,,
07,37,051,Berrocal de Salvatierra,BERROCAL DE SALVATIERRA,,,,
07,37,052,Boada,BOADA,,,,
07,37,054,"Bodón, El","BODON, EL",,,El Bodón,EL BODON
07,37,055,Bogajo,BOGAJO,,,,
07,37,056,"Bouza, La","BOUZA, LA",,,La Bouza,LA BOUZA
07,37,057,Bóveda del Río Almar,BOVEDA DEL RIO ALMAR,,,,
07,37,058,Brincones,BRINCONES,,,,
07,37,059,Buenamadre,BUENAMADRE,,,,
07,37,060,Buenavista,BUENAVISTA,,,,
07,37,061,"Cabaco, El","CABACO, EL",,,El Cabaco,EL CABACO
07,37,063,"Cabeza de Béjar, La","CABEZA DE BEJAR, LA",,,La Cabeza de Béjar,LA CABEZA DE BEJAR
07,37,065,Cabeza del Caballo,CABEZA DEL CABALLO,,,,
07,37,062,Cabezabellosa de la Calzada,CABEZABELLOSA DE LA CALZADA,,,,
07,37,067,Cabrerizos,CABRERIZOS,,,,
07,37,068,Cabrillas,CABRILLAS,,,,
07,37,069,Calvarrasa de Abajo,CALVARRASA DE ABAJO,,,,
07,37,070,Calvarrasa de Arriba,CALVARRASA DE ARRIBA,,,,
07,37,071,"Calzada de Béjar, La","CALZADA DE BEJAR, LA",,,La Calzada de Béjar,LA CALZADA DE BEJAR
07,37,072,Calzada de Don Diego,CALZADA DE DON DIEGO,,,,
07,37,073,Calzada de Valdunciel,CALZADA DE VALDUNCIEL,,,,
07,37,074,Campillo de Azaba,CAMPILLO DE AZABA,,,,
07,37,077,"Campo de Peñaranda, El","CAMPO DE PEÑARANDA, EL",,,El Campo de Peñaranda,EL CAMPO DE PEÑARANDA
07,37,078,Candelario,CANDELARIO,,,,
07,37,079,Canillas de Abajo,CANILLAS DE ABAJO,,,,
07,37,080,Cantagallo,CANTAGALLO,,,,
07,37,081,Cantalapiedra,CANTALAPIEDRA,,,,
07,37,082,Cantalpino,CANTALPINO,,,,
07,37,083,Cantaracillo,CANTARACILLO,,,,
07,37,085,Carbajosa de la Sagrada,CARBAJOSA DE LA SAGRADA,,,,
07,37,086,Carpio de Azaba,CARPIO DE AZABA,,,,
07,37,087,Carrascal de Barregas,CARRASCAL DE BARREGAS,,,,
07,37,088,Carrascal del Obispo,CARRASCAL DEL OBISPO,,,,
07,37,089,Casafranca,CASAFRANCA,,,,
07,37,090,"Casas del Conde, Las","CASAS DEL CONDE, LAS",,,Las Casas del Conde,LAS CASAS DEL CONDE
07,37,091,Casillas de Flores,CASILLAS DE FLORES,,,,
07,37,092,Castellanos de Moriscos,CASTELLANOS DE MORISCOS,,,,
07,37,185,Castellanos de Villiquera,CASTELLANOS DE VILLIQUERA,,,,
07,37,096,Castillejo de Martín Viejo,CASTILLEJO DE MARTIN VIEJO,,,,
07,37,097,Castraz,CASTRAZ,,,,
07,37,098,Cepeda,CEPEDA,,,,
07,37,099,Cereceda de la Sierra,CERECEDA DE LA SIERRA,,,,
07,37,100,Cerezal de Peñahorcada,CEREZAL DE PEÑAHORCADA,,,,
07,37,101,Cerralbo,CERRALBO,,,,
07,37,102,"Cerro, El","CERRO, EL",,,El Cerro,EL CERRO
07,37,103,Cespedosa de Tormes,CESPEDOSA DE TORMES,,,,
07,37,114,Chagarcía Medianero,CHAGARCIA MEDIANERO,,,,
07,37,104,Cilleros de la Bastida,CILLEROS DE LA BASTIDA,,,,
07,37,106,Cipérez,CIPEREZ,,,,
07,37,107,Ciudad Rodrigo,CIUDAD RODRIGO,,,,
07,37,108,Coca de Alba,COCA DE ALBA,,,,
07,37,109,Colmenar de Montemayor,COLMENAR DE MONTEMAYOR,,,,
07,37,110,Cordovilla,CORDOVILLA,,,,
07,37,112,Cristóbal,CRISTOBAL,,,,
07,37,113,"Cubo de Don Sancho, El","CUBO DE DON SANCHO, EL",,,El Cubo de Don Sancho,EL CUBO DE DON SANCHO
07,37,115,Dios le Guarde,DIOS LE GUARDE,,,,
07,37,116,Doñinos de Ledesma,DOÑINOS DE LEDESMA,,,,
07,37,117,Doñinos de Salamanca,DOÑINOS DE SALAMANCA,,,,
07,37,118,Éjeme,EJEME,,,,
07,37,120,Encina de San Silvestre,ENCINA DE SAN SILVESTRE,,,,
07,37,119,"Encina, La","ENCINA, LA",,,La Encina,LA ENCINA
07,37,121,Encinas de Abajo,ENCINAS DE ABAJO,,,,
07,37,122,Encinas de Arriba,ENCINAS DE ARRIBA,,,,
07,37,123,Encinasola de los Comendadores,ENCINASOLA DE LOS COMENDADORES,,,,
07,37,124,Endrinal,ENDRINAL,,,,
07,37,125,Escurial de la Sierra,ESCURIAL DE LA SIERRA,,,,
07,37,126,Espadaña,ESPADAÑA,,,,
07,37,127,Espeja,ESPEJA,,,,
07,37,128,Espino de la Orbada,ESPINO DE LA ORBADA,,,,
07,37,129,Florida de Liébana,FLORIDA DE LIEBANA,,,,
07,37,130,Forfoleda,FORFOLEDA,,,,
07,37,131,Frades de la Sierra,FRADES DE LA SIERRA,,,,
07,37,132,"Fregeneda, La","FREGENEDA, LA",,,La Fregeneda,LA FREGENEDA
07,37,133,Fresnedoso,FRESNEDOSO,,,,
07,37,134,Fresno Alhándiga,FRESNO ALHANDIGA,,,,
07,37,135,"Fuente de San Esteban, La","FUENTE DE SAN ESTEBAN, LA",,,La Fuente de San Esteban,LA FUENTE DE SAN ESTEBAN
07,37,136,Fuenteguinaldo,FUENTEGUINALDO,,,,
07,37,137,Fuenteliante,FUENTELIANTE,,,,
07,37,138,Fuenterroble de Salvatierra,FUENTERROBLE DE SALVATIERRA,,,,
07,37,139,Fuentes de Béjar,FUENTES DE BEJAR,,,,
07,37,140,Fuentes de Oñoro,FUENTES DE OÑORO,,,,
07,37,141,Gajates,GAJATES,,,,
07,37,142,Galindo y Perahuy,GALINDO Y PERAHUY,,,,
07,37,143,Galinduste,GALINDUSTE,,,,
07,37,144,Galisancho,GALISANCHO,,,,
07,37,145,Gallegos de Argañán,GALLEGOS DE ARGAÑAN,,,,
07,37,146,Gallegos de Solmirón,GALLEGOS DE SOLMIRON,,,,
07,37,147,Garcibuey,GARCIBUEY,,,,
07,37,148,Garcihernández,GARCIHERNANDEZ,,,,
07,37,149,Garcirrey,GARCIRREY,,,,
07,37,150,Gejuelo del Barro,GEJUELO DEL BARRO,,,,
07,37,151,Golpejas,GOLPEJAS,,,,
07,37,152,Gomecello,GOMECELLO,,,,
07,37,154,Guadramiro,GUADRAMIRO,,,,
07,37,155,Guijo de Ávila,GUIJO DE AVILA,,,,
07,37,156,Guijuelo,GUIJUELO,,,,
07,37,157,Herguijuela de Ciudad Rodrigo,HERGUIJUELA DE CIUDAD RODRIGO,,,,
07,37,158,Herguijuela de la Sierra,HERGUIJUELA DE LA SIERRA,,,,
07,37,159,Herguijuela del Campo,HERGUIJUELA DEL CAMPO,,,,
07,37,160,Hinojosa de Duero,HINOJOSA DE DUERO,,,,
07,37,161,Horcajo de Montemayor,HORCAJO DE MONTEMAYOR,,,,
07,37,162,Horcajo Medianero,HORCAJO MEDIANERO,,,,
07,37,163,"Hoya, La","HOYA, LA",,,La Hoya,LA HOYA
07,37,164,Huerta,HUERTA,,,,
07,37,165,Iruelos,IRUELOS,,,,
07,37,166,Ituero de Azaba,ITUERO DE AZABA,,,,
07,37,167,Juzbado,JUZBADO,,,,
07,37,168,Lagunilla,LAGUNILLA,,,,
07,37,169,Larrodrigo,LARRODRIGO,,,,
07,37,170,Ledesma,LEDESMA,,,,
07,37,171,Ledrada,LEDRADA,,,,
07,37,172,Linares de Riofrío,LINARES DE RIOFRIO,,,,
07,37,173,Lumbrales,LUMBRALES,,,,
07,37,175,Machacón,MACHACON,,,,
07,37,174,Macotera,MACOTERA,,,,
07,37,176,Madroñal,MADROÑAL,,,,
07,37,177,"Maíllo, El","MAILLO, EL",,,El Maíllo,EL MAILLO
07,37,178,Malpartida,MALPARTIDA,,,,
07,37,179,Mancera de Abajo,MANCERA DE ABAJO,,,,
07,37,180,"Manzano, El","MANZANO, EL",,,El Manzano,EL MANZANO
07,37,181,Martiago,MARTIAGO,,,,
07,37,183,Martín de Yeltes,MARTIN DE YELTES,,,,
07,37,182,Martinamor,MARTINAMOR,,,,
07,37,184,Masueco,MASUECO,,,,
07,37,186,"Mata de Ledesma, La","MATA DE LEDESMA, LA",,,La Mata de Ledesma,LA MATA DE LEDESMA
07,37,187,Matilla de los Caños del Río,MATILLA DE LOS CAÑOS DEL RIO,,,,
07,37,188,"Maya, La","MAYA, LA",,,La Maya,LA MAYA
07,37,189,Membribe de la Sierra,MEMBRIBE DE LA SIERRA,,,,
07,37,190,Mieza,MIEZA,,,,
07,37,191,"Milano, El","MILANO, EL",,,El Milano,EL MILANO
07,37,192,Miranda de Azán,MIRANDA DE AZAN,,,,
07,37,193,Miranda del Castañar,MIRANDA DEL CASTAÑAR,,,,
07,37,194,Mogarraz,MOGARRAZ,,,,
07,37,195,Molinillo,MOLINILLO,,,,
07,37,196,Monforte de la Sierra,MONFORTE DE LA SIERRA,,,,
07,37,197,Monleón,MONLEON,,,,
07,37,198,Monleras,MONLERAS,,,,
07,37,199,Monsagro,MONSAGRO,,,,
07,37,200,Montejo,MONTEJO,,,,
07,37,201,Montemayor del Río,MONTEMAYOR DEL RIO,,,,
07,37,202,Monterrubio de Armuña,MONTERRUBIO DE ARMUÑA,,,,
07,37,203,Monterrubio de la Sierra,MONTERRUBIO DE LA SIERRA,,,,
07,37,204,Morasverdes,MORASVERDES,,,,
07,37,205,Morille,MORILLE,,,,
07,37,206,Moríñigo,MORIÑIGO,,,,
07,37,207,Moriscos,MORISCOS,,,,
07,37,208,Moronta,MORONTA,,,,
07,37,209,Mozárbez,MOZARBEZ,,,,
07,37,211,Narros de Matalayegua,NARROS DE MATALAYEGUA,,,,
07,37,213,Nava de Béjar,NAVA DE BEJAR,,,,
07,37,214,Nava de Francia,NAVA DE FRANCIA,,,,
07,37,215,Nava de Sotrobal,NAVA DE SOTROBAL,,,,
07,37,212,Navacarros,NAVACARROS,,,,
07,37,216,Navales,NAVALES,,,,
07,37,217,Navalmoral de Béjar,NAVALMORAL DE BEJAR,,,,
07,37,218,Navamorales,NAVAMORALES,,,,
07,37,219,Navarredonda de la Rinconada,NAVARREDONDA DE LA RINCONADA,,,,
07,37,221,Navasfrías,NAVASFRIAS,,,,
07,37,222,Negrilla de Palencia,NEGRILLA DE PALENCIA,,,,
07,37,223,Olmedo de Camaces,OLMEDO DE CAMACES,,,,
07,37,224,"Orbada, La","ORBADA, LA",,,La Orbada,LA ORBADA
07,37,225,Pajares de la Laguna,PAJARES DE LA LAGUNA,,,,
07,37,226,Palacios del Arzobispo,PALACIOS DEL ARZOBISPO,,,,
07,37,228,Palaciosrubios,PALACIOSRUBIOS,,,,
07,37,229,Palencia de Negrilla,PALENCIA DE NEGRILLA,,,,
07,37,230,Parada de Arriba,PARADA DE ARRIBA,,,,
07,37,231,Parada de Rubiales,PARADA DE RUBIALES,,,,
07,37,232,Paradinas de San Juan,PARADINAS DE SAN JUAN,,,,
07,37,233,Pastores,PASTORES,,,,
07,37,234,"Payo, El","PAYO, EL",,,El Payo,EL PAYO
07,37,235,Pedraza de Alba,PEDRAZA DE ALBA,,,,
07,37,236,Pedrosillo de Alba,PEDROSILLO DE ALBA,,,,
07,37,237,Pedrosillo de los Aires,PEDROSILLO DE LOS AIRES,,,,
07,37,238,Pedrosillo el Ralo,PEDROSILLO EL RALO,,,,
07,37,239,"Pedroso de la Armuña, El","PEDROSO DE LA ARMUÑA, EL",,,El Pedroso de la Armuña,EL PEDROSO DE LA ARMUÑA
07,37,240,Pelabravo,PELABRAVO,,,,
07,37,241,Pelarrodríguez,PELARRODRIGUEZ,,,,
07,37,242,Pelayos,PELAYOS,,,,
07,37,243,"Peña, La","PEÑA, LA",,,La Peña,LA PEÑA
07,37,244,Peñacaballera,PEÑACABALLERA,,,,
07,37,245,Peñaparda,PEÑAPARDA,,,,
07,37,246,Peñaranda de Bracamonte,PEÑARANDA DE BRACAMONTE,,,,
07,37,247,Peñarandilla,PEÑARANDILLA,,,,
07,37,248,Peralejos de Abajo,PERALEJOS DE ABAJO,,,,
07,37,249,Peralejos de Arriba,PERALEJOS DE ARRIBA,,,,
07,37,250,Pereña de la Ribera,PEREÑA DE LA RIBERA,,,,
07,37,251,Peromingo,PEROMINGO,,,,
07,37,252,Pinedas,PINEDAS,,,,
07,37,253,"Pino de Tormes, El","PINO DE TORMES, EL",,,El Pino de Tormes,EL PINO DE TORMES
07,37,254,Pitiegua,PITIEGUA,,,,
07,37,255,Pizarral,PIZARRAL,,,,
07,37,256,Poveda de las Cintas,POVEDA DE LAS CINTAS,,,,
07,37,257,Pozos de Hinojo,POZOS DE HINOJO,,,,
07,37,258,Puebla de Azaba,PUEBLA DE AZABA,,,,
07,37,259,Puebla de San Medel,PUEBLA DE SAN MEDEL,,,,
07,37,260,Puebla de Yeltes,PUEBLA DE YELTES,,,,
07,37,261,Puente del Congosto,PUENTE DEL CONGOSTO,,,,
07,37,262,Puertas,PUERTAS,,,,
07,37,263,Puerto de Béjar,PUERTO DE BEJAR,,,,
07,37,264,Puerto Seguro,PUERTO SEGURO,,,,
07,37,265,Rágama,RAGAMA,,,,
07,37,266,"Redonda, La","REDONDA, LA",,,La Redonda,LA REDONDA
07,37,267,Retortillo,RETORTILLO,,,,
07,37,268,"Rinconada de la Sierra, La","RINCONADA DE LA SIERRA, LA",,,La Rinconada de la Sierra,LA RINCONADA DE LA SIERRA
07,37,269,Robleda,ROBLEDA,,,,
07,37,270,Robliza de Cojos,ROBLIZA DE COJOS,,,,
07,37,271,Rollán,ROLLAN,,,,
07,37,272,Saelices el Chico,SAELICES EL CHICO,,,,
07,37,273,"Sagrada, La","SAGRADA, LA",,,La Sagrada,LA SAGRADA
07,37,303,"Sahugo, El","SAHUGO, EL",,,El Sahugo,EL SAHUGO
07,37,274,Salamanca,SALAMANCA,,,,
07,37,275,Saldeana,SALDEANA,,,,
07,37,276,Salmoral,SALMORAL,,,,
07,37,277,Salvatierra de Tormes,SALVATIERRA DE TORMES,,,,
07,37,278,San Cristóbal de la Cuesta,SAN CRISTOBAL DE LA CUESTA,,,,
07,37,284,San Esteban de la Sierra,SAN ESTEBAN DE LA SIERRA,,,,
07,37,285,San Felices de los Gallegos,SAN FELICES DE LOS GALLEGOS,,,,
07,37,286,San Martín del Castañar,SAN MARTIN DEL CASTAÑAR,,,,
07,37,287,San Miguel de Valero,SAN MIGUEL DE VALERO,,,,
07,37,036,San Miguel del Robledo,SAN MIGUEL DEL ROBLEDO,,,,
07,37,288,San Morales,SAN MORALES,,,,
07,37,289,San Muñoz,SAN MUÑOZ,,,,
07,37,291,San Pedro de Rozados,SAN PEDRO DE ROZADOS,,,,
07,37,290,San Pedro del Valle,SAN PEDRO DEL VALLE,,,,
07,37,292,San Pelayo de Guareña,SAN PELAYO DE GUAREÑA,,,,
07,37,280,Sanchón de la Ribera,SANCHON DE LA RIBERA,,,,
07,37,281,Sanchón de la Sagrada,SANCHON DE LA SAGRADA,,,,
07,37,282,Sanchotello,SANCHOTELLO,,,,
07,37,279,Sancti-Spíritus,SANCTI-SPIRITUS,,,,
07,37,283,Sando,SANDO,,,,
07,37,293,Santa María de Sando,SANTA MARIA DE SANDO,,,,
07,37,294,Santa Marta de Tormes,SANTA MARTA DE TORMES,,,,
07,37,296,Santiago de la Puebla,SANTIAGO DE LA PUEBLA,,,,
07,37,297,Santibáñez de Béjar,SANTIBAÑEZ DE BEJAR,,,,
07,37,298,Santibáñez de la Sierra,SANTIBAÑEZ DE LA SIERRA,,,,
07,37,299,Santiz,SANTIZ,,,,
07,37,300,"Santos, Los","SANTOS, LOS",,,Los Santos,LOS SANTOS
07,37,301,Sardón de los Frailes,SARDON DE LOS FRAILES,,,,
07,37,302,Saucelle,SAUCELLE,,,,
07,37,304,Sepulcro-Hilario,SEPULCRO-HILARIO,,,,
07,37,305,Sequeros,SEQUEROS,,,,
07,37,306,Serradilla del Arroyo,SERRADILLA DEL ARROYO,,,,
07,37,307,Serradilla del Llano,SERRADILLA DEL LLANO,,,,
07,37,309,"Sierpe, La","SIERPE, LA",,,La Sierpe,LA SIERPE
07,37,310,Sieteiglesias de Tormes,SIETEIGLESIAS DE TORMES,,,,
07,37,311,Sobradillo,SOBRADILLO,,,,
07,37,312,Sorihuela,SORIHUELA,,,,
07,37,313,Sotoserrano,SOTOSERRANO,,,,
07,37,314,Tabera de Abajo,TABERA DE ABAJO,,,,
07,37,315,"Tala, La","TALA, LA",,,La Tala,LA TALA
07,37,316,Tamames,TAMAMES,,,,
07,37,317,Tarazona de Guareña,TARAZONA DE GUAREÑA,,,,
07,37,318,Tardáguila,TARDAGUILA,,,,
07,37,319,"Tejado, El","TEJADO, EL",,,El Tejado,EL TEJADO
07,37,320,Tejeda y Segoyuela,TEJEDA Y SEGOYUELA,,,,
07,37,321,Tenebrón,TENEBRON,,,,
07,37,322,Terradillos,TERRADILLOS,,,,
07,37,323,Topas,TOPAS,,,,
07,37,324,Tordillos,TORDILLOS,,,,
07,37,325,"Tornadizo, El","TORNADIZO, EL",,,El Tornadizo,EL TORNADIZO
07,37,327,Torresmenudas,TORRESMENUDAS,,,,
07,37,328,Trabanca,TRABANCA,,,,
07,37,329,Tremedal de Tormes,TREMEDAL DE TORMES,,,,
07,37,330,Valdecarros,VALDECARROS,,,,
07,37,331,Valdefuentes de Sangusín,VALDEFUENTES DE SANGUSIN,,,,
07,37,332,Valdehijaderos,VALDEHIJADEROS,,,,
07,37,333,Valdelacasa,VALDELACASA,,,,
07,37,334,Valdelageve,VALDELAGEVE,,,,
07,37,335,Valdelosa,VALDELOSA,,,,
07,37,336,Valdemierque,VALDEMIERQUE,,,,
07,37,337,Valderrodrigo,VALDERRODRIGO,,,,
07,37,338,Valdunciel,VALDUNCIEL,,,,
07,37,339,Valero,VALERO,,,,
07,37,343,Vallejera de Riofrío,VALLEJERA DE RIOFRIO,,,,
07,37,340,Valsalabroso,VALSALABROSO,,,,
07,37,341,Valverde de Valdelacasa,VALVERDE DE VALDELACASA,,,,
07,37,342,Valverdón,VALVERDON,,,,
07,37,344,Vecinos,VECINOS,,,,
07,37,345,Vega de Tirados,VEGA DE TIRADOS,,,,
07,37,346,"Veguillas, Las","VEGUILLAS, LAS",,,Las Veguillas,LAS VEGUILLAS
07,37,347,"Vellés, La","VELLES, LA",,,La Vellés,LA VELLES
07,37,348,Ventosa del Río Almar,VENTOSA DEL RIO ALMAR,,,,
07,37,349,"Vídola, La","VIDOLA, LA",,,La Vídola,LA VIDOLA
07,37,351,Villaflores,VILLAFLORES,,,,
07,37,352,Villagonzalo de Tormes,VILLAGONZALO DE TORMES,,,,
07,37,353,Villalba de los Llanos,VILLALBA DE LOS LLANOS,,,,
07,37,354,Villamayor,VILLAMAYOR,,,,
07,37,355,Villanueva del Conde,VILLANUEVA DEL CONDE,,,,
07,37,356,Villar de Argañán,VILLAR DE ARGAÑAN,,,,
07,37,357,Villar de Ciervo,VILLAR DE CIERVO,,,,
07,37,358,Villar de Gallimazo,VILLAR DE GALLIMAZO,,,,
07,37,359,Villar de la Yegua,VILLAR DE LA YEGUA,,,,
07,37,360,Villar de Peralonso,VILLAR DE PERALONSO,,,,
07,37,361,Villar de Samaniego,VILLAR DE SAMANIEGO,,,,
07,37,362,Villares de la Reina,VILLARES DE LA REINA,,,,
07,37,363,Villares de Yeltes,VILLARES DE YELTES,,,,
07,37,364,Villarino de los Aires,VILLARINO DE LOS AIRES,,,,
07,37,365,Villarmayor,VILLARMAYOR,,,,
07,37,366,Villarmuerto,VILLARMUERTO,,,,
07,37,367,Villasbuenas,VILLASBUENAS,,,,
07,37,368,Villasdardo,VILLASDARDO,,,,
07,37,369,Villaseco de los Gamitos,VILLASECO DE LOS GAMITOS,,,,
07,37,370,Villaseco de los Reyes,VILLASECO DE LOS REYES,,,,
07,37,371,Villasrubias,VILLASRUBIAS,,,,
07,37,372,Villaverde de Guareña,VILLAVERDE DE GUAREÑA,,,,
07,37,373,Villavieja de Yeltes,VILLAVIEJA DE YELTES,,,,
07,37,374,Villoria,VILLORIA,,,,
07,37,375,Villoruela,VILLORUELA,,,,
07,37,350,Vilvestre,VILVESTRE,,,,
07,37,376,Vitigudino,VITIGUDINO,,,,
07,37,377,Yecla de Yeltes,YECLA DE YELTES,,,,
07,37,378,Zamarra,ZAMARRA,,,,
07,37,379,Zamayón,ZAMAYON,,,,
07,37,380,Zarapicos,ZARAPICOS,,,,
07,37,381,"Zarza de Pumareda, La","ZARZA DE PUMAREDA, LA",,,La Zarza de Pumareda,LA ZARZA DE PUMAREDA
07,37,382,Zorita de la Frontera,ZORITA DE LA FRONTERA,,,,
05,38,001,Adeje,ADEJE,,,,
05,38,002,Agulo,AGULO,,,,
05,38,003,Alajeró,ALAJERO,,,,
05,38,004,Arafo,ARAFO,,,,
05,38,005,Arico,ARICO,,,,
05,38,006,Arona,ARONA,,,,
05,38,007,Barlovento,BARLOVENTO,,,,
05,38,008,Breña Alta,BREÑA ALTA,,,,
05,38,009,Breña Baja,BREÑA BAJA,,,,
05,38,010,Buenavista del Norte,BUENAVISTA DEL NORTE,,,,
05,38,011,Candelaria,CANDELARIA,,,,
05,38,012,Fasnia,FASNIA,,,,
05,38,013,Frontera,FRONTERA,,,,
05,38,014,Fuencaliente de la Palma,FUENCALIENTE DE LA PALMA,,,,
05,38,015,Garachico,GARACHICO,,,,
05,38,016,Garafía,GARAFIA,,,,
05,38,017,Granadilla de Abona,GRANADILLA DE ABONA,,,,
05,38,018,"Guancha, La","GUANCHA, LA",,,La Guancha,LA GUANCHA
05,38,019,Guía de Isora,GUIA DE ISORA,,,,
05,38,020,Güímar,GUIMAR,,,,
05,38,021,Hermigua,HERMIGUA,,,,
05,38,022,Icod de los Vinos,ICOD DE LOS VINOS,,,,
05,38,024,"Llanos de Aridane, Los","LLANOS DE ARIDANE, LOS",,,Los Llanos de Aridane,LOS LLANOS DE ARIDANE
05,38,025,"Matanza de Acentejo, La","MATANZA DE ACENTEJO, LA",,,La Matanza de Acentejo,LA MATANZA DE ACENTEJO
05,38,026,"Orotava, La","OROTAVA, LA",,,La Orotava,LA OROTAVA
05,38,027,"Paso, El","PASO, EL",,,El Paso,EL PASO
05,38,901,"Pinar de El Hierro, El","PINAR DE EL HIERRO, EL",,,El Pinar de El Hierro,EL PINAR DE EL HIERRO
05,38,028,Puerto de la Cruz,PUERTO DE LA CRUZ,,,,
05,38,029,Puntagorda,PUNTAGORDA,,,,
05,38,030,Puntallana,PUNTALLANA,,,,
05,38,031,"Realejos, Los","REALEJOS, LOS",,,Los Realejos,LOS REALEJOS
05,38,032,"Rosario, El","ROSARIO, EL",,,El Rosario,EL ROSARIO
05,38,033,San Andrés y Sauces,SAN ANDRES Y SAUCES,,,,
05,38,023,San Cristóbal de La Laguna,SAN CRISTOBAL DE LA LAGUNA,,,,
05,38,034,San Juan de la Rambla,SAN JUAN DE LA RAMBLA,,,,
05,38,035,San Miguel de Abona,SAN MIGUEL DE ABONA,,,,
05,38,036,San Sebastián de la Gomera,SAN SEBASTIAN DE LA GOMERA,,,,
05,38,037,Santa Cruz de la Palma,SANTA CRUZ DE LA PALMA,,,,
05,38,038,Santa Cruz de Tenerife,SANTA CRUZ DE TENERIFE,,,,
05,38,039,Santa Úrsula,SANTA URSULA,,,,
05,38,040,Santiago del Teide,SANTIAGO DEL TEIDE,,,,
05,38,041,"Sauzal, El","SAUZAL, EL",,,El Sauzal,EL SAUZAL
05,38,042,"Silos, Los","SILOS, LOS",,,Los Silos,LOS SILOS
05,38,043,Tacoronte,TACORONTE,,,,
05,38,044,"Tanque, El","TANQUE, EL",,,El Tanque,EL TANQUE
05,38,045,Tazacorte,TAZACORTE,,,,
05,38,046,Tegueste,TEGUESTE,,,,
05,38,047,Tijarafe,TIJARAFE,,,,
05,38,049,Valle Gran Rey,VALLE GRAN REY,,,,
05,38,050,Vallehermoso,VALLEHERMOSO,,,,
05,38,048,Valverde,VALVERDE,,,,
05,38,051,"Victoria de Acentejo, La","VICTORIA DE ACENTEJO, LA",,,La Victoria de Acentejo,LA VICTORIA DE ACENTEJO
05,38,052,Vilaflor de Chasna,VILAFLOR DE CHASNA,,,,
05,38,053,Villa de Mazo,VILLA DE MAZO,,,,
06,39,001,Alfoz de Lloredo,ALFOZ DE LLOREDO,,,,
06,39,002,Ampuero,AMPUERO,,,,
06,39,003,Anievas,ANIEVAS,,,,
06,39,004,Arenas de Iguña,ARENAS DE IGUÑA,,,,
06,39,005,Argoños,ARGOÑOS,,,,
06,39,006,Arnuero,ARNUERO,,,,
06,39,007,Arredondo,ARREDONDO,,,,
06,39,008,"Astillero, El","ASTILLERO, EL",,,El Astillero,EL ASTILLERO
06,39,009,Bárcena de Cicero,BARCENA DE CICERO,,,,
06,39,010,Bárcena de Pie de Concha,BARCENA DE PIE DE CONCHA,,,,
06,39,011,Bareyo,BAREYO,,,,
06,39,012,Cabezón de la Sal,CABEZON DE LA SAL,,,,
06,39,013,Cabezón de Liébana,CABEZON DE LIEBANA,,,,
06,39,014,Cabuérniga,CABUERNIGA,,,,
06,39,015,Camaleño,CAMALEÑO,,,,
06,39,016,Camargo,CAMARGO,,,,
06,39,027,Campoo de Enmedio,CAMPOO DE ENMEDIO,,,,
06,39,017,Campoo de Yuso,CAMPOO DE YUSO,,,,
06,39,018,Cartes,CARTES,,,,
06,39,019,Castañeda,CASTAÑEDA,,,,
06,39,020,Castro-Urdiales,CASTRO-URDIALES,,,,
06,39,021,Cieza,CIEZA,,,,
06,39,022,Cillorigo de Liébana,CILLORIGO DE LIEBANA,,,,
06,39,023,Colindres,COLINDRES,,,,
06,39,024,Comillas,COMILLAS,,,,
06,39,025,"Corrales de Buelna, Los","CORRALES DE BUELNA, LOS",,,Los Corrales de Buelna,LOS CORRALES DE BUELNA
06,39,026,Corvera de Toranzo,CORVERA DE TORANZO,,,,
06,39,028,Entrambasaguas,ENTRAMBASAGUAS,,,,
06,39,029,Escalante,ESCALANTE,,,,
06,39,030,Guriezo,GURIEZO,,,,
06,39,031,Hazas de Cesto,HAZAS DE CESTO,,,,
06,39,032,Hermandad de Campoo de Suso,HERMANDAD DE CAMPOO DE SUSO,,,,
06,39,033,Herrerías,HERRERIAS,,,,
06,39,034,Lamasón,LAMASON,,,,
06,39,035,Laredo,LAREDO,,,,
06,39,036,Liendo,LIENDO,,,,
06,39,037,Liérganes,LIERGANES,,,,
06,39,038,Limpias,LIMPIAS,,,,
06,39,039,Luena,LUENA,,,,
06,39,040,Marina de Cudeyo,MARINA DE CUDEYO,,,,
06,39,041,Mazcuerras,MAZCUERRAS,,,,
06,39,042,Medio Cudeyo,MEDIO CUDEYO,,,,
06,39,043,Meruelo,MERUELO,,,,
06,39,044,Miengo,MIENGO,,,,
06,39,045,Miera,MIERA,,,,
06,39,046,Molledo,MOLLEDO,,,,
06,39,047,Noja,NOJA,,,,
06,39,048,Penagos,PENAGOS,,,,
06,39,049,Peñarrubia,PEÑARRUBIA,,,,
06,39,050,Pesaguero,PESAGUERO,,,,
06,39,051,Pesquera,PESQUERA,,,,
06,39,052,Piélagos,PIELAGOS,,,,
06,39,053,Polaciones,POLACIONES,,,,
06,39,054,Polanco,POLANCO,,,,
06,39,055,Potes,POTES,,,,
06,39,056,Puente Viesgo,PUENTE VIESGO,,,,
06,39,057,Ramales de la Victoria,RAMALES DE LA VICTORIA,,,,
06,39,058,Rasines,RASINES,,,,
06,39,059,Reinosa,REINOSA,,,,
06,39,060,Reocín,REOCIN,,,,
06,39,061,Ribamontán al Mar,RIBAMONTAN AL MAR,,,,
06,39,062,Ribamontán al Monte,RIBAMONTAN AL MONTE,,,,
06,39,063,Rionansa,RIONANSA,,,,
06,39,064,Riotuerto,RIOTUERTO,,,,
06,39,065,"Rozas de Valdearroyo, Las","ROZAS DE VALDEARROYO, LAS",,,Las Rozas de Valdearroyo,LAS ROZAS DE VALDEARROYO
06,39,066,Ruente,RUENTE,,,,
06,39,067,Ruesga,RUESGA,,,,
06,39,068,Ruiloba,RUILOBA,,,,
06,39,069,San Felices de Buelna,SAN FELICES DE BUELNA,,,,
06,39,070,San Miguel de Aguayo,SAN MIGUEL DE AGUAYO,,,,
06,39,071,San Pedro del Romeral,SAN PEDRO DEL ROMERAL,,,,
06,39,072,San Roque de Riomiera,SAN ROQUE DE RIOMIERA,,,,
06,39,080,San Vicente de la Barquera,SAN VICENTE DE LA BARQUERA,,,,
06,39,073,Santa Cruz de Bezana,SANTA CRUZ DE BEZANA,,,,
06,39,074,Santa María de Cayón,SANTA MARIA DE CAYON,,,,
06,39,075,Santander,SANTANDER,,,,
06,39,076,Santillana del Mar,SANTILLANA DEL MAR,,,,
06,39,077,Santiurde de Reinosa,SANTIURDE DE REINOSA,,,,
06,39,078,Santiurde de Toranzo,SANTIURDE DE TORANZO,,,,
06,39,079,Santoña,SANTOÑA,,,,
06,39,081,Saro,SARO,,,,
06,39,082,Selaya,SELAYA,,,,
06,39,083,Soba,SOBA,,,,
06,39,084,Solórzano,SOLORZANO,,,,
06,39,085,Suances,SUANCES,,,,
06,39,086,"Tojos, Los","TOJOS, LOS",,,Los Tojos,LOS TOJOS
06,39,087,Torrelavega,TORRELAVEGA,,,,
06,39,088,Tresviso,TRESVISO,,,,
06,39,089,Tudanca,TUDANCA,,,,
06,39,090,Udías,UDIAS,,,,
06,39,095,Val de San Vicente,VAL DE SAN VICENTE,,,,
06,39,091,Valdáliga,VALDALIGA,,,,
06,39,092,Valdeolea,VALDEOLEA,,,,
06,39,093,Valdeprado del Río,VALDEPRADO DEL RIO,,,,
06,39,094,Valderredible,VALDERREDIBLE,,,,
06,39,101,Valle de Villaverde,VALLE DE VILLAVERDE,,,,
06,39,096,Vega de Liébana,VEGA DE LIEBANA,,,,
06,39,097,Vega de Pas,VEGA DE PAS,,,,
06,39,098,Villacarriedo,VILLACARRIEDO,,,,
06,39,099,Villaescusa,VILLAESCUSA,,,,
06,39,100,Villafufre,VILLAFUFRE,,,,
06,39,102,Voto,VOTO,,,,
07,40,001,Abades,ABADES,,,,
07,40,002,Adrada de Pirón,ADRADA DE PIRON,,,,
07,40,003,Adrados,ADRADOS,,,,
07,40,004,Aguilafuente,AGUILAFUENTE,,,,
07,40,005,Alconada de Maderuelo,ALCONADA DE MADERUELO,,,,
07,40,012,Aldea Real,ALDEA REAL,,,,
07,40,006,Aldealcorvo,ALDEALCORVO,,,,
07,40,007,Aldealengua de Pedraza,ALDEALENGUA DE PEDRAZA,,,,
07,40,008,Aldealengua de Santa María,ALDEALENGUA DE SANTA MARIA,,,,
07,40,009,Aldeanueva de la Serrezuela,ALDEANUEVA DE LA SERREZUELA,,,,
07,40,010,Aldeanueva del Codonal,ALDEANUEVA DEL CODONAL,,,,
07,40,013,Aldeasoña,ALDEASOÑA,,,,
07,40,014,Aldehorno,ALDEHORNO,,,,
07,40,015,Aldehuela del Codonal,ALDEHUELA DEL CODONAL,,,,
07,40,016,Aldeonte,ALDEONTE,,,,
07,40,017,Anaya,ANAYA,,,,
07,40,018,Añe,AÑE,,,,
07,40,019,Arahuetes,ARAHUETES,,,,
07,40,020,Arcones,ARCONES,,,,
07,40,021,Arevalillo de Cega,AREVALILLO DE CEGA,,,,
07,40,022,Armuña,ARMUÑA,,,,
07,40,024,Ayllón,AYLLON,,,,
07,40,025,Barbolla,BARBOLLA,,,,
07,40,026,Basardilla,BASARDILLA,,,,
07,40,028,Bercial,BERCIAL,,,,
07,40,029,Bercimuel,BERCIMUEL,,,,
07,40,030,Bernardos,BERNARDOS,,,,
07,40,031,Bernuy de Porreros,BERNUY DE PORREROS,,,,
07,40,032,Boceguillas,BOCEGUILLAS,,,,
07,40,033,Brieva,BRIEVA,,,,
07,40,034,Caballar,CABALLAR,,,,
07,40,035,Cabañas de Polendos,CABAÑAS DE POLENDOS,,,,
07,40,036,Cabezuela,CABEZUELA,,,,
07,40,037,Calabazas de Fuentidueña,CALABAZAS DE FUENTIDUEÑA,,,,
07,40,039,Campo de San Pedro,CAMPO DE SAN PEDRO,,,,
07,40,040,Cantalejo,CANTALEJO,,,,
07,40,041,Cantimpalos,CANTIMPALOS,,,,
07,40,161,Carabias,CARABIAS,,,,
07,40,043,Carbonero el Mayor,CARBONERO EL MAYOR,,,,
07,40,044,Carrascal del Río,CARRASCAL DEL RIO,,,,
07,40,045,Casla,CASLA,,,,
07,40,046,Castillejo de Mesleón,CASTILLEJO DE MESLEON,,,,
07,40,047,Castro de Fuentidueña,CASTRO DE FUENTIDUEÑA,,,,
07,40,048,Castrojimeno,CASTROJIMENO,,,,
07,40,049,Castroserna de Abajo,CASTROSERNA DE ABAJO,,,,
07,40,051,Castroserracín,CASTROSERRACIN,,,,
07,40,052,Cedillo de la Torre,CEDILLO DE LA TORRE,,,,
07,40,053,Cerezo de Abajo,CEREZO DE ABAJO,,,,
07,40,054,Cerezo de Arriba,CEREZO DE ARRIBA,,,,
07,40,065,Chañe,CHAÑE,,,,
07,40,055,Cilleruelo de San Mamés,CILLERUELO DE SAN MAMES,,,,
07,40,056,Cobos de Fuentidueña,COBOS DE FUENTIDUEÑA,,,,
07,40,057,Coca,COCA,,,,
07,40,058,Codorniz,CODORNIZ,,,,
07,40,059,Collado Hermoso,COLLADO HERMOSO,,,,
07,40,060,Condado de Castilnovo,CONDADO DE CASTILNOVO,,,,
07,40,061,Corral de Ayllón,CORRAL DE AYLLON,,,,
07,40,902,Cozuelos de Fuentidueña,COZUELOS DE FUENTIDUEÑA,,,,
07,40,062,Cubillo,CUBILLO,,,,
07,40,063,Cuéllar,CUELLAR,,,,
07,40,905,Cuevas de Provanco,CUEVAS DE PROVANCO,,,,
07,40,068,Domingo García,DOMINGO GARCIA,,,,
07,40,069,Donhierro,DONHIERRO,,,,
07,40,070,Duruelo,DURUELO,,,,
07,40,071,Encinas,ENCINAS,,,,
07,40,072,Encinillas,ENCINILLAS,,,,
07,40,073,Escalona del Prado,ESCALONA DEL PRADO,,,,
07,40,074,Escarabajosa de Cabezas,ESCARABAJOSA DE CABEZAS,,,,
07,40,075,Escobar de Polendos,ESCOBAR DE POLENDOS,,,,
07,40,076,"Espinar, El","ESPINAR, EL",,,El Espinar,EL ESPINAR
07,40,077,Espirdo,ESPIRDO,,,,
07,40,078,Fresneda de Cuéllar,FRESNEDA DE CUELLAR,,,,
07,40,079,Fresno de Cantespino,FRESNO DE CANTESPINO,,,,
07,40,080,Fresno de la Fuente,FRESNO DE LA FUENTE,,,,
07,40,081,Frumales,FRUMALES,,,,
07,40,082,Fuente de Santa Cruz,FUENTE DE SANTA CRUZ,,,,
07,40,083,Fuente el Olmo de Fuentidueña,FUENTE EL OLMO DE FUENTIDUEÑA,,,,
07,40,084,Fuente el Olmo de Íscar,FUENTE EL OLMO DE ISCAR,,,,
07,40,086,Fuentepelayo,FUENTEPELAYO,,,,
07,40,087,Fuentepiñel,FUENTEPIÑEL,,,,
07,40,088,Fuenterrebollo,FUENTERREBOLLO,,,,
07,40,089,Fuentesaúco de Fuentidueña,FUENTESAUCO DE FUENTIDUEÑA,,,,
07,40,091,Fuentesoto,FUENTESOTO,,,,
07,40,092,Fuentidueña,FUENTIDUEÑA,,,,
07,40,093,Gallegos,GALLEGOS,,,,
07,40,094,Garcillán,GARCILLAN,,,,
07,40,095,Gomezserracín,GOMEZSERRACIN,,,,
07,40,097,Grajera,GRAJERA,,,,
07,40,099,Honrubia de la Cuesta,HONRUBIA DE LA CUESTA,,,,
07,40,100,Hontalbilla,HONTALBILLA,,,,
07,40,101,Hontanares de Eresma,HONTANARES DE ERESMA,,,,
07,40,103,"Huertos, Los","HUERTOS, LOS",,,Los Huertos,LOS HUERTOS
07,40,104,Ituero y Lama,ITUERO Y LAMA,,,,
07,40,105,Juarros de Riomoros,JUARROS DE RIOMOROS,,,,
07,40,106,Juarros de Voltoya,JUARROS DE VOLTOYA,,,,
07,40,107,Labajos,LABAJOS,,,,
07,40,108,Laguna de Contreras,LAGUNA DE CONTRERAS,,,,
07,40,109,Languilla,LANGUILLA,,,,
07,40,110,Lastras de Cuéllar,LASTRAS DE CUELLAR,,,,
07,40,111,Lastras del Pozo,LASTRAS DEL POZO,,,,
07,40,112,"Lastrilla, La","LASTRILLA, LA",,,La Lastrilla,LA LASTRILLA
07,40,113,"Losa, La","LOSA, LA",,,La Losa,LA LOSA
07,40,115,Maderuelo,MADERUELO,,,,
07,40,903,Marazoleja,MARAZOLEJA,,,,
07,40,118,Marazuela,MARAZUELA,,,,
07,40,119,Martín Miguel,MARTIN MIGUEL,,,,
07,40,120,Martín Muñoz de la Dehesa,MARTIN MUÑOZ DE LA DEHESA,,,,
07,40,121,Martín Muñoz de las Posadas,MARTIN MUÑOZ DE LAS POSADAS,,,,
07,40,122,Marugán,MARUGAN,,,,
07,40,124,Mata de Cuéllar,MATA DE CUELLAR,,,,
07,40,123,Matabuena,MATABUENA,,,,
07,40,125,"Matilla, La","MATILLA, LA",,,La Matilla,LA MATILLA
07,40,126,Melque de Cercos,MELQUE DE CERCOS,,,,
07,40,127,Membibre de la Hoz,MEMBIBRE DE LA HOZ,,,,
07,40,128,Migueláñez,MIGUELAÑEZ,,,,
07,40,129,Montejo de Arévalo,MONTEJO DE AREVALO,,,,
07,40,130,Montejo de la Vega de la Serrezuela,MONTEJO DE LA VEGA DE LA SERREZUELA,,,,
07,40,131,Monterrubio,MONTERRUBIO,,,,
07,40,132,Moral de Hornuez,MORAL DE HORNUEZ,,,,
07,40,134,Mozoncillo,MOZONCILLO,,,,
07,40,135,Muñopedro,MUÑOPEDRO,,,,
07,40,136,Muñoveros,MUÑOVEROS,,,,
07,40,138,Nava de la Asunción,NAVA DE LA ASUNCION,,,,
07,40,139,Navafría,NAVAFRIA,,,,
07,40,140,Navalilla,NAVALILLA,,,,
07,40,141,Navalmanzano,NAVALMANZANO,,,,
07,40,142,Navares de Ayuso,NAVARES DE AYUSO,,,,
07,40,143,Navares de Enmedio,NAVARES DE ENMEDIO,,,,
07,40,144,Navares de las Cuevas,NAVARES DE LAS CUEVAS,,,,
07,40,145,Navas de Oro,NAVAS DE ORO,,,,
07,40,904,Navas de Riofrío,NAVAS DE RIOFRIO,,,,
07,40,146,Navas de San Antonio,NAVAS DE SAN ANTONIO,,,,
07,40,148,Nieva,NIEVA,,,,
07,40,149,Olombrada,OLOMBRADA,,,,
07,40,150,Orejana,OREJANA,,,,
07,40,151,Ortigosa de Pestaño,ORTIGOSA DE PESTAÑO,,,,
07,40,901,Ortigosa del Monte,ORTIGOSA DEL MONTE,,,,
07,40,152,Otero de Herreros,OTERO DE HERREROS,,,,
07,40,154,Pajarejos,PAJAREJOS,,,,
07,40,155,Palazuelos de Eresma,PALAZUELOS DE ERESMA,,,,
07,40,156,Pedraza,PEDRAZA,,,,
07,40,157,Pelayos del Arroyo,PELAYOS DEL ARROYO,,,,
07,40,158,Perosillo,PEROSILLO,,,,
07,40,159,Pinarejos,PINAREJOS,,,,
07,40,160,Pinarnegrillo,PINARNEGRILLO,,,,
07,40,162,Prádena,PRADENA,,,,
07,40,163,Puebla de Pedraza,PUEBLA DE PEDRAZA,,,,
07,40,164,Rapariegos,RAPARIEGOS,,,,
07,40,181,Real Sitio de San Ildefonso,REAL SITIO DE SAN ILDEFONSO,,,,
07,40,165,Rebollo,REBOLLO,,,,
07,40,166,Remondo,REMONDO,,,,
07,40,168,Riaguas de San Bartolomé,RIAGUAS DE SAN BARTOLOME,,,,
07,40,170,Riaza,RIAZA,,,,
07,40,171,Ribota,RIBOTA,,,,
07,40,172,Riofrío de Riaza,RIOFRIO DE RIAZA,,,,
07,40,173,Roda de Eresma,RODA DE ERESMA,,,,
07,40,174,Sacramenia,SACRAMENIA,,,,
07,40,176,Samboal,SAMBOAL,,,,
07,40,177,San Cristóbal de Cuéllar,SAN CRISTOBAL DE CUELLAR,,,,
07,40,178,San Cristóbal de la Vega,SAN CRISTOBAL DE LA VEGA,,,,
07,40,906,San Cristóbal de Segovia,SAN CRISTOBAL DE SEGOVIA,,,,
07,40,182,San Martín y Mudrián,SAN MARTIN Y MUDRIAN,,,,
07,40,183,San Miguel de Bernuy,SAN MIGUEL DE BERNUY,,,,
07,40,184,San Pedro de Gaíllos,SAN PEDRO DE GAILLOS,,,,
07,40,179,Sanchonuño,SANCHONUÑO,,,,
07,40,180,Sangarcía,SANGARCIA,,,,
07,40,185,Santa María la Real de Nieva,SANTA MARIA LA REAL DE NIEVA,,,,
07,40,186,Santa Marta del Cerro,SANTA MARTA DEL CERRO,,,,
07,40,188,Santiuste de Pedraza,SANTIUSTE DE PEDRAZA,,,,
07,40,189,Santiuste de San Juan Bautista,SANTIUSTE DE SAN JUAN BAUTISTA,,,,
07,40,190,Santo Domingo de Pirón,SANTO DOMINGO DE PIRON,,,,
07,40,191,Santo Tomé del Puerto,SANTO TOME DEL PUERTO,,,,
07,40,192,Sauquillo de Cabezas,SAUQUILLO DE CABEZAS,,,,
07,40,193,Sebúlcor,SEBULCOR,,,,
07,40,194,Segovia,SEGOVIA,,,,
07,40,195,Sepúlveda,SEPULVEDA,,,,
07,40,196,Sequera de Fresno,SEQUERA DE FRESNO,,,,
07,40,198,Sotillo,SOTILLO,,,,
07,40,199,Sotosalbos,SOTOSALBOS,,,,
07,40,200,Tabanera la Luenga,TABANERA LA LUENGA,,,,
07,40,201,Tolocirio,TOLOCIRIO,,,,
07,40,206,Torre Val de San Pedro,TORRE VAL DE SAN PEDRO,,,,
07,40,202,Torreadrada,TORREADRADA,,,,
07,40,203,Torrecaballeros,TORRECABALLEROS,,,,
07,40,204,Torrecilla del Pinar,TORRECILLA DEL PINAR,,,,
07,40,205,Torreiglesias,TORREIGLESIAS,,,,
07,40,207,Trescasas,TRESCASAS,,,,
07,40,208,Turégano,TUREGANO,,,,
07,40,210,Urueñas,URUEÑAS,,,,
07,40,211,Valdeprados,VALDEPRADOS,,,,
07,40,212,Valdevacas de Montejo,VALDEVACAS DE MONTEJO,,,,
07,40,213,Valdevacas y Guijar,VALDEVACAS Y GUIJAR,,,,
07,40,218,Valle de Tabladillo,VALLE DE TABLADILLO,,,,
07,40,219,Vallelado,VALLELADO,,,,
07,40,220,Valleruela de Pedraza,VALLERUELA DE PEDRAZA,,,,
07,40,221,Valleruela de Sepúlveda,VALLERUELA DE SEPULVEDA,,,,
07,40,214,Valseca,VALSECA,,,,
07,40,215,Valtiendas,VALTIENDAS,,,,
07,40,216,Valverde del Majano,VALVERDE DEL MAJANO,,,,
07,40,222,Veganzones,VEGANZONES,,,,
07,40,223,Vegas de Matute,VEGAS DE MATUTE,,,,
07,40,224,Ventosilla y Tejadilla,VENTOSILLA Y TEJADILLA,,,,
07,40,225,Villacastín,VILLACASTIN,,,,
07,40,228,Villaverde de Íscar,VILLAVERDE DE ISCAR,,,,
07,40,229,Villaverde de Montejo,VILLAVERDE DE MONTEJO,,,,
07,40,230,Villeguillo,VILLEGUILLO,,,,
07,40,231,Yanguas de Eresma,YANGUAS DE ERESMA,,,,
07,40,233,Zarzuela del Monte,ZARZUELA DEL MONTE,,,,
07,40,234,Zarzuela del Pinar,ZARZUELA DEL PINAR,,,,
01,41,001,Aguadulce,AGUADULCE,,,,
01,41,002,Alanís,ALANIS,,,,
01,41,003,Albaida del Aljarafe,ALBAIDA DEL ALJARAFE,,,,
01,41,004,Alcalá de Guadaíra,ALCALA DE GUADAIRA,,,,
01,41,005,Alcalá del Río,ALCALA DEL RIO,,,,
01,41,006,Alcolea del Río,ALCOLEA DEL RIO,,,,
01,41,007,"Algaba, La","ALGABA, LA",,,La Algaba,LA ALGABA
01,41,008,Algámitas,ALGAMITAS,,,,
01,41,009,Almadén de la Plata,ALMADEN DE LA PLATA,,,,
01,41,010,Almensilla,ALMENSILLA,,,,
01,41,011,Arahal,ARAHAL,,,,
01,41,012,Aznalcázar,AZNALCAZAR,,,,
01,41,013,Aznalcóllar,AZNALCOLLAR,,,,
01,41,014,Badolatosa,BADOLATOSA,,,,
01,41,015,Benacazón,BENACAZON,,,,
01,41,016,Bollullos de la Mitación,BOLLULLOS DE LA MITACION,,,,
01,41,017,Bormujos,BORMUJOS,,,,
01,41,018,Brenes,BRENES,,,,
01,41,019,Burguillos,BURGUILLOS,,,,
01,41,020,"Cabezas de San Juan, Las","CABEZAS DE SAN JUAN, LAS",,,Las Cabezas de San Juan,LAS CABEZAS DE SAN JUAN
01,41,021,Camas,CAMAS,,,,
01,41,022,"Campana, La","CAMPANA, LA",,,La Campana,LA CAMPANA
01,41,023,Cantillana,CANTILLANA,,,,
01,41,901,Cañada Rosal,CAÑADA ROSAL,,,,
01,41,024,Carmona,CARMONA,,,,
01,41,025,Carrión de los Céspedes,CARRION DE LOS CESPEDES,,,,
01,41,026,Casariche,CASARICHE,,,,
01,41,027,Castilblanco de los Arroyos,CASTILBLANCO DE LOS ARROYOS,,,,
01,41,028,Castilleja de Guzmán,CASTILLEJA DE GUZMAN,,,,
01,41,029,Castilleja de la Cuesta,CASTILLEJA DE LA CUESTA,,,,
01,41,030,Castilleja del Campo,CASTILLEJA DEL CAMPO,,,,
01,41,031,"Castillo de las Guardas, El","CASTILLO DE LAS GUARDAS, EL",,,El Castillo de las Guardas,EL CASTILLO DE LAS GUARDAS
01,41,032,Cazalla de la Sierra,CAZALLA DE LA SIERRA,,,,
01,41,033,Constantina,CONSTANTINA,,,,
01,41,034,Coria del Río,CORIA DEL RIO,,,,
01,41,035,Coripe,CORIPE,,,,
01,41,036,"Coronil, El","CORONIL, EL",,,El Coronil,EL CORONIL
01,41,037,"Corrales, Los","CORRALES, LOS",,,Los Corrales,LOS CORRALES
01,41,903,"Cuervo de Sevilla, El","CUERVO DE SEVILLA, EL",,,El Cuervo de Sevilla,EL CUERVO DE SEVILLA
01,41,038,Dos Hermanas,DOS HERMANAS,,,,
01,41,039,Écija,ECIJA,,,,
01,41,040,Espartinas,ESPARTINAS,,,,
01,41,041,Estepa,ESTEPA,,,,
01,41,042,Fuentes de Andalucía,FUENTES DE ANDALUCIA,,,,
01,41,043,"Garrobo, El","GARROBO, EL",,,El Garrobo,EL GARROBO
01,41,044,Gelves,GELVES,,,,
01,41,045,Gerena,GERENA,,,,
01,41,046,Gilena,GILENA,,,,
01,41,047,Gines,GINES,,,,
01,41,048,Guadalcanal,GUADALCANAL,,,,
01,41,049,Guillena,GUILLENA,,,,
01,41,050,Herrera,HERRERA,,,,
01,41,051,Huévar del Aljarafe,HUEVAR DEL ALJARAFE,,,,
01,41,902,Isla Mayor,ISLA MAYOR,,,,
01,41,052,Lantejuela,LANTEJUELA,,,,
01,41,053,Lebrija,LEBRIJA,,,,
01,41,054,Lora de Estepa,LORA DE ESTEPA,,,,
01,41,055,Lora del Río,LORA DEL RIO,,,,
01,41,056,"Luisiana, La","LUISIANA, LA",,,La Luisiana,LA LUISIANA
01,41,057,"Madroño, El","MADROÑO, EL",,,El Madroño,EL MADROÑO
01,41,058,Mairena del Alcor,MAIRENA DEL ALCOR,,,,
01,41,059,Mairena del Aljarafe,MAIRENA DEL ALJARAFE,,,,
01,41,060,Marchena,MARCHENA,,,,
01,41,061,Marinaleda,MARINALEDA,,,,
01,41,062,Martín de la Jara,MARTIN DE LA JARA,,,,
01,41,063,"Molares, Los","MOLARES, LOS",,,Los Molares,LOS MOLARES
01,41,064,Montellano,MONTELLANO,,,,
01,41,065,Morón de la Frontera,MORON DE LA FRONTERA,,,,
01,41,066,"Navas de la Concepción, Las","NAVAS DE LA CONCEPCION, LAS",,,Las Navas de la Concepción,LAS NAVAS DE LA CONCEPCION
01,41,067,Olivares,OLIVARES,,,,
01,41,068,Osuna,OSUNA,,,,
01,41,069,"Palacios y Villafranca, Los","PALACIOS Y VILLAFRANCA, LOS",,,Los Palacios y Villafranca,LOS PALACIOS Y VILLAFRANCA
01,41,904,"Palmar de Troya, El","PALMAR DE TROYA, EL",,,El Palmar de Troya,EL PALMAR DE TROYA
01,41,070,Palomares del Río,PALOMARES DEL RIO,,,,
01,41,071,Paradas,PARADAS,,,,
01,41,072,Pedrera,PEDRERA,,,,
01,41,073,"Pedroso, El","PEDROSO, EL",,,El Pedroso,EL PEDROSO
01,41,074,Peñaflor,PEÑAFLOR,,,,
01,41,075,Pilas,PILAS,,,,
01,41,076,Pruna,PRUNA,,,,
01,41,077,"Puebla de Cazalla, La","PUEBLA DE CAZALLA, LA",,,La Puebla de Cazalla,LA PUEBLA DE CAZALLA
01,41,078,"Puebla de los Infantes, La","PUEBLA DE LOS INFANTES, LA",,,La Puebla de los Infantes,LA PUEBLA DE LOS INFANTES
01,41,079,"Puebla del Río, La","PUEBLA DEL RIO, LA",,,La Puebla del Río,LA PUEBLA DEL RIO
01,41,080,"Real de la Jara, El","REAL DE LA JARA, EL",,,El Real de la Jara,EL REAL DE LA JARA
01,41,081,"Rinconada, La","RINCONADA, LA",,,La Rinconada,LA RINCONADA
01,41,082,"Roda de Andalucía, La","RODA DE ANDALUCIA, LA",,,La Roda de Andalucía,LA RODA DE ANDALUCIA
01,41,083,"Ronquillo, El","RONQUILLO, EL",,,El Ronquillo,EL RONQUILLO
01,41,084,"Rubio, El","RUBIO, EL",,,El Rubio,EL RUBIO
01,41,085,Salteras,SALTERAS,,,,
01,41,086,San Juan de Aznalfarache,SAN JUAN DE AZNALFARACHE,,,,
01,41,088,San Nicolás del Puerto,SAN NICOLAS DEL PUERTO,,,,
01,41,087,Sanlúcar la Mayor,SANLUCAR LA MAYOR,,,,
01,41,089,Santiponce,SANTIPONCE,,,,
01,41,090,"Saucejo, El","SAUCEJO, EL",,,El Saucejo,EL SAUCEJO
01,41,091,Sevilla,SEVILLA,,,,
01,41,092,Tocina,TOCINA,,,,
01,41,093,Tomares,TOMARES,,,,
01,41,094,Umbrete,UMBRETE,,,,
01,41,095,Utrera,UTRERA,,,,
01,41,096,Valencina de la Concepción,VALENCINA DE LA CONCEPCION,,,,
01,41,097,Villamanrique de la Condesa,VILLAMANRIQUE DE LA CONDESA,,,,
01,41,100,Villanueva de San Juan,VILLANUEVA DE SAN JUAN,,,,
01,41,098,Villanueva del Ariscal,VILLANUEVA DEL ARISCAL,,,,
01,41,099,Villanueva del Río y Minas,VILLANUEVA DEL RIO Y MINAS,,,,
01,41,101,Villaverde del Río,VILLAVERDE DEL RIO,,,,
01,41,102,"Viso del Alcor, El","VISO DEL ALCOR, EL",,,El Viso del Alcor,EL VISO DEL ALCOR
07,42,001,Abejar,ABEJAR,,,,
07,42,003,Adradas,ADRADAS,,,,
07,42,004,Ágreda,AGREDA,,,,
07,42,006,Alconaba,ALCONABA,,,,
07,42,007,Alcubilla de Avellaneda,ALCUBILLA DE AVELLANEDA,,,,
07,42,008,Alcubilla de las Peñas,ALCUBILLA DE LAS PEÑAS,,,,
07,42,009,Aldealafuente,ALDEALAFUENTE,,,,
07,42,010,Aldealices,ALDEALICES,,,,
07,42,011,Aldealpozo,ALDEALPOZO,,,,
07,42,012,Aldealseñor,ALDEALSEÑOR,,,,
07,42,013,Aldehuela de Periáñez,ALDEHUELA DE PERIAÑEZ,,,,
07,42,014,"Aldehuelas, Las","ALDEHUELAS, LAS",,,Las Aldehuelas,LAS ALDEHUELAS
07,42,015,Alentisque,ALENTISQUE,,,,
07,42,016,Aliud,ALIUD,,,,
07,42,017,Almajano,ALMAJANO,,,,
07,42,018,Almaluez,ALMALUEZ,,,,
07,42,019,Almarza,ALMARZA,,,,
07,42,020,Almazán,ALMAZAN,,,,
07,42,021,Almazul,ALMAZUL,,,,
07,42,022,Almenar de Soria,ALMENAR DE SORIA,,,,
07,42,023,Alpanseque,ALPANSEQUE,,,,
07,42,024,Arancón,ARANCON,,,,
07,42,025,Arcos de Jalón,ARCOS DE JALON,,,,
07,42,026,Arenillas,ARENILLAS,,,,
07,42,027,Arévalo de la Sierra,AREVALO DE LA SIERRA,,,,
07,42,028,Ausejo de la Sierra,AUSEJO DE LA SIERRA,,,,
07,42,029,Baraona,BARAONA,,,,
07,42,030,Barca,BARCA,,,,
07,42,031,Barcones,BARCONES,,,,
07,42,032,Bayubas de Abajo,BAYUBAS DE ABAJO,,,,
07,42,033,Bayubas de Arriba,BAYUBAS DE ARRIBA,,,,
07,42,034,Beratón,BERATON,,,,
07,42,035,Berlanga de Duero,BERLANGA DE DUERO,,,,
07,42,036,Blacos,BLACOS,,,,
07,42,037,Bliecos,BLIECOS,,,,
07,42,038,Borjabad,BORJABAD,,,,
07,42,039,Borobia,BOROBIA,,,,
07,42,041,Buberos,BUBEROS,,,,
07,42,042,Buitrago,BUITRAGO,,,,
07,42,043,Burgo de Osma-Ciudad de Osma,BURGO DE OSMA-CIUDAD DE OSMA,,,,
07,42,044,Cabrejas del Campo,CABREJAS DEL CAMPO,,,,
07,42,045,Cabrejas del Pinar,CABREJAS DEL PINAR,,,,
07,42,046,Calatañazor,CALATAÑAZOR,,,,
07,42,048,Caltojar,CALTOJAR,,,,
07,42,049,Candilichera,CANDILICHERA,,,,
07,42,050,Cañamaque,CAÑAMAQUE,,,,
07,42,051,Carabantes,CARABANTES,,,,
07,42,052,Caracena,CARACENA,,,,
07,42,053,Carrascosa de Abajo,CARRASCOSA DE ABAJO,,,,
07,42,054,Carrascosa de la Sierra,CARRASCOSA DE LA SIERRA,,,,
07,42,055,Casarejos,CASAREJOS,,,,
07,42,056,Castilfrío de la Sierra,CASTILFRIO DE LA SIERRA,,,,
07,42,058,Castillejo de Robledo,CASTILLEJO DE ROBLEDO,,,,
07,42,057,Castilruiz,CASTILRUIZ,,,,
07,42,059,Centenera de Andaluz,CENTENERA DE ANDALUZ,,,,
07,42,060,Cerbón,CERBON,,,,
07,42,061,Cidones,CIDONES,,,,
07,42,062,Cigudosa,CIGUDOSA,,,,
07,42,063,Cihuela,CIHUELA,,,,
07,42,064,Ciria,CIRIA,,,,
07,42,065,Cirujales del Río,CIRUJALES DEL RIO,,,,
07,42,068,Coscurita,COSCURITA,,,,
07,42,069,Covaleda,COVALEDA,,,,
07,42,070,Cubilla,CUBILLA,,,,
07,42,071,Cubo de la Solana,CUBO DE LA SOLANA,,,,
07,42,073,Cueva de Ágreda,CUEVA DE AGREDA,,,,
07,42,075,Dévanos,DEVANOS,,,,
07,42,076,Deza,DEZA,,,,
07,42,078,Duruelo de la Sierra,DURUELO DE LA SIERRA,,,,
07,42,079,Escobosa de Almazán,ESCOBOSA DE ALMAZAN,,,,
07,42,080,Espeja de San Marcelino,ESPEJA DE SAN MARCELINO,,,,
07,42,081,Espejón,ESPEJON,,,,
07,42,082,Estepa de San Juan,ESTEPA DE SAN JUAN,,,,
07,42,083,Frechilla de Almazán,FRECHILLA DE ALMAZAN,,,,
07,42,084,Fresno de Caracena,FRESNO DE CARACENA,,,,
07,42,085,Fuentearmegil,FUENTEARMEGIL,,,,
07,42,086,Fuentecambrón,FUENTECAMBRON,,,,
07,42,087,Fuentecantos,FUENTECANTOS,,,,
07,42,088,Fuentelmonge,FUENTELMONGE,,,,
07,42,089,Fuentelsaz de Soria,FUENTELSAZ DE SORIA,,,,
07,42,090,Fuentepinilla,FUENTEPINILLA,,,,
07,42,092,Fuentes de Magaña,FUENTES DE MAGAÑA,,,,
07,42,093,Fuentestrún,FUENTESTRUN,,,,
07,42,094,Garray,GARRAY,,,,
07,42,095,Golmayo,GOLMAYO,,,,
07,42,096,Gómara,GOMARA,,,,
07,42,097,Gormaz,GORMAZ,,,,
07,42,098,Herrera de Soria,HERRERA DE SORIA,,,,
07,42,100,Hinojosa del Campo,HINOJOSA DEL CAMPO,,,,
07,42,103,Langa de Duero,LANGA DE DUERO,,,,
07,42,105,Liceras,LICERAS,,,,
07,42,106,"Losilla, La","LOSILLA, LA",,,La Losilla,LA LOSILLA
07,42,107,Magaña,MAGAÑA,,,,
07,42,108,Maján,MAJAN,,,,
07,42,110,Matalebreras,MATALEBRERAS,,,,
07,42,111,Matamala de Almazán,MATAMALA DE ALMAZAN,,,,
07,42,113,Medinaceli,MEDINACELI,,,,
07,42,115,Miño de Medinaceli,MIÑO DE MEDINACELI,,,,
07,42,116,Miño de San Esteban,MIÑO DE SAN ESTEBAN,,,,
07,42,117,Molinos de Duero,MOLINOS DE DUERO,,,,
07,42,118,Momblona,MOMBLONA,,,,
07,42,119,Monteagudo de las Vicarías,MONTEAGUDO DE LAS VICARIAS,,,,
07,42,120,Montejo de Tiermes,MONTEJO DE TIERMES,,,,
07,42,121,Montenegro de Cameros,MONTENEGRO DE CAMEROS,,,,
07,42,123,Morón de Almazán,MORON DE ALMAZAN,,,,
07,42,124,Muriel de la Fuente,MURIEL DE LA FUENTE,,,,
07,42,125,Muriel Viejo,MURIEL VIEJO,,,,
07,42,127,Nafría de Ucero,NAFRIA DE UCERO,,,,
07,42,128,Narros,NARROS,,,,
07,42,129,Navaleno,NAVALENO,,,,
07,42,130,Nepas,NEPAS,,,,
07,42,131,Nolay,NOLAY,,,,
07,42,132,Noviercas,NOVIERCAS,,,,
07,42,134,Ólvega,OLVEGA,,,,
07,42,135,Oncala,ONCALA,,,,
07,42,139,Pinilla del Campo,PINILLA DEL CAMPO,,,,
07,42,140,Portillo de Soria,PORTILLO DE SORIA,,,,
07,42,141,"Póveda de Soria, La","POVEDA DE SORIA, LA",,,La Póveda de Soria,LA POVEDA DE SORIA
07,42,142,Pozalmuro,POZALMURO,,,,
07,42,144,Quintana Redonda,QUINTANA REDONDA,,,,
07,42,145,Quintanas de Gormaz,QUINTANAS DE GORMAZ,,,,
07,42,148,Quiñonería,QUIÑONERIA,,,,
07,42,149,"Rábanos, Los","RABANOS, LOS",,,Los Rábanos,LOS RABANOS
07,42,151,Rebollar,REBOLLAR,,,,
07,42,152,Recuerda,RECUERDA,,,,
07,42,153,Rello,RELLO,,,,
07,42,154,Renieblas,RENIEBLAS,,,,
07,42,155,Retortillo de Soria,RETORTILLO DE SORIA,,,,
07,42,156,Reznos,REZNOS,,,,
07,42,157,"Riba de Escalote, La","RIBA DE ESCALOTE, LA",,,La Riba de Escalote,LA RIBA DE ESCALOTE
07,42,158,Rioseco de Soria,RIOSECO DE SORIA,,,,
07,42,159,Rollamienta,ROLLAMIENTA,,,,
07,42,160,"Royo, El","ROYO, EL",,,El Royo,EL ROYO
07,42,161,Salduero,SALDUERO,,,,
07,42,162,San Esteban de Gormaz,SAN ESTEBAN DE GORMAZ,,,,
07,42,163,San Felices,SAN FELICES,,,,
07,42,164,San Leonardo de Yagüe,SAN LEONARDO DE YAGUE,,,,
07,42,165,San Pedro Manrique,SAN PEDRO MANRIQUE,,,,
07,42,166,Santa Cruz de Yanguas,SANTA CRUZ DE YANGUAS,,,,
07,42,167,Santa María de Huerta,SANTA MARIA DE HUERTA,,,,
07,42,168,Santa María de las Hoyas,SANTA MARIA DE LAS HOYAS,,,,
07,42,171,Serón de Nágima,SERON DE NAGIMA,,,,
07,42,172,Soliedra,SOLIEDRA,,,,
07,42,173,Soria,SORIA,,,,
07,42,174,Sotillo del Rincón,SOTILLO DEL RINCON,,,,
07,42,175,Suellacabras,SUELLACABRAS,,,,
07,42,176,Tajahuerce,TAJAHUERCE,,,,
07,42,177,Tajueco,TAJUECO,,,,
07,42,178,Talveila,TALVEILA,,,,
07,42,181,Tardelcuende,TARDELCUENDE,,,,
07,42,182,Taroda,TARODA,,,,
07,42,183,Tejado,TEJADO,,,,
07,42,184,Torlengua,TORLENGUA,,,,
07,42,185,Torreblacos,TORREBLACOS,,,,
07,42,187,Torrubia de Soria,TORRUBIA DE SORIA,,,,
07,42,188,Trévago,TREVAGO,,,,
07,42,189,Ucero,UCERO,,,,
07,42,190,Vadillo,VADILLO,,,,
07,42,191,Valdeavellano de Tera,VALDEAVELLANO DE TERA,,,,
07,42,192,Valdegeña,VALDEGEÑA,,,,
07,42,193,Valdelagua del Cerro,VALDELAGUA DEL CERRO,,,,
07,42,194,Valdemaluque,VALDEMALUQUE,,,,
07,42,195,Valdenebro,VALDENEBRO,,,,
07,42,196,Valdeprado,VALDEPRADO,,,,
07,42,197,Valderrodilla,VALDERRODILLA,,,,
07,42,198,Valtajeros,VALTAJEROS,,,,
07,42,200,Velamazán,VELAMAZAN,,,,
07,42,201,Velilla de la Sierra,VELILLA DE LA SIERRA,,,,
07,42,202,Velilla de los Ajos,VELILLA DE LOS AJOS,,,,
07,42,204,Viana de Duero,VIANA DE DUERO,,,,
07,42,205,Villaciervos,VILLACIERVOS,,,,
07,42,206,Villanueva de Gormaz,VILLANUEVA DE GORMAZ,,,,
07,42,207,Villar del Ala,VILLAR DEL ALA,,,,
07,42,208,Villar del Campo,VILLAR DEL CAMPO,,,,
07,42,209,Villar del Río,VILLAR DEL RIO,,,,
07,42,211,"Villares de Soria, Los","VILLARES DE SORIA, LOS",,,Los Villares de Soria,LOS VILLARES DE SORIA
07,42,212,Villasayas,VILLASAYAS,,,,
07,42,213,Villaseca de Arciel,VILLASECA DE ARCIEL,,,,
07,42,215,Vinuesa,VINUESA,,,,
07,42,216,Vizmanos,VIZMANOS,,,,
07,42,217,Vozmediano,VOZMEDIANO,,,,
07,42,218,Yanguas,YANGUAS,,,,
07,42,219,Yelo,YELO,,,,
09,43,001,Aiguamúrcia,AIGUAMURCIA,,,,
09,43,002,Albinyana,ALBINYANA,,,,
09,43,003,"Albiol, L'","ALBIOL, L'",,,L' Albiol,L' ALBIOL
09,43,004,Alcanar,ALCANAR,,,,
09,43,005,Alcover,ALCOVER,,,,
09,43,904,"Aldea, L'","ALDEA, L'",,,L' Aldea,L' ALDEA
09,43,006,Aldover,ALDOVER,,,,
09,43,007,"Aleixar, L'","ALEIXAR, L'",,,L' Aleixar,L' ALEIXAR
09,43,008,Alfara de Carles,ALFARA DE CARLES,,,,
09,43,009,Alforja,ALFORJA,,,,
09,43,010,Alió,ALIO,,,,
09,43,011,Almoster,ALMOSTER,,,,
09,43,012,Altafulla,ALTAFULLA,,,,
09,43,013,"Ametlla de Mar, L'","AMETLLA DE MAR, L'",,,L' Ametlla de Mar,L' AMETLLA DE MAR
09,43,906,"Ampolla, L'","AMPOLLA, L'",,,L' Ampolla,L' AMPOLLA
09,43,014,Amposta,AMPOSTA,,,,
09,43,016,"Arboç, L'","ARBOÇ, L'",,,L' Arboç,L' ARBOÇ
09,43,015,Arbolí,ARBOLI,,,,
09,43,017,"Argentera, L'","ARGENTERA, L'",,,L' Argentera,L' ARGENTERA
09,43,018,Arnes,ARNES,,,,
09,43,019,Ascó,ASCO,,,,
09,43,020,Banyeres del Penedès,BANYERES DEL PENEDES,,,,
09,43,021,Barberà de la Conca,BARBERA DE LA CONCA,,,,
09,43,022,Batea,BATEA,,,,
09,43,023,Bellmunt del Priorat,BELLMUNT DEL PRIORAT,,,,
09,43,024,Bellvei,BELLVEI,,,,
09,43,025,Benifallet,BENIFALLET,,,,
09,43,026,Benissanet,BENISSANET,,,,
09,43,027,"Bisbal de Falset, La","BISBAL DE FALSET, LA",,,La Bisbal de Falset,LA BISBAL DE FALSET
09,43,028,"Bisbal del Penedès, La","BISBAL DEL PENEDES, LA",,,La Bisbal del Penedès,LA BISBAL DEL PENEDES
09,43,029,Blancafort,BLANCAFORT,,,,
09,43,030,Bonastre,BONASTRE,,,,
09,43,031,"Borges del Camp, Les","BORGES DEL CAMP, LES",,,Les Borges del Camp,LES BORGES DEL CAMP
09,43,032,Bot,BOT,,,,
09,43,033,Botarell,BOTARELL,,,,
09,43,034,Bràfim,BRAFIM,,,,
09,43,035,Cabacés,CABACES,,,,
09,43,036,Cabra del Camp,CABRA DEL CAMP,,,,
09,43,037,Calafell,CALAFELL,,,,
09,43,903,Camarles,CAMARLES,,,,
09,43,038,Cambrils,CAMBRILS,,,,
09,43,907,"Canonja, La","CANONJA, LA",,,La Canonja,LA CANONJA
09,43,039,Capafonts,CAPAFONTS,,,,
09,43,040,Capçanes,CAPÇANES,,,,
09,43,041,Caseres,CASERES,,,,
09,43,042,Castellvell del Camp,CASTELLVELL DEL CAMP,,,,
09,43,043,"Catllar, El","CATLLAR, EL",,,El Catllar,EL CATLLAR
09,43,045,Colldejou,COLLDEJOU,,,,
09,43,046,Conesa,CONESA,,,,
09,43,047,Constantí,CONSTANTI,,,,
09,43,048,Corbera d'Ebre,CORBERA D'EBRE,,,,
09,43,049,Cornudella de Montsant,CORNUDELLA DE MONTSANT,,,,
09,43,050,Creixell,CREIXELL,,,,
09,43,051,Cunit,CUNIT,,,,
09,43,901,Deltebre,DELTEBRE,,,,
09,43,053,Duesaigües,DUESAIGUES,,,,
09,43,054,"Espluga de Francolí, L'","ESPLUGA DE FRANCOLI, L'",,,L' Espluga de Francolí,L' ESPLUGA DE FRANCOLI
09,43,055,Falset,FALSET,,,,
09,43,056,"Fatarella, La","FATARELLA, LA",,,La Fatarella,LA FATARELLA
09,43,057,"Febró, La","FEBRO, LA",,,La Febró,LA FEBRO
09,43,058,"Figuera, La","FIGUERA, LA",,,La Figuera,LA FIGUERA
09,43,059,Figuerola del Camp,FIGUEROLA DEL CAMP,,,,
09,43,060,Flix,FLIX,,,,
09,43,061,Forès,FORES,,,,
09,43,062,Freginals,FREGINALS,,,,
09,43,063,"Galera, La","GALERA, LA",,,La Galera,LA GALERA
09,43,064,Gandesa,GANDESA,,,,
09,43,065,Garcia,GARCIA,,,,
09,43,066,"Garidells, Els","GARIDELLS, ELS",,,Els Garidells,ELS GARIDELLS
09,43,067,Ginestar,GINESTAR,,,,
09,43,068,Godall,GODALL,,,,
09,43,069,Gratallops,GRATALLOPS,,,,
09,43,070,"Guiamets, Els","GUIAMETS, ELS",,,Els Guiamets,ELS GUIAMETS
09,43,071,Horta de Sant Joan,HORTA DE SANT JOAN,,,,
09,43,072,"Lloar, El","LLOAR, EL",,,El Lloar,EL LLOAR
09,43,073,Llorac,LLORAC,,,,
09,43,074,Llorenç del Penedès,LLORENÇ DEL PENEDES,,,,
09,43,076,Marçà,MARÇA,,,,
09,43,075,Margalef,MARGALEF,,,,
09,43,077,Mas de Barberans,MAS DE BARBERANS,,,,
09,43,078,Masdenverge,MASDENVERGE,,,,
09,43,079,Masllorenç,MASLLORENÇ,,,,
09,43,080,"Masó, La","MASO, LA",,,La Masó,LA MASO
09,43,081,Maspujols,MASPUJOLS,,,,
09,43,082,"Masroig, El","MASROIG, EL",,,El Masroig,EL MASROIG
09,43,083,"Milà, El","MILA, EL",,,El Milà,EL MILA
09,43,084,Miravet,MIRAVET,,,,
09,43,085,"Molar, El","MOLAR, EL",,,El Molar,EL MOLAR
09,43,086,Montblanc,MONTBLANC,,,,
09,43,088,Montbrió del Camp,MONTBRIO DEL CAMP,,,,
09,43,089,Montferri,MONTFERRI,,,,
09,43,090,"Montmell, El","MONTMELL, EL",,,El Montmell,EL MONTMELL
09,43,091,Mont-ral,MONT-RAL,,,,
09,43,092,Mont-roig del Camp,MONT-ROIG DEL CAMP,,,,
09,43,093,Móra d'Ebre,MORA D'EBRE,,,,
09,43,094,Móra la Nova,MORA LA NOVA,,,,
09,43,095,"Morell, El","MORELL, EL",,,El Morell,EL MORELL
09,43,096,"Morera de Montsant, La","MORERA DE MONTSANT, LA",,,La Morera de Montsant,LA MORERA DE MONTSANT
09,43,097,"Nou de Gaià, La","NOU DE GAIA, LA",,,La Nou de Gaià,LA NOU DE GAIA
09,43,098,Nulles,NULLES,,,,
09,43,100,"Pallaresos, Els","PALLARESOS, ELS",,,Els Pallaresos,ELS PALLARESOS
09,43,099,"Palma d'Ebre, La","PALMA D'EBRE, LA",,,La Palma d'Ebre,LA PALMA D'EBRE
09,43,101,Passanant i Belltall,PASSANANT I BELLTALL,,,,
09,43,102,Paüls,PAULS,,,,
09,43,103,Perafort,PERAFORT,,,,
09,43,104,"Perelló, El","PERELLO, EL",,,El Perelló,EL PERELLO
09,43,105,"Piles, Les","PILES, LES",,,Les Piles,LES PILES
09,43,106,"Pinell de Brai, El","PINELL DE BRAI, EL",,,El Pinell de Brai,EL PINELL DE BRAI
09,43,107,Pira,PIRA,,,,
09,43,108,"Pla de Santa Maria, El","PLA DE SANTA MARIA, EL",,,El Pla de Santa Maria,EL PLA DE SANTA MARIA
09,43,109,"Pobla de Mafumet, La","POBLA DE MAFUMET, LA",,,La Pobla de Mafumet,LA POBLA DE MAFUMET
09,43,110,"Pobla de Massaluca, La","POBLA DE MASSALUCA, LA",,,La Pobla de Massaluca,LA POBLA DE MASSALUCA
09,43,111,"Pobla de Montornès, La","POBLA DE MONTORNES, LA",,,La Pobla de Montornès,LA POBLA DE MONTORNES
09,43,112,Poboleda,POBOLEDA,,,,
09,43,113,"Pont d'Armentera, El","PONT D'ARMENTERA, EL",,,El Pont d'Armentera,EL PONT D'ARMENTERA
09,43,141,Pontils,PONTILS,,,,
09,43,114,Porrera,PORRERA,,,,
09,43,115,Pradell de la Teixeta,PRADELL DE LA TEIXETA,,,,
09,43,116,Prades,PRADES,,,,
09,43,117,Prat de Comte,PRAT DE COMTE,,,,
09,43,118,Pratdip,PRATDIP,,,,
09,43,119,Puigpelat,PUIGPELAT,,,,
09,43,120,Querol,QUEROL,,,,
09,43,121,Rasquera,RASQUERA,,,,
09,43,122,Renau,RENAU,,,,
09,43,123,Reus,REUS,,,,
09,43,124,"Riba, La","RIBA, LA",,,La Riba,LA RIBA
09,43,125,Riba-roja d'Ebre,RIBA-ROJA D'EBRE,,,,
09,43,126,"Riera de Gaià, La","RIERA DE GAIA, LA",,,La Riera de Gaià,LA RIERA DE GAIA
09,43,127,Riudecanyes,RIUDECANYES,,,,
09,43,128,Riudecols,RIUDECOLS,,,,
09,43,129,Riudoms,RIUDOMS,,,,
09,43,130,Rocafort de Queralt,ROCAFORT DE QUERALT,,,,
09,43,131,Roda de Berà,RODA DE BERA,,,,
09,43,132,Rodonyà,RODONYA,,,,
09,43,133,Roquetes,ROQUETES,,,,
09,43,134,"Rourell, El","ROURELL, EL",,,El Rourell,EL ROURELL
09,43,135,Salomó,SALOMO,,,,
09,43,905,Salou,SALOU,,,,
09,43,136,Sant Carles de la Ràpita,SANT CARLES DE LA RAPITA,,,,
09,43,137,Sant Jaume dels Domenys,SANT JAUME DELS DOMENYS,,,,
09,43,902,Sant Jaume d'Enveja,SANT JAUME D'ENVEJA,,,,
09,43,138,Santa Bàrbara,SANTA BARBARA,,,,
09,43,139,Santa Coloma de Queralt,SANTA COLOMA DE QUERALT,,,,
09,43,140,Santa Oliva,SANTA OLIVA,,,,
09,43,142,Sarral,SARRAL,,,,
09,43,143,Savallà del Comtat,SAVALLA DEL COMTAT,,,,
09,43,144,"Secuita, La","SECUITA, LA",,,La Secuita,LA SECUITA
09,43,145,"Selva del Camp, La","SELVA DEL CAMP, LA",,,La Selva del Camp,LA SELVA DEL CAMP
09,43,146,Senan,SENAN,,,,
09,43,044,"Sénia, La","SENIA, LA",,,La Sénia,LA SENIA
09,43,147,Solivella,SOLIVELLA,,,,
09,43,148,Tarragona,TARRAGONA,,,,
09,43,149,Tivenys,TIVENYS,,,,
09,43,150,Tivissa,TIVISSA,,,,
09,43,151,"Torre de Fontaubella, La","TORRE DE FONTAUBELLA, LA",,,La Torre de Fontaubella,LA TORRE DE FONTAUBELLA
09,43,152,"Torre de l'Espanyol, La","TORRE DE L'ESPANYOL, LA",,,La Torre de l'Espanyol,LA TORRE DE L'ESPANYOL
09,43,153,Torredembarra,TORREDEMBARRA,,,,
09,43,154,Torroja del Priorat,TORROJA DEL PRIORAT,,,,
09,43,155,Tortosa,TORTOSA,,,,
09,43,156,Ulldecona,ULLDECONA,,,,
09,43,157,Ulldemolins,ULLDEMOLINS,,,,
09,43,158,Vallclara,VALLCLARA,,,,
09,43,159,Vallfogona de Riucorb,VALLFOGONA DE RIUCORB,,,,
09,43,160,Vallmoll,VALLMOLL,,,,
09,43,161,Valls,VALLS,,,,
09,43,162,Vandellòs i l'Hospitalet de l'Infant,VANDELLOS I L'HOSPITALET DE L'INFANT,,,,
09,43,163,"Vendrell, El","VENDRELL, EL",,,El Vendrell,EL VENDRELL
09,43,164,Vespella de Gaià,VESPELLA DE GAIA,,,,
09,43,165,Vilabella,VILABELLA,,,,
09,43,175,Vilalba dels Arcs,VILALBA DELS ARCS,,,,
09,43,166,Vilallonga del Camp,VILALLONGA DEL CAMP,,,,
09,43,168,Vilanova de Prades,VILANOVA DE PRADES,,,,
09,43,167,Vilanova d'Escornalbou,VILANOVA D'ESCORNALBOU,,,,
09,43,169,Vilaplana,VILAPLANA,,,,
09,43,170,Vila-rodona,VILA-RODONA,,,,
09,43,171,Vila-seca,VILA-SECA,,,,
09,43,172,Vilaverd,VILAVERD,,,,
09,43,173,"Vilella Alta, La","VILELLA ALTA, LA",,,La Vilella Alta,LA VILELLA ALTA
09,43,174,"Vilella Baixa, La","VILELLA BAIXA, LA",,,La Vilella Baixa,LA VILELLA BAIXA
09,43,176,Vimbodí i Poblet,VIMBODI I POBLET,,,,
09,43,177,Vinebre,VINEBRE,,,,
09,43,178,Vinyols i els Arcs,VINYOLS I ELS ARCS,,,,
09,43,052,Xerta,XERTA,,,,
02,44,001,Ababuj,ABABUJ,,,,
02,44,002,Abejuela,ABEJUELA,,,,
02,44,003,Aguatón,AGUATON,,,,
02,44,004,Aguaviva,AGUAVIVA,,,,
02,44,005,Aguilar del Alfambra,AGUILAR DEL ALFAMBRA,,,,
02,44,006,Alacón,ALACON,,,,
02,44,007,Alba,ALBA,,,,
02,44,008,Albalate del Arzobispo,ALBALATE DEL ARZOBISPO,,,,
02,44,009,Albarracín,ALBARRACIN,,,,
02,44,010,Albentosa,ALBENTOSA,,,,
02,44,011,Alcaine,ALCAINE,,,,
02,44,012,Alcalá de la Selva,ALCALA DE LA SELVA,,,,
02,44,013,Alcañiz,ALCAÑIZ,,,,
02,44,014,Alcorisa,ALCORISA,,,,
02,44,016,Alfambra,ALFAMBRA,,,,
02,44,017,Aliaga,ALIAGA,,,,
02,44,021,Allepuz,ALLEPUZ,,,,
02,44,022,Alloza,ALLOZA,,,,
02,44,023,Allueva,ALLUEVA,,,,
02,44,018,Almohaja,ALMOHAJA,,,,
02,44,019,Alobras,ALOBRAS,,,,
02,44,020,Alpeñés,ALPEÑES,,,,
02,44,024,Anadón,ANADON,,,,
02,44,025,Andorra,ANDORRA,,,,
02,44,026,Arcos de las Salinas,ARCOS DE LAS SALINAS,,,,
02,44,027,Arens de Lledó,ARENS DE LLEDO,,,,
02,44,028,Argente,ARGENTE,,,,
02,44,029,Ariño,ARIÑO,,,,
02,44,031,Azaila,AZAILA,,,,
02,44,032,Bádenas,BADENAS,,,,
02,44,033,Báguena,BAGUENA,,,,
02,44,034,Bañón,BAÑON,,,,
02,44,035,Barrachina,BARRACHINA,,,,
02,44,036,Bea,BEA,,,,
02,44,037,Beceite,BECEITE,,,,
02,44,039,Bello,BELLO,,,,
02,44,038,Belmonte de San José,BELMONTE DE SAN JOSE,,,,
02,44,040,Berge,BERGE,,,,
02,44,041,Bezas,BEZAS,,,,
02,44,042,Blancas,BLANCAS,,,,
02,44,043,Blesa,BLESA,,,,
02,44,044,Bordón,BORDON,,,,
02,44,045,Bronchales,BRONCHALES,,,,
02,44,046,Bueña,BUEÑA,,,,
02,44,047,Burbáguena,BURBAGUENA,,,,
02,44,048,Cabra de Mora,CABRA DE MORA,,,,
02,44,049,Calaceite,CALACEITE,,,,
02,44,050,Calamocha,CALAMOCHA,,,,
02,44,051,Calanda,CALANDA,,,,
02,44,052,Calomarde,CALOMARDE,,,,
02,44,053,Camañas,CAMAÑAS,,,,
02,44,054,Camarena de la Sierra,CAMARENA DE LA SIERRA,,,,
02,44,055,Camarillas,CAMARILLAS,,,,
02,44,056,Caminreal,CAMINREAL,,,,
02,44,059,Cantavieja,CANTAVIEJA,,,,
02,44,060,Cañada de Benatanduz,CAÑADA DE BENATANDUZ,,,,
02,44,061,"Cañada de Verich, La","CAÑADA DE VERICH, LA",,,La Cañada de Verich,LA CAÑADA DE VERICH
02,44,062,Cañada Vellida,CAÑADA VELLIDA,,,,
02,44,063,Cañizar del Olivar,CAÑIZAR DEL OLIVAR,,,,
02,44,064,Cascante del Río,CASCANTE DEL RIO,,,,
02,44,065,Castejón de Tornos,CASTEJON DE TORNOS,,,,
02,44,066,Castel de Cabra,CASTEL DE CABRA,,,,
02,44,070,"Castellar, El","CASTELLAR, EL",,,El Castellar,EL CASTELLAR
02,44,071,Castellote,CASTELLOTE,,,,
02,44,067,Castelnou,CASTELNOU,,,,
02,44,068,Castelserás,CASTELSERAS,,,,
02,44,074,Cedrillas,CEDRILLAS,,,,
02,44,075,Celadas,CELADAS,,,,
02,44,076,Cella,CELLA,,,,
02,44,077,"Cerollera, La","CEROLLERA, LA",,,La Cerollera,LA CEROLLERA
02,44,080,"Codoñera, La","CODOÑERA, LA",,,La Codoñera,LA CODOÑERA
02,44,082,Corbalán,CORBALAN,,,,
02,44,084,Cortes de Aragón,CORTES DE ARAGON,,,,
02,44,085,Cosa,COSA,,,,
02,44,086,Cretas,CRETAS,,,,
02,44,087,Crivillén,CRIVILLEN,,,,
02,44,088,"Cuba, La","CUBA, LA",,,La Cuba,LA CUBA
02,44,089,Cubla,CUBLA,,,,
02,44,090,Cucalón,CUCALON,,,,
02,44,092,"Cuervo, El","CUERVO, EL",,,El Cuervo,EL CUERVO
02,44,093,Cuevas de Almudén,CUEVAS DE ALMUDEN,,,,
02,44,094,Cuevas Labradas,CUEVAS LABRADAS,,,,
02,44,096,Ejulve,EJULVE,,,,
02,44,097,Escorihuela,ESCORIHUELA,,,,
02,44,099,Escucha,ESCUCHA,,,,
02,44,100,Estercuel,ESTERCUEL,,,,
02,44,101,Ferreruela de Huerva,FERRERUELA DE HUERVA,,,,
02,44,102,Fonfría,FONFRIA,,,,
02,44,103,Formiche Alto,FORMICHE ALTO,,,,
02,44,105,Fórnoles,FORNOLES,,,,
02,44,106,Fortanete,FORTANETE,,,,
02,44,107,Foz-Calanda,FOZ-CALANDA,,,,
02,44,108,"Fresneda, La","FRESNEDA, LA",,,La Fresneda,LA FRESNEDA
02,44,109,Frías de Albarracín,FRIAS DE ALBARRACIN,,,,
02,44,110,Fuenferrada,FUENFERRADA,,,,
02,44,111,Fuentes Calientes,FUENTES CALIENTES,,,,
02,44,112,Fuentes Claras,FUENTES CLARAS,,,,
02,44,113,Fuentes de Rubielos,FUENTES DE RUBIELOS,,,,
02,44,114,Fuentespalda,FUENTESPALDA,,,,
02,44,115,Galve,GALVE,,,,
02,44,116,Gargallo,GARGALLO,,,,
02,44,117,Gea de Albarracín,GEA DE ALBARRACIN,,,,
02,44,118,"Ginebrosa, La","GINEBROSA, LA",,,La Ginebrosa,LA GINEBROSA
02,44,119,Griegos,GRIEGOS,,,,
02,44,120,Guadalaviar,GUADALAVIAR,,,,
02,44,121,Gúdar,GUDAR,,,,
02,44,122,Híjar,HIJAR,,,,
02,44,123,Hinojosa de Jarque,HINOJOSA DE JARQUE,,,,
02,44,124,"Hoz de la Vieja, La","HOZ DE LA VIEJA, LA",,,La Hoz de la Vieja,LA HOZ DE LA VIEJA
02,44,125,Huesa del Común,HUESA DEL COMUN,,,,
02,44,126,"Iglesuela del Cid, La","IGLESUELA DEL CID, LA",,,La Iglesuela del Cid,LA IGLESUELA DEL CID
02,44,127,Jabaloyas,JABALOYAS,,,,
02,44,128,Jarque de la Val,JARQUE DE LA VAL,,,,
02,44,129,Jatiel,JATIEL,,,,
02,44,130,Jorcas,JORCAS,,,,
02,44,131,Josa,JOSA,,,,
02,44,132,Lagueruela,LAGUERUELA,,,,
02,44,133,Lanzuela,LANZUELA,,,,
02,44,135,Libros,LIBROS,,,,
02,44,136,Lidón,LIDON,,,,
02,44,137,Linares de Mora,LINARES DE MORA,,,,
02,44,141,Lledó,LLEDO,,,,
02,44,138,Loscos,LOSCOS,,,,
02,44,142,Maicas,MAICAS,,,,
02,44,143,Manzanera,MANZANERA,,,,
02,44,144,Martín del Río,MARTIN DEL RIO,,,,
02,44,145,Mas de las Matas,MAS DE LAS MATAS,,,,
02,44,146,"Mata de los Olmos, La","MATA DE LOS OLMOS, LA",,,La Mata de los Olmos,LA MATA DE LOS OLMOS
02,44,147,Mazaleón,MAZALEON,,,,
02,44,148,Mezquita de Jarque,MEZQUITA DE JARQUE,,,,
02,44,149,Mirambel,MIRAMBEL,,,,
02,44,150,Miravete de la Sierra,MIRAVETE DE LA SIERRA,,,,
02,44,151,Molinos,MOLINOS,,,,
02,44,152,Monforte de Moyuela,MONFORTE DE MOYUELA,,,,
02,44,153,Monreal del Campo,MONREAL DEL CAMPO,,,,
02,44,154,Monroyo,MONROYO,,,,
02,44,155,Montalbán,MONTALBAN,,,,
02,44,156,Monteagudo del Castillo,MONTEAGUDO DEL CASTILLO,,,,
02,44,157,Monterde de Albarracín,MONTERDE DE ALBARRACIN,,,,
02,44,158,Mora de Rubielos,MORA DE RUBIELOS,,,,
02,44,159,Moscardón,MOSCARDON,,,,
02,44,160,Mosqueruela,MOSQUERUELA,,,,
02,44,161,Muniesa,MUNIESA,,,,
02,44,163,Noguera de Albarracín,NOGUERA DE ALBARRACIN,,,,
02,44,164,Nogueras,NOGUERAS,,,,
02,44,165,Nogueruelas,NOGUERUELAS,,,,
02,44,167,Obón,OBON,,,,
02,44,168,Odón,ODON,,,,
02,44,169,Ojos Negros,OJOS NEGROS,,,,
02,44,171,Olba,OLBA,,,,
02,44,172,Oliete,OLIETE,,,,
02,44,173,"Olmos, Los","OLMOS, LOS",,,Los Olmos,LOS OLMOS
02,44,174,Orihuela del Tremedal,ORIHUELA DEL TREMEDAL,,,,
02,44,175,Orrios,ORRIOS,,,,
02,44,176,Palomar de Arroyos,PALOMAR DE ARROYOS,,,,
02,44,177,Pancrudo,PANCRUDO,,,,
02,44,178,"Parras de Castellote, Las","PARRAS DE CASTELLOTE, LAS",,,Las Parras de Castellote,LAS PARRAS DE CASTELLOTE
02,44,179,Peñarroya de Tastavins,PEÑARROYA DE TASTAVINS,,,,
02,44,180,Peracense,PERACENSE,,,,
02,44,181,Peralejos,PERALEJOS,,,,
02,44,182,Perales del Alfambra,PERALES DEL ALFAMBRA,,,,
02,44,183,Pitarque,PITARQUE,,,,
02,44,184,Plou,PLOU,,,,
02,44,185,"Pobo, El","POBO, EL",,,El Pobo,EL POBO
02,44,187,"Portellada, La","PORTELLADA, LA",,,La Portellada,LA PORTELLADA
02,44,189,Pozondón,POZONDON,,,,
02,44,190,Pozuel del Campo,POZUEL DEL CAMPO,,,,
02,44,191,"Puebla de Híjar, La","PUEBLA DE HIJAR, LA",,,La Puebla de Híjar,LA PUEBLA DE HIJAR
02,44,192,"Puebla de Valverde, La","PUEBLA DE VALVERDE, LA",,,La Puebla de Valverde,LA PUEBLA DE VALVERDE
02,44,193,Puertomingalvo,PUERTOMINGALVO,,,,
02,44,194,Ráfales,RAFALES,,,,
02,44,195,Rillo,RILLO,,,,
02,44,196,Riodeva,RIODEVA,,,,
02,44,197,Ródenas,RODENAS,,,,
02,44,198,Royuela,ROYUELA,,,,
02,44,199,Rubiales,RUBIALES,,,,
02,44,200,Rubielos de la Cérida,RUBIELOS DE LA CERIDA,,,,
02,44,201,Rubielos de Mora,RUBIELOS DE MORA,,,,
02,44,203,Salcedillo,SALCEDILLO,,,,
02,44,204,Saldón,SALDON,,,,
02,44,205,Samper de Calanda,SAMPER DE CALANDA,,,,
02,44,206,San Agustín,SAN AGUSTIN,,,,
02,44,207,San Martín del Río,SAN MARTIN DEL RIO,,,,
02,44,208,Santa Cruz de Nogueras,SANTA CRUZ DE NOGUERAS,,,,
02,44,209,Santa Eulalia,SANTA EULALIA,,,,
02,44,210,Sarrión,SARRION,,,,
02,44,211,Segura de los Baños,SEGURA DE LOS BAÑOS,,,,
02,44,212,Seno,SENO,,,,
02,44,213,Singra,SINGRA,,,,
02,44,215,Terriente,TERRIENTE,,,,
02,44,216,Teruel,TERUEL,,,,
02,44,217,Toril y Masegoso,TORIL Y MASEGOSO,,,,
02,44,218,Tormón,TORMON,,,,
02,44,219,Tornos,TORNOS,,,,
02,44,220,Torralba de los Sisones,TORRALBA DE LOS SISONES,,,,
02,44,223,Torre de Arcas,TORRE DE ARCAS,,,,
02,44,224,Torre de las Arcas,TORRE DE LAS ARCAS,,,,
02,44,225,Torre del Compte,TORRE DEL COMPTE,,,,
02,44,227,Torre los Negros,TORRE LOS NEGROS,,,,
02,44,221,Torrecilla de Alcañiz,TORRECILLA DE ALCAÑIZ,,,,
02,44,222,Torrecilla del Rebollar,TORRECILLA DEL REBOLLAR,,,,
02,44,226,Torrelacárcel,TORRELACARCEL,,,,
02,44,228,Torremocha de Jiloca,TORREMOCHA DE JILOCA,,,,
02,44,229,Torres de Albarracín,TORRES DE ALBARRACIN,,,,
02,44,230,Torrevelilla,TORREVELILLA,,,,
02,44,231,Torrijas,TORRIJAS,,,,
02,44,232,Torrijo del Campo,TORRIJO DEL CAMPO,,,,
02,44,234,Tramacastiel,TRAMACASTIEL,,,,
02,44,235,Tramacastilla,TRAMACASTILLA,,,,
02,44,236,Tronchón,TRONCHON,,,,
02,44,237,Urrea de Gaén,URREA DE GAEN,,,,
02,44,238,Utrillas,UTRILLAS,,,,
02,44,239,Valacloche,VALACLOCHE,,,,
02,44,240,Valbona,VALBONA,,,,
02,44,241,Valdealgorfa,VALDEALGORFA,,,,
02,44,243,Valdecuenca,VALDECUENCA,,,,
02,44,244,Valdelinares,VALDELINARES,,,,
02,44,245,Valdeltormo,VALDELTORMO,,,,
02,44,246,Valderrobres,VALDERROBRES,,,,
02,44,247,Valjunquera,VALJUNQUERA,,,,
02,44,249,"Vallecillo, El","VALLECILLO, EL",,,El Vallecillo,EL VALLECILLO
02,44,250,Veguillas de la Sierra,VEGUILLAS DE LA SIERRA,,,,
02,44,251,Villafranca del Campo,VILLAFRANCA DEL CAMPO,,,,
02,44,252,Villahermosa del Campo,VILLAHERMOSA DEL CAMPO,,,,
02,44,256,Villanueva del Rebollar de la Sierra,VILLANUEVA DEL REBOLLAR DE LA SIERRA,,,,
02,44,257,Villar del Cobo,VILLAR DEL COBO,,,,
02,44,258,Villar del Salz,VILLAR DEL SALZ,,,,
02,44,260,Villarluengo,VILLARLUENGO,,,,
02,44,261,Villarquemado,VILLARQUEMADO,,,,
02,44,262,Villarroya de los Pinares,VILLARROYA DE LOS PINARES,,,,
02,44,263,Villastar,VILLASTAR,,,,
02,44,264,Villel,VILLEL,,,,
02,44,265,Vinaceite,VINACEITE,,,,
02,44,266,Visiedo,VISIEDO,,,,
02,44,267,Vivel del Río Martín,VIVEL DEL RIO MARTIN,,,,
02,44,268,"Zoma, La","ZOMA, LA",,,La Zoma,LA ZOMA
08,45,001,Ajofrín,AJOFRIN,,,,
08,45,002,Alameda de la Sagra,ALAMEDA DE LA SAGRA,,,,
08,45,003,Albarreal de Tajo,ALBARREAL DE TAJO,,,,
08,45,004,Alcabón,ALCABON,,,,
08,45,005,Alcañizo,ALCAÑIZO,,,,
08,45,006,Alcaudete de la Jara,ALCAUDETE DE LA JARA,,,,
08,45,007,Alcolea de Tajo,ALCOLEA DE TAJO,,,,
08,45,008,Aldea en Cabo,ALDEA EN CABO,,,,
08,45,009,Aldeanueva de Barbarroya,ALDEANUEVA DE BARBARROYA,,,,
08,45,010,Aldeanueva de San Bartolomé,ALDEANUEVA DE SAN BARTOLOME,,,,
08,45,011,Almendral de la Cañada,ALMENDRAL DE LA CAÑADA,,,,
08,45,012,Almonacid de Toledo,ALMONACID DE TOLEDO,,,,
08,45,013,Almorox,ALMOROX,,,,
08,45,014,Añover de Tajo,AÑOVER DE TAJO,,,,
08,45,015,Arcicóllar,ARCICOLLAR,,,,
08,45,016,Argés,ARGES,,,,
08,45,017,Azután,AZUTAN,,,,
08,45,018,Barcience,BARCIENCE,,,,
08,45,019,Bargas,BARGAS,,,,
08,45,020,Belvís de la Jara,BELVIS DE LA JARA,,,,
08,45,021,Borox,BOROX,,,,
08,45,022,Buenaventura,BUENAVENTURA,,,,
08,45,023,Burguillos de Toledo,BURGUILLOS DE TOLEDO,,,,
08,45,024,Burujón,BURUJON,,,,
08,45,025,Cabañas de la Sagra,CABAÑAS DE LA SAGRA,,,,
08,45,026,Cabañas de Yepes,CABAÑAS DE YEPES,,,,
08,45,027,Cabezamesada,CABEZAMESADA,,,,
08,45,028,Calera y Chozas,CALERA Y CHOZAS,,,,
08,45,029,Caleruela,CALERUELA,,,,
08,45,030,Calzada de Oropesa,CALZADA DE OROPESA,,,,
08,45,031,Camarena,CAMARENA,,,,
08,45,032,Camarenilla,CAMARENILLA,,,,
08,45,033,"Campillo de la Jara, El","CAMPILLO DE LA JARA, EL",,,El Campillo de la Jara,EL CAMPILLO DE LA JARA
08,45,034,Camuñas,CAMUÑAS,,,,
08,45,035,Cardiel de los Montes,CARDIEL DE LOS MONTES,,,,
08,45,036,Carmena,CARMENA,,,,
08,45,037,"Carpio de Tajo, El","CARPIO DE TAJO, EL",,,El Carpio de Tajo,EL CARPIO DE TAJO
08,45,038,Carranque,CARRANQUE,,,,
08,45,039,Carriches,CARRICHES,,,,
08,45,040,"Casar de Escalona, El","CASAR DE ESCALONA, EL",,,El Casar de Escalona,EL CASAR DE ESCALONA
08,45,041,Casarrubios del Monte,CASARRUBIOS DEL MONTE,,,,
08,45,042,Casasbuenas,CASASBUENAS,,,,
08,45,043,Castillo de Bayuela,CASTILLO DE BAYUELA,,,,
08,45,045,Cazalegas,CAZALEGAS,,,,
08,45,046,Cebolla,CEBOLLA,,,,
08,45,047,Cedillo del Condado,CEDILLO DEL CONDADO,,,,
08,45,048,"Cerralbos, Los","CERRALBOS, LOS",,,Los Cerralbos,LOS CERRALBOS
08,45,049,Cervera de los Montes,CERVERA DE LOS MONTES,,,,
08,45,056,Chozas de Canales,CHOZAS DE CANALES,,,,
08,45,057,Chueca,CHUECA,,,,
08,45,050,Ciruelos,CIRUELOS,,,,
08,45,051,Cobeja,COBEJA,,,,
08,45,052,Cobisa,COBISA,,,,
08,45,053,Consuegra,CONSUEGRA,,,,
08,45,054,Corral de Almaguer,CORRAL DE ALMAGUER,,,,
08,45,055,Cuerva,CUERVA,,,,
08,45,058,Domingo Pérez,DOMINGO PEREZ,,,,
08,45,059,Dosbarrios,DOSBARRIOS,,,,
08,45,060,Erustes,ERUSTES,,,,
08,45,061,Escalona,ESCALONA,,,,
08,45,062,Escalonilla,ESCALONILLA,,,,
08,45,063,Espinoso del Rey,ESPINOSO DEL REY,,,,
08,45,064,Esquivias,ESQUIVIAS,,,,
08,45,065,"Estrella, La","ESTRELLA, LA",,,La Estrella,LA ESTRELLA
08,45,066,Fuensalida,FUENSALIDA,,,,
08,45,067,Gálvez,GALVEZ,,,,
08,45,068,Garciotum,GARCIOTUM,,,,
08,45,069,Gerindote,GERINDOTE,,,,
08,45,070,Guadamur,GUADAMUR,,,,
08,45,071,"Guardia, La","GUARDIA, LA",,,La Guardia,LA GUARDIA
08,45,072,"Herencias, Las","HERENCIAS, LAS",,,Las Herencias,LAS HERENCIAS
08,45,073,Herreruela de Oropesa,HERRERUELA DE OROPESA,,,,
08,45,074,Hinojosa de San Vicente,HINOJOSA DE SAN VICENTE,,,,
08,45,075,Hontanar,HONTANAR,,,,
08,45,076,Hormigos,HORMIGOS,,,,
08,45,077,Huecas,HUECAS,,,,
08,45,078,Huerta de Valdecarábanos,HUERTA DE VALDECARABANOS,,,,
08,45,079,"Iglesuela del Tiétar, La","IGLESUELA DEL TIETAR, LA",,,La Iglesuela del Tiétar,LA IGLESUELA DEL TIETAR
08,45,080,Illán de Vacas,ILLAN DE VACAS,,,,
08,45,081,Illescas,ILLESCAS,,,,
08,45,082,Lagartera,LAGARTERA,,,,
08,45,083,Layos,LAYOS,,,,
08,45,084,Lillo,LILLO,,,,
08,45,085,Lominchar,LOMINCHAR,,,,
08,45,086,Lucillos,LUCILLOS,,,,
08,45,087,Madridejos,MADRIDEJOS,,,,
08,45,088,Magán,MAGAN,,,,
08,45,089,Malpica de Tajo,MALPICA DE TAJO,,,,
08,45,090,Manzaneque,MANZANEQUE,,,,
08,45,091,Maqueda,MAQUEDA,,,,
08,45,092,Marjaliza,MARJALIZA,,,,
08,45,093,Marrupe,MARRUPE,,,,
08,45,094,Mascaraque,MASCARAQUE,,,,
08,45,095,"Mata, La","MATA, LA",,,La Mata,LA MATA
08,45,096,Mazarambroz,MAZARAMBROZ,,,,
08,45,097,Mejorada,MEJORADA,,,,
08,45,098,Menasalbas,MENASALBAS,,,,
08,45,099,Méntrida,MENTRIDA,,,,
08,45,100,Mesegar de Tajo,MESEGAR DE TAJO,,,,
08,45,101,Miguel Esteban,MIGUEL ESTEBAN,,,,
08,45,102,Mocejón,MOCEJON,,,,
08,45,103,Mohedas de la Jara,MOHEDAS DE LA JARA,,,,
08,45,104,Montearagón,MONTEARAGON,,,,
08,45,105,Montesclaros,MONTESCLAROS,,,,
08,45,106,Mora,MORA,,,,
08,45,107,Nambroca,NAMBROCA,,,,
08,45,108,"Nava de Ricomalillo, La","NAVA DE RICOMALILLO, LA",,,La Nava de Ricomalillo,LA NAVA DE RICOMALILLO
08,45,109,Navahermosa,NAVAHERMOSA,,,,
08,45,110,Navalcán,NAVALCAN,,,,
08,45,111,Navalmoralejo,NAVALMORALEJO,,,,
08,45,112,"Navalmorales, Los","NAVALMORALES, LOS",,,Los Navalmorales,LOS NAVALMORALES
08,45,113,"Navalucillos, Los","NAVALUCILLOS, LOS",,,Los Navalucillos,LOS NAVALUCILLOS
08,45,114,Navamorcuende,NAVAMORCUENDE,,,,
08,45,115,Noblejas,NOBLEJAS,,,,
08,45,116,Noez,NOEZ,,,,
08,45,117,Nombela,NOMBELA,,,,
08,45,118,Novés,NOVES,,,,
08,45,119,Numancia de la Sagra,NUMANCIA DE LA SAGRA,,,,
08,45,120,Nuño Gómez,NUÑO GOMEZ,,,,
08,45,121,Ocaña,OCAÑA,,,,
08,45,122,Olías del Rey,OLIAS DEL REY,,,,
08,45,123,Ontígola,ONTIGOLA,,,,
08,45,124,Orgaz,ORGAZ,,,,
08,45,125,Oropesa,OROPESA,,,,
08,45,126,Otero,OTERO,,,,
08,45,127,Palomeque,PALOMEQUE,,,,
08,45,128,Pantoja,PANTOJA,,,,
08,45,129,Paredes de Escalona,PAREDES DE ESCALONA,,,,
08,45,130,Parrillas,PARRILLAS,,,,
08,45,131,Pelahustán,PELAHUSTAN,,,,
08,45,132,Pepino,PEPINO,,,,
08,45,133,Polán,POLAN,,,,
08,45,134,Portillo de Toledo,PORTILLO DE TOLEDO,,,,
08,45,135,"Puebla de Almoradiel, La","PUEBLA DE ALMORADIEL, LA",,,La Puebla de Almoradiel,LA PUEBLA DE ALMORADIEL
08,45,136,"Puebla de Montalbán, La","PUEBLA DE MONTALBAN, LA",,,La Puebla de Montalbán,LA PUEBLA DE MONTALBAN
08,45,137,"Pueblanueva, La","PUEBLANUEVA, LA",,,La Pueblanueva,LA PUEBLANUEVA
08,45,138,"Puente del Arzobispo, El","PUENTE DEL ARZOBISPO, EL",,,El Puente del Arzobispo,EL PUENTE DEL ARZOBISPO
08,45,139,Puerto de San Vicente,PUERTO DE SAN VICENTE,,,,
08,45,140,Pulgar,PULGAR,,,,
08,45,141,Quero,QUERO,,,,
08,45,142,Quintanar de la Orden,QUINTANAR DE LA ORDEN,,,,
08,45,143,Quismondo,QUISMONDO,,,,
08,45,144,"Real de San Vicente, El","REAL DE SAN VICENTE, EL",,,El Real de San Vicente,EL REAL DE SAN VICENTE
08,45,145,Recas,RECAS,,,,
08,45,146,Retamoso de la Jara,RETAMOSO DE LA JARA,,,,
08,45,147,Rielves,RIELVES,,,,
08,45,148,Robledo del Mazo,ROBLEDO DEL MAZO,,,,
08,45,149,"Romeral, El","ROMERAL, EL",,,El Romeral,EL ROMERAL
08,45,150,San Bartolomé de las Abiertas,SAN BARTOLOME DE LAS ABIERTAS,,,,
08,45,151,San Martín de Montalbán,SAN MARTIN DE MONTALBAN,,,,
08,45,152,San Martín de Pusa,SAN MARTIN DE PUSA,,,,
08,45,153,San Pablo de los Montes,SAN PABLO DE LOS MONTES,,,,
08,45,154,San Román de los Montes,SAN ROMAN DE LOS MONTES,,,,
08,45,155,Santa Ana de Pusa,SANTA ANA DE PUSA,,,,
08,45,156,Santa Cruz de la Zarza,SANTA CRUZ DE LA ZARZA,,,,
08,45,157,Santa Cruz del Retamar,SANTA CRUZ DEL RETAMAR,,,,
08,45,158,Santa Olalla,SANTA OLALLA,,,,
08,45,901,Santo Domingo-Caudilla,SANTO DOMINGO-CAUDILLA,,,,
08,45,159,Sartajada,SARTAJADA,,,,
08,45,160,Segurilla,SEGURILLA,,,,
08,45,161,Seseña,SESEÑA,,,,
08,45,162,Sevilleja de la Jara,SEVILLEJA DE LA JARA,,,,
08,45,163,Sonseca,SONSECA,,,,
08,45,164,Sotillo de las Palomas,SOTILLO DE LAS PALOMAS,,,,
08,45,165,Talavera de la Reina,TALAVERA DE LA REINA,,,,
08,45,166,Tembleque,TEMBLEQUE,,,,
08,45,167,"Toboso, El","TOBOSO, EL",,,El Toboso,EL TOBOSO
08,45,168,Toledo,TOLEDO,,,,
08,45,169,Torralba de Oropesa,TORRALBA DE OROPESA,,,,
08,45,171,"Torre de Esteban Hambrán, La","TORRE DE ESTEBAN HAMBRAN, LA",,,La Torre de Esteban Hambrán,LA TORRE DE ESTEBAN HAMBRAN
08,45,170,Torrecilla de la Jara,TORRECILLA DE LA JARA,,,,
08,45,172,Torrico,TORRICO,,,,
08,45,173,Torrijos,TORRIJOS,,,,
08,45,174,Totanés,TOTANES,,,,
08,45,175,Turleque,TURLEQUE,,,,
08,45,176,Ugena,UGENA,,,,
08,45,177,Urda,URDA,,,,
08,45,179,Valdeverdeja,VALDEVERDEJA,,,,
08,45,180,Valmojado,VALMOJADO,,,,
08,45,181,Velada,VELADA,,,,
08,45,182,"Ventas con Peña Aguilera, Las","VENTAS CON PEÑA AGUILERA, LAS",,,Las Ventas con Peña Aguilera,LAS VENTAS CON PEÑA AGUILERA
08,45,183,"Ventas de Retamosa, Las","VENTAS DE RETAMOSA, LAS",,,Las Ventas de Retamosa,LAS VENTAS DE RETAMOSA
08,45,184,"Ventas de San Julián, Las","VENTAS DE SAN JULIAN, LAS",,,Las Ventas de San Julián,LAS VENTAS DE SAN JULIAN
08,45,186,"Villa de Don Fadrique, La","VILLA DE DON FADRIQUE, LA",,,La Villa de Don Fadrique,LA VILLA DE DON FADRIQUE
08,45,185,Villacañas,VILLACAÑAS,,,,
08,45,187,Villafranca de los Caballeros,VILLAFRANCA DE LOS CABALLEROS,,,,
08,45,188,Villaluenga de la Sagra,VILLALUENGA DE LA SAGRA,,,,
08,45,189,Villamiel de Toledo,VILLAMIEL DE TOLEDO,,,,
08,45,190,Villaminaya,VILLAMINAYA,,,,
08,45,191,Villamuelas,VILLAMUELAS,,,,
08,45,192,Villanueva de Alcardete,VILLANUEVA DE ALCARDETE,,,,
08,45,193,Villanueva de Bogas,VILLANUEVA DE BOGAS,,,,
08,45,194,Villarejo de Montalbán,VILLAREJO DE MONTALBAN,,,,
08,45,195,Villarrubia de Santiago,VILLARRUBIA DE SANTIAGO,,,,
08,45,196,Villaseca de la Sagra,VILLASECA DE LA SAGRA,,,,
08,45,197,Villasequilla,VILLASEQUILLA,,,,
08,45,198,Villatobas,VILLATOBAS,,,,
08,45,199,"Viso de San Juan, El","VISO DE SAN JUAN, EL",,,El Viso de San Juan,EL VISO DE SAN JUAN
08,45,200,"Yébenes, Los","YEBENES, LOS",,,Los Yébenes,LOS YEBENES
08,45,201,Yeles,YELES,,,,
08,45,202,Yepes,YEPES,,,,
08,45,203,Yuncler,YUNCLER,,,,
08,45,204,Yunclillos,YUNCLILLOS,,,,
08,45,205,Yuncos,YUNCOS,,,,
10,46,001,Ademuz,ADEMUZ,,,,
10,46,002,Ador,ADOR,,,,
10,46,004,Agullent,AGULLENT,,,,
10,46,042,Aielo de Malferit,AIELO DE MALFERIT,,,,
10,46,043,Aielo de Rugat,AIELO DE RUGAT,,,,
10,46,005,Alaquàs,ALAQUAS,,,,
10,46,006,Albaida,ALBAIDA,,,,
10,46,007,Albal,ALBAL,,,,
10,46,008,Albalat de la Ribera,ALBALAT DE LA RIBERA,,,,
10,46,009,Albalat dels Sorells,ALBALAT DELS SORELLS,,,,
10,46,010,Albalat dels Tarongers,ALBALAT DELS TARONGERS,,,,
10,46,011,Alberic,ALBERIC,,,,
10,46,012,Alborache,ALBORACHE,,,,
10,46,013,Alboraia,ALBORAIA,Alboraia,ALBORAIA,,
10,46,014,Albuixech,ALBUIXECH,,,,
10,46,016,Alcàntera de Xúquer,ALCANTERA DE XUQUER,,,,
10,46,015,Alcàsser,ALCASSER,,,,
10,46,018,Alcublas,ALCUBLAS,,,,
10,46,020,"Alcúdia de Crespins, l'","ALCUDIA DE CRESPINS, L'",,,l' Alcúdia de Crespins,L' ALCUDIA DE CRESPINS
10,46,019,"Alcúdia, l'","ALCUDIA, L'",,,l' Alcúdia,L' ALCUDIA
10,46,021,Aldaia,ALDAIA,,,,
10,46,022,Alfafar,ALFAFAR,,,,
10,46,024,Alfara de la Baronia,ALFARA DE LA BARONIA,,,,
10,46,025,Alfara del Patriarca,ALFARA DEL PATRIARCA,,,,
10,46,026,Alfarp,ALFARP,,,,
10,46,027,Alfarrasí,ALFARRASI,,,,
10,46,023,Alfauir,ALFAUIR,,,,
10,46,028,Algar de Palancia,ALGAR DE PALANCIA,,,,
10,46,029,Algemesí,ALGEMESI,,,,
10,46,030,Algímia d'Alfara,ALGIMIA D'ALFARA,,,,
10,46,031,Alginet,ALGINET,,,,
10,46,032,Almàssera,ALMASSERA,,,,
10,46,033,Almiserà,ALMISERA,,,,
10,46,034,Almoines,ALMOINES,,,,
10,46,035,Almussafes,ALMUSSAFES,,,,
10,46,036,Alpuente,ALPUENTE,,,,
10,46,037,"Alqueria de la Comtessa, l'","ALQUERIA DE LA COMTESSA, L'",,,l' Alqueria de la Comtessa,L' ALQUERIA DE LA COMTESSA
10,46,017,Alzira,ALZIRA,,,,
10,46,038,Andilla,ANDILLA,,,,
10,46,039,Anna,ANNA,,,,
10,46,040,Antella,ANTELLA,,,,
10,46,041,Aras de los Olmos,ARAS DE LOS OLMOS,,,,
10,46,003,Atzeneta d'Albaida,ATZENETA D'ALBAIDA,,,,
10,46,044,Ayora,AYORA,,,,
10,46,046,Barx,BARX,,,,
10,46,045,Barxeta,BARXETA,,,,
10,46,047,Bèlgida,BELGIDA,,,,
10,46,048,Bellreguard,BELLREGUARD,,,,
10,46,049,Bellús,BELLUS,,,,
10,46,050,Benagéber,BENAGEBER,,,,
10,46,051,Benaguasil,BENAGUASIL,,,,
10,46,052,Benavites,BENAVITES,,,,
10,46,053,Beneixida,BENEIXIDA,,,,
10,46,054,Benetússer,BENETUSSER,,,,
10,46,055,Beniarjó,BENIARJO,,,,
10,46,056,Beniatjar,BENIATJAR,,,,
10,46,057,Benicolet,BENICOLET,,,,
10,46,904,Benicull de Xúquer,BENICULL DE XUQUER,,,,
10,46,060,Benifaió,BENIFAIO,,,,
10,46,059,Benifairó de la Valldigna,BENIFAIRO DE LA VALLDIGNA,,,,
10,46,058,Benifairó de les Valls,BENIFAIRO DE LES VALLS,,,,
10,46,061,Beniflá,BENIFLA,,,,
10,46,062,Benigànim,BENIGANIM,,,,
10,46,063,Benimodo,BENIMODO,,,,
10,46,064,Benimuslem,BENIMUSLEM,,,,
10,46,065,Beniparrell,BENIPARRELL,,,,
10,46,066,Benirredrà,BENIRREDRA,,,,
10,46,067,Benissanó,BENISSANO,,,,
10,46,068,Benissoda,BENISSODA,,,,
10,46,069,Benissuera,BENISSUERA,,,,
10,46,070,Bétera,BETERA,,,,
10,46,071,Bicorp,BICORP,,,,
10,46,072,Bocairent,BOCAIRENT,,,,
10,46,073,Bolbaite,BOLBAITE,,,,
10,46,074,Bonrepòs i Mirambell,BONREPOS I MIRAMBELL,,,,
10,46,075,Bufali,BUFALI,,,,
10,46,076,Bugarra,BUGARRA,,,,
10,46,077,Buñol,BUÑOL,,,,
10,46,078,Burjassot,BURJASSOT,,,,
10,46,079,Calles,CALLES,,,,
10,46,080,Camporrobles,CAMPORROBLES,,,,
10,46,081,Canals,CANALS,,,,
10,46,082,Canet d'En Berenguer,CANET D'EN BERENGUER,,,,
10,46,083,Carcaixent,CARCAIXENT,,,,
10,46,084,Càrcer,CARCER,,,,
10,46,085,Carlet,CARLET,,,,
10,46,086,Carrícola,CARRICOLA,,,,
10,46,087,Casas Altas,CASAS ALTAS,,,,
10,46,088,Casas Bajas,CASAS BAJAS,,,,
10,46,089,Casinos,CASINOS,,,,
10,46,090,Castelló de Rugat,CASTELLO DE RUGAT,,,,
10,46,091,Castellonet de la Conquesta,CASTELLONET DE LA CONQUESTA,,,,
10,46,092,Castielfabib,CASTIELFABIB,,,,
10,46,093,Catadau,CATADAU,,,,
10,46,094,Catarroja,CATARROJA,,,,
10,46,095,Caudete de las Fuentes,CAUDETE DE LAS FUENTES,,,,
10,46,096,Cerdà,CERDA,,,,
10,46,107,Chella,CHELLA,,,,
10,46,106,Chelva,CHELVA,,,,
10,46,108,Chera,CHERA,,,,
10,46,109,Cheste,CHESTE,,,,
10,46,111,Chiva,CHIVA,,,,
10,46,112,Chulilla,CHULILLA,,,,
10,46,097,Cofrentes,COFRENTES,,,,
10,46,098,Corbera,CORBERA,,,,
10,46,099,Cortes de Pallás,CORTES DE PALLAS,,,,
10,46,100,Cotes,COTES,,,,
10,46,105,Cullera,CULLERA,,,,
10,46,113,Daimús,DAIMUS,,,,
10,46,114,Domeño,DOMEÑO,,,,
10,46,115,Dos Aguas,DOS AGUAS,,,,
10,46,116,"Eliana, l'","ELIANA, L'",,,l' Eliana,L' ELIANA
10,46,117,Emperador,EMPERADOR,,,,
10,46,118,Enguera,ENGUERA,,,,
10,46,119,"Ènova, l'","ENOVA, L'",,,l' Ènova,L' ENOVA
10,46,120,Estivella,ESTIVELLA,,,,
10,46,121,Estubeny,ESTUBENY,,,,
10,46,122,Faura,FAURA,,,,
10,46,123,Favara,FAVARA,,,,
10,46,126,Foios,FOIOS,,,,
10,46,128,"Font de la Figuera, la","FONT DE LA FIGUERA, LA",,,la Font de la Figuera,LA FONT DE LA FIGUERA
10,46,127,"Font d'En Carròs, la","FONT D'EN CARROS, LA",,,la Font d'En Carròs,LA FONT D'EN CARROS
10,46,124,Fontanars dels Alforins,FONTANARS DELS ALFORINS,,,,
10,46,125,Fortaleny,FORTALENY,,,,
10,46,129,Fuenterrobles,FUENTERROBLES,,,,
10,46,131,Gandia,GANDIA,,,,
10,46,902,Gátova,GATOVA,,,,
10,46,130,Gavarda,GAVARDA,,,,
10,46,132,"Genovés, el","GENOVES, EL",,,el Genovés,EL GENOVES
10,46,133,Gestalgar,GESTALGAR,,,,
10,46,134,Gilet,GILET,,,,
10,46,135,Godella,GODELLA,,,,
10,46,136,Godelleta,GODELLETA,,,,
10,46,137,"Granja de la Costera, la","GRANJA DE LA COSTERA, LA",,,la Granja de la Costera,LA GRANJA DE LA COSTERA
10,46,138,Guadasséquies,GUADASSEQUIES,,,,
10,46,139,Guadassuar,GUADASSUAR,,,,
10,46,140,Guardamar de la Safor,GUARDAMAR DE LA SAFOR,,,,
10,46,141,Higueruelas,HIGUERUELAS,,,,
10,46,142,Jalance,JALANCE,,,,
10,46,144,Jarafuel,JARAFUEL,,,,
10,46,154,Llanera de Ranes,LLANERA DE RANES,,,,
10,46,155,Llaurí,LLAURI,,,,
10,46,147,Llíria,LLIRIA,,,,
10,46,152,Llocnou de la Corona,LLOCNOU DE LA CORONA,,,,
10,46,153,Llocnou de Sant Jeroni,LLOCNOU DE SANT JERONI,,,,
10,46,151,Llocnou d'En Fenollet,LLOCNOU D'EN FENOLLET,,,,
10,46,156,Llombai,LLOMBAI,,,,
10,46,157,"Llosa de Ranes, la","LLOSA DE RANES, LA",,,la Llosa de Ranes,LA LLOSA DE RANES
10,46,150,Llutxent,LLUTXENT,,,,
10,46,148,Loriguilla,LORIGUILLA,,,,
10,46,149,Losa del Obispo,LOSA DEL OBISPO,,,,
10,46,158,Macastre,MACASTRE,,,,
10,46,159,Manises,MANISES,,,,
10,46,160,Manuel,MANUEL,,,,
10,46,161,Marines,MARINES,,,,
10,46,162,Massalavés,MASSALAVES,,,,
10,46,163,Massalfassar,MASSALFASSAR,,,,
10,46,164,Massamagrell,MASSAMAGRELL,,,,
10,46,165,Massanassa,MASSANASSA,,,,
10,46,166,Meliana,MELIANA,,,,
10,46,167,Millares,MILLARES,,,,
10,46,168,Miramar,MIRAMAR,,,,
10,46,169,Mislata,MISLATA,,,,
10,46,170,Mogente,MOGENTE,Mogente,MOGENTE,,
10,46,171,Moncada,MONCADA,,,,
10,46,173,Montaverner,MONTAVERNER,,,,
10,46,174,Montesa,MONTESA,,,,
10,46,175,Montitxelvo,MONTITXELVO,Montitxelvo,MONTITXELVO,,
10,46,176,Montroi,MONTROI,Montroi,MONTROI,,
10,46,172,Montserrat,MONTSERRAT,,,,
10,46,177,Museros,MUSEROS,,,,
10,46,178,Nàquera,NAQUERA,Nàquera,NAQUERA,,
10,46,179,Navarrés,NAVARRES,,,,
10,46,180,Novelé,NOVELE,Novelé,NOVELE,,
10,46,181,Oliva,OLIVA,,,,
10,46,183,"Olleria, l'","OLLERIA, L'",,,l' Olleria,L' OLLERIA
10,46,182,Olocau,OLOCAU,,,,
10,46,184,Ontinyent,ONTINYENT,,,,
10,46,185,Otos,OTOS,,,,
10,46,186,Paiporta,PAIPORTA,,,,
10,46,187,Palma de Gandía,PALMA DE GANDIA,,,,
10,46,188,Palmera,PALMERA,,,,
10,46,189,"Palomar, el","PALOMAR, EL",,,el Palomar,EL PALOMAR
10,46,190,Paterna,PATERNA,,,,
10,46,191,Pedralba,PEDRALBA,,,,
10,46,192,Petrés,PETRES,,,,
10,46,193,Picanya,PICANYA,,,,
10,46,194,Picassent,PICASSENT,,,,
10,46,195,Piles,PILES,,,,
10,46,196,Pinet,PINET,,,,
10,46,199,"Pobla de Farnals, la","POBLA DE FARNALS, LA",,,la Pobla de Farnals,LA POBLA DE FARNALS
10,46,202,"Pobla de Vallbona, la","POBLA DE VALLBONA, LA",,,la Pobla de Vallbona,LA POBLA DE VALLBONA
10,46,200,"Pobla del Duc, la","POBLA DEL DUC, LA",,,la Pobla del Duc,LA POBLA DEL DUC
10,46,203,"Pobla Llarga, la","POBLA LLARGA, LA",,,la Pobla Llarga,LA POBLA LLARGA
10,46,197,Polinyà de Xúquer,POLINYA DE XUQUER,,,,
10,46,198,Potries,POTRIES,,,,
10,46,205,Puçol,PUÇOL,,,,
10,46,201,Puebla de San Miguel,PUEBLA DE SAN MIGUEL,,,,
10,46,204,"Puig de Santa Maria, el","PUIG DE SANTA MARIA, EL",,,el Puig de Santa Maria,EL PUIG DE SANTA MARIA
10,46,101,Quart de les Valls,QUART DE LES VALLS,,,,
10,46,102,Quart de Poblet,QUART DE POBLET,,,,
10,46,103,Quartell,QUARTELL,,,,
10,46,104,Quatretonda,QUATRETONDA,,,,
10,46,206,Quesa,QUESA,,,,
10,46,207,Rafelbunyol,RAFELBUNYOL,,,,
10,46,208,Rafelcofer,RAFELCOFER,,,,
10,46,209,Rafelguaraf,RAFELGUARAF,,,,
10,46,210,Ráfol de Salem,RAFOL DE SALEM,,,,
10,46,212,Real,REAL,,,,
10,46,211,"Real de Gandia, el","REAL DE GANDIA, EL",,,el Real de Gandia,EL REAL DE GANDIA
10,46,213,Requena,REQUENA,,,,
10,46,214,Riba-roja de Túria,RIBA-ROJA DE TURIA,,,,
10,46,215,Riola,RIOLA,,,,
10,46,216,Rocafort,ROCAFORT,,,,
10,46,217,Rotglà i Corberà,ROTGLA I CORBERA,,,,
10,46,218,Rótova,ROTOVA,,,,
10,46,219,Rugat,RUGAT,,,,
10,46,220,Sagunto,SAGUNTO,Sagunto,SAGUNTO,,
10,46,221,Salem,SALEM,,,,
10,46,903,San Antonio de Benagéber,SAN ANTONIO DE BENAGEBER,,,,
10,46,222,Sant Joanet,SANT JOANET,,,,
10,46,223,Sedaví,SEDAVI,,,,
10,46,224,Segart,SEGART,,,,
10,46,225,Sellent,SELLENT,,,,
10,46,226,Sempere,SEMPERE,,,,
10,46,227,Senyera,SENYERA,,,,
10,46,228,Serra,SERRA,,,,
10,46,229,Siete Aguas,SIETE AGUAS,,,,
10,46,230,Silla,SILLA,,,,
10,46,231,Simat de la Valldigna,SIMAT DE LA VALLDIGNA,,,,
10,46,232,Sinarcas,SINARCAS,,,,
10,46,233,Sollana,SOLLANA,,,,
10,46,234,Sot de Chera,SOT DE CHERA,,,,
10,46,235,Sueca,SUECA,,,,
10,46,236,Sumacàrcer,SUMACARCER,,,,
10,46,237,Tavernes Blanques,TAVERNES BLANQUES,,,,
10,46,238,Tavernes de la Valldigna,TAVERNES DE LA VALLDIGNA,,,,
10,46,239,Teresa de Cofrentes,TERESA DE COFRENTES,,,,
10,46,240,Terrateig,TERRATEIG,,,,
10,46,241,Titaguas,TITAGUAS,,,,
10,46,242,Torrebaja,TORREBAJA,,,,
10,46,243,Torrella,TORRELLA,,,,
10,46,244,Torrent,TORRENT,,,,
10,46,245,Torres Torres,TORRES TORRES,,,,
10,46,246,Tous,TOUS,,,,
10,46,247,Tuéjar,TUEJAR,,,,
10,46,248,Turís,TURIS,,,,
10,46,249,Utiel,UTIEL,,,,
10,46,250,València,VALENCIA,,,,
10,46,251,Vallada,VALLADA,,,,
10,46,252,Vallanca,VALLANCA,,,,
10,46,253,Vallés,VALLES,,,,
10,46,254,Venta del Moro,VENTA DEL MORO,,,,
10,46,255,Vilallonga,VILALLONGA,Vilallonga,VILALLONGA,,
10,46,256,Vilamarxant,VILAMARXANT,,,,
10,46,257,Villanueva de Castellón,VILLANUEVA DE CASTELLON,,,,
10,46,258,Villar del Arzobispo,VILLAR DEL ARZOBISPO,,,,
10,46,259,Villargordo del Cabriel,VILLARGORDO DEL CABRIEL,,,,
10,46,260,Vinalesa,VINALESA,,,,
10,46,145,Xàtiva,XATIVA,,,,
10,46,143,Xeraco,XERACO,,,,
10,46,146,Xeresa,XERESA,,,,
10,46,110,Xirivella,XIRIVELLA,,,,
10,46,261,Yátova,YATOVA,,,,
10,46,262,"Yesa, La","YESA, LA",,,La Yesa,LA YESA
10,46,263,Zarra,ZARRA,,,,
07,47,001,Adalia,ADALIA,,,,
07,47,002,Aguasal,AGUASAL,,,,
07,47,003,Aguilar de Campos,AGUILAR DE CAMPOS,,,,
07,47,004,Alaejos,ALAEJOS,,,,
07,47,005,Alcazarén,ALCAZAREN,,,,
07,47,006,Aldea de San Miguel,ALDEA DE SAN MIGUEL,,,,
07,47,007,Aldeamayor de San Martín,ALDEAMAYOR DE SAN MARTIN,,,,
07,47,008,Almenara de Adaja,ALMENARA DE ADAJA,,,,
07,47,009,Amusquillo,AMUSQUILLO,,,,
07,47,010,Arroyo de la Encomienda,ARROYO DE LA ENCOMIENDA,,,,
07,47,011,Ataquines,ATAQUINES,,,,
07,47,012,Bahabón,BAHABON,,,,
07,47,013,Barcial de la Loma,BARCIAL DE LA LOMA,,,,
07,47,014,Barruelo del Valle,BARRUELO DEL VALLE,,,,
07,47,015,Becilla de Valderaduey,BECILLA DE VALDERADUEY,,,,
07,47,016,Benafarces,BENAFARCES,,,,
07,47,017,Bercero,BERCERO,,,,
07,47,018,Berceruelo,BERCERUELO,,,,
07,47,019,Berrueces,BERRUECES,,,,
07,47,020,Bobadilla del Campo,BOBADILLA DEL CAMPO,,,,
07,47,021,Bocigas,BOCIGAS,,,,
07,47,022,Bocos de Duero,BOCOS DE DUERO,,,,
07,47,023,Boecillo,BOECILLO,,,,
07,47,024,Bolaños de Campos,BOLAÑOS DE CAMPOS,,,,
07,47,025,Brahojos de Medina,BRAHOJOS DE MEDINA,,,,
07,47,026,Bustillo de Chaves,BUSTILLO DE CHAVES,,,,
07,47,027,Cabezón de Pisuerga,CABEZON DE PISUERGA,,,,
07,47,028,Cabezón de Valderaduey,CABEZON DE VALDERADUEY,,,,
07,47,029,Cabreros del Monte,CABREROS DEL MONTE,,,,
07,47,030,Campaspero,CAMPASPERO,,,,
07,47,031,"Campillo, El","CAMPILLO, EL",,,El Campillo,EL CAMPILLO
07,47,032,Camporredondo,CAMPORREDONDO,,,,
07,47,033,Canalejas de Peñafiel,CANALEJAS DE PEÑAFIEL,,,,
07,47,034,Canillas de Esgueva,CANILLAS DE ESGUEVA,,,,
07,47,035,Carpio,CARPIO,,,,
07,47,036,Casasola de Arión,CASASOLA DE ARION,,,,
07,47,037,Castrejón de Trabancos,CASTREJON DE TRABANCOS,,,,
07,47,038,Castrillo de Duero,CASTRILLO DE DUERO,,,,
07,47,039,Castrillo-Tejeriego,CASTRILLO-TEJERIEGO,,,,
07,47,040,Castrobol,CASTROBOL,,,,
07,47,041,Castrodeza,CASTRODEZA,,,,
07,47,042,Castromembibre,CASTROMEMBIBRE,,,,
07,47,043,Castromonte,CASTROMONTE,,,,
07,47,044,Castronuevo de Esgueva,CASTRONUEVO DE ESGUEVA,,,,
07,47,045,Castronuño,CASTRONUÑO,,,,
07,47,046,Castroponce,CASTROPONCE,,,,
07,47,047,Castroverde de Cerrato,CASTROVERDE DE CERRATO,,,,
07,47,048,Ceinos de Campos,CEINOS DE CAMPOS,,,,
07,47,049,Cervillego de la Cruz,CERVILLEGO DE LA CRUZ,,,,
07,47,050,Cigales,CIGALES,,,,
07,47,051,Ciguñuela,CIGUÑUELA,,,,
07,47,052,Cistérniga,CISTERNIGA,,,,
07,47,053,Cogeces de Íscar,COGECES DE ISCAR,,,,
07,47,054,Cogeces del Monte,COGECES DEL MONTE,,,,
07,47,055,Corcos,CORCOS,,,,
07,47,056,Corrales de Duero,CORRALES DE DUERO,,,,
07,47,057,Cubillas de Santa Marta,CUBILLAS DE SANTA MARTA,,,,
07,47,058,Cuenca de Campos,CUENCA DE CAMPOS,,,,
07,47,059,Curiel de Duero,CURIEL DE DUERO,,,,
07,47,060,Encinas de Esgueva,ENCINAS DE ESGUEVA,,,,
07,47,061,Esguevillas de Esgueva,ESGUEVILLAS DE ESGUEVA,,,,
07,47,062,Fombellida,FOMBELLIDA,,,,
07,47,063,Fompedraza,FOMPEDRAZA,,,,
07,47,064,Fontihoyuelo,FONTIHOYUELO,,,,
07,47,065,Fresno el Viejo,FRESNO EL VIEJO,,,,
07,47,066,Fuensaldaña,FUENSALDAÑA,,,,
07,47,067,Fuente el Sol,FUENTE EL SOL,,,,
07,47,068,Fuente-Olmedo,FUENTE-OLMEDO,,,,
07,47,069,Gallegos de Hornija,GALLEGOS DE HORNIJA,,,,
07,47,070,Gatón de Campos,GATON DE CAMPOS,,,,
07,47,071,Geria,GERIA,,,,
07,47,073,Herrín de Campos,HERRIN DE CAMPOS,,,,
07,47,074,Hornillos de Eresma,HORNILLOS DE ERESMA,,,,
07,47,075,Íscar,ISCAR,,,,
07,47,076,Laguna de Duero,LAGUNA DE DUERO,,,,
07,47,077,Langayo,LANGAYO,,,,
07,47,079,Llano de Olmedo,LLANO DE OLMEDO,,,,
07,47,078,Lomoviejo,LOMOVIEJO,,,,
07,47,080,Manzanillo,MANZANILLO,,,,
07,47,081,Marzales,MARZALES,,,,
07,47,082,Matapozuelos,MATAPOZUELOS,,,,
07,47,083,Matilla de los Caños,MATILLA DE LOS CAÑOS,,,,
07,47,084,Mayorga,MAYORGA,,,,
07,47,086,Medina de Rioseco,MEDINA DE RIOSECO,,,,
07,47,085,Medina del Campo,MEDINA DEL CAMPO,,,,
07,47,087,Megeces,MEGECES,,,,
07,47,088,Melgar de Abajo,MELGAR DE ABAJO,,,,
07,47,089,Melgar de Arriba,MELGAR DE ARRIBA,,,,
07,47,090,Mojados,MOJADOS,,,,
07,47,091,Monasterio de Vega,MONASTERIO DE VEGA,,,,
07,47,092,Montealegre de Campos,MONTEALEGRE DE CAMPOS,,,,
07,47,093,Montemayor de Pililla,MONTEMAYOR DE PILILLA,,,,
07,47,094,Moral de la Reina,MORAL DE LA REINA,,,,
07,47,095,Moraleja de las Panaderas,MORALEJA DE LAS PANADERAS,,,,
07,47,096,Morales de Campos,MORALES DE CAMPOS,,,,
07,47,097,Mota del Marqués,MOTA DEL MARQUES,,,,
07,47,098,Mucientes,MUCIENTES,,,,
07,47,099,"Mudarra, La","MUDARRA, LA",,,La Mudarra,LA MUDARRA
07,47,100,Muriel,MURIEL,,,,
07,47,101,Nava del Rey,NAVA DEL REY,,,,
07,47,102,Nueva Villa de las Torres,NUEVA VILLA DE LAS TORRES,,,,
07,47,103,Olivares de Duero,OLIVARES DE DUERO,,,,
07,47,104,Olmedo,OLMEDO,,,,
07,47,105,Olmos de Esgueva,OLMOS DE ESGUEVA,,,,
07,47,106,Olmos de Peñafiel,OLMOS DE PEÑAFIEL,,,,
07,47,109,Palazuelo de Vedija,PALAZUELO DE VEDIJA,,,,
07,47,110,"Parrilla, La","PARRILLA, LA",,,La Parrilla,LA PARRILLA
07,47,111,"Pedraja de Portillo, La","PEDRAJA DE PORTILLO, LA",,,La Pedraja de Portillo,LA PEDRAJA DE PORTILLO
07,47,112,Pedrajas de San Esteban,PEDRAJAS DE SAN ESTEBAN,,,,
07,47,113,Pedrosa del Rey,PEDROSA DEL REY,,,,
07,47,114,Peñafiel,PEÑAFIEL,,,,
07,47,115,Peñaflor de Hornija,PEÑAFLOR DE HORNIJA,,,,
07,47,116,Pesquera de Duero,PESQUERA DE DUERO,,,,
07,47,117,Piña de Esgueva,PIÑA DE ESGUEVA,,,,
07,47,118,Piñel de Abajo,PIÑEL DE ABAJO,,,,
07,47,119,Piñel de Arriba,PIÑEL DE ARRIBA,,,,
07,47,121,Pollos,POLLOS,,,,
07,47,122,Portillo,PORTILLO,,,,
07,47,123,Pozal de Gallinas,POZAL DE GALLINAS,,,,
07,47,124,Pozaldez,POZALDEZ,,,,
07,47,125,Pozuelo de la Orden,POZUELO DE LA ORDEN,,,,
07,47,126,Puras,PURAS,,,,
07,47,127,Quintanilla de Arriba,QUINTANILLA DE ARRIBA,,,,
07,47,129,Quintanilla de Onésimo,QUINTANILLA DE ONESIMO,,,,
07,47,130,Quintanilla de Trigueros,QUINTANILLA DE TRIGUEROS,,,,
07,47,128,Quintanilla del Molar,QUINTANILLA DEL MOLAR,,,,
07,47,131,Rábano,RABANO,,,,
07,47,132,Ramiro,RAMIRO,,,,
07,47,133,Renedo de Esgueva,RENEDO DE ESGUEVA,,,,
07,47,134,Roales de Campos,ROALES DE CAMPOS,,,,
07,47,135,Robladillo,ROBLADILLO,,,,
07,47,137,Roturas,ROTURAS,,,,
07,47,138,Rubí de Bracamonte,RUBI DE BRACAMONTE,,,,
07,47,139,Rueda,RUEDA,,,,
07,47,140,Saelices de Mayorga,SAELICES DE MAYORGA,,,,
07,47,141,Salvador de Zapardiel,SALVADOR DE ZAPARDIEL,,,,
07,47,142,San Cebrián de Mazote,SAN CEBRIAN DE MAZOTE,,,,
07,47,143,San Llorente,SAN LLORENTE,,,,
07,47,144,San Martín de Valvení,SAN MARTIN DE VALVENI,,,,
07,47,145,San Miguel del Arroyo,SAN MIGUEL DEL ARROYO,,,,
07,47,146,San Miguel del Pino,SAN MIGUEL DEL PINO,,,,
07,47,147,San Pablo de la Moraleja,SAN PABLO DE LA MORALEJA,,,,
07,47,148,San Pedro de Latarce,SAN PEDRO DE LATARCE,,,,
07,47,149,San Pelayo,SAN PELAYO,,,,
07,47,150,San Román de Hornija,SAN ROMAN DE HORNIJA,,,,
07,47,151,San Salvador,SAN SALVADOR,,,,
07,47,156,San Vicente del Palacio,SAN VICENTE DEL PALACIO,,,,
07,47,152,Santa Eufemia del Arroyo,SANTA EUFEMIA DEL ARROYO,,,,
07,47,153,Santervás de Campos,SANTERVAS DE CAMPOS,,,,
07,47,154,Santibáñez de Valcorba,SANTIBAÑEZ DE VALCORBA,,,,
07,47,155,Santovenia de Pisuerga,SANTOVENIA DE PISUERGA,,,,
07,47,157,Sardón de Duero,SARDON DE DUERO,,,,
07,47,158,"Seca, La","SECA, LA",,,La Seca,LA SECA
07,47,159,Serrada,SERRADA,,,,
07,47,160,Siete Iglesias de Trabancos,SIETE IGLESIAS DE TRABANCOS,,,,
07,47,161,Simancas,SIMANCAS,,,,
07,47,162,Tamariz de Campos,TAMARIZ DE CAMPOS,,,,
07,47,163,Tiedra,TIEDRA,,,,
07,47,164,Tordehumos,TORDEHUMOS,,,,
07,47,165,Tordesillas,TORDESILLAS,,,,
07,47,169,Torre de Esgueva,TORRE DE ESGUEVA,,,,
07,47,170,Torre de Peñafiel,TORRE DE PEÑAFIEL,,,,
07,47,166,Torrecilla de la Abadesa,TORRECILLA DE LA ABADESA,,,,
07,47,167,Torrecilla de la Orden,TORRECILLA DE LA ORDEN,,,,
07,47,168,Torrecilla de la Torre,TORRECILLA DE LA TORRE,,,,
07,47,171,Torrelobatón,TORRELOBATON,,,,
07,47,172,Torrescárcela,TORRESCARCELA,,,,
07,47,173,Traspinedo,TRASPINEDO,,,,
07,47,174,Trigueros del Valle,TRIGUEROS DEL VALLE,,,,
07,47,175,Tudela de Duero,TUDELA DE DUERO,,,,
07,47,176,"Unión de Campos, La","UNION DE CAMPOS, LA",,,La Unión de Campos,LA UNION DE CAMPOS
07,47,177,Urones de Castroponce,URONES DE CASTROPONCE,,,,
07,47,178,Urueña,URUEÑA,,,,
07,47,179,Valbuena de Duero,VALBUENA DE DUERO,,,,
07,47,180,Valdearcos de la Vega,VALDEARCOS DE LA VEGA,,,,
07,47,181,Valdenebro de los Valles,VALDENEBRO DE LOS VALLES,,,,
07,47,182,Valdestillas,VALDESTILLAS,,,,
07,47,183,Valdunquillo,VALDUNQUILLO,,,,
07,47,186,Valladolid,VALLADOLID,,,,
07,47,184,Valoria la Buena,VALORIA LA BUENA,,,,
07,47,185,Valverde de Campos,VALVERDE DE CAMPOS,,,,
07,47,187,Vega de Ruiponce,VEGA DE RUIPONCE,,,,
07,47,188,Vega de Valdetronco,VEGA DE VALDETRONCO,,,,
07,47,189,Velascálvaro,VELASCALVARO,,,,
07,47,190,Velilla,VELILLA,,,,
07,47,191,Velliza,VELLIZA,,,,
07,47,192,Ventosa de la Cuesta,VENTOSA DE LA CUESTA,,,,
07,47,193,Viana de Cega,VIANA DE CEGA,,,,
07,47,195,Villabáñez,VILLABAÑEZ,,,,
07,47,196,Villabaruz de Campos,VILLABARUZ DE CAMPOS,,,,
07,47,197,Villabrágima,VILLABRAGIMA,,,,
07,47,198,Villacarralón,VILLACARRALON,,,,
07,47,199,Villacid de Campos,VILLACID DE CAMPOS,,,,
07,47,200,Villaco,VILLACO,,,,
07,47,203,Villafrades de Campos,VILLAFRADES DE CAMPOS,,,,
07,47,204,Villafranca de Duero,VILLAFRANCA DE DUERO,,,,
07,47,205,Villafrechós,VILLAFRECHOS,,,,
07,47,206,Villafuerte,VILLAFUERTE,,,,
07,47,207,Villagarcía de Campos,VILLAGARCIA DE CAMPOS,,,,
07,47,208,Villagómez la Nueva,VILLAGOMEZ LA NUEVA,,,,
07,47,209,Villalán de Campos,VILLALAN DE CAMPOS,,,,
07,47,210,Villalar de los Comuneros,VILLALAR DE LOS COMUNEROS,,,,
07,47,211,Villalba de la Loma,VILLALBA DE LA LOMA,,,,
07,47,212,Villalba de los Alcores,VILLALBA DE LOS ALCORES,,,,
07,47,213,Villalbarba,VILLALBARBA,,,,
07,47,214,Villalón de Campos,VILLALON DE CAMPOS,,,,
07,47,215,Villamuriel de Campos,VILLAMURIEL DE CAMPOS,,,,
07,47,216,Villán de Tordesillas,VILLAN DE TORDESILLAS,,,,
07,47,217,Villanubla,VILLANUBLA,,,,
07,47,218,Villanueva de Duero,VILLANUEVA DE DUERO,,,,
07,47,219,Villanueva de la Condesa,VILLANUEVA DE LA CONDESA,,,,
07,47,220,Villanueva de los Caballeros,VILLANUEVA DE LOS CABALLEROS,,,,
07,47,221,Villanueva de los Infantes,VILLANUEVA DE LOS INFANTES,,,,
07,47,222,Villanueva de San Mancio,VILLANUEVA DE SAN MANCIO,,,,
07,47,223,Villardefrades,VILLARDEFRADES,,,,
07,47,224,Villarmentero de Esgueva,VILLARMENTERO DE ESGUEVA,,,,
07,47,225,Villasexmir,VILLASEXMIR,,,,
07,47,226,Villavaquerín,VILLAVAQUERIN,,,,
07,47,227,Villavellid,VILLAVELLID,,,,
07,47,228,Villaverde de Medina,VILLAVERDE DE MEDINA,,,,
07,47,229,Villavicencio de los Caballeros,VILLAVICENCIO DE LOS CABALLEROS,,,,
07,47,194,Viloria,VILORIA,,,,
07,47,230,Wamba,WAMBA,,,,
07,47,231,Zaratán,ZARATAN,,,,
07,47,232,"Zarza, La","ZARZA, LA",,,La Zarza,LA ZARZA
16,48,001,Abadiño,ABADIÑO,,,,
16,48,002,Abanto y Ciérvana-Abanto Zierbena,ABANTO Y CIERVANA-ABANTO ZIERBENA,,,,
16,48,911,Ajangiz,AJANGIZ,,,,
16,48,912,Alonsotegi,ALONSOTEGI,,,,
16,48,003,Amorebieta-Etxano,AMOREBIETA-ETXANO,,,,
16,48,004,Amoroto,AMOROTO,,,,
16,48,005,Arakaldo,ARAKALDO,,,,
16,48,006,Arantzazu,ARANTZAZU,,,,
16,48,093,Areatza,AREATZA,,,,
16,48,009,Arrankudiaga,ARRANKUDIAGA,,,,
16,48,914,Arratzu,ARRATZU,,,,
16,48,010,Arrieta,ARRIETA,,,,
16,48,011,Arrigorriaga,ARRIGORRIAGA,,,,
16,48,023,Artea,ARTEA,,,,
16,48,008,Artzentales,ARTZENTALES,,,,
16,48,091,Atxondo,ATXONDO,,,,
16,48,070,Aulesti,AULESTI,,,,
16,48,012,Bakio,BAKIO,,,,
16,48,090,Balmaseda,BALMASEDA,,,,
16,48,013,Barakaldo,BARAKALDO,,,,
16,48,014,Barrika,BARRIKA,,,,
16,48,015,Basauri,BASAURI,,,,
16,48,092,Bedia,BEDIA,,,,
16,48,016,Berango,BERANGO,,,,
16,48,017,Bermeo,BERMEO,,,,
16,48,018,Berriatua,BERRIATUA,,,,
16,48,019,Berriz,BERRIZ,,,,
16,48,020,Bilbao,BILBAO,,,,
16,48,021,Busturia,BUSTURIA,,,,
16,48,901,Derio,DERIO,,,,
16,48,026,Dima,DIMA,,,,
16,48,027,Durango,DURANGO,,,,
16,48,028,Ea,EA,,,,
16,48,031,Elantxobe,ELANTXOBE,,,,
16,48,032,Elorrio,ELORRIO,,,,
16,48,902,Erandio,ERANDIO,,,,
16,48,033,Ereño,EREÑO,,,,
16,48,034,Ermua,ERMUA,,,,
16,48,079,Errigoiti,ERRIGOITI,,,,
16,48,029,Etxebarri,ETXEBARRI,,,,
16,48,030,Etxebarria,ETXEBARRIA,,,,
16,48,906,Forua,FORUA,,,,
16,48,035,Fruiz,FRUIZ,,,,
16,48,036,Galdakao,GALDAKAO,,,,
16,48,037,Galdames,GALDAMES,,,,
16,48,038,Gamiz-Fika,GAMIZ-FIKA,,,,
16,48,039,Garai,GARAI,,,,
16,48,040,Gatika,GATIKA,,,,
16,48,041,Gautegiz Arteaga,GAUTEGIZ ARTEAGA,,,,
16,48,046,Gernika-Lumo,GERNIKA-LUMO,,,,
16,48,044,Getxo,GETXO,,,,
16,48,047,Gizaburuaga,GIZABURUAGA,,,,
16,48,042,Gordexola,GORDEXOLA,,,,
16,48,043,Gorliz,GORLIZ,,,,
16,48,045,Güeñes,GUEÑES,,,,
16,48,048,Ibarrangelu,IBARRANGELU,,,,
16,48,094,Igorre,IGORRE,,,,
16,48,049,Ispaster,ISPASTER,,,,
16,48,910,Iurreta,IURRETA,,,,
16,48,050,Izurtza,IZURTZA,,,,
16,48,022,Karrantza Harana,KARRANTZA HARANA,Karrantza Harana,KARRANTZA HARANA,,
16,48,907,Kortezubi,KORTEZUBI,,,,
16,48,051,Lanestosa,LANESTOSA,,,,
16,48,052,Larrabetzu,LARRABETZU,,,,
16,48,053,Laukiz,LAUKIZ,,,,
16,48,054,Leioa,LEIOA,,,,
16,48,057,Lekeitio,LEKEITIO,,,,
16,48,055,Lemoa,LEMOA,,,,
16,48,056,Lemoiz,LEMOIZ,,,,
16,48,081,Lezama,LEZAMA,,,,
16,48,903,Loiu,LOIU,,,,
16,48,058,Mallabia,MALLABIA,,,,
16,48,059,Mañaria,MAÑARIA,,,,
16,48,060,Markina-Xemein,MARKINA-XEMEIN,,,,
16,48,061,Maruri-Jatabe,MARURI-JATABE,,,,
16,48,062,Mendata,MENDATA,,,,
16,48,063,Mendexa,MENDEXA,,,,
16,48,064,Meñaka,MEÑAKA,,,,
16,48,066,Morga,MORGA,,,,
16,48,068,Mundaka,MUNDAKA,,,,
16,48,069,Mungia,MUNGIA,,,,
16,48,007,Munitibar-Arbatzegi Gerrikaitz,MUNITIBAR-ARBATZEGI GERRIKAITZ,,,,
16,48,908,Murueta,MURUETA,,,,
16,48,071,Muskiz,MUSKIZ,,,,
16,48,067,Muxika,MUXIKA,,,,
16,48,909,Nabarniz,NABARNIZ,,,,
16,48,073,Ondarroa,ONDARROA,,,,
16,48,075,Orozko,OROZKO,,,,
16,48,083,Ortuella,ORTUELLA,,,,
16,48,072,Otxandio,OTXANDIO,,,,
16,48,077,Plentzia,PLENTZIA,,,,
16,48,078,Portugalete,PORTUGALETE,,,,
16,48,082,Santurtzi,SANTURTZI,,,,
16,48,084,Sestao,SESTAO,,,,
16,48,904,Sondika,SONDIKA,,,,
16,48,085,Sopela,SOPELA,,,,
16,48,086,Sopuerta,SOPUERTA,,,,
16,48,076,Sukarrieta,SUKARRIETA,,,,
16,48,087,Trucios-Turtzioz,TRUCIOS-TURTZIOZ,,,,
16,48,088,Ubide,UBIDE,,,,
16,48,065,Ugao-Miraballes,UGAO-MIRABALLES,,,,
16,48,089,Urduliz,URDULIZ,,,,
16,48,074,Urduña,URDUÑA,Urduña,URDUÑA,,
16,48,080,Valle de Trápaga-Trapagaran,VALLE DE TRAPAGA-TRAPAGARAN,,,,
16,48,095,Zaldibar,ZALDIBAR,,,,
16,48,096,Zalla,ZALLA,,,,
16,48,905,Zamudio,ZAMUDIO,,,,
16,48,097,Zaratamo,ZARATAMO,,,,
16,48,024,Zeanuri,ZEANURI,,,,
16,48,025,Zeberio,ZEBERIO,,,,
16,48,913,Zierbena,ZIERBENA,,,,
16,48,915,Ziortza-Bolibar,ZIORTZA-BOLIBAR,,,,
07,49,002,Abezames,ABEZAMES,,,,
07,49,003,Alcañices,ALCAÑICES,,,,
07,49,004,Alcubilla de Nogales,ALCUBILLA DE NOGALES,,,,
07,49,005,Alfaraz de Sayago,ALFARAZ DE SAYAGO,,,,
07,49,006,Algodre,ALGODRE,,,,
07,49,007,Almaraz de Duero,ALMARAZ DE DUERO,,,,
07,49,008,Almeida de Sayago,ALMEIDA DE SAYAGO,,,,
07,49,009,Andavías,ANDAVIAS,,,,
07,49,010,Arcenillas,ARCENILLAS,,,,
07,49,011,Arcos de la Polvorosa,ARCOS DE LA POLVOROSA,,,,
07,49,012,Argañín,ARGAÑIN,,,,
07,49,013,Argujillo,ARGUJILLO,,,,
07,49,014,Arquillinos,ARQUILLINOS,,,,
07,49,015,Arrabalde,ARRABALDE,,,,
07,49,016,Aspariegos,ASPARIEGOS,,,,
07,49,017,Asturianos,ASTURIANOS,,,,
07,49,018,Ayoó de Vidriales,AYOO DE VIDRIALES,,,,
07,49,019,Barcial del Barco,BARCIAL DEL BARCO,,,,
07,49,020,Belver de los Montes,BELVER DE LOS MONTES,,,,
07,49,021,Benavente,BENAVENTE,,,,
07,49,022,Benegiles,BENEGILES,,,,
07,49,023,Bermillo de Sayago,BERMILLO DE SAYAGO,,,,
07,49,024,"Bóveda de Toro, La","BOVEDA DE TORO, LA",,,La Bóveda de Toro,LA BOVEDA DE TORO
07,49,025,Bretó,BRETO,,,,
07,49,026,Bretocino,BRETOCINO,,,,
07,49,027,Brime de Sog,BRIME DE SOG,,,,
07,49,028,Brime de Urz,BRIME DE URZ,,,,
07,49,029,Burganes de Valverde,BURGANES DE VALVERDE,,,,
07,49,030,Bustillo del Oro,BUSTILLO DEL ORO,,,,
07,49,031,Cabañas de Sayago,CABAÑAS DE SAYAGO,,,,
07,49,032,Calzadilla de Tera,CALZADILLA DE TERA,,,,
07,49,033,Camarzana de Tera,CAMARZANA DE TERA,,,,
07,49,034,Cañizal,CAÑIZAL,,,,
07,49,035,Cañizo,CAÑIZO,,,,
07,49,036,Carbajales de Alba,CARBAJALES DE ALBA,,,,
07,49,037,Carbellino,CARBELLINO,,,,
07,49,038,Casaseca de Campeán,CASASECA DE CAMPEAN,,,,
07,49,039,Casaseca de las Chanas,CASASECA DE LAS CHANAS,,,,
07,49,040,Castrillo de la Guareña,CASTRILLO DE LA GUAREÑA,,,,
07,49,041,Castrogonzalo,CASTROGONZALO,,,,
07,49,042,Castronuevo,CASTRONUEVO,,,,
07,49,043,Castroverde de Campos,CASTROVERDE DE CAMPOS,,,,
07,49,044,Cazurra,CAZURRA,,,,
07,49,046,Cerecinos de Campos,CERECINOS DE CAMPOS,,,,
07,49,047,Cerecinos del Carrizal,CERECINOS DEL CARRIZAL,,,,
07,49,048,Cernadilla,CERNADILLA,,,,
07,49,050,Cobreros,COBREROS,,,,
07,49,052,Coomonte,COOMONTE,,,,
07,49,053,Coreses,CORESES,,,,
07,49,054,Corrales del Vino,CORRALES DEL VINO,,,,
07,49,055,Cotanes del Monte,COTANES DEL MONTE,,,,
07,49,056,Cubillos,CUBILLOS,,,,
07,49,057,Cubo de Benavente,CUBO DE BENAVENTE,,,,
07,49,058,"Cubo de Tierra del Vino, El","CUBO DE TIERRA DEL VINO, EL",,,El Cubo de Tierra del Vino,EL CUBO DE TIERRA DEL VINO
07,49,059,Cuelgamures,CUELGAMURES,,,,
07,49,061,Entrala,ENTRALA,,,,
07,49,062,Espadañedo,ESPADAÑEDO,,,,
07,49,063,Faramontanos de Tábara,FARAMONTANOS DE TABARA,,,,
07,49,064,Fariza,FARIZA,,,,
07,49,065,Fermoselle,FERMOSELLE,,,,
07,49,066,Ferreras de Abajo,FERRERAS DE ABAJO,,,,
07,49,067,Ferreras de Arriba,FERRERAS DE ARRIBA,,,,
07,49,068,Ferreruela,FERRERUELA,,,,
07,49,069,Figueruela de Arriba,FIGUERUELA DE ARRIBA,,,,
07,49,071,Fonfría,FONFRIA,,,,
07,49,075,Fresno de la Polvorosa,FRESNO DE LA POLVOROSA,,,,
07,49,076,Fresno de la Ribera,FRESNO DE LA RIBERA,,,,
07,49,077,Fresno de Sayago,FRESNO DE SAYAGO,,,,
07,49,078,Friera de Valverde,FRIERA DE VALVERDE,,,,
07,49,079,Fuente Encalada,FUENTE ENCALADA,,,,
07,49,080,Fuentelapeña,FUENTELAPEÑA,,,,
07,49,082,Fuentes de Ropel,FUENTES DE ROPEL,,,,
07,49,081,Fuentesaúco,FUENTESAUCO,,,,
07,49,083,Fuentesecas,FUENTESECAS,,,,
07,49,084,Fuentespreadas,FUENTESPREADAS,,,,
07,49,085,Galende,GALENDE,,,,
07,49,086,Gallegos del Pan,GALLEGOS DEL PAN,,,,
07,49,087,Gallegos del Río,GALLEGOS DEL RIO,,,,
07,49,088,Gamones,GAMONES,,,,
07,49,090,Gema,GEMA,,,,
07,49,091,Granja de Moreruela,GRANJA DE MORERUELA,,,,
07,49,092,Granucillo,GRANUCILLO,,,,
07,49,093,Guarrate,GUARRATE,,,,
07,49,094,Hermisende,HERMISENDE,,,,
07,49,095,"Hiniesta, La","HINIESTA, LA",,,La Hiniesta,LA HINIESTA
07,49,096,Jambrina,JAMBRINA,,,,
07,49,097,Justel,JUSTEL,,,,
07,49,098,Losacino,LOSACINO,,,,
07,49,099,Losacio,LOSACIO,,,,
07,49,100,Lubián,LUBIAN,,,,
07,49,101,Luelmo,LUELMO,,,,
07,49,102,"Maderal, El","MADERAL, EL",,,El Maderal,EL MADERAL
07,49,103,Madridanos,MADRIDANOS,,,,
07,49,104,Mahide,MAHIDE,,,,
07,49,105,Maire de Castroponce,MAIRE DE CASTROPONCE,,,,
07,49,107,Malva,MALVA,,,,
07,49,108,Manganeses de la Lampreana,MANGANESES DE LA LAMPREANA,,,,
07,49,109,Manganeses de la Polvorosa,MANGANESES DE LA POLVOROSA,,,,
07,49,110,Manzanal de Arriba,MANZANAL DE ARRIBA,,,,
07,49,112,Manzanal de los Infantes,MANZANAL DE LOS INFANTES,,,,
07,49,111,Manzanal del Barco,MANZANAL DEL BARCO,,,,
07,49,113,Matilla de Arzón,MATILLA DE ARZON,,,,
07,49,114,Matilla la Seca,MATILLA LA SECA,,,,
07,49,115,Mayalde,MAYALDE,,,,
07,49,116,Melgar de Tera,MELGAR DE TERA,,,,
07,49,117,Micereces de Tera,MICERECES DE TERA,,,,
07,49,118,Milles de la Polvorosa,MILLES DE LA POLVOROSA,,,,
07,49,119,Molacillos,MOLACILLOS,,,,
07,49,120,Molezuelas de la Carballeda,MOLEZUELAS DE LA CARBALLEDA,,,,
07,49,121,Mombuey,MOMBUEY,,,,
07,49,122,Monfarracinos,MONFARRACINOS,,,,
07,49,123,Montamarta,MONTAMARTA,,,,
07,49,124,Moral de Sayago,MORAL DE SAYAGO,,,,
07,49,126,Moraleja de Sayago,MORALEJA DE SAYAGO,,,,
07,49,125,Moraleja del Vino,MORALEJA DEL VINO,,,,
07,49,128,Morales de Rey,MORALES DE REY,,,,
07,49,129,Morales de Toro,MORALES DE TORO,,,,
07,49,130,Morales de Valverde,MORALES DE VALVERDE,,,,
07,49,127,Morales del Vino,MORALES DEL VINO,,,,
07,49,131,Moralina,MORALINA,,,,
07,49,132,Moreruela de los Infanzones,MORERUELA DE LOS INFANZONES,,,,
07,49,133,Moreruela de Tábara,MORERUELA DE TABARA,,,,
07,49,134,Muelas de los Caballeros,MUELAS DE LOS CABALLEROS,,,,
07,49,135,Muelas del Pan,MUELAS DEL PAN,,,,
07,49,136,Muga de Sayago,MUGA DE SAYAGO,,,,
07,49,137,Navianos de Valverde,NAVIANOS DE VALVERDE,,,,
07,49,138,Olmillos de Castro,OLMILLOS DE CASTRO,,,,
07,49,139,Otero de Bodas,OTERO DE BODAS,,,,
07,49,141,Pajares de la Lampreana,PAJARES DE LA LAMPREANA,,,,
07,49,143,Palacios de Sanabria,PALACIOS DE SANABRIA,,,,
07,49,142,Palacios del Pan,PALACIOS DEL PAN,,,,
07,49,145,Pedralba de la Pradería,PEDRALBA DE LA PRADERIA,,,,
07,49,146,"Pego, El","PEGO, EL",,,El Pego,EL PEGO
07,49,147,Peleagonzalo,PELEAGONZALO,,,,
07,49,148,Peleas de Abajo,PELEAS DE ABAJO,,,,
07,49,149,Peñausende,PEÑAUSENDE,,,,
07,49,150,Peque,PEQUE,,,,
07,49,151,"Perdigón, El","PERDIGON, EL",,,El Perdigón,EL PERDIGON
07,49,152,Pereruela,PERERUELA,,,,
07,49,153,Perilla de Castro,PERILLA DE CASTRO,,,,
07,49,154,Pías,PIAS,,,,
07,49,155,Piedrahita de Castro,PIEDRAHITA DE CASTRO,,,,
07,49,156,Pinilla de Toro,PINILLA DE TORO,,,,
07,49,157,Pino del Oro,PINO DEL ORO,,,,
07,49,158,"Piñero, El","PIÑERO, EL",,,El Piñero,EL PIÑERO
07,49,160,Pobladura de Valderaduey,POBLADURA DE VALDERADUEY,,,,
07,49,159,Pobladura del Valle,POBLADURA DEL VALLE,,,,
07,49,162,Porto,PORTO,,,,
07,49,163,Pozoantiguo,POZOANTIGUO,,,,
07,49,164,Pozuelo de Tábara,POZUELO DE TABARA,,,,
07,49,165,Prado,PRADO,,,,
07,49,166,Puebla de Sanabria,PUEBLA DE SANABRIA,,,,
07,49,167,Pueblica de Valverde,PUEBLICA DE VALVERDE,,,,
07,49,170,Quintanilla de Urz,QUINTANILLA DE URZ,,,,
07,49,168,Quintanilla del Monte,QUINTANILLA DEL MONTE,,,,
07,49,169,Quintanilla del Olmo,QUINTANILLA DEL OLMO,,,,
07,49,171,Quiruelas de Vidriales,QUIRUELAS DE VIDRIALES,,,,
07,49,172,Rabanales,RABANALES,,,,
07,49,173,Rábano de Aliste,RABANO DE ALISTE,,,,
07,49,174,Requejo,REQUEJO,,,,
07,49,175,Revellinos,REVELLINOS,,,,
07,49,176,Riofrío de Aliste,RIOFRIO DE ALISTE,,,,
07,49,177,Rionegro del Puente,RIONEGRO DEL PUENTE,,,,
07,49,178,Roales,ROALES,,,,
07,49,179,Robleda-Cervantes,ROBLEDA-CERVANTES,,,,
07,49,180,Roelos de Sayago,ROELOS DE SAYAGO,,,,
07,49,181,Rosinos de la Requejada,ROSINOS DE LA REQUEJADA,,,,
07,49,183,Salce,SALCE,,,,
07,49,184,Samir de los Caños,SAMIR DE LOS CAÑOS,,,,
07,49,185,San Agustín del Pozo,SAN AGUSTIN DEL POZO,,,,
07,49,186,San Cebrián de Castro,SAN CEBRIAN DE CASTRO,,,,
07,49,187,San Cristóbal de Entreviñas,SAN CRISTOBAL DE ENTREVIÑAS,,,,
07,49,188,San Esteban del Molar,SAN ESTEBAN DEL MOLAR,,,,
07,49,189,San Justo,SAN JUSTO,,,,
07,49,190,San Martín de Valderaduey,SAN MARTIN DE VALDERADUEY,,,,
07,49,191,San Miguel de la Ribera,SAN MIGUEL DE LA RIBERA,,,,
07,49,192,San Miguel del Valle,SAN MIGUEL DEL VALLE,,,,
07,49,193,San Pedro de Ceque,SAN PEDRO DE CEQUE,,,,
07,49,194,San Pedro de la Nave-Almendra,SAN PEDRO DE LA NAVE-ALMENDRA,,,,
07,49,208,San Vicente de la Cabeza,SAN VICENTE DE LA CABEZA,,,,
07,49,209,San Vitero,SAN VITERO,,,,
07,49,197,Santa Clara de Avedillo,SANTA CLARA DE AVEDILLO,,,,
07,49,199,Santa Colomba de las Monjas,SANTA COLOMBA DE LAS MONJAS,,,,
07,49,200,Santa Cristina de la Polvorosa,SANTA CRISTINA DE LA POLVOROSA,,,,
07,49,201,Santa Croya de Tera,SANTA CROYA DE TERA,,,,
07,49,202,Santa Eufemia del Barco,SANTA EUFEMIA DEL BARCO,,,,
07,49,203,Santa María de la Vega,SANTA MARIA DE LA VEGA,,,,
07,49,204,Santa María de Valverde,SANTA MARIA DE VALVERDE,,,,
07,49,205,Santibáñez de Tera,SANTIBAÑEZ DE TERA,,,,
07,49,206,Santibáñez de Vidriales,SANTIBAÑEZ DE VIDRIALES,,,,
07,49,207,Santovenia,SANTOVENIA,,,,
07,49,210,Sanzoles,SANZOLES,,,,
07,49,214,Tábara,TABARA,,,,
07,49,216,Tapioles,TAPIOLES,,,,
07,49,219,Toro,TORO,,,,
07,49,220,"Torre del Valle, La","TORRE DEL VALLE, LA",,,La Torre del Valle,LA TORRE DEL VALLE
07,49,221,Torregamones,TORREGAMONES,,,,
07,49,222,Torres del Carrizal,TORRES DEL CARRIZAL,,,,
07,49,223,Trabazos,TRABAZOS,,,,
07,49,224,Trefacio,TREFACIO,,,,
07,49,225,Uña de Quintana,UÑA DE QUINTANA,,,,
07,49,226,Vadillo de la Guareña,VADILLO DE LA GUAREÑA,,,,
07,49,227,Valcabado,VALCABADO,,,,
07,49,228,Valdefinjas,VALDEFINJAS,,,,
07,49,229,Valdescorriel,VALDESCORRIEL,,,,
07,49,230,Vallesa de la Guareña,VALLESA DE LA GUAREÑA,,,,
07,49,231,Vega de Tera,VEGA DE TERA,,,,
07,49,232,Vega de Villalobos,VEGA DE VILLALOBOS,,,,
07,49,233,Vegalatrave,VEGALATRAVE,,,,
07,49,234,Venialbo,VENIALBO,,,,
07,49,235,Vezdemarbán,VEZDEMARBAN,,,,
07,49,236,Vidayanes,VIDAYANES,,,,
07,49,237,Videmala,VIDEMALA,,,,
07,49,238,Villabrázaro,VILLABRAZARO,,,,
07,49,239,Villabuena del Puente,VILLABUENA DEL PUENTE,,,,
07,49,240,Villadepera,VILLADEPERA,,,,
07,49,241,Villaescusa,VILLAESCUSA,,,,
07,49,242,Villafáfila,VILLAFAFILA,,,,
07,49,243,Villaferrueña,VILLAFERRUEÑA,,,,
07,49,244,Villageriz,VILLAGERIZ,,,,
07,49,245,Villalazán,VILLALAZAN,,,,
07,49,246,Villalba de la Lampreana,VILLALBA DE LA LAMPREANA,,,,
07,49,247,Villalcampo,VILLALCAMPO,,,,
07,49,248,Villalobos,VILLALOBOS,,,,
07,49,249,Villalonso,VILLALONSO,,,,
07,49,250,Villalpando,VILLALPANDO,,,,
07,49,251,Villalube,VILLALUBE,,,,
07,49,252,Villamayor de Campos,VILLAMAYOR DE CAMPOS,,,,
07,49,255,Villamor de los Escuderos,VILLAMOR DE LOS ESCUDEROS,,,,
07,49,256,Villanázar,VILLANAZAR,,,,
07,49,257,Villanueva de Azoague,VILLANUEVA DE AZOAGUE,,,,
07,49,258,Villanueva de Campeán,VILLANUEVA DE CAMPEAN,,,,
07,49,259,Villanueva de las Peras,VILLANUEVA DE LAS PERAS,,,,
07,49,260,Villanueva del Campo,VILLANUEVA DEL CAMPO,,,,
07,49,263,Villar de Fallaves,VILLAR DE FALLAVES,,,,
07,49,264,Villar del Buey,VILLAR DEL BUEY,,,,
07,49,261,Villaralbo,VILLARALBO,,,,
07,49,262,Villardeciervos,VILLARDECIERVOS,,,,
07,49,265,Villardiegua de la Ribera,VILLARDIEGUA DE LA RIBERA,,,,
07,49,266,Villárdiga,VILLARDIGA,,,,
07,49,267,Villardondiego,VILLARDONDIEGO,,,,
07,49,268,Villarrín de Campos,VILLARRIN DE CAMPOS,,,,
07,49,269,Villaseco del Pan,VILLASECO DEL PAN,,,,
07,49,270,Villavendimio,VILLAVENDIMIO,,,,
07,49,272,Villaveza de Valverde,VILLAVEZA DE VALVERDE,,,,
07,49,271,Villaveza del Agua,VILLAVEZA DEL AGUA,,,,
07,49,273,Viñas,VIÑAS,,,,
07,49,275,Zamora,ZAMORA,,,,
02,50,001,Abanto,ABANTO,,,,
02,50,002,Acered,ACERED,,,,
02,50,003,Agón,AGON,,,,
02,50,004,Aguarón,AGUARON,,,,
02,50,005,Aguilón,AGUILON,,,,
02,50,006,Ainzón,AINZON,,,,
02,50,007,Aladrén,ALADREN,,,,
02,50,008,Alagón,ALAGON,,,,
02,50,009,Alarba,ALARBA,,,,
02,50,010,Alberite de San Juan,ALBERITE DE SAN JUAN,,,,
02,50,011,Albeta,ALBETA,,,,
02,50,012,Alborge,ALBORGE,,,,
02,50,013,Alcalá de Ebro,ALCALA DE EBRO,,,,
02,50,014,Alcalá de Moncayo,ALCALA DE MONCAYO,,,,
02,50,015,Alconchel de Ariza,ALCONCHEL DE ARIZA,,,,
02,50,016,Aldehuela de Liestos,ALDEHUELA DE LIESTOS,,,,
02,50,017,Alfajarín,ALFAJARIN,,,,
02,50,018,Alfamén,ALFAMEN,,,,
02,50,019,Alforque,ALFORQUE,,,,
02,50,020,Alhama de Aragón,ALHAMA DE ARAGON,,,,
02,50,021,Almochuel,ALMOCHUEL,,,,
02,50,022,"Almolda, La","ALMOLDA, LA",,,La Almolda,LA ALMOLDA
02,50,023,Almonacid de la Cuba,ALMONACID DE LA CUBA,,,,
02,50,024,Almonacid de la Sierra,ALMONACID DE LA SIERRA,,,,
02,50,025,"Almunia de Doña Godina, La","ALMUNIA DE DOÑA GODINA, LA",,,La Almunia de Doña Godina,LA ALMUNIA DE DOÑA GODINA
02,50,026,Alpartir,ALPARTIR,,,,
02,50,027,Ambel,AMBEL,,,,
02,50,028,Anento,ANENTO,,,,
02,50,029,Aniñón,ANIÑON,,,,
02,50,030,Añón de Moncayo,AÑON DE MONCAYO,,,,
02,50,031,Aranda de Moncayo,ARANDA DE MONCAYO,,,,
02,50,032,Arándiga,ARANDIGA,,,,
02,50,033,Ardisa,ARDISA,,,,
02,50,034,Ariza,ARIZA,,,,
02,50,035,Artieda,ARTIEDA,,,,
02,50,036,Asín,ASIN,,,,
02,50,037,Atea,ATEA,,,,
02,50,038,Ateca,ATECA,,,,
02,50,039,Azuara,AZUARA,,,,
02,50,040,Badules,BADULES,,,,
02,50,041,Bagüés,BAGUES,,,,
02,50,042,Balconchán,BALCONCHAN,,,,
02,50,043,Bárboles,BARBOLES,,,,
02,50,044,Bardallur,BARDALLUR,,,,
02,50,045,Belchite,BELCHITE,,,,
02,50,046,Belmonte de Gracián,BELMONTE DE GRACIAN,,,,
02,50,047,Berdejo,BERDEJO,,,,
02,50,048,Berrueco,BERRUECO,,,,
02,50,901,Biel,BIEL,,,,
02,50,050,Bijuesca,BIJUESCA,,,,
02,50,051,Biota,BIOTA,,,,
02,50,052,Bisimbre,BISIMBRE,,,,
02,50,053,Boquiñeni,BOQUIÑENI,,,,
02,50,054,Bordalba,BORDALBA,,,,
02,50,055,Borja,BORJA,,,,
02,50,056,Botorrita,BOTORRITA,,,,
02,50,057,Brea de Aragón,BREA DE ARAGON,,,,
02,50,058,Bubierca,BUBIERCA,,,,
02,50,059,Bujaraloz,BUJARALOZ,,,,
02,50,060,Bulbuente,BULBUENTE,,,,
02,50,061,Bureta,BURETA,,,,
02,50,062,"Burgo de Ebro, El","BURGO DE EBRO, EL",,,El Burgo de Ebro,EL BURGO DE EBRO
02,50,063,"Buste, El","BUSTE, EL",,,El Buste,EL BUSTE
02,50,064,Cabañas de Ebro,CABAÑAS DE EBRO,,,,
02,50,065,Cabolafuente,CABOLAFUENTE,,,,
02,50,066,Cadrete,CADRETE,,,,
02,50,067,Calatayud,CALATAYUD,,,,
02,50,068,Calatorao,CALATORAO,,,,
02,50,069,Calcena,CALCENA,,,,
02,50,070,Calmarza,CALMARZA,,,,
02,50,071,Campillo de Aragón,CAMPILLO DE ARAGON,,,,
02,50,072,Carenas,CARENAS,,,,
02,50,073,Cariñena,CARIÑENA,,,,
02,50,074,Caspe,CASPE,,,,
02,50,075,Castejón de Alarba,CASTEJON DE ALARBA,,,,
02,50,076,Castejón de las Armas,CASTEJON DE LAS ARMAS,,,,
02,50,077,Castejón de Valdejasa,CASTEJON DE VALDEJASA,,,,
02,50,078,Castiliscar,CASTILISCAR,,,,
02,50,079,Cervera de la Cañada,CERVERA DE LA CAÑADA,,,,
02,50,080,Cerveruela,CERVERUELA,,,,
02,50,081,Cetina,CETINA,,,,
02,50,092,Chiprana,CHIPRANA,,,,
02,50,093,Chodes,CHODES,,,,
02,50,082,Cimballa,CIMBALLA,,,,
02,50,083,Cinco Olivas,CINCO OLIVAS,,,,
02,50,084,Clarés de Ribota,CLARES DE RIBOTA,,,,
02,50,085,Codo,CODO,,,,
02,50,086,Codos,CODOS,,,,
02,50,087,Contamina,CONTAMINA,,,,
02,50,088,Cosuenda,COSUENDA,,,,
02,50,089,Cuarte de Huerva,CUARTE DE HUERVA,,,,
02,50,090,Cubel,CUBEL,,,,
02,50,091,"Cuerlas, Las","CUERLAS, LAS",,,Las Cuerlas,LAS CUERLAS
02,50,094,Daroca,DAROCA,,,,
02,50,095,Ejea de los Caballeros,EJEA DE LOS CABALLEROS,,,,
02,50,096,Embid de Ariza,EMBID DE ARIZA,,,,
02,50,098,Encinacorba,ENCINACORBA,,,,
02,50,099,Épila,EPILA,,,,
02,50,100,Erla,ERLA,,,,
02,50,101,Escatrón,ESCATRON,,,,
02,50,102,Fabara,FABARA,,,,
02,50,104,Farlete,FARLETE,,,,
02,50,105,Fayón,FAYON,,,,
02,50,106,"Fayos, Los","FAYOS, LOS",,,Los Fayos,LOS FAYOS
02,50,107,Figueruelas,FIGUERUELAS,,,,
02,50,108,Fombuena,FOMBUENA,,,,
02,50,109,"Frago, El","FRAGO, EL",,,El Frago,EL FRAGO
02,50,110,"Frasno, El","FRASNO, EL",,,El Frasno,EL FRASNO
02,50,111,Fréscano,FRESCANO,,,,
02,50,113,Fuendejalón,FUENDEJALON,,,,
02,50,114,Fuendetodos,FUENDETODOS,,,,
02,50,115,Fuentes de Ebro,FUENTES DE EBRO,,,,
02,50,116,Fuentes de Jiloca,FUENTES DE JILOCA,,,,
02,50,117,Gallocanta,GALLOCANTA,,,,
02,50,118,Gallur,GALLUR,,,,
02,50,119,Gelsa,GELSA,,,,
02,50,120,Godojos,GODOJOS,,,,
02,50,121,Gotor,GOTOR,,,,
02,50,122,Grisel,GRISEL,,,,
02,50,123,Grisén,GRISEN,,,,
02,50,124,Herrera de los Navarros,HERRERA DE LOS NAVARROS,,,,
02,50,125,Ibdes,IBDES,,,,
02,50,126,Illueca,ILLUECA,,,,
02,50,128,Isuerre,ISUERRE,,,,
02,50,129,Jaraba,JARABA,,,,
02,50,130,Jarque de Moncayo,JARQUE DE MONCAYO,,,,
02,50,131,Jaulín,JAULIN,,,,
02,50,132,"Joyosa, La","JOYOSA, LA",,,La Joyosa,LA JOYOSA
02,50,133,Lagata,LAGATA,,,,
02,50,134,Langa del Castillo,LANGA DEL CASTILLO,,,,
02,50,135,Layana,LAYANA,,,,
02,50,136,Lécera,LECERA,,,,
02,50,138,Lechón,LECHON,,,,
02,50,137,Leciñena,LECIÑENA,,,,
02,50,139,Letux,LETUX,,,,
02,50,140,Litago,LITAGO,,,,
02,50,141,Lituénigo,LITUENIGO,,,,
02,50,142,Lobera de Onsella,LOBERA DE ONSELLA,,,,
02,50,143,Longares,LONGARES,,,,
02,50,144,Longás,LONGAS,,,,
02,50,146,Lucena de Jalón,LUCENA DE JALON,,,,
02,50,147,Luceni,LUCENI,,,,
02,50,148,Luesia,LUESIA,,,,
02,50,149,Luesma,LUESMA,,,,
02,50,150,Lumpiaque,LUMPIAQUE,,,,
02,50,151,Luna,LUNA,,,,
02,50,152,Maella,MAELLA,,,,
02,50,153,Magallón,MAGALLON,,,,
02,50,154,Mainar,MAINAR,,,,
02,50,155,Malanquilla,MALANQUILLA,,,,
02,50,156,Maleján,MALEJAN,,,,
02,50,160,Mallén,MALLEN,,,,
02,50,157,Malón,MALON,,,,
02,50,159,Maluenda,MALUENDA,,,,
02,50,161,Manchones,MANCHONES,,,,
02,50,162,Mara,MARA,,,,
02,50,163,María de Huerva,MARIA DE HUERVA,,,,
02,50,902,Marracos,MARRACOS,,,,
02,50,164,Mediana de Aragón,MEDIANA DE ARAGON,,,,
02,50,165,Mequinenza,MEQUINENZA,,,,
02,50,166,Mesones de Isuela,MESONES DE ISUELA,,,,
02,50,167,Mezalocha,MEZALOCHA,,,,
02,50,168,Mianos,MIANOS,,,,
02,50,169,Miedes de Aragón,MIEDES DE ARAGON,,,,
02,50,170,Monegrillo,MONEGRILLO,,,,
02,50,171,Moneva,MONEVA,,,,
02,50,172,Monreal de Ariza,MONREAL DE ARIZA,,,,
02,50,173,Monterde,MONTERDE,,,,
02,50,174,Montón,MONTON,,,,
02,50,175,Morata de Jalón,MORATA DE JALON,,,,
02,50,176,Morata de Jiloca,MORATA DE JILOCA,,,,
02,50,177,Morés,MORES,,,,
02,50,178,Moros,MOROS,,,,
02,50,179,Moyuela,MOYUELA,,,,
02,50,180,Mozota,MOZOTA,,,,
02,50,181,Muel,MUEL,,,,
02,50,182,"Muela, La","MUELA, LA",,,La Muela,LA MUELA
02,50,183,Munébrega,MUNEBREGA,,,,
02,50,184,Murero,MURERO,,,,
02,50,185,Murillo de Gállego,MURILLO DE GALLEGO,,,,
02,50,186,Navardún,NAVARDUN,,,,
02,50,187,Nigüella,NIGUELLA,,,,
02,50,188,Nombrevilla,NOMBREVILLA,,,,
02,50,189,Nonaspe,NONASPE,,,,
02,50,190,Novallas,NOVALLAS,,,,
02,50,191,Novillas,NOVILLAS,,,,
02,50,192,Nuévalos,NUEVALOS,,,,
02,50,193,Nuez de Ebro,NUEZ DE EBRO,,,,
02,50,194,Olvés,OLVES,,,,
02,50,195,Orcajo,ORCAJO,,,,
02,50,196,Orera,ORERA,,,,
02,50,197,Orés,ORES,,,,
02,50,198,Oseja,OSEJA,,,,
02,50,199,Osera de Ebro,OSERA DE EBRO,,,,
02,50,200,Paniza,PANIZA,,,,
02,50,201,Paracuellos de Jiloca,PARACUELLOS DE JILOCA,,,,
02,50,202,Paracuellos de la Ribera,PARACUELLOS DE LA RIBERA,,,,
02,50,203,Pastriz,PASTRIZ,,,,
02,50,204,Pedrola,PEDROLA,,,,
02,50,205,"Pedrosas, Las","PEDROSAS, LAS",,,Las Pedrosas,LAS PEDROSAS
02,50,206,Perdiguera,PERDIGUERA,,,,
02,50,207,Piedratajada,PIEDRATAJADA,,,,
02,50,208,Pina de Ebro,PINA DE EBRO,,,,
02,50,209,Pinseque,PINSEQUE,,,,
02,50,210,"Pintanos, Los","PINTANOS, LOS",,,Los Pintanos,LOS PINTANOS
02,50,211,Plasencia de Jalón,PLASENCIA DE JALON,,,,
02,50,212,Pleitas,PLEITAS,,,,
02,50,213,Plenas,PLENAS,,,,
02,50,214,Pomer,POMER,,,,
02,50,215,Pozuel de Ariza,POZUEL DE ARIZA,,,,
02,50,216,Pozuelo de Aragón,POZUELO DE ARAGON,,,,
02,50,217,Pradilla de Ebro,PRADILLA DE EBRO,,,,
02,50,218,Puebla de Albortón,PUEBLA DE ALBORTON,,,,
02,50,219,"Puebla de Alfindén, La","PUEBLA DE ALFINDEN, LA",,,La Puebla de Alfindén,LA PUEBLA DE ALFINDEN
02,50,220,Puendeluna,PUENDELUNA,,,,
02,50,221,Purujosa,PURUJOSA,,,,
02,50,222,Quinto,QUINTO,,,,
02,50,223,Remolinos,REMOLINOS,,,,
02,50,224,Retascón,RETASCON,,,,
02,50,225,Ricla,RICLA,,,,
02,50,227,Romanos,ROMANOS,,,,
02,50,228,Rueda de Jalón,RUEDA DE JALON,,,,
02,50,229,Ruesca,RUESCA,,,,
02,50,241,Sabiñán,SABIÑAN,,,,
02,50,230,Sádaba,SADABA,,,,
02,50,231,Salillas de Jalón,SALILLAS DE JALON,,,,
02,50,232,Salvatierra de Esca,SALVATIERRA DE ESCA,,,,
02,50,233,Samper del Salz,SAMPER DEL SALZ,,,,
02,50,234,San Martín de la Virgen de Moncayo,SAN MARTIN DE LA VIRGEN DE MONCAYO,,,,
02,50,235,San Mateo de Gállego,SAN MATEO DE GALLEGO,,,,
02,50,236,Santa Cruz de Grío,SANTA CRUZ DE GRIO,,,,
02,50,237,Santa Cruz de Moncayo,SANTA CRUZ DE MONCAYO,,,,
02,50,238,Santa Eulalia de Gállego,SANTA EULALIA DE GALLEGO,,,,
02,50,239,Santed,SANTED,,,,
02,50,240,Sástago,SASTAGO,,,,
02,50,242,Sediles,SEDILES,,,,
02,50,243,Sestrica,SESTRICA,,,,
02,50,244,Sierra de Luna,SIERRA DE LUNA,,,,
02,50,245,Sigüés,SIGUES,,,,
02,50,246,Sisamón,SISAMON,,,,
02,50,247,Sobradiel,SOBRADIEL,,,,
02,50,248,Sos del Rey Católico,SOS DEL REY CATOLICO,,,,
02,50,249,Tabuenca,TABUENCA,,,,
02,50,250,Talamantes,TALAMANTES,,,,
02,50,251,Tarazona,TARAZONA,,,,
02,50,252,Tauste,TAUSTE,,,,
02,50,253,Terrer,TERRER,,,,
02,50,254,Tierga,TIERGA,,,,
02,50,255,Tobed,TOBED,,,,
02,50,256,Torralba de los Frailes,TORRALBA DE LOS FRAILES,,,,
02,50,257,Torralba de Ribota,TORRALBA DE RIBOTA,,,,
02,50,258,Torralbilla,TORRALBILLA,,,,
02,50,259,Torrehermosa,TORREHERMOSA,,,,
02,50,260,Torrelapaja,TORRELAPAJA,,,,
02,50,261,Torrellas,TORRELLAS,,,,
02,50,262,Torres de Berrellén,TORRES DE BERRELLEN,,,,
02,50,263,Torrijo de la Cañada,TORRIJO DE LA CAÑADA,,,,
02,50,264,Tosos,TOSOS,,,,
02,50,265,Trasmoz,TRASMOZ,,,,
02,50,266,Trasobares,TRASOBARES,,,,
02,50,267,Uncastillo,UNCASTILLO,,,,
02,50,268,Undués de Lerda,UNDUES DE LERDA,,,,
02,50,269,Urrea de Jalón,URREA DE JALON,,,,
02,50,270,Urriés,URRIES,,,,
02,50,271,Used,USED,,,,
02,50,272,Utebo,UTEBO,,,,
02,50,274,Val de San Martín,VAL DE SAN MARTIN,,,,
02,50,273,Valdehorna,VALDEHORNA,,,,
02,50,275,Valmadrid,VALMADRID,,,,
02,50,276,Valpalmas,VALPALMAS,,,,
02,50,277,Valtorres,VALTORRES,,,,
02,50,278,Velilla de Ebro,VELILLA DE EBRO,,,,
02,50,279,Velilla de Jiloca,VELILLA DE JILOCA,,,,
02,50,280,Vera de Moncayo,VERA DE MONCAYO,,,,
02,50,281,Vierlas,VIERLAS,,,,
02,50,283,Villadoz,VILLADOZ,,,,
02,50,284,Villafeliche,VILLAFELICHE,,,,
02,50,285,Villafranca de Ebro,VILLAFRANCA DE EBRO,,,,
02,50,286,Villalba de Perejil,VILLALBA DE PEREJIL,,,,
02,50,287,Villalengua,VILLALENGUA,,,,
02,50,903,Villamayor de Gállego,VILLAMAYOR DE GALLEGO,,,,
02,50,288,Villanueva de Gállego,VILLANUEVA DE GALLEGO,,,,
02,50,290,Villanueva de Huerva,VILLANUEVA DE HUERVA,,,,
02,50,289,Villanueva de Jiloca,VILLANUEVA DE JILOCA,,,,
02,50,291,Villar de los Navarros,VILLAR DE LOS NAVARROS,,,,
02,50,292,Villarreal de Huerva,VILLARREAL DE HUERVA,,,,
02,50,293,Villarroya de la Sierra,VILLARROYA DE LA SIERRA,,,,
02,50,294,Villarroya del Campo,VILLARROYA DEL CAMPO,,,,
02,50,282,"Vilueña, La","VILUEÑA, LA",,,La Vilueña,LA VILUEÑA
02,50,295,Vistabella,VISTABELLA,,,,
02,50,296,"Zaida, La","ZAIDA, LA",,,La Zaida,LA ZAIDA
02,50,297,Zaragoza,ZARAGOZA,,,,
02,50,298,Zuera,ZUERA,,,,
18,51,001,Ceuta,CEUTA,,,,
19,52,001,Melilla,MELILLA,,,,
